ISO-10303-21;
HEADER;
/* Generated by software containing ST-Developer
 * from STEP Tools, Inc. (www.steptools.com) 
 */

FILE_DESCRIPTION(
/* description */ (''),
/* implementation_level */ '2;1');

FILE_NAME(
/* name */ 'PomodoroPebble.step',
/* time_stamp */ '2025-12-05T20:12:24-05:00',
/* author */ (''),
/* organization */ (''),
/* preprocessor_version */ 'ST-DEVELOPER v20.1',
/* originating_system */ 'Autodesk Translation Framework v14.21.0.0',
/* authorisation */ '');

FILE_SCHEMA (('AUTOMOTIVE_DESIGN { 1 0 10303 214 3 1 1 }'));
ENDSEC;

DATA;
#10=MECHANICAL_DESIGN_GEOMETRIC_PRESENTATION_REPRESENTATION('',(#13,#14),
#11132);
#11=SHAPE_REPRESENTATION_RELATIONSHIP('SRR','None',#11139,#12);
#12=ADVANCED_BREP_SHAPE_REPRESENTATION('',(#15,#16),#11131);
#13=STYLED_ITEM('',(#11148),#15);
#14=STYLED_ITEM('',(#11148),#16);
#15=MANIFOLD_SOLID_BREP('Body2',#5773);
#16=MANIFOLD_SOLID_BREP('Body3',#5774);
#17=SPHERICAL_SURFACE('',#5918,5.);
#18=SPHERICAL_SURFACE('',#5922,5.);
#19=SPHERICAL_SURFACE('',#5923,5.);
#20=SPHERICAL_SURFACE('',#5927,5.);
#21=SPHERICAL_SURFACE('',#5932,8.);
#22=SPHERICAL_SURFACE('',#5937,8.);
#23=SPHERICAL_SURFACE('',#5940,8.);
#24=SPHERICAL_SURFACE('',#5945,8.);
#25=SPHERICAL_SURFACE('',#5995,8.);
#26=SPHERICAL_SURFACE('',#6001,8.);
#27=SPHERICAL_SURFACE('',#6003,8.);
#28=SPHERICAL_SURFACE('',#6008,8.);
#29=CYLINDRICAL_SURFACE('',#5904,5.);
#30=CYLINDRICAL_SURFACE('',#5912,5.);
#31=CYLINDRICAL_SURFACE('',#5915,5.);
#32=CYLINDRICAL_SURFACE('',#5920,5.);
#33=CYLINDRICAL_SURFACE('',#5925,5.);
#34=CYLINDRICAL_SURFACE('',#5928,8.);
#35=CYLINDRICAL_SURFACE('',#5935,8.);
#36=CYLINDRICAL_SURFACE('',#5943,8.);
#37=CYLINDRICAL_SURFACE('',#5948,8.);
#38=CYLINDRICAL_SURFACE('',#5951,0.500000000000007);
#39=CYLINDRICAL_SURFACE('',#5955,0.499999999999989);
#40=CYLINDRICAL_SURFACE('',#5959,0.500000000000007);
#41=CYLINDRICAL_SURFACE('',#5963,0.499999999999998);
#42=CYLINDRICAL_SURFACE('',#5971,0.499999999999989);
#43=CYLINDRICAL_SURFACE('',#5975,0.499999999999989);
#44=CYLINDRICAL_SURFACE('',#5979,0.500000000000007);
#45=CYLINDRICAL_SURFACE('',#5983,0.499999999999998);
#46=CYLINDRICAL_SURFACE('',#5992,8.);
#47=CYLINDRICAL_SURFACE('',#5999,8.);
#48=CYLINDRICAL_SURFACE('',#6006,8.);
#49=CYLINDRICAL_SURFACE('',#6011,8.);
#50=CIRCLE('',#5902,5.);
#51=CIRCLE('',#5905,5.);
#52=CIRCLE('',#5906,5.);
#53=CIRCLE('',#5908,8.);
#54=CIRCLE('',#5910,5.);
#55=CIRCLE('',#5911,8.);
#56=CIRCLE('',#5913,5.);
#57=CIRCLE('',#5916,5.);
#58=CIRCLE('',#5917,5.);
#59=CIRCLE('',#5919,5.);
#60=CIRCLE('',#5921,5.);
#61=CIRCLE('',#5924,5.);
#62=CIRCLE('',#5926,5.);
#63=CIRCLE('',#5929,8.);
#64=CIRCLE('',#5930,8.);
#65=CIRCLE('',#5933,6.2449979983984);
#66=CIRCLE('',#5934,8.);
#67=CIRCLE('',#5936,8.);
#68=CIRCLE('',#5938,6.2449979983984);
#69=CIRCLE('',#5939,8.);
#70=CIRCLE('',#5941,6.2449979983984);
#71=CIRCLE('',#5942,8.);
#72=CIRCLE('',#5944,8.);
#73=CIRCLE('',#5946,6.2449979983984);
#74=CIRCLE('',#5947,8.);
#75=CIRCLE('',#5952,0.500000000000007);
#76=CIRCLE('',#5953,0.500000000000007);
#77=CIRCLE('',#5956,0.499999999999989);
#78=CIRCLE('',#5957,0.499999999999989);
#79=CIRCLE('',#5960,0.500000000000007);
#80=CIRCLE('',#5961,0.500000000000007);
#81=CIRCLE('',#5964,0.499999999999998);
#82=CIRCLE('',#5965,0.499999999999998);
#83=CIRCLE('',#5972,0.499999999999989);
#84=CIRCLE('',#5973,0.499999999999989);
#85=CIRCLE('',#5976,0.499999999999989);
#86=CIRCLE('',#5977,0.499999999999989);
#87=CIRCLE('',#5980,0.500000000000007);
#88=CIRCLE('',#5981,0.500000000000007);
#89=CIRCLE('',#5984,0.499999999999998);
#90=CIRCLE('',#5985,0.499999999999998);
#91=CIRCLE('',#5987,8.);
#92=CIRCLE('',#5991,8.);
#93=CIRCLE('',#5993,8.);
#94=CIRCLE('',#5994,8.);
#95=CIRCLE('',#5996,6.2449979983984);
#96=CIRCLE('',#5997,8.);
#97=CIRCLE('',#5998,8.);
#98=CIRCLE('',#6000,8.);
#99=CIRCLE('',#6002,6.2449979983984);
#100=CIRCLE('',#6004,6.2449979983984);
#101=CIRCLE('',#6005,8.);
#102=CIRCLE('',#6007,8.);
#103=CIRCLE('',#6009,6.2449979983984);
#104=CIRCLE('',#6010,8.);
#105=B_SPLINE_SURFACE_WITH_KNOTS('',3,1,((#7732,#7733),(#7734,#7735),(#7736,
#7737),(#7738,#7739),(#7740,#7741)),.UNSPECIFIED.,.F.,.F.,.F.,(4,1,4),(2,
2),(0.,0.0389835711965849,0.0879854167437557),(0.,0.02),.UNSPECIFIED.);
#106=B_SPLINE_SURFACE_WITH_KNOTS('',3,1,((#7758,#7759),(#7760,#7761),(#7762,
#7763),(#7764,#7765),(#7766,#7767)),.UNSPECIFIED.,.F.,.F.,.F.,(4,1,4),(2,
2),(0.,0.0479311602578818,0.0883360614586322),(0.,0.02),.UNSPECIFIED.);
#107=B_SPLINE_SURFACE_WITH_KNOTS('',3,1,((#7781,#7782),(#7783,#7784),(#7785,
#7786),(#7787,#7788),(#7789,#7790)),.UNSPECIFIED.,.F.,.F.,.F.,(4,1,4),(2,
2),(0.,0.0217525549511449,0.0481034473872855),(0.,0.02),.UNSPECIFIED.);
#108=B_SPLINE_SURFACE_WITH_KNOTS('',3,1,((#7804,#7805),(#7806,#7807),(#7808,
#7809),(#7810,#7811),(#7812,#7813)),.UNSPECIFIED.,.F.,.F.,.F.,(4,1,4),(2,
2),(0.,0.0212018995732236,0.040921958362055),(0.,0.02),.UNSPECIFIED.);
#109=B_SPLINE_SURFACE_WITH_KNOTS('',3,1,((#7827,#7828),(#7829,#7830),(#7831,
#7832),(#7833,#7834),(#7835,#7836)),.UNSPECIFIED.,.F.,.F.,.F.,(4,1,4),(2,
2),(0.,0.0465969504199459,0.085537229589226),(0.,0.02),.UNSPECIFIED.);
#110=B_SPLINE_SURFACE_WITH_KNOTS('',3,1,((#7847,#7848),(#7849,#7850),(#7851,
#7852),(#7853,#7854),(#7855,#7856)),.UNSPECIFIED.,.F.,.F.,.F.,(4,1,4),(2,
2),(0.,0.0483870048871051,0.0918239124118591),(0.,0.02),.UNSPECIFIED.);
#111=B_SPLINE_SURFACE_WITH_KNOTS('',3,1,((#7866,#7867),(#7868,#7869),(#7870,
#7871),(#7872,#7873),(#7874,#7875)),.UNSPECIFIED.,.F.,.F.,.F.,(4,1,4),(2,
2),(0.,0.0416262696310026,0.0868018631729248),(0.,0.02),.UNSPECIFIED.);
#112=B_SPLINE_SURFACE_WITH_KNOTS('',3,1,((#7883,#7884),(#7885,#7886),(#7887,
#7888),(#7889,#7890),(#7891,#7892)),.UNSPECIFIED.,.F.,.F.,.F.,(4,1,4),(2,
2),(0.,0.0481822856379997,0.0907180405597819),(0.,0.02),.UNSPECIFIED.);
#113=B_SPLINE_SURFACE_WITH_KNOTS('',3,1,((#7900,#7901),(#7902,#7903),(#7904,
#7905),(#7906,#7907),(#7908,#7909)),.UNSPECIFIED.,.F.,.F.,.F.,(4,1,4),(2,
2),(0.,0.0436505564428463,0.0928146552252647),(0.,0.02),.UNSPECIFIED.);
#114=B_SPLINE_SURFACE_WITH_KNOTS('',3,1,((#7917,#7918),(#7919,#7920),(#7921,
#7922),(#7923,#7924),(#7925,#7926)),.UNSPECIFIED.,.F.,.F.,.F.,(4,1,4),(2,
2),(0.,0.0480213854039162,0.0910382194236316),(0.,0.02),.UNSPECIFIED.);
#115=B_SPLINE_SURFACE_WITH_KNOTS('',3,1,((#7934,#7935),(#7936,#7937),(#7938,
#7939),(#7940,#7941),(#7942,#7943)),.UNSPECIFIED.,.F.,.F.,.F.,(4,1,4),(2,
2),(0.,0.0421929672315677,0.0889288947800326),(0.,0.02),.UNSPECIFIED.);
#116=B_SPLINE_SURFACE_WITH_KNOTS('',3,1,((#7951,#7952),(#7953,#7954),(#7955,
#7956),(#7957,#7958),(#7959,#7960)),.UNSPECIFIED.,.F.,.F.,.F.,(4,1,4),(2,
2),(0.,0.0484147711055934,0.0911948602818314),(0.,0.02),.UNSPECIFIED.);
#117=B_SPLINE_SURFACE_WITH_KNOTS('',3,1,((#7968,#7969),(#7970,#7971),(#7972,
#7973),(#7974,#7975),(#7976,#7977)),.UNSPECIFIED.,.F.,.F.,.F.,(4,1,4),(2,
2),(0.,0.0437304940251299,0.0929568862225551),(0.,0.02),.UNSPECIFIED.);
#118=B_SPLINE_SURFACE_WITH_KNOTS('',3,1,((#7984,#7985),(#7986,#7987),(#7988,
#7989),(#7990,#7991),(#7992,#7993)),.UNSPECIFIED.,.F.,.F.,.F.,(4,1,4),(2,
2),(0.,0.0389835167390642,0.0879853767275063),(0.,0.02),.UNSPECIFIED.);
#119=B_SPLINE_SURFACE_WITH_KNOTS('',3,1,((#8010,#8011),(#8012,#8013),(#8014,
#8015),(#8016,#8017),(#8018,#8019)),.UNSPECIFIED.,.F.,.F.,.F.,(4,1,4),(2,
2),(0.,0.0479311602578818,0.0883360063707349),(0.,0.02),.UNSPECIFIED.);
#120=B_SPLINE_SURFACE_WITH_KNOTS('',3,1,((#8033,#8034),(#8035,#8036),(#8037,
#8038),(#8039,#8040),(#8041,#8042)),.UNSPECIFIED.,.F.,.F.,.F.,(4,1,4),(2,
2),(0.,0.0217525549511449,0.0481034473872855),(0.,0.02),.UNSPECIFIED.);
#121=B_SPLINE_SURFACE_WITH_KNOTS('',3,1,((#8056,#8057),(#8058,#8059),(#8060,
#8061),(#8062,#8063),(#8064,#8065)),.UNSPECIFIED.,.F.,.F.,.F.,(4,1,4),(2,
2),(0.,0.0212019580927405,0.0409220168815719),(0.,0.02),.UNSPECIFIED.);
#122=B_SPLINE_SURFACE_WITH_KNOTS('',3,1,((#8079,#8080),(#8081,#8082),(#8083,
#8084),(#8085,#8086),(#8087,#8088)),.UNSPECIFIED.,.F.,.F.,.F.,(4,1,4),(2,
2),(0.,0.0465969350995403,0.0855371592704949),(0.,0.02),.UNSPECIFIED.);
#123=B_SPLINE_SURFACE_WITH_KNOTS('',3,1,((#8099,#8100),(#8101,#8102),(#8103,
#8104),(#8105,#8106),(#8107,#8108)),.UNSPECIFIED.,.F.,.F.,.F.,(4,1,4),(2,
2),(0.,0.0483870048871051,0.0918238802237609),(0.,0.02),.UNSPECIFIED.);
#124=B_SPLINE_SURFACE_WITH_KNOTS('',3,1,((#8118,#8119),(#8120,#8121),(#8122,
#8123),(#8124,#8125),(#8126,#8127)),.UNSPECIFIED.,.F.,.F.,.F.,(4,1,4),(2,
2),(0.,0.0416262859196308,0.0868018694556924),(0.,0.02),.UNSPECIFIED.);
#125=B_SPLINE_SURFACE_WITH_KNOTS('',3,1,((#8135,#8136),(#8137,#8138),(#8139,
#8140),(#8141,#8142),(#8143,#8144)),.UNSPECIFIED.,.F.,.F.,.F.,(4,1,4),(2,
2),(0.,0.0481823150765473,0.0907180699983295),(0.,0.02),.UNSPECIFIED.);
#126=B_SPLINE_SURFACE_WITH_KNOTS('',3,1,((#8152,#8153),(#8154,#8155),(#8156,
#8157),(#8158,#8159),(#8160,#8161)),.UNSPECIFIED.,.F.,.F.,.F.,(4,1,4),(2,
2),(0.,0.0436505309112294,0.0928146885996822),(0.,0.02),.UNSPECIFIED.);
#127=B_SPLINE_SURFACE_WITH_KNOTS('',3,1,((#8169,#8170),(#8171,#8172),(#8173,
#8174),(#8175,#8176),(#8177,#8178)),.UNSPECIFIED.,.F.,.F.,.F.,(4,1,4),(2,
2),(0.,0.0480213804702383,0.0910382144899536),(0.,0.02),.UNSPECIFIED.);
#128=B_SPLINE_SURFACE_WITH_KNOTS('',3,1,((#8186,#8187),(#8188,#8189),(#8190,
#8191),(#8192,#8193),(#8194,#8195)),.UNSPECIFIED.,.F.,.F.,.F.,(4,1,4),(2,
2),(0.,0.0421929672315677,0.0889288947800326),(0.,0.02),.UNSPECIFIED.);
#129=B_SPLINE_SURFACE_WITH_KNOTS('',3,1,((#8203,#8204),(#8205,#8206),(#8207,
#8208),(#8209,#8210),(#8211,#8212)),.UNSPECIFIED.,.F.,.F.,.F.,(4,1,4),(2,
2),(0.,0.0484147711055934,0.0911948602818314),(0.,0.02),.UNSPECIFIED.);
#130=B_SPLINE_SURFACE_WITH_KNOTS('',3,1,((#8220,#8221),(#8222,#8223),(#8224,
#8225),(#8226,#8227),(#8228,#8229)),.UNSPECIFIED.,.F.,.F.,.F.,(4,1,4),(2,
2),(0.,0.0437305192784227,0.0929569409074172),(0.,0.02),.UNSPECIFIED.);
#131=B_SPLINE_SURFACE_WITH_KNOTS('',3,1,((#8236,#8237),(#8238,#8239),(#8240,
#8241),(#8242,#8243),(#8244,#8245)),.UNSPECIFIED.,.F.,.F.,.F.,(4,1,4),(2,
2),(0.,0.0389835167390642,0.0879853767275063),(0.,0.02),.UNSPECIFIED.);
#132=B_SPLINE_SURFACE_WITH_KNOTS('',3,1,((#8262,#8263),(#8264,#8265),(#8266,
#8267),(#8268,#8269),(#8270,#8271)),.UNSPECIFIED.,.F.,.F.,.F.,(4,1,4),(2,
2),(0.,0.0479311602578818,0.0883361165465423),(0.,0.02),.UNSPECIFIED.);
#133=B_SPLINE_SURFACE_WITH_KNOTS('',3,1,((#8285,#8286),(#8287,#8288),(#8289,
#8290),(#8291,#8292),(#8293,#8294)),.UNSPECIFIED.,.F.,.F.,.F.,(4,1,4),(2,
2),(0.,0.0217525816071524,0.0481034813781501),(0.,0.02),.UNSPECIFIED.);
#134=B_SPLINE_SURFACE_WITH_KNOTS('',3,1,((#8308,#8309),(#8310,#8311),(#8312,
#8313),(#8314,#8315),(#8316,#8317)),.UNSPECIFIED.,.F.,.F.,.F.,(4,1,4),(2,
2),(0.,0.0212018410537128,0.0409218998425441),(0.,0.02),.UNSPECIFIED.);
#135=B_SPLINE_SURFACE_WITH_KNOTS('',3,1,((#8331,#8332),(#8333,#8334),(#8335,
#8336),(#8337,#8338),(#8339,#8340)),.UNSPECIFIED.,.F.,.F.,.F.,(4,1,4),(2,
2),(0.,0.0465969657404227,0.0855371899113773),(0.,0.02),.UNSPECIFIED.);
#136=B_SPLINE_SURFACE_WITH_KNOTS('',3,1,((#8351,#8352),(#8353,#8354),(#8355,
#8356),(#8357,#8358),(#8359,#8360)),.UNSPECIFIED.,.F.,.F.,.F.,(4,1,4),(2,
2),(0.,0.0483870048871051,0.0918238802237609),(0.,0.02),.UNSPECIFIED.);
#137=B_SPLINE_SURFACE_WITH_KNOTS('',3,1,((#8370,#8371),(#8372,#8373),(#8374,
#8375),(#8376,#8377),(#8378,#8379)),.UNSPECIFIED.,.F.,.F.,.F.,(4,1,4),(2,
2),(0.,0.0416262207652078,0.0868018243130671),(0.,0.02),.UNSPECIFIED.);
#138=B_SPLINE_SURFACE_WITH_KNOTS('',3,1,((#8387,#8388),(#8389,#8390),(#8391,
#8392),(#8393,#8394),(#8395,#8396)),.UNSPECIFIED.,.F.,.F.,.F.,(4,1,4),(2,
2),(0.,0.0481821973223598,0.090717952244142),(0.,0.02),.UNSPECIFIED.);
#139=B_SPLINE_SURFACE_WITH_KNOTS('',3,1,((#8404,#8405),(#8406,#8407),(#8408,
#8409),(#8410,#8411),(#8412,#8413)),.UNSPECIFIED.,.F.,.F.,.F.,(4,1,4),(2,
2),(0.,0.0436505309112294,0.0928146885996822),(0.,0.02),.UNSPECIFIED.);
#140=B_SPLINE_SURFACE_WITH_KNOTS('',3,1,((#8421,#8422),(#8423,#8424),(#8425,
#8426),(#8427,#8428),(#8429,#8430)),.UNSPECIFIED.,.F.,.F.,.F.,(4,1,4),(2,
2),(0.,0.0480213903376121,0.0910382243573275),(0.,0.02),.UNSPECIFIED.);
#141=B_SPLINE_SURFACE_WITH_KNOTS('',3,1,((#8438,#8439),(#8440,#8441),(#8442,
#8443),(#8444,#8445),(#8446,#8447)),.UNSPECIFIED.,.F.,.F.,.F.,(4,1,4),(2,
2),(0.,0.0421929672315677,0.0889289045519478),(0.,0.02),.UNSPECIFIED.);
#142=B_SPLINE_SURFACE_WITH_KNOTS('',3,1,((#8455,#8456),(#8457,#8458),(#8459,
#8460),(#8461,#8462),(#8463,#8464)),.UNSPECIFIED.,.F.,.F.,.F.,(4,1,4),(2,
2),(0.,0.0484147711055934,0.0911947589192975),(0.,0.02),.UNSPECIFIED.);
#143=B_SPLINE_SURFACE_WITH_KNOTS('',3,1,((#8472,#8473),(#8474,#8475),(#8476,
#8477),(#8478,#8479),(#8480,#8481)),.UNSPECIFIED.,.F.,.F.,.F.,(4,1,4),(2,
2),(0.,0.0437305192784227,0.0929569409074172),(0.,0.02),.UNSPECIFIED.);
#144=B_SPLINE_SURFACE_WITH_KNOTS('',3,1,((#8488,#8489),(#8490,#8491),(#8492,
#8493),(#8494,#8495),(#8496,#8497)),.UNSPECIFIED.,.F.,.F.,.F.,(4,1,4),(2,
2),(0.,0.0174995106747178,0.0361672628784119),(0.,0.02),.UNSPECIFIED.);
#145=B_SPLINE_SURFACE_WITH_KNOTS('',3,1,((#8514,#8515),(#8516,#8517),(#8518,
#8519),(#8520,#8521),(#8522,#8523)),.UNSPECIFIED.,.F.,.F.,.F.,(4,1,4),(2,
2),(0.,0.0151889513293071,0.0312692087763487),(0.,0.02),.UNSPECIFIED.);
#146=B_SPLINE_SURFACE_WITH_KNOTS('',3,1,((#8537,#8538),(#8539,#8540),(#8541,
#8542),(#8543,#8544),(#8545,#8546)),.UNSPECIFIED.,.F.,.F.,.F.,(4,1,4),(2,
2),(0.,0.0357522302069055,0.065958413455215),(0.,0.02),.UNSPECIFIED.);
#147=B_SPLINE_SURFACE_WITH_KNOTS('',3,1,((#8563,#8564),(#8565,#8566),(#8567,
#8568),(#8569,#8570),(#8571,#8572)),.UNSPECIFIED.,.F.,.F.,.F.,(4,1,4),(2,
2),(0.,0.0380107129375319,0.081218470075119),(0.,0.02),.UNSPECIFIED.);
#148=B_SPLINE_SURFACE_WITH_KNOTS('',3,1,((#8582,#8583),(#8584,#8585),(#8586,
#8587),(#8588,#8589),(#8590,#8591)),.UNSPECIFIED.,.F.,.F.,.F.,(4,1,4),(2,
2),(0.,0.042131698970142,0.0794483613064302),(0.,0.02),.UNSPECIFIED.);
#149=B_SPLINE_SURFACE_WITH_KNOTS('',3,1,((#8599,#8600),(#8601,#8602),(#8603,
#8604),(#8605,#8606),(#8607,#8608)),.UNSPECIFIED.,.F.,.F.,.F.,(4,1,4),(2,
2),(0.,0.0416905764302299,0.0840455916738874),(0.,0.02),.UNSPECIFIED.);
#150=B_SPLINE_SURFACE_WITH_KNOTS('',3,1,((#8616,#8617),(#8618,#8619),(#8620,
#8621),(#8622,#8623),(#8624,#8625)),.UNSPECIFIED.,.F.,.F.,.F.,(4,1,4),(2,
2),(0.,0.0484260109140039,0.0918686631057132),(0.,0.02),.UNSPECIFIED.);
#151=B_SPLINE_SURFACE_WITH_KNOTS('',3,1,((#8633,#8634),(#8635,#8636),(#8637,
#8638),(#8639,#8640),(#8641,#8642)),.UNSPECIFIED.,.F.,.F.,.F.,(4,1,4),(2,
2),(0.,0.040598142998346,0.0869451068689777),(0.,0.02),.UNSPECIFIED.);
#152=B_SPLINE_SURFACE_WITH_KNOTS('',3,1,((#8650,#8651),(#8652,#8653),(#8654,
#8655),(#8656,#8657),(#8658,#8659)),.UNSPECIFIED.,.F.,.F.,.F.,(4,1,4),(2,
2),(0.,0.0466350685174376,0.0872971679991052),(0.,0.02),.UNSPECIFIED.);
#153=B_SPLINE_SURFACE_WITH_KNOTS('',3,1,((#8667,#8668),(#8669,#8670),(#8671,
#8672),(#8673,#8674),(#8675,#8676)),.UNSPECIFIED.,.F.,.F.,.F.,(4,1,4),(2,
2),(0.,0.036174464438825,0.0794016972087315),(0.,0.02),.UNSPECIFIED.);
#154=B_SPLINE_SURFACE_WITH_KNOTS('',3,1,((#8688,#8689),(#8690,#8691),(#8692,
#8693),(#8694,#8695),(#8696,#8697)),.UNSPECIFIED.,.F.,.F.,.F.,(4,1,4),(2,
2),(0.,0.0334737590966734,0.0650027158331202),(0.,0.02),.UNSPECIFIED.);
#155=B_SPLINE_SURFACE_WITH_KNOTS('',3,1,((#8705,#8706),(#8707,#8708),(#8709,
#8710),(#8711,#8712),(#8713,#8714)),.UNSPECIFIED.,.F.,.F.,.F.,(4,1,4),(2,
2),(0.,0.0386296054468128,0.0826204661707127),(0.,0.02),.UNSPECIFIED.);
#156=B_SPLINE_SURFACE_WITH_KNOTS('',3,1,((#8729,#8730),(#8731,#8732),(#8733,
#8734),(#8735,#8736),(#8737,#8738)),.UNSPECIFIED.,.F.,.F.,.F.,(4,1,4),(2,
2),(0.,0.0372087141249395,0.0793076422368713),(0.,0.02),.UNSPECIFIED.);
#157=B_SPLINE_SURFACE_WITH_KNOTS('',3,1,((#8755,#8756),(#8757,#8758),(#8759,
#8760),(#8761,#8762),(#8763,#8764)),.UNSPECIFIED.,.F.,.F.,.F.,(4,1,4),(2,
2),(0.,0.0421714706079331,0.0801123479389198),(0.,0.02),.UNSPECIFIED.);
#158=B_SPLINE_SURFACE_WITH_KNOTS('',3,1,((#8793,#8794),(#8795,#8796),(#8797,
#8798),(#8799,#8800),(#8801,#8802)),.UNSPECIFIED.,.F.,.F.,.F.,(4,1,4),(2,
2),(0.,0.0433879783819133,0.09281144712487),(0.,0.02),.UNSPECIFIED.);
#159=B_SPLINE_SURFACE_WITH_KNOTS('',3,1,((#8812,#8813),(#8814,#8815),(#8816,
#8817),(#8818,#8819),(#8820,#8821)),.UNSPECIFIED.,.F.,.F.,.F.,(4,1,4),(2,
2),(0.,0.0416746768486182,0.082109311247685),(0.,0.02),.UNSPECIFIED.);
#160=B_SPLINE_SURFACE_WITH_KNOTS('',3,1,((#8829,#8830),(#8831,#8832),(#8833,
#8834),(#8835,#8836),(#8837,#8838)),.UNSPECIFIED.,.F.,.F.,.F.,(4,1,4),(2,
2),(0.,0.0883368047107412,0.165441770575141),(0.,0.02),.UNSPECIFIED.);
#161=B_SPLINE_SURFACE_WITH_KNOTS('',3,1,((#8865,#8866),(#8867,#8868),(#8869,
#8870),(#8871,#8872),(#8873,#8874)),.UNSPECIFIED.,.F.,.F.,.F.,(4,1,4),(2,
2),(0.,0.0185501259750332,0.0370543167881838),(0.,0.02),.UNSPECIFIED.);
#162=B_SPLINE_SURFACE_WITH_KNOTS('',3,1,((#8891,#8892),(#8893,#8894),(#8895,
#8896),(#8897,#8898),(#8899,#8900)),.UNSPECIFIED.,.F.,.F.,.F.,(4,1,4),(2,
2),(0.,0.0178109733202087,0.036878997827018),(0.,0.02),.UNSPECIFIED.);
#163=B_SPLINE_SURFACE_WITH_KNOTS('',3,1,((#8914,#8915),(#8916,#8917),(#8918,
#8919),(#8920,#8921),(#8922,#8923)),.UNSPECIFIED.,.F.,.F.,.F.,(4,1,4),(2,
2),(0.,0.0238373432464282,0.043639692541942),(0.,0.02),.UNSPECIFIED.);
#164=B_SPLINE_SURFACE_WITH_KNOTS('',3,1,((#8937,#8938),(#8939,#8940),(#8941,
#8942),(#8943,#8944),(#8945,#8946)),.UNSPECIFIED.,.F.,.F.,.F.,(4,1,4),(2,
2),(0.,0.0230764182904494,0.0516200027011911),(0.,0.02),.UNSPECIFIED.);
#165=B_SPLINE_SURFACE_WITH_KNOTS('',3,1,((#8960,#8961),(#8962,#8963),(#8964,
#8965),(#8966,#8967),(#8968,#8969)),.UNSPECIFIED.,.F.,.F.,.F.,(4,1,4),(2,
2),(0.,0.0205273677986378,0.0404316271112158),(0.,0.02),.UNSPECIFIED.);
#166=B_SPLINE_SURFACE_WITH_KNOTS('',3,1,((#8983,#8984),(#8985,#8986),(#8987,
#8988),(#8989,#8990),(#8991,#8992)),.UNSPECIFIED.,.F.,.F.,.F.,(4,1,4),(2,
2),(0.,0.0169978082181528,0.0342810522910814),(0.,0.02),.UNSPECIFIED.);
#167=B_SPLINE_SURFACE_WITH_KNOTS('',3,1,((#9006,#9007),(#9008,#9009),(#9010,
#9011),(#9012,#9013),(#9014,#9015)),.UNSPECIFIED.,.F.,.F.,.F.,(4,1,4),(2,
2),(0.,0.0191663284574752,0.0369546972301109),(0.,0.02),.UNSPECIFIED.);
#168=B_SPLINE_SURFACE_WITH_KNOTS('',3,1,((#9035,#9036),(#9037,#9038),(#9039,
#9040),(#9041,#9042),(#9043,#9044)),.UNSPECIFIED.,.F.,.F.,.F.,(4,1,4),(2,
2),(0.,0.0197144666302918,0.0415608496596454),(0.,0.02),.UNSPECIFIED.);
#169=B_SPLINE_SURFACE_WITH_KNOTS('',3,1,((#9055,#9056),(#9057,#9058),(#9059,
#9060),(#9061,#9062),(#9063,#9064)),.UNSPECIFIED.,.F.,.F.,.F.,(4,1,4),(2,
2),(0.,0.0390434319973734,0.0792009260646864),(0.,0.02),.UNSPECIFIED.);
#170=B_SPLINE_SURFACE_WITH_KNOTS('',3,1,((#9074,#9075),(#9076,#9077),(#9078,
#9079),(#9080,#9081),(#9082,#9083)),.UNSPECIFIED.,.F.,.F.,.F.,(4,1,4),(2,
2),(0.,0.048714751793966,0.0912195173333843),(0.,0.02),.UNSPECIFIED.);
#171=B_SPLINE_SURFACE_WITH_KNOTS('',3,1,((#9091,#9092),(#9093,#9094),(#9095,
#9096),(#9097,#9098),(#9099,#9100)),.UNSPECIFIED.,.F.,.F.,.F.,(4,1,4),(2,
2),(0.,0.0376342865899353,0.082129847271471),(0.,0.02),.UNSPECIFIED.);
#172=B_SPLINE_SURFACE_WITH_KNOTS('',3,1,((#9108,#9109),(#9110,#9111),(#9112,
#9113),(#9114,#9115),(#9116,#9117)),.UNSPECIFIED.,.F.,.F.,.F.,(4,1,4),(2,
2),(0.,0.0373466747599353,0.0718744790122962),(0.,0.02),.UNSPECIFIED.);
#173=B_SPLINE_SURFACE_WITH_KNOTS('',3,1,((#9125,#9126),(#9127,#9128),(#9129,
#9130),(#9131,#9132),(#9133,#9134)),.UNSPECIFIED.,.F.,.F.,.F.,(4,1,4),(2,
2),(0.,0.0408439493440262,0.0819350905827146),(0.,0.02),.UNSPECIFIED.);
#174=B_SPLINE_SURFACE_WITH_KNOTS('',3,1,((#9170,#9171),(#9172,#9173),(#9174,
#9175),(#9176,#9177),(#9178,#9179)),.UNSPECIFIED.,.F.,.F.,.F.,(4,1,4),(2,
2),(0.,0.0355353215502099,0.0693100584085688),(0.,0.02),.UNSPECIFIED.);
#175=B_SPLINE_SURFACE_WITH_KNOTS('',3,1,((#9203,#9204),(#9205,#9206),(#9207,
#9208),(#9209,#9210),(#9211,#9212)),.UNSPECIFIED.,.F.,.F.,.F.,(4,1,4),(2,
2),(0.,0.0185498923824049,0.0370542735661504),(0.,0.02),.UNSPECIFIED.);
#176=B_SPLINE_SURFACE_WITH_KNOTS('',3,1,((#9229,#9230),(#9231,#9232),(#9233,
#9234),(#9235,#9236),(#9237,#9238)),.UNSPECIFIED.,.F.,.F.,.F.,(4,1,4),(2,
2),(0.,0.0178109733202087,0.036878997827018),(0.,0.02),.UNSPECIFIED.);
#177=B_SPLINE_SURFACE_WITH_KNOTS('',3,1,((#9252,#9253),(#9254,#9255),(#9256,
#9257),(#9258,#9259),(#9260,#9261)),.UNSPECIFIED.,.F.,.F.,.F.,(4,1,4),(2,
2),(0.,0.0238373147368794,0.0436397669883178),(0.,0.02),.UNSPECIFIED.);
#178=B_SPLINE_SURFACE_WITH_KNOTS('',3,1,((#9275,#9276),(#9277,#9278),(#9279,
#9280),(#9281,#9282),(#9283,#9284)),.UNSPECIFIED.,.F.,.F.,.F.,(4,1,4),(2,
2),(0.,0.0230763218348038,0.0516199322390708),(0.,0.02),.UNSPECIFIED.);
#179=B_SPLINE_SURFACE_WITH_KNOTS('',3,1,((#9298,#9299),(#9300,#9301),(#9302,
#9303),(#9304,#9305),(#9306,#9307)),.UNSPECIFIED.,.F.,.F.,.F.,(4,1,4),(2,
2),(0.,0.0205276007592215,0.0404316805856071),(0.,0.02),.UNSPECIFIED.);
#180=B_SPLINE_SURFACE_WITH_KNOTS('',3,1,((#9321,#9322),(#9323,#9324),(#9325,
#9326),(#9327,#9328),(#9329,#9330)),.UNSPECIFIED.,.F.,.F.,.F.,(4,1,4),(2,
2),(0.,0.0169979989530161,0.0342810092651484),(0.,0.02),.UNSPECIFIED.);
#181=B_SPLINE_SURFACE_WITH_KNOTS('',3,1,((#9344,#9345),(#9346,#9347),(#9348,
#9349),(#9350,#9351),(#9352,#9353)),.UNSPECIFIED.,.F.,.F.,.F.,(4,1,4),(2,
2),(0.,0.0191663284574752,0.0369546972301109),(0.,0.02),.UNSPECIFIED.);
#182=B_SPLINE_SURFACE_WITH_KNOTS('',3,1,((#9373,#9374),(#9375,#9376),(#9377,
#9378),(#9379,#9380),(#9381,#9382)),.UNSPECIFIED.,.F.,.F.,.F.,(4,1,4),(2,
2),(0.,0.0197145852258437,0.0415609325809931),(0.,0.02),.UNSPECIFIED.);
#183=B_SPLINE_SURFACE_WITH_KNOTS('',3,1,((#9393,#9394),(#9395,#9396),(#9397,
#9398),(#9399,#9400),(#9401,#9402)),.UNSPECIFIED.,.F.,.F.,.F.,(4,1,4),(2,
2),(0.,0.0390436185132878,0.0792008790706756),(0.,0.02),.UNSPECIFIED.);
#184=B_SPLINE_SURFACE_WITH_KNOTS('',3,1,((#9412,#9413),(#9414,#9415),(#9416,
#9417),(#9418,#9419),(#9420,#9421)),.UNSPECIFIED.,.F.,.F.,.F.,(4,1,4),(2,
2),(0.,0.048714751793966,0.0912195173333843),(0.,0.02),.UNSPECIFIED.);
#185=B_SPLINE_SURFACE_WITH_KNOTS('',3,1,((#9429,#9430),(#9431,#9432),(#9433,
#9434),(#9435,#9436),(#9437,#9438)),.UNSPECIFIED.,.F.,.F.,.F.,(4,1,4),(2,
2),(0.,0.0376342865899353,0.082129847271471),(0.,0.02),.UNSPECIFIED.);
#186=B_SPLINE_SURFACE_WITH_KNOTS('',3,1,((#9446,#9447),(#9448,#9449),(#9450,
#9451),(#9452,#9453),(#9454,#9455)),.UNSPECIFIED.,.F.,.F.,.F.,(4,1,4),(2,
2),(0.,0.0373466747599353,0.0718744790122962),(0.,0.02),.UNSPECIFIED.);
#187=B_SPLINE_SURFACE_WITH_KNOTS('',3,1,((#9463,#9464),(#9465,#9466),(#9467,
#9468),(#9469,#9470),(#9471,#9472)),.UNSPECIFIED.,.F.,.F.,.F.,(4,1,4),(2,
2),(0.,0.0408439493440262,0.0819350905827146),(0.,0.02),.UNSPECIFIED.);
#188=B_SPLINE_SURFACE_WITH_KNOTS('',3,1,((#9508,#9509),(#9510,#9511),(#9512,
#9513),(#9514,#9515),(#9516,#9517)),.UNSPECIFIED.,.F.,.F.,.F.,(4,1,4),(2,
2),(0.,0.0355353215502099,0.0693100584085688),(0.,0.02),.UNSPECIFIED.);
#189=B_SPLINE_SURFACE_WITH_KNOTS('',3,1,((#9524,#9525),(#9526,#9527),(#9528,
#9529),(#9530,#9531),(#9532,#9533)),.UNSPECIFIED.,.F.,.F.,.F.,(4,1,4),(2,
2),(0.,0.0174995106747178,0.0361672628784119),(0.,0.02),.UNSPECIFIED.);
#190=B_SPLINE_SURFACE_WITH_KNOTS('',3,1,((#9550,#9551),(#9552,#9553),(#9554,
#9555),(#9556,#9557),(#9558,#9559)),.UNSPECIFIED.,.F.,.F.,.F.,(4,1,4),(2,
2),(0.,0.0151889513293071,0.0312692087763487),(0.,0.02),.UNSPECIFIED.);
#191=B_SPLINE_SURFACE_WITH_KNOTS('',3,1,((#9573,#9574),(#9575,#9576),(#9577,
#9578),(#9579,#9580),(#9581,#9582)),.UNSPECIFIED.,.F.,.F.,.F.,(4,1,4),(2,
2),(0.,0.0357522302069055,0.065958413455215),(0.,0.02),.UNSPECIFIED.);
#192=B_SPLINE_SURFACE_WITH_KNOTS('',3,1,((#9599,#9600),(#9601,#9602),(#9603,
#9604),(#9605,#9606),(#9607,#9608)),.UNSPECIFIED.,.F.,.F.,.F.,(4,1,4),(2,
2),(0.,0.0380107129375319,0.081218470075119),(0.,0.02),.UNSPECIFIED.);
#193=B_SPLINE_SURFACE_WITH_KNOTS('',3,1,((#9618,#9619),(#9620,#9621),(#9622,
#9623),(#9624,#9625),(#9626,#9627)),.UNSPECIFIED.,.F.,.F.,.F.,(4,1,4),(2,
2),(0.,0.042131698970142,0.0794483613064302),(0.,0.02),.UNSPECIFIED.);
#194=B_SPLINE_SURFACE_WITH_KNOTS('',3,1,((#9635,#9636),(#9637,#9638),(#9639,
#9640),(#9641,#9642),(#9643,#9644)),.UNSPECIFIED.,.F.,.F.,.F.,(4,1,4),(2,
2),(0.,0.0416907738348597,0.0840455547302056),(0.,0.02),.UNSPECIFIED.);
#195=B_SPLINE_SURFACE_WITH_KNOTS('',3,1,((#9652,#9653),(#9654,#9655),(#9656,
#9657),(#9658,#9659),(#9660,#9661)),.UNSPECIFIED.,.F.,.F.,.F.,(4,1,4),(2,
2),(0.,0.0484260109140039,0.0918686631057132),(0.,0.02),.UNSPECIFIED.);
#196=B_SPLINE_SURFACE_WITH_KNOTS('',3,1,((#9669,#9670),(#9671,#9672),(#9673,
#9674),(#9675,#9676),(#9677,#9678)),.UNSPECIFIED.,.F.,.F.,.F.,(4,1,4),(2,
2),(0.,0.040598142998346,0.0869451068689777),(0.,0.02),.UNSPECIFIED.);
#197=B_SPLINE_SURFACE_WITH_KNOTS('',3,1,((#9686,#9687),(#9688,#9689),(#9690,
#9691),(#9692,#9693),(#9694,#9695)),.UNSPECIFIED.,.F.,.F.,.F.,(4,1,4),(2,
2),(0.,0.0466350685174376,0.0872971679991052),(0.,0.02),.UNSPECIFIED.);
#198=B_SPLINE_SURFACE_WITH_KNOTS('',3,1,((#9703,#9704),(#9705,#9706),(#9707,
#9708),(#9709,#9710),(#9711,#9712)),.UNSPECIFIED.,.F.,.F.,.F.,(4,1,4),(2,
2),(0.,0.036174464438825,0.0794016972087315),(0.,0.02),.UNSPECIFIED.);
#199=B_SPLINE_SURFACE_WITH_KNOTS('',3,1,((#9724,#9725),(#9726,#9727),(#9728,
#9729),(#9730,#9731),(#9732,#9733)),.UNSPECIFIED.,.F.,.F.,.F.,(4,1,4),(2,
2),(0.,0.0334737590966734,0.0650027158331202),(0.,0.02),.UNSPECIFIED.);
#200=B_SPLINE_SURFACE_WITH_KNOTS('',3,1,((#9741,#9742),(#9743,#9744),(#9745,
#9746),(#9747,#9748),(#9749,#9750)),.UNSPECIFIED.,.F.,.F.,.F.,(4,1,4),(2,
2),(0.,0.0386296054468128,0.0826204661707127),(0.,0.02),.UNSPECIFIED.);
#201=B_SPLINE_SURFACE_WITH_KNOTS('',3,1,((#9765,#9766),(#9767,#9768),(#9769,
#9770),(#9771,#9772),(#9773,#9774)),.UNSPECIFIED.,.F.,.F.,.F.,(4,1,4),(2,
2),(0.,0.0389837345692372,0.087985565675205),(0.,0.02),.UNSPECIFIED.);
#202=B_SPLINE_SURFACE_WITH_KNOTS('',3,1,((#9791,#9792),(#9793,#9794),(#9795,
#9796),(#9797,#9798),(#9799,#9800)),.UNSPECIFIED.,.F.,.F.,.F.,(4,1,4),(2,
2),(0.,0.0479311602578818,0.0883361165465423),(0.,0.02),.UNSPECIFIED.);
#203=B_SPLINE_SURFACE_WITH_KNOTS('',3,1,((#9814,#9815),(#9816,#9817),(#9818,
#9819),(#9820,#9821),(#9822,#9823)),.UNSPECIFIED.,.F.,.F.,.F.,(4,1,4),(2,
2),(0.,0.0217525816071524,0.0481034813781501),(0.,0.02),.UNSPECIFIED.);
#204=B_SPLINE_SURFACE_WITH_KNOTS('',3,1,((#9837,#9838),(#9839,#9840),(#9841,
#9842),(#9843,#9844),(#9845,#9846)),.UNSPECIFIED.,.F.,.F.,.F.,(4,1,4),(2,
2),(0.,0.0212018410537128,0.0409218998425441),(0.,0.02),.UNSPECIFIED.);
#205=B_SPLINE_SURFACE_WITH_KNOTS('',3,1,((#9860,#9861),(#9862,#9863),(#9864,
#9865),(#9866,#9867),(#9868,#9869)),.UNSPECIFIED.,.F.,.F.,.F.,(4,1,4),(2,
2),(0.,0.0465969350995403,0.0855373792638782),(0.,0.02),.UNSPECIFIED.);
#206=B_SPLINE_SURFACE_WITH_KNOTS('',3,1,((#9880,#9881),(#9882,#9883),(#9884,
#9885),(#9886,#9887),(#9888,#9889)),.UNSPECIFIED.,.F.,.F.,.F.,(4,1,4),(2,
2),(0.,0.0483870241507709,0.0918238994874267),(0.,0.02),.UNSPECIFIED.);
#207=B_SPLINE_SURFACE_WITH_KNOTS('',3,1,((#9899,#9900),(#9901,#9902),(#9903,
#9904),(#9905,#9906),(#9907,#9908)),.UNSPECIFIED.,.F.,.F.,.F.,(4,1,4),(2,
2),(0.,0.0416262859196308,0.0868018694556924),(0.,0.02),.UNSPECIFIED.);
#208=B_SPLINE_SURFACE_WITH_KNOTS('',3,1,((#9916,#9917),(#9918,#9919),(#9920,
#9921),(#9922,#9923),(#9924,#9925)),.UNSPECIFIED.,.F.,.F.,.F.,(4,1,4),(2,
2),(0.,0.0481821973223598,0.0907180533828526),(0.,0.02),.UNSPECIFIED.);
#209=B_SPLINE_SURFACE_WITH_KNOTS('',3,1,((#9933,#9934),(#9935,#9936),(#9937,
#9938),(#9939,#9940),(#9941,#9942)),.UNSPECIFIED.,.F.,.F.,.F.,(4,1,4),(2,
2),(0.,0.0436505309112294,0.0928146885996822),(0.,0.02),.UNSPECIFIED.);
#210=B_SPLINE_SURFACE_WITH_KNOTS('',3,1,((#9950,#9951),(#9952,#9953),(#9954,
#9955),(#9956,#9957),(#9958,#9959)),.UNSPECIFIED.,.F.,.F.,.F.,(4,1,4),(2,
2),(0.,0.0480213903376121,0.0910382243573275),(0.,0.02),.UNSPECIFIED.);
#211=B_SPLINE_SURFACE_WITH_KNOTS('',3,1,((#9967,#9968),(#9969,#9970),(#9971,
#9972),(#9973,#9974),(#9975,#9976)),.UNSPECIFIED.,.F.,.F.,.F.,(4,1,4),(2,
2),(0.,0.0421930321760129,0.0889289499526366),(0.,0.02),.UNSPECIFIED.);
#212=B_SPLINE_SURFACE_WITH_KNOTS('',3,1,((#9984,#9985),(#9986,#9987),(#9988,
#9989),(#9990,#9991),(#9992,#9993)),.UNSPECIFIED.,.F.,.F.,.F.,(4,1,4),(2,
2),(0.,0.0484146533373698,0.0911947425136078),(0.,0.02),.UNSPECIFIED.);
#213=B_SPLINE_SURFACE_WITH_KNOTS('',3,1,((#10001,#10002),(#10003,#10004),
(#10005,#10006),(#10007,#10008),(#10009,#10010)),.UNSPECIFIED.,.F.,.F.,
 .F.,(4,1,4),(2,2),(0.,0.0437305192784227,0.0929569409074172),(0.,0.02),
 .UNSPECIFIED.);
#214=B_SPLINE_SURFACE_WITH_KNOTS('',3,1,((#10017,#10018),(#10019,#10020),
(#10021,#10022),(#10023,#10024),(#10025,#10026)),.UNSPECIFIED.,.F.,.F.,
 .F.,(4,1,4),(2,2),(0.,0.00933078145668755,0.0165876085335708),(0.,0.02),
 .UNSPECIFIED.);
#215=B_SPLINE_SURFACE_WITH_KNOTS('',3,1,((#10036,#10037),(#10038,#10039),
(#10040,#10041),(#10042,#10043),(#10044,#10045)),.UNSPECIFIED.,.F.,.F.,
 .F.,(4,1,4),(2,2),(0.,0.0393399654802518,0.0755325586826923),(0.,0.02),
 .UNSPECIFIED.);
#216=B_SPLINE_SURFACE_WITH_KNOTS('',3,1,((#10077,#10078),(#10079,#10080),
(#10081,#10082),(#10083,#10084),(#10085,#10086)),.UNSPECIFIED.,.F.,.F.,
 .F.,(4,1,4),(2,2),(0.,0.0207477495860427,0.0452822262625889),(0.,0.02),
 .UNSPECIFIED.);
#217=B_SPLINE_SURFACE_WITH_KNOTS('',3,1,((#10094,#10095),(#10096,#10097),
(#10098,#10099),(#10100,#10101),(#10102,#10103)),.UNSPECIFIED.,.F.,.F.,
 .F.,(4,1,4),(2,2),(0.,0.0195964491260105,0.0383106497444924),(0.,0.02),
 .UNSPECIFIED.);
#218=B_SPLINE_SURFACE_WITH_KNOTS('',3,1,((#10111,#10112),(#10113,#10114),
(#10115,#10116),(#10117,#10118),(#10119,#10120)),.UNSPECIFIED.,.F.,.F.,
 .F.,(4,1,4),(2,2),(0.,0.013803710106232,0.028797557704734),(0.,0.02),
 .UNSPECIFIED.);
#219=B_SPLINE_SURFACE_WITH_KNOTS('',3,1,((#10131,#10132),(#10133,#10134),
(#10135,#10136),(#10137,#10138),(#10139,#10140)),.UNSPECIFIED.,.F.,.F.,
 .F.,(4,1,4),(2,2),(0.,0.0186665766569301,0.0375506922930187),(0.,0.02),
 .UNSPECIFIED.);
#220=B_SPLINE_SURFACE_WITH_KNOTS('',3,1,((#10157,#10158),(#10159,#10160),
(#10161,#10162),(#10163,#10164),(#10165,#10166)),.UNSPECIFIED.,.F.,.F.,
 .F.,(4,1,4),(2,2),(0.,0.0182639275082121,0.0374755258550465),(0.,0.02),
 .UNSPECIFIED.);
#221=B_SPLINE_SURFACE_WITH_KNOTS('',3,1,((#10180,#10181),(#10182,#10183),
(#10184,#10185),(#10186,#10187),(#10188,#10189)),.UNSPECIFIED.,.F.,.F.,
 .F.,(4,1,4),(2,2),(0.,0.0251771278638299,0.0457387150296511),(0.,0.02),
 .UNSPECIFIED.);
#222=B_SPLINE_SURFACE_WITH_KNOTS('',3,1,((#10203,#10204),(#10205,#10206),
(#10207,#10208),(#10209,#10210),(#10211,#10212)),.UNSPECIFIED.,.F.,.F.,
 .F.,(4,1,4),(2,2),(0.,0.0224713727922111,0.0495567272038162),(0.,0.02),
 .UNSPECIFIED.);
#223=B_SPLINE_SURFACE_WITH_KNOTS('',3,1,((#10226,#10227),(#10228,#10229),
(#10230,#10231),(#10232,#10233),(#10234,#10235)),.UNSPECIFIED.,.F.,.F.,
 .F.,(4,1,4),(2,2),(0.,0.0200309479796105,0.0396547172598256),(0.,0.02),
 .UNSPECIFIED.);
#224=B_SPLINE_SURFACE_WITH_KNOTS('',3,1,((#10249,#10250),(#10251,#10252),
(#10253,#10254),(#10255,#10256),(#10257,#10258)),.UNSPECIFIED.,.F.,.F.,
 .F.,(4,1,4),(2,2),(0.,0.0173851773215089,0.0353455846115043),(0.,0.02),
 .UNSPECIFIED.);
#225=B_SPLINE_SURFACE_WITH_KNOTS('',3,1,((#10272,#10273),(#10274,#10275),
(#10276,#10277),(#10278,#10279),(#10280,#10281)),.UNSPECIFIED.,.F.,.F.,
 .F.,(4,1,4),(2,2),(0.,0.0193810958458401,0.0374292120708212),(0.,0.02),
 .UNSPECIFIED.);
#226=B_SPLINE_SURFACE_WITH_KNOTS('',3,1,((#10301,#10302),(#10303,#10304),
(#10305,#10306),(#10307,#10308),(#10309,#10310)),.UNSPECIFIED.,.F.,.F.,
 .F.,(4,1,4),(2,2),(0.,0.0209926778347404,0.0451547477413954),(0.,0.02),
 .UNSPECIFIED.);
#227=B_SPLINE_SURFACE_WITH_KNOTS('',3,1,((#10335,#10336),(#10337,#10338),
(#10339,#10340),(#10341,#10342),(#10343,#10344)),.UNSPECIFIED.,.F.,.F.,
 .F.,(4,1,4),(2,2),(0.,0.0359224671707722,0.0676543412053765),(0.,0.02),
 .UNSPECIFIED.);
#228=B_SPLINE_SURFACE_WITH_KNOTS('',3,1,((#10352,#10353),(#10354,#10355),
(#10356,#10357),(#10358,#10359),(#10360,#10361)),.UNSPECIFIED.,.F.,.F.,
 .F.,(4,1,4),(2,2),(0.,0.0393442184018621,0.0796856429330836),(0.,0.02),
 .UNSPECIFIED.);
#229=B_SPLINE_SURFACE_WITH_KNOTS('',3,1,((#10369,#10370),(#10371,#10372),
(#10373,#10374),(#10375,#10376),(#10377,#10378)),.UNSPECIFIED.,.F.,.F.,
 .F.,(4,1,4),(2,2),(0.,0.0483289074803311,0.0907586647051366),(0.,0.02),
 .UNSPECIFIED.);
#230=B_SPLINE_SURFACE_WITH_KNOTS('',3,1,((#10386,#10387),(#10388,#10389),
(#10390,#10391),(#10392,#10393),(#10394,#10395)),.UNSPECIFIED.,.F.,.F.,
 .F.,(4,1,4),(2,2),(0.,0.038612765234799,0.084239386008038),(0.,0.02),
 .UNSPECIFIED.);
#231=B_SPLINE_SURFACE_WITH_KNOTS('',3,1,((#10403,#10404),(#10405,#10406),
(#10407,#10408),(#10409,#10410),(#10411,#10412)),.UNSPECIFIED.,.F.,.F.,
 .F.,(4,1,4),(2,2),(0.,0.0369310821543962,0.0724070474624133),(0.,0.02),
 .UNSPECIFIED.);
#232=B_SPLINE_SURFACE_WITH_KNOTS('',3,1,((#10420,#10421),(#10422,#10423),
(#10424,#10425),(#10426,#10427),(#10428,#10429)),.UNSPECIFIED.,.F.,.F.,
 .F.,(4,1,4),(2,2),(0.,0.0381510389321448,0.0775606834754668),(0.,0.02),
 .UNSPECIFIED.);
#233=B_SPLINE_SURFACE_WITH_KNOTS('',3,1,((#10452,#10453),(#10454,#10455),
(#10456,#10457),(#10458,#10459),(#10460,#10461)),.UNSPECIFIED.,.F.,.F.,
 .F.,(4,1,4),(2,2),(0.,0.0566629775685794,0.123625990616719),(0.,0.02),
 .UNSPECIFIED.);
#234=B_SPLINE_SURFACE_WITH_KNOTS('',3,1,((#10471,#10472),(#10473,#10474),
(#10475,#10476),(#10477,#10478),(#10479,#10480)),.UNSPECIFIED.,.F.,.F.,
 .F.,(4,1,4),(2,2),(0.,0.0425673700494406,0.0854826399163758),(0.,0.02),
 .UNSPECIFIED.);
#235=B_SPLINE_SURFACE_WITH_KNOTS('',3,1,((#10488,#10489),(#10490,#10491),
(#10492,#10493),(#10494,#10495),(#10496,#10497)),.UNSPECIFIED.,.F.,.F.,
 .F.,(4,1,4),(2,2),(0.,0.0395156730839444,0.0778485500301071),(0.,0.02),
 .UNSPECIFIED.);
#236=B_SPLINE_SURFACE_WITH_KNOTS('',3,1,((#10505,#10506),(#10507,#10508),
(#10509,#10510),(#10511,#10512),(#10513,#10514)),.UNSPECIFIED.,.F.,.F.,
 .F.,(4,1,4),(2,2),(0.,0.0209949128469382,0.0422697299794662),(0.,0.02),
 .UNSPECIFIED.);
#237=B_SPLINE_SURFACE_WITH_KNOTS('',3,1,((#10522,#10523),(#10524,#10525),
(#10526,#10527),(#10528,#10529),(#10530,#10531)),.UNSPECIFIED.,.F.,.F.,
 .F.,(4,1,4),(2,2),(0.,0.019844635839235,0.0404251706737264),(0.,0.02),
 .UNSPECIFIED.);
#238=B_SPLINE_SURFACE_WITH_KNOTS('',3,1,((#10563,#10564),(#10565,#10566),
(#10567,#10568),(#10569,#10570),(#10571,#10572)),.UNSPECIFIED.,.F.,.F.,
 .F.,(4,1,4),(2,2),(0.,0.0175325575376218,0.0382947963598379),(0.,0.02),
 .UNSPECIFIED.);
#239=B_SPLINE_SURFACE_WITH_KNOTS('',3,1,((#10580,#10581),(#10582,#10583),
(#10584,#10585),(#10586,#10587),(#10588,#10589)),.UNSPECIFIED.,.F.,.F.,
 .F.,(4,1,4),(2,2),(0.,0.015608931415224,0.0311386420796234),(0.,0.02),
 .UNSPECIFIED.);
#240=B_SPLINE_SURFACE_WITH_KNOTS('',3,1,((#10597,#10598),(#10599,#10600),
(#10601,#10602),(#10603,#10604),(#10605,#10606)),.UNSPECIFIED.,.F.,.F.,
 .F.,(4,1,4),(2,2),(0.,0.0350739089069397,0.0627677687992035),(0.,0.02),
 .UNSPECIFIED.);
#241=B_SPLINE_SURFACE_WITH_KNOTS('',3,1,((#10626,#10627),(#10628,#10629),
(#10630,#10631),(#10632,#10633),(#10634,#10635)),.UNSPECIFIED.,.F.,.F.,
 .F.,(4,1,4),(2,2),(0.,0.0175197596522951,0.0368846604902302),(0.,0.02),
 .UNSPECIFIED.);
#242=B_SPLINE_SURFACE_WITH_KNOTS('',3,1,((#10643,#10644),(#10645,#10646),
(#10647,#10648),(#10649,#10650),(#10651,#10652)),.UNSPECIFIED.,.F.,.F.,
 .F.,(4,1,4),(2,2),(0.,0.0152104153776351,0.0309899758764321),(0.,0.02),
 .UNSPECIFIED.);
#243=B_SPLINE_SURFACE_WITH_KNOTS('',3,1,((#10660,#10661),(#10662,#10663),
(#10664,#10665),(#10666,#10667),(#10668,#10669)),.UNSPECIFIED.,.F.,.F.,
 .F.,(4,1,4),(2,2),(0.,0.0360255397844269,0.0642775593465928),(0.,0.02),
 .UNSPECIFIED.);
#244=B_SPLINE_SURFACE_WITH_KNOTS('',3,1,((#10688,#10689),(#10690,#10691),
(#10692,#10693),(#10694,#10695),(#10696,#10697)),.UNSPECIFIED.,.F.,.F.,
 .F.,(4,1,4),(2,2),(0.,0.0372086979132011,0.0793076976677286),(0.,0.02),
 .UNSPECIFIED.);
#245=B_SPLINE_SURFACE_WITH_KNOTS('',3,1,((#10714,#10715),(#10716,#10717),
(#10718,#10719),(#10720,#10721),(#10722,#10723)),.UNSPECIFIED.,.F.,.F.,
 .F.,(4,1,4),(2,2),(0.,0.0421715564311637,0.0801124125636372),(0.,0.02),
 .UNSPECIFIED.);
#246=B_SPLINE_SURFACE_WITH_KNOTS('',3,1,((#10752,#10753),(#10754,#10755),
(#10756,#10757),(#10758,#10759),(#10760,#10761)),.UNSPECIFIED.,.F.,.F.,
 .F.,(4,1,4),(2,2),(0.,0.0433880566795647,0.0928115696776589),(0.,0.02),
 .UNSPECIFIED.);
#247=B_SPLINE_SURFACE_WITH_KNOTS('',3,1,((#10771,#10772),(#10773,#10774),
(#10775,#10776),(#10777,#10778),(#10779,#10780)),.UNSPECIFIED.,.F.,.F.,
 .F.,(4,1,4),(2,2),(0.,0.0416747059280721,0.0821091784795953),(0.,0.02),
 .UNSPECIFIED.);
#248=B_SPLINE_SURFACE_WITH_KNOTS('',3,1,((#10788,#10789),(#10790,#10791),
(#10792,#10793),(#10794,#10795),(#10796,#10797)),.UNSPECIFIED.,.F.,.F.,
 .F.,(4,1,4),(2,2),(0.,0.088336876437415,0.165441853258495),(0.,0.02),
 .UNSPECIFIED.);
#249=FACE_BOUND('',#901,.T.);
#250=FACE_BOUND('',#902,.T.);
#251=FACE_BOUND('',#903,.T.);
#252=FACE_BOUND('',#904,.T.);
#253=FACE_BOUND('',#905,.T.);
#254=FACE_BOUND('',#906,.T.);
#255=FACE_BOUND('',#907,.T.);
#256=FACE_BOUND('',#908,.T.);
#257=FACE_BOUND('',#909,.T.);
#258=FACE_BOUND('',#910,.T.);
#259=FACE_BOUND('',#911,.T.);
#260=FACE_BOUND('',#912,.T.);
#261=FACE_BOUND('',#913,.T.);
#262=FACE_BOUND('',#914,.T.);
#263=FACE_BOUND('',#929,.T.);
#264=FACE_BOUND('',#944,.T.);
#265=FACE_BOUND('',#959,.T.);
#266=FACE_BOUND('',#977,.T.);
#267=FACE_BOUND('',#992,.T.);
#268=FACE_BOUND('',#1016,.T.);
#269=FACE_BOUND('',#1045,.T.);
#270=FACE_BOUND('',#1063,.T.);
#271=FACE_BOUND('',#1078,.T.);
#272=FACE_BOUND('',#1115,.T.);
#273=FACE_BOUND('',#1154,.T.);
#274=FACE_BOUND('',#1223,.T.);
#275=FACE_BOUND('',#1224,.T.);
#276=FACE_BOUND('',#1225,.T.);
#277=FACE_BOUND('',#1227,.T.);
#278=FACE_BOUND('',#1228,.T.);
#279=FACE_BOUND('',#1229,.T.);
#280=FACE_BOUND('',#1230,.T.);
#281=B_SPLINE_CURVE_WITH_KNOTS('',3,(#7074,#7075,#7076,#7077,#7078),
 .UNSPECIFIED.,.F.,.F.,(4,1,4),(0.,0.0483870048871051,0.0918239124118591),
 .UNSPECIFIED.);
#282=B_SPLINE_CURVE_WITH_KNOTS('',3,(#7080,#7081,#7082,#7083,#7084),
 .UNSPECIFIED.,.F.,.F.,(4,1,4),(0.,0.0437304940251299,0.0929568862225551),
 .UNSPECIFIED.);
#283=B_SPLINE_CURVE_WITH_KNOTS('',3,(#7086,#7087,#7088,#7089,#7090),
 .UNSPECIFIED.,.F.,.F.,(4,1,4),(0.,0.0484147711055934,0.0911948602818314),
 .UNSPECIFIED.);
#284=B_SPLINE_CURVE_WITH_KNOTS('',3,(#7092,#7093,#7094,#7095,#7096),
 .UNSPECIFIED.,.F.,.F.,(4,1,4),(0.,0.0421929672315677,0.0889288947800326),
 .UNSPECIFIED.);
#285=B_SPLINE_CURVE_WITH_KNOTS('',3,(#7098,#7099,#7100,#7101,#7102),
 .UNSPECIFIED.,.F.,.F.,(4,1,4),(0.,0.0480213854039162,0.0910382194236316),
 .UNSPECIFIED.);
#286=B_SPLINE_CURVE_WITH_KNOTS('',3,(#7104,#7105,#7106,#7107,#7108),
 .UNSPECIFIED.,.F.,.F.,(4,1,4),(0.,0.0436505564428463,0.0928146552252647),
 .UNSPECIFIED.);
#287=B_SPLINE_CURVE_WITH_KNOTS('',3,(#7110,#7111,#7112,#7113,#7114),
 .UNSPECIFIED.,.F.,.F.,(4,1,4),(0.,0.0481822856379997,0.0907180405597819),
 .UNSPECIFIED.);
#288=B_SPLINE_CURVE_WITH_KNOTS('',3,(#7115,#7116,#7117,#7118,#7119),
 .UNSPECIFIED.,.F.,.F.,(4,1,4),(0.,0.0416262696310026,0.0868018631729248),
 .UNSPECIFIED.);
#289=B_SPLINE_CURVE_WITH_KNOTS('',3,(#7122,#7123,#7124,#7125,#7126),
 .UNSPECIFIED.,.F.,.F.,(4,1,4),(0.,0.0483870048871051,0.0918238802237609),
 .UNSPECIFIED.);
#290=B_SPLINE_CURVE_WITH_KNOTS('',3,(#7128,#7129,#7130,#7131,#7132),
 .UNSPECIFIED.,.F.,.F.,(4,1,4),(0.,0.0437305192784227,0.0929569409074172),
 .UNSPECIFIED.);
#291=B_SPLINE_CURVE_WITH_KNOTS('',3,(#7134,#7135,#7136,#7137,#7138),
 .UNSPECIFIED.,.F.,.F.,(4,1,4),(0.,0.0484147711055934,0.0911948602818314),
 .UNSPECIFIED.);
#292=B_SPLINE_CURVE_WITH_KNOTS('',3,(#7140,#7141,#7142,#7143,#7144),
 .UNSPECIFIED.,.F.,.F.,(4,1,4),(0.,0.0421929672315677,0.0889288947800326),
 .UNSPECIFIED.);
#293=B_SPLINE_CURVE_WITH_KNOTS('',3,(#7146,#7147,#7148,#7149,#7150),
 .UNSPECIFIED.,.F.,.F.,(4,1,4),(0.,0.0480213804702383,0.0910382144899536),
 .UNSPECIFIED.);
#294=B_SPLINE_CURVE_WITH_KNOTS('',3,(#7152,#7153,#7154,#7155,#7156),
 .UNSPECIFIED.,.F.,.F.,(4,1,4),(0.,0.0436505309112294,0.0928146885996822),
 .UNSPECIFIED.);
#295=B_SPLINE_CURVE_WITH_KNOTS('',3,(#7158,#7159,#7160,#7161,#7162),
 .UNSPECIFIED.,.F.,.F.,(4,1,4),(0.,0.0481823150765473,0.0907180699983295),
 .UNSPECIFIED.);
#296=B_SPLINE_CURVE_WITH_KNOTS('',3,(#7163,#7164,#7165,#7166,#7167),
 .UNSPECIFIED.,.F.,.F.,(4,1,4),(0.,0.0416262859196308,0.0868018694556924),
 .UNSPECIFIED.);
#297=B_SPLINE_CURVE_WITH_KNOTS('',3,(#7170,#7171,#7172,#7173,#7174),
 .UNSPECIFIED.,.F.,.F.,(4,1,4),(0.,0.0483870048871051,0.0918238802237609),
 .UNSPECIFIED.);
#298=B_SPLINE_CURVE_WITH_KNOTS('',3,(#7176,#7177,#7178,#7179,#7180),
 .UNSPECIFIED.,.F.,.F.,(4,1,4),(0.,0.0437305192784227,0.0929569409074172),
 .UNSPECIFIED.);
#299=B_SPLINE_CURVE_WITH_KNOTS('',3,(#7182,#7183,#7184,#7185,#7186),
 .UNSPECIFIED.,.F.,.F.,(4,1,4),(0.,0.0484147711055934,0.0911947589192975),
 .UNSPECIFIED.);
#300=B_SPLINE_CURVE_WITH_KNOTS('',3,(#7188,#7189,#7190,#7191,#7192),
 .UNSPECIFIED.,.F.,.F.,(4,1,4),(0.,0.0421929672315677,0.0889289045519478),
 .UNSPECIFIED.);
#301=B_SPLINE_CURVE_WITH_KNOTS('',3,(#7194,#7195,#7196,#7197,#7198),
 .UNSPECIFIED.,.F.,.F.,(4,1,4),(0.,0.0480213903376121,0.0910382243573275),
 .UNSPECIFIED.);
#302=B_SPLINE_CURVE_WITH_KNOTS('',3,(#7200,#7201,#7202,#7203,#7204),
 .UNSPECIFIED.,.F.,.F.,(4,1,4),(0.,0.0436505309112294,0.0928146885996822),
 .UNSPECIFIED.);
#303=B_SPLINE_CURVE_WITH_KNOTS('',3,(#7206,#7207,#7208,#7209,#7210),
 .UNSPECIFIED.,.F.,.F.,(4,1,4),(0.,0.0481821973223598,0.090717952244142),
 .UNSPECIFIED.);
#304=B_SPLINE_CURVE_WITH_KNOTS('',3,(#7211,#7212,#7213,#7214,#7215),
 .UNSPECIFIED.,.F.,.F.,(4,1,4),(0.,0.0416262207652078,0.0868018243130671),
 .UNSPECIFIED.);
#305=B_SPLINE_CURVE_WITH_KNOTS('',3,(#7218,#7219,#7220,#7221,#7222),
 .UNSPECIFIED.,.F.,.F.,(4,1,4),(0.,0.0380107129375319,0.081218470075119),
 .UNSPECIFIED.);
#306=B_SPLINE_CURVE_WITH_KNOTS('',3,(#7228,#7229,#7230,#7231,#7232),
 .UNSPECIFIED.,.F.,.F.,(4,1,4),(0.,0.0386296054468128,0.0826204661707127),
 .UNSPECIFIED.);
#307=B_SPLINE_CURVE_WITH_KNOTS('',3,(#7234,#7235,#7236,#7237,#7238),
 .UNSPECIFIED.,.F.,.F.,(4,1,4),(0.,0.0334737590966734,0.0650027158331202),
 .UNSPECIFIED.);
#308=B_SPLINE_CURVE_WITH_KNOTS('',3,(#7242,#7243,#7244,#7245,#7246),
 .UNSPECIFIED.,.F.,.F.,(4,1,4),(0.,0.036174464438825,0.0794016972087315),
 .UNSPECIFIED.);
#309=B_SPLINE_CURVE_WITH_KNOTS('',3,(#7248,#7249,#7250,#7251,#7252),
 .UNSPECIFIED.,.F.,.F.,(4,1,4),(0.,0.0466350685174376,0.0872971679991052),
 .UNSPECIFIED.);
#310=B_SPLINE_CURVE_WITH_KNOTS('',3,(#7254,#7255,#7256,#7257,#7258),
 .UNSPECIFIED.,.F.,.F.,(4,1,4),(0.,0.040598142998346,0.0869451068689777),
 .UNSPECIFIED.);
#311=B_SPLINE_CURVE_WITH_KNOTS('',3,(#7260,#7261,#7262,#7263,#7264),
 .UNSPECIFIED.,.F.,.F.,(4,1,4),(0.,0.0484260109140039,0.0918686631057132),
 .UNSPECIFIED.);
#312=B_SPLINE_CURVE_WITH_KNOTS('',3,(#7266,#7267,#7268,#7269,#7270),
 .UNSPECIFIED.,.F.,.F.,(4,1,4),(0.,0.0416905764302299,0.0840455916738874),
 .UNSPECIFIED.);
#313=B_SPLINE_CURVE_WITH_KNOTS('',3,(#7271,#7272,#7273,#7274,#7275),
 .UNSPECIFIED.,.F.,.F.,(4,1,4),(0.,0.042131698970142,0.0794483613064302),
 .UNSPECIFIED.);
#314=B_SPLINE_CURVE_WITH_KNOTS('',3,(#7278,#7279,#7280,#7281,#7282),
 .UNSPECIFIED.,.F.,.F.,(4,1,4),(0.,0.0433879783819133,0.09281144712487),
 .UNSPECIFIED.);
#315=B_SPLINE_CURVE_WITH_KNOTS('',3,(#7294,#7295,#7296,#7297,#7298),
 .UNSPECIFIED.,.F.,.F.,(4,1,4),(0.,0.0883368047107412,0.165441770575141),
 .UNSPECIFIED.);
#316=B_SPLINE_CURVE_WITH_KNOTS('',3,(#7299,#7300,#7301,#7302,#7303),
 .UNSPECIFIED.,.F.,.F.,(4,1,4),(0.,0.0416746768486182,0.082109311247685),
 .UNSPECIFIED.);
#317=B_SPLINE_CURVE_WITH_KNOTS('',3,(#7306,#7307,#7308,#7309,#7310),
 .UNSPECIFIED.,.F.,.F.,(4,1,4),(0.,0.0390434319973734,0.0792009260646864),
 .UNSPECIFIED.);
#318=B_SPLINE_CURVE_WITH_KNOTS('',3,(#7312,#7313,#7314,#7315,#7316),
 .UNSPECIFIED.,.F.,.F.,(4,1,4),(0.,0.0355353215502099,0.0693100584085688),
 .UNSPECIFIED.);
#319=B_SPLINE_CURVE_WITH_KNOTS('',3,(#7332,#7333,#7334,#7335,#7336),
 .UNSPECIFIED.,.F.,.F.,(4,1,4),(0.,0.0408439493440262,0.0819350905827146),
 .UNSPECIFIED.);
#320=B_SPLINE_CURVE_WITH_KNOTS('',3,(#7338,#7339,#7340,#7341,#7342),
 .UNSPECIFIED.,.F.,.F.,(4,1,4),(0.,0.0373466747599353,0.0718744790122962),
 .UNSPECIFIED.);
#321=B_SPLINE_CURVE_WITH_KNOTS('',3,(#7344,#7345,#7346,#7347,#7348),
 .UNSPECIFIED.,.F.,.F.,(4,1,4),(0.,0.0376342865899353,0.082129847271471),
 .UNSPECIFIED.);
#322=B_SPLINE_CURVE_WITH_KNOTS('',3,(#7349,#7350,#7351,#7352,#7353),
 .UNSPECIFIED.,.F.,.F.,(4,1,4),(0.,0.048714751793966,0.0912195173333843),
 .UNSPECIFIED.);
#323=B_SPLINE_CURVE_WITH_KNOTS('',3,(#7364,#7365,#7366,#7367,#7368),
 .UNSPECIFIED.,.F.,.F.,(4,1,4),(0.,0.0390436185132878,0.0792008790706756),
 .UNSPECIFIED.);
#324=B_SPLINE_CURVE_WITH_KNOTS('',3,(#7370,#7371,#7372,#7373,#7374),
 .UNSPECIFIED.,.F.,.F.,(4,1,4),(0.,0.0355353215502099,0.0693100584085688),
 .UNSPECIFIED.);
#325=B_SPLINE_CURVE_WITH_KNOTS('',3,(#7390,#7391,#7392,#7393,#7394),
 .UNSPECIFIED.,.F.,.F.,(4,1,4),(0.,0.0408439493440262,0.0819350905827146),
 .UNSPECIFIED.);
#326=B_SPLINE_CURVE_WITH_KNOTS('',3,(#7396,#7397,#7398,#7399,#7400),
 .UNSPECIFIED.,.F.,.F.,(4,1,4),(0.,0.0373466747599353,0.0718744790122962),
 .UNSPECIFIED.);
#327=B_SPLINE_CURVE_WITH_KNOTS('',3,(#7402,#7403,#7404,#7405,#7406),
 .UNSPECIFIED.,.F.,.F.,(4,1,4),(0.,0.0376342865899353,0.082129847271471),
 .UNSPECIFIED.);
#328=B_SPLINE_CURVE_WITH_KNOTS('',3,(#7407,#7408,#7409,#7410,#7411),
 .UNSPECIFIED.,.F.,.F.,(4,1,4),(0.,0.048714751793966,0.0912195173333843),
 .UNSPECIFIED.);
#329=B_SPLINE_CURVE_WITH_KNOTS('',3,(#7414,#7415,#7416,#7417,#7418),
 .UNSPECIFIED.,.F.,.F.,(4,1,4),(0.,0.0380107129375319,0.081218470075119),
 .UNSPECIFIED.);
#330=B_SPLINE_CURVE_WITH_KNOTS('',3,(#7424,#7425,#7426,#7427,#7428),
 .UNSPECIFIED.,.F.,.F.,(4,1,4),(0.,0.0386296054468128,0.0826204661707127),
 .UNSPECIFIED.);
#331=B_SPLINE_CURVE_WITH_KNOTS('',3,(#7430,#7431,#7432,#7433,#7434),
 .UNSPECIFIED.,.F.,.F.,(4,1,4),(0.,0.0334737590966734,0.0650027158331202),
 .UNSPECIFIED.);
#332=B_SPLINE_CURVE_WITH_KNOTS('',3,(#7438,#7439,#7440,#7441,#7442),
 .UNSPECIFIED.,.F.,.F.,(4,1,4),(0.,0.036174464438825,0.0794016972087315),
 .UNSPECIFIED.);
#333=B_SPLINE_CURVE_WITH_KNOTS('',3,(#7444,#7445,#7446,#7447,#7448),
 .UNSPECIFIED.,.F.,.F.,(4,1,4),(0.,0.0466350685174376,0.0872971679991052),
 .UNSPECIFIED.);
#334=B_SPLINE_CURVE_WITH_KNOTS('',3,(#7450,#7451,#7452,#7453,#7454),
 .UNSPECIFIED.,.F.,.F.,(4,1,4),(0.,0.040598142998346,0.0869451068689777),
 .UNSPECIFIED.);
#335=B_SPLINE_CURVE_WITH_KNOTS('',3,(#7456,#7457,#7458,#7459,#7460),
 .UNSPECIFIED.,.F.,.F.,(4,1,4),(0.,0.0484260109140039,0.0918686631057132),
 .UNSPECIFIED.);
#336=B_SPLINE_CURVE_WITH_KNOTS('',3,(#7462,#7463,#7464,#7465,#7466),
 .UNSPECIFIED.,.F.,.F.,(4,1,4),(0.,0.0416907738348597,0.0840455547302056),
 .UNSPECIFIED.);
#337=B_SPLINE_CURVE_WITH_KNOTS('',3,(#7467,#7468,#7469,#7470,#7471),
 .UNSPECIFIED.,.F.,.F.,(4,1,4),(0.,0.042131698970142,0.0794483613064302),
 .UNSPECIFIED.);
#338=B_SPLINE_CURVE_WITH_KNOTS('',3,(#7474,#7475,#7476,#7477,#7478),
 .UNSPECIFIED.,.F.,.F.,(4,1,4),(0.,0.0483870241507709,0.0918238994874267),
 .UNSPECIFIED.);
#339=B_SPLINE_CURVE_WITH_KNOTS('',3,(#7480,#7481,#7482,#7483,#7484),
 .UNSPECIFIED.,.F.,.F.,(4,1,4),(0.,0.0437305192784227,0.0929569409074172),
 .UNSPECIFIED.);
#340=B_SPLINE_CURVE_WITH_KNOTS('',3,(#7486,#7487,#7488,#7489,#7490),
 .UNSPECIFIED.,.F.,.F.,(4,1,4),(0.,0.0484146533373698,0.0911947425136078),
 .UNSPECIFIED.);
#341=B_SPLINE_CURVE_WITH_KNOTS('',3,(#7492,#7493,#7494,#7495,#7496),
 .UNSPECIFIED.,.F.,.F.,(4,1,4),(0.,0.0421930321760129,0.0889289499526366),
 .UNSPECIFIED.);
#342=B_SPLINE_CURVE_WITH_KNOTS('',3,(#7498,#7499,#7500,#7501,#7502),
 .UNSPECIFIED.,.F.,.F.,(4,1,4),(0.,0.0480213903376121,0.0910382243573275),
 .UNSPECIFIED.);
#343=B_SPLINE_CURVE_WITH_KNOTS('',3,(#7504,#7505,#7506,#7507,#7508),
 .UNSPECIFIED.,.F.,.F.,(4,1,4),(0.,0.0436505309112294,0.0928146885996822),
 .UNSPECIFIED.);
#344=B_SPLINE_CURVE_WITH_KNOTS('',3,(#7510,#7511,#7512,#7513,#7514),
 .UNSPECIFIED.,.F.,.F.,(4,1,4),(0.,0.0481821973223598,0.0907180533828526),
 .UNSPECIFIED.);
#345=B_SPLINE_CURVE_WITH_KNOTS('',3,(#7515,#7516,#7517,#7518,#7519),
 .UNSPECIFIED.,.F.,.F.,(4,1,4),(0.,0.0416262859196308,0.0868018694556924),
 .UNSPECIFIED.);
#346=B_SPLINE_CURVE_WITH_KNOTS('',3,(#7522,#7523,#7524,#7525,#7526),
 .UNSPECIFIED.,.F.,.F.,(4,1,4),(0.,0.00933078145668755,0.0165876085335708),
 .UNSPECIFIED.);
#347=B_SPLINE_CURVE_WITH_KNOTS('',3,(#7530,#7531,#7532,#7533,#7534),
 .UNSPECIFIED.,.F.,.F.,(4,1,4),(0.,0.013803710106232,0.028797557704734),
 .UNSPECIFIED.);
#348=B_SPLINE_CURVE_WITH_KNOTS('',3,(#7536,#7537,#7538,#7539,#7540),
 .UNSPECIFIED.,.F.,.F.,(4,1,4),(0.,0.0195964491260105,0.0383106497444924),
 .UNSPECIFIED.);
#349=B_SPLINE_CURVE_WITH_KNOTS('',3,(#7542,#7543,#7544,#7545,#7546),
 .UNSPECIFIED.,.F.,.F.,(4,1,4),(0.,0.0207477495860427,0.0452822262625889),
 .UNSPECIFIED.);
#350=B_SPLINE_CURVE_WITH_KNOTS('',3,(#7559,#7560,#7561,#7562,#7563),
 .UNSPECIFIED.,.F.,.F.,(4,1,4),(0.,0.0393399654802518,0.0755325586826923),
 .UNSPECIFIED.);
#351=B_SPLINE_CURVE_WITH_KNOTS('',3,(#7576,#7577,#7578,#7579,#7580),
 .UNSPECIFIED.,.F.,.F.,(4,1,4),(0.,0.0381510389321448,0.0775606834754668),
 .UNSPECIFIED.);
#352=B_SPLINE_CURVE_WITH_KNOTS('',3,(#7582,#7583,#7584,#7585,#7586),
 .UNSPECIFIED.,.F.,.F.,(4,1,4),(0.,0.0369310821543962,0.0724070474624133),
 .UNSPECIFIED.);
#353=B_SPLINE_CURVE_WITH_KNOTS('',3,(#7588,#7589,#7590,#7591,#7592),
 .UNSPECIFIED.,.F.,.F.,(4,1,4),(0.,0.038612765234799,0.084239386008038),
 .UNSPECIFIED.);
#354=B_SPLINE_CURVE_WITH_KNOTS('',3,(#7594,#7595,#7596,#7597,#7598),
 .UNSPECIFIED.,.F.,.F.,(4,1,4),(0.,0.0483289074803311,0.0907586647051366),
 .UNSPECIFIED.);
#355=B_SPLINE_CURVE_WITH_KNOTS('',3,(#7600,#7601,#7602,#7603,#7604),
 .UNSPECIFIED.,.F.,.F.,(4,1,4),(0.,0.0393442184018621,0.0796856429330836),
 .UNSPECIFIED.);
#356=B_SPLINE_CURVE_WITH_KNOTS('',3,(#7606,#7607,#7608,#7609,#7610),
 .UNSPECIFIED.,.F.,.F.,(4,1,4),(0.,0.0359224671707722,0.0676543412053765),
 .UNSPECIFIED.);
#357=B_SPLINE_CURVE_WITH_KNOTS('',3,(#7616,#7617,#7618,#7619,#7620),
 .UNSPECIFIED.,.F.,.F.,(4,1,4),(0.,0.0566629775685794,0.123625990616719),
 .UNSPECIFIED.);
#358=B_SPLINE_CURVE_WITH_KNOTS('',3,(#7628,#7629,#7630,#7631,#7632),
 .UNSPECIFIED.,.F.,.F.,(4,1,4),(0.,0.0360255397844269,0.0642775593465928),
 .UNSPECIFIED.);
#359=B_SPLINE_CURVE_WITH_KNOTS('',3,(#7634,#7635,#7636,#7637,#7638),
 .UNSPECIFIED.,.F.,.F.,(4,1,4),(0.,0.0152104153776351,0.0309899758764321),
 .UNSPECIFIED.);
#360=B_SPLINE_CURVE_WITH_KNOTS('',3,(#7640,#7641,#7642,#7643,#7644),
 .UNSPECIFIED.,.F.,.F.,(4,1,4),(0.,0.0175197596522951,0.0368846604902302),
 .UNSPECIFIED.);
#361=B_SPLINE_CURVE_WITH_KNOTS('',3,(#7652,#7653,#7654,#7655,#7656),
 .UNSPECIFIED.,.F.,.F.,(4,1,4),(0.,0.0350739089069397,0.0627677687992035),
 .UNSPECIFIED.);
#362=B_SPLINE_CURVE_WITH_KNOTS('',3,(#7658,#7659,#7660,#7661,#7662),
 .UNSPECIFIED.,.F.,.F.,(4,1,4),(0.,0.015608931415224,0.0311386420796234),
 .UNSPECIFIED.);
#363=B_SPLINE_CURVE_WITH_KNOTS('',3,(#7664,#7665,#7666,#7667,#7668),
 .UNSPECIFIED.,.F.,.F.,(4,1,4),(0.,0.0175325575376218,0.0382947963598379),
 .UNSPECIFIED.);
#364=B_SPLINE_CURVE_WITH_KNOTS('',3,(#7682,#7683,#7684,#7685,#7686),
 .UNSPECIFIED.,.F.,.F.,(4,1,4),(0.,0.019844635839235,0.0404251706737264),
 .UNSPECIFIED.);
#365=B_SPLINE_CURVE_WITH_KNOTS('',3,(#7688,#7689,#7690,#7691,#7692),
 .UNSPECIFIED.,.F.,.F.,(4,1,4),(0.,0.0209949128469382,0.0422697299794662),
 .UNSPECIFIED.);
#366=B_SPLINE_CURVE_WITH_KNOTS('',3,(#7694,#7695,#7696,#7697,#7698),
 .UNSPECIFIED.,.F.,.F.,(4,1,4),(0.,0.0395156730839444,0.0778485500301071),
 .UNSPECIFIED.);
#367=B_SPLINE_CURVE_WITH_KNOTS('',3,(#7699,#7700,#7701,#7702,#7703),
 .UNSPECIFIED.,.F.,.F.,(4,1,4),(0.,0.0425673700494406,0.0854826399163758),
 .UNSPECIFIED.);
#368=B_SPLINE_CURVE_WITH_KNOTS('',3,(#7706,#7707,#7708,#7709,#7710),
 .UNSPECIFIED.,.F.,.F.,(4,1,4),(0.,0.0433880566795647,0.0928115696776589),
 .UNSPECIFIED.);
#369=B_SPLINE_CURVE_WITH_KNOTS('',3,(#7722,#7723,#7724,#7725,#7726),
 .UNSPECIFIED.,.F.,.F.,(4,1,4),(0.,0.088336876437415,0.165441853258495),
 .UNSPECIFIED.);
#370=B_SPLINE_CURVE_WITH_KNOTS('',3,(#7727,#7728,#7729,#7730,#7731),
 .UNSPECIFIED.,.F.,.F.,(4,1,4),(0.,0.0416747059280721,0.0821091784795953),
 .UNSPECIFIED.);
#371=B_SPLINE_CURVE_WITH_KNOTS('',3,(#7744,#7745,#7746,#7747,#7748),
 .UNSPECIFIED.,.F.,.F.,(4,1,4),(0.,0.0389835711965849,0.0879854167437557),
 .UNSPECIFIED.);
#372=B_SPLINE_CURVE_WITH_KNOTS('',3,(#7752,#7753,#7754,#7755,#7756),
 .UNSPECIFIED.,.F.,.F.,(4,1,4),(0.,0.0389835711965849,0.0879854167437557),
 .UNSPECIFIED.);
#373=B_SPLINE_CURVE_WITH_KNOTS('',3,(#7769,#7770,#7771,#7772,#7773),
 .UNSPECIFIED.,.F.,.F.,(4,1,4),(0.,0.0479311602578818,0.0883360614586322),
 .UNSPECIFIED.);
#374=B_SPLINE_CURVE_WITH_KNOTS('',3,(#7776,#7777,#7778,#7779,#7780),
 .UNSPECIFIED.,.F.,.F.,(4,1,4),(0.,0.0479311602578818,0.0883360614586322),
 .UNSPECIFIED.);
#375=B_SPLINE_CURVE_WITH_KNOTS('',3,(#7792,#7793,#7794,#7795,#7796),
 .UNSPECIFIED.,.F.,.F.,(4,1,4),(0.,0.0217525549511449,0.0481034473872855),
 .UNSPECIFIED.);
#376=B_SPLINE_CURVE_WITH_KNOTS('',3,(#7799,#7800,#7801,#7802,#7803),
 .UNSPECIFIED.,.F.,.F.,(4,1,4),(0.,0.0217525549511449,0.0481034473872855),
 .UNSPECIFIED.);
#377=B_SPLINE_CURVE_WITH_KNOTS('',3,(#7815,#7816,#7817,#7818,#7819),
 .UNSPECIFIED.,.F.,.F.,(4,1,4),(0.,0.0212018995732236,0.040921958362055),
 .UNSPECIFIED.);
#378=B_SPLINE_CURVE_WITH_KNOTS('',3,(#7822,#7823,#7824,#7825,#7826),
 .UNSPECIFIED.,.F.,.F.,(4,1,4),(0.,0.0212018995732236,0.040921958362055),
 .UNSPECIFIED.);
#379=B_SPLINE_CURVE_WITH_KNOTS('',3,(#7837,#7838,#7839,#7840,#7841),
 .UNSPECIFIED.,.F.,.F.,(4,1,4),(0.,0.0465969504199459,0.085537229589226),
 .UNSPECIFIED.);
#380=B_SPLINE_CURVE_WITH_KNOTS('',3,(#7842,#7843,#7844,#7845,#7846),
 .UNSPECIFIED.,.F.,.F.,(4,1,4),(0.,0.0465969504199459,0.085537229589226),
 .UNSPECIFIED.);
#381=B_SPLINE_CURVE_WITH_KNOTS('',3,(#7860,#7861,#7862,#7863,#7864),
 .UNSPECIFIED.,.F.,.F.,(4,1,4),(0.,0.0483870048871051,0.0918239124118591),
 .UNSPECIFIED.);
#382=B_SPLINE_CURVE_WITH_KNOTS('',3,(#7878,#7879,#7880,#7881,#7882),
 .UNSPECIFIED.,.F.,.F.,(4,1,4),(0.,0.0416262696310026,0.0868018631729248),
 .UNSPECIFIED.);
#383=B_SPLINE_CURVE_WITH_KNOTS('',3,(#7895,#7896,#7897,#7898,#7899),
 .UNSPECIFIED.,.F.,.F.,(4,1,4),(0.,0.0481822856379997,0.0907180405597819),
 .UNSPECIFIED.);
#384=B_SPLINE_CURVE_WITH_KNOTS('',3,(#7912,#7913,#7914,#7915,#7916),
 .UNSPECIFIED.,.F.,.F.,(4,1,4),(0.,0.0436505564428463,0.0928146552252647),
 .UNSPECIFIED.);
#385=B_SPLINE_CURVE_WITH_KNOTS('',3,(#7929,#7930,#7931,#7932,#7933),
 .UNSPECIFIED.,.F.,.F.,(4,1,4),(0.,0.0480213854039162,0.0910382194236316),
 .UNSPECIFIED.);
#386=B_SPLINE_CURVE_WITH_KNOTS('',3,(#7946,#7947,#7948,#7949,#7950),
 .UNSPECIFIED.,.F.,.F.,(4,1,4),(0.,0.0421929672315677,0.0889288947800326),
 .UNSPECIFIED.);
#387=B_SPLINE_CURVE_WITH_KNOTS('',3,(#7963,#7964,#7965,#7966,#7967),
 .UNSPECIFIED.,.F.,.F.,(4,1,4),(0.,0.0484147711055934,0.0911948602818314),
 .UNSPECIFIED.);
#388=B_SPLINE_CURVE_WITH_KNOTS('',3,(#7978,#7979,#7980,#7981,#7982),
 .UNSPECIFIED.,.F.,.F.,(4,1,4),(0.,0.0437304940251299,0.0929568862225551),
 .UNSPECIFIED.);
#389=B_SPLINE_CURVE_WITH_KNOTS('',3,(#7996,#7997,#7998,#7999,#8000),
 .UNSPECIFIED.,.F.,.F.,(4,1,4),(0.,0.0389835167390642,0.0879853767275063),
 .UNSPECIFIED.);
#390=B_SPLINE_CURVE_WITH_KNOTS('',3,(#8004,#8005,#8006,#8007,#8008),
 .UNSPECIFIED.,.F.,.F.,(4,1,4),(0.,0.0389835167390642,0.0879853767275063),
 .UNSPECIFIED.);
#391=B_SPLINE_CURVE_WITH_KNOTS('',3,(#8021,#8022,#8023,#8024,#8025),
 .UNSPECIFIED.,.F.,.F.,(4,1,4),(0.,0.0479311602578818,0.0883360063707349),
 .UNSPECIFIED.);
#392=B_SPLINE_CURVE_WITH_KNOTS('',3,(#8028,#8029,#8030,#8031,#8032),
 .UNSPECIFIED.,.F.,.F.,(4,1,4),(0.,0.0479311602578818,0.0883360063707349),
 .UNSPECIFIED.);
#393=B_SPLINE_CURVE_WITH_KNOTS('',3,(#8044,#8045,#8046,#8047,#8048),
 .UNSPECIFIED.,.F.,.F.,(4,1,4),(0.,0.0217525549511449,0.0481034473872855),
 .UNSPECIFIED.);
#394=B_SPLINE_CURVE_WITH_KNOTS('',3,(#8051,#8052,#8053,#8054,#8055),
 .UNSPECIFIED.,.F.,.F.,(4,1,4),(0.,0.0217525549511449,0.0481034473872855),
 .UNSPECIFIED.);
#395=B_SPLINE_CURVE_WITH_KNOTS('',3,(#8067,#8068,#8069,#8070,#8071),
 .UNSPECIFIED.,.F.,.F.,(4,1,4),(0.,0.0212019580927405,0.0409220168815719),
 .UNSPECIFIED.);
#396=B_SPLINE_CURVE_WITH_KNOTS('',3,(#8074,#8075,#8076,#8077,#8078),
 .UNSPECIFIED.,.F.,.F.,(4,1,4),(0.,0.0212019580927405,0.0409220168815719),
 .UNSPECIFIED.);
#397=B_SPLINE_CURVE_WITH_KNOTS('',3,(#8089,#8090,#8091,#8092,#8093),
 .UNSPECIFIED.,.F.,.F.,(4,1,4),(0.,0.0465969350995403,0.0855371592704949),
 .UNSPECIFIED.);
#398=B_SPLINE_CURVE_WITH_KNOTS('',3,(#8094,#8095,#8096,#8097,#8098),
 .UNSPECIFIED.,.F.,.F.,(4,1,4),(0.,0.0465969350995403,0.0855371592704949),
 .UNSPECIFIED.);
#399=B_SPLINE_CURVE_WITH_KNOTS('',3,(#8112,#8113,#8114,#8115,#8116),
 .UNSPECIFIED.,.F.,.F.,(4,1,4),(0.,0.0483870048871051,0.0918238802237609),
 .UNSPECIFIED.);
#400=B_SPLINE_CURVE_WITH_KNOTS('',3,(#8130,#8131,#8132,#8133,#8134),
 .UNSPECIFIED.,.F.,.F.,(4,1,4),(0.,0.0416262859196308,0.0868018694556924),
 .UNSPECIFIED.);
#401=B_SPLINE_CURVE_WITH_KNOTS('',3,(#8147,#8148,#8149,#8150,#8151),
 .UNSPECIFIED.,.F.,.F.,(4,1,4),(0.,0.0481823150765473,0.0907180699983295),
 .UNSPECIFIED.);
#402=B_SPLINE_CURVE_WITH_KNOTS('',3,(#8164,#8165,#8166,#8167,#8168),
 .UNSPECIFIED.,.F.,.F.,(4,1,4),(0.,0.0436505309112294,0.0928146885996822),
 .UNSPECIFIED.);
#403=B_SPLINE_CURVE_WITH_KNOTS('',3,(#8181,#8182,#8183,#8184,#8185),
 .UNSPECIFIED.,.F.,.F.,(4,1,4),(0.,0.0480213804702383,0.0910382144899536),
 .UNSPECIFIED.);
#404=B_SPLINE_CURVE_WITH_KNOTS('',3,(#8198,#8199,#8200,#8201,#8202),
 .UNSPECIFIED.,.F.,.F.,(4,1,4),(0.,0.0421929672315677,0.0889288947800326),
 .UNSPECIFIED.);
#405=B_SPLINE_CURVE_WITH_KNOTS('',3,(#8215,#8216,#8217,#8218,#8219),
 .UNSPECIFIED.,.F.,.F.,(4,1,4),(0.,0.0484147711055934,0.0911948602818314),
 .UNSPECIFIED.);
#406=B_SPLINE_CURVE_WITH_KNOTS('',3,(#8230,#8231,#8232,#8233,#8234),
 .UNSPECIFIED.,.F.,.F.,(4,1,4),(0.,0.0437305192784227,0.0929569409074172),
 .UNSPECIFIED.);
#407=B_SPLINE_CURVE_WITH_KNOTS('',3,(#8248,#8249,#8250,#8251,#8252),
 .UNSPECIFIED.,.F.,.F.,(4,1,4),(0.,0.0389835167390642,0.0879853767275063),
 .UNSPECIFIED.);
#408=B_SPLINE_CURVE_WITH_KNOTS('',3,(#8256,#8257,#8258,#8259,#8260),
 .UNSPECIFIED.,.F.,.F.,(4,1,4),(0.,0.0389835167390642,0.0879853767275063),
 .UNSPECIFIED.);
#409=B_SPLINE_CURVE_WITH_KNOTS('',3,(#8273,#8274,#8275,#8276,#8277),
 .UNSPECIFIED.,.F.,.F.,(4,1,4),(0.,0.0479311602578818,0.0883361165465423),
 .UNSPECIFIED.);
#410=B_SPLINE_CURVE_WITH_KNOTS('',3,(#8280,#8281,#8282,#8283,#8284),
 .UNSPECIFIED.,.F.,.F.,(4,1,4),(0.,0.0479311602578818,0.0883361165465423),
 .UNSPECIFIED.);
#411=B_SPLINE_CURVE_WITH_KNOTS('',3,(#8296,#8297,#8298,#8299,#8300),
 .UNSPECIFIED.,.F.,.F.,(4,1,4),(0.,0.0217525816071524,0.0481034813781501),
 .UNSPECIFIED.);
#412=B_SPLINE_CURVE_WITH_KNOTS('',3,(#8303,#8304,#8305,#8306,#8307),
 .UNSPECIFIED.,.F.,.F.,(4,1,4),(0.,0.0217525816071524,0.0481034813781501),
 .UNSPECIFIED.);
#413=B_SPLINE_CURVE_WITH_KNOTS('',3,(#8319,#8320,#8321,#8322,#8323),
 .UNSPECIFIED.,.F.,.F.,(4,1,4),(0.,0.0212018410537128,0.0409218998425441),
 .UNSPECIFIED.);
#414=B_SPLINE_CURVE_WITH_KNOTS('',3,(#8326,#8327,#8328,#8329,#8330),
 .UNSPECIFIED.,.F.,.F.,(4,1,4),(0.,0.0212018410537128,0.0409218998425441),
 .UNSPECIFIED.);
#415=B_SPLINE_CURVE_WITH_KNOTS('',3,(#8341,#8342,#8343,#8344,#8345),
 .UNSPECIFIED.,.F.,.F.,(4,1,4),(0.,0.0465969657404227,0.0855371899113773),
 .UNSPECIFIED.);
#416=B_SPLINE_CURVE_WITH_KNOTS('',3,(#8346,#8347,#8348,#8349,#8350),
 .UNSPECIFIED.,.F.,.F.,(4,1,4),(0.,0.0465969657404227,0.0855371899113773),
 .UNSPECIFIED.);
#417=B_SPLINE_CURVE_WITH_KNOTS('',3,(#8364,#8365,#8366,#8367,#8368),
 .UNSPECIFIED.,.F.,.F.,(4,1,4),(0.,0.0483870048871051,0.0918238802237609),
 .UNSPECIFIED.);
#418=B_SPLINE_CURVE_WITH_KNOTS('',3,(#8382,#8383,#8384,#8385,#8386),
 .UNSPECIFIED.,.F.,.F.,(4,1,4),(0.,0.0416262207652078,0.0868018243130671),
 .UNSPECIFIED.);
#419=B_SPLINE_CURVE_WITH_KNOTS('',3,(#8399,#8400,#8401,#8402,#8403),
 .UNSPECIFIED.,.F.,.F.,(4,1,4),(0.,0.0481821973223598,0.090717952244142),
 .UNSPECIFIED.);
#420=B_SPLINE_CURVE_WITH_KNOTS('',3,(#8416,#8417,#8418,#8419,#8420),
 .UNSPECIFIED.,.F.,.F.,(4,1,4),(0.,0.0436505309112294,0.0928146885996822),
 .UNSPECIFIED.);
#421=B_SPLINE_CURVE_WITH_KNOTS('',3,(#8433,#8434,#8435,#8436,#8437),
 .UNSPECIFIED.,.F.,.F.,(4,1,4),(0.,0.0480213903376121,0.0910382243573275),
 .UNSPECIFIED.);
#422=B_SPLINE_CURVE_WITH_KNOTS('',3,(#8450,#8451,#8452,#8453,#8454),
 .UNSPECIFIED.,.F.,.F.,(4,1,4),(0.,0.0421929672315677,0.0889289045519478),
 .UNSPECIFIED.);
#423=B_SPLINE_CURVE_WITH_KNOTS('',3,(#8467,#8468,#8469,#8470,#8471),
 .UNSPECIFIED.,.F.,.F.,(4,1,4),(0.,0.0484147711055934,0.0911947589192975),
 .UNSPECIFIED.);
#424=B_SPLINE_CURVE_WITH_KNOTS('',3,(#8482,#8483,#8484,#8485,#8486),
 .UNSPECIFIED.,.F.,.F.,(4,1,4),(0.,0.0437305192784227,0.0929569409074172),
 .UNSPECIFIED.);
#425=B_SPLINE_CURVE_WITH_KNOTS('',3,(#8500,#8501,#8502,#8503,#8504),
 .UNSPECIFIED.,.F.,.F.,(4,1,4),(0.,0.0174995106747178,0.0361672628784119),
 .UNSPECIFIED.);
#426=B_SPLINE_CURVE_WITH_KNOTS('',3,(#8508,#8509,#8510,#8511,#8512),
 .UNSPECIFIED.,.F.,.F.,(4,1,4),(0.,0.0174995106747178,0.0361672628784119),
 .UNSPECIFIED.);
#427=B_SPLINE_CURVE_WITH_KNOTS('',3,(#8525,#8526,#8527,#8528,#8529),
 .UNSPECIFIED.,.F.,.F.,(4,1,4),(0.,0.0151889513293071,0.0312692087763487),
 .UNSPECIFIED.);
#428=B_SPLINE_CURVE_WITH_KNOTS('',3,(#8532,#8533,#8534,#8535,#8536),
 .UNSPECIFIED.,.F.,.F.,(4,1,4),(0.,0.0151889513293071,0.0312692087763487),
 .UNSPECIFIED.);
#429=B_SPLINE_CURVE_WITH_KNOTS('',3,(#8548,#8549,#8550,#8551,#8552),
 .UNSPECIFIED.,.F.,.F.,(4,1,4),(0.,0.0357522302069055,0.065958413455215),
 .UNSPECIFIED.);
#430=B_SPLINE_CURVE_WITH_KNOTS('',3,(#8555,#8556,#8557,#8558,#8559),
 .UNSPECIFIED.,.F.,.F.,(4,1,4),(0.,0.0357522302069055,0.065958413455215),
 .UNSPECIFIED.);
#431=B_SPLINE_CURVE_WITH_KNOTS('',3,(#8576,#8577,#8578,#8579,#8580),
 .UNSPECIFIED.,.F.,.F.,(4,1,4),(0.,0.0380107129375319,0.081218470075119),
 .UNSPECIFIED.);
#432=B_SPLINE_CURVE_WITH_KNOTS('',3,(#8594,#8595,#8596,#8597,#8598),
 .UNSPECIFIED.,.F.,.F.,(4,1,4),(0.,0.042131698970142,0.0794483613064302),
 .UNSPECIFIED.);
#433=B_SPLINE_CURVE_WITH_KNOTS('',3,(#8611,#8612,#8613,#8614,#8615),
 .UNSPECIFIED.,.F.,.F.,(4,1,4),(0.,0.0416905764302299,0.0840455916738874),
 .UNSPECIFIED.);
#434=B_SPLINE_CURVE_WITH_KNOTS('',3,(#8628,#8629,#8630,#8631,#8632),
 .UNSPECIFIED.,.F.,.F.,(4,1,4),(0.,0.0484260109140039,0.0918686631057132),
 .UNSPECIFIED.);
#435=B_SPLINE_CURVE_WITH_KNOTS('',3,(#8645,#8646,#8647,#8648,#8649),
 .UNSPECIFIED.,.F.,.F.,(4,1,4),(0.,0.040598142998346,0.0869451068689777),
 .UNSPECIFIED.);
#436=B_SPLINE_CURVE_WITH_KNOTS('',3,(#8662,#8663,#8664,#8665,#8666),
 .UNSPECIFIED.,.F.,.F.,(4,1,4),(0.,0.0466350685174376,0.0872971679991052),
 .UNSPECIFIED.);
#437=B_SPLINE_CURVE_WITH_KNOTS('',3,(#8679,#8680,#8681,#8682,#8683),
 .UNSPECIFIED.,.F.,.F.,(4,1,4),(0.,0.036174464438825,0.0794016972087315),
 .UNSPECIFIED.);
#438=B_SPLINE_CURVE_WITH_KNOTS('',3,(#8700,#8701,#8702,#8703,#8704),
 .UNSPECIFIED.,.F.,.F.,(4,1,4),(0.,0.0334737590966734,0.0650027158331202),
 .UNSPECIFIED.);
#439=B_SPLINE_CURVE_WITH_KNOTS('',3,(#8717,#8718,#8719,#8720,#8721),
 .UNSPECIFIED.,.F.,.F.,(4,1,4),(0.,0.0386296054468128,0.0826204661707127),
 .UNSPECIFIED.);
#440=B_SPLINE_CURVE_WITH_KNOTS('',3,(#8741,#8742,#8743,#8744,#8745),
 .UNSPECIFIED.,.F.,.F.,(4,1,4),(0.,0.0372087141249395,0.0793076422368713),
 .UNSPECIFIED.);
#441=B_SPLINE_CURVE_WITH_KNOTS('',3,(#8749,#8750,#8751,#8752,#8753),
 .UNSPECIFIED.,.F.,.F.,(4,1,4),(0.,0.0372087141249395,0.0793076422368713),
 .UNSPECIFIED.);
#442=B_SPLINE_CURVE_WITH_KNOTS('',3,(#8766,#8767,#8768,#8769,#8770),
 .UNSPECIFIED.,.F.,.F.,(4,1,4),(0.,0.0421714706079331,0.0801123479389198),
 .UNSPECIFIED.);
#443=B_SPLINE_CURVE_WITH_KNOTS('',3,(#8773,#8774,#8775,#8776,#8777),
 .UNSPECIFIED.,.F.,.F.,(4,1,4),(0.,0.0421714706079331,0.0801123479389198),
 .UNSPECIFIED.);
#444=B_SPLINE_CURVE_WITH_KNOTS('',3,(#8806,#8807,#8808,#8809,#8810),
 .UNSPECIFIED.,.F.,.F.,(4,1,4),(0.,0.0433879783819133,0.09281144712487),
 .UNSPECIFIED.);
#445=B_SPLINE_CURVE_WITH_KNOTS('',3,(#8824,#8825,#8826,#8827,#8828),
 .UNSPECIFIED.,.F.,.F.,(4,1,4),(0.,0.0416746768486182,0.082109311247685),
 .UNSPECIFIED.);
#446=B_SPLINE_CURVE_WITH_KNOTS('',3,(#8841,#8842,#8843,#8844,#8845),
 .UNSPECIFIED.,.F.,.F.,(4,1,4),(0.,0.0883368047107412,0.165441770575141),
 .UNSPECIFIED.);
#447=B_SPLINE_CURVE_WITH_KNOTS('',3,(#8877,#8878,#8879,#8880,#8881),
 .UNSPECIFIED.,.F.,.F.,(4,1,4),(0.,0.0185501259750332,0.0370543167881838),
 .UNSPECIFIED.);
#448=B_SPLINE_CURVE_WITH_KNOTS('',3,(#8885,#8886,#8887,#8888,#8889),
 .UNSPECIFIED.,.F.,.F.,(4,1,4),(0.,0.0185501259750332,0.0370543167881838),
 .UNSPECIFIED.);
#449=B_SPLINE_CURVE_WITH_KNOTS('',3,(#8902,#8903,#8904,#8905,#8906),
 .UNSPECIFIED.,.F.,.F.,(4,1,4),(0.,0.0178109733202087,0.036878997827018),
 .UNSPECIFIED.);
#450=B_SPLINE_CURVE_WITH_KNOTS('',3,(#8909,#8910,#8911,#8912,#8913),
 .UNSPECIFIED.,.F.,.F.,(4,1,4),(0.,0.0178109733202087,0.036878997827018),
 .UNSPECIFIED.);
#451=B_SPLINE_CURVE_WITH_KNOTS('',3,(#8925,#8926,#8927,#8928,#8929),
 .UNSPECIFIED.,.F.,.F.,(4,1,4),(0.,0.0238373432464282,0.043639692541942),
 .UNSPECIFIED.);
#452=B_SPLINE_CURVE_WITH_KNOTS('',3,(#8932,#8933,#8934,#8935,#8936),
 .UNSPECIFIED.,.F.,.F.,(4,1,4),(0.,0.0238373432464282,0.043639692541942),
 .UNSPECIFIED.);
#453=B_SPLINE_CURVE_WITH_KNOTS('',3,(#8948,#8949,#8950,#8951,#8952),
 .UNSPECIFIED.,.F.,.F.,(4,1,4),(0.,0.0230764182904494,0.0516200027011911),
 .UNSPECIFIED.);
#454=B_SPLINE_CURVE_WITH_KNOTS('',3,(#8955,#8956,#8957,#8958,#8959),
 .UNSPECIFIED.,.F.,.F.,(4,1,4),(0.,0.0230764182904494,0.0516200027011911),
 .UNSPECIFIED.);
#455=B_SPLINE_CURVE_WITH_KNOTS('',3,(#8971,#8972,#8973,#8974,#8975),
 .UNSPECIFIED.,.F.,.F.,(4,1,4),(0.,0.0205273677986378,0.0404316271112158),
 .UNSPECIFIED.);
#456=B_SPLINE_CURVE_WITH_KNOTS('',3,(#8978,#8979,#8980,#8981,#8982),
 .UNSPECIFIED.,.F.,.F.,(4,1,4),(0.,0.0205273677986378,0.0404316271112158),
 .UNSPECIFIED.);
#457=B_SPLINE_CURVE_WITH_KNOTS('',3,(#8994,#8995,#8996,#8997,#8998),
 .UNSPECIFIED.,.F.,.F.,(4,1,4),(0.,0.0169978082181528,0.0342810522910814),
 .UNSPECIFIED.);
#458=B_SPLINE_CURVE_WITH_KNOTS('',3,(#9001,#9002,#9003,#9004,#9005),
 .UNSPECIFIED.,.F.,.F.,(4,1,4),(0.,0.0169978082181528,0.0342810522910814),
 .UNSPECIFIED.);
#459=B_SPLINE_CURVE_WITH_KNOTS('',3,(#9017,#9018,#9019,#9020,#9021),
 .UNSPECIFIED.,.F.,.F.,(4,1,4),(0.,0.0191663284574752,0.0369546972301109),
 .UNSPECIFIED.);
#460=B_SPLINE_CURVE_WITH_KNOTS('',3,(#9024,#9025,#9026,#9027,#9028),
 .UNSPECIFIED.,.F.,.F.,(4,1,4),(0.,0.0191663284574752,0.0369546972301109),
 .UNSPECIFIED.);
#461=B_SPLINE_CURVE_WITH_KNOTS('',3,(#9045,#9046,#9047,#9048,#9049),
 .UNSPECIFIED.,.F.,.F.,(4,1,4),(0.,0.0197144666302918,0.0415608496596454),
 .UNSPECIFIED.);
#462=B_SPLINE_CURVE_WITH_KNOTS('',3,(#9050,#9051,#9052,#9053,#9054),
 .UNSPECIFIED.,.F.,.F.,(4,1,4),(0.,0.0197144666302918,0.0415608496596454),
 .UNSPECIFIED.);
#463=B_SPLINE_CURVE_WITH_KNOTS('',3,(#9068,#9069,#9070,#9071,#9072),
 .UNSPECIFIED.,.F.,.F.,(4,1,4),(0.,0.0390434319973734,0.0792009260646864),
 .UNSPECIFIED.);
#464=B_SPLINE_CURVE_WITH_KNOTS('',3,(#9086,#9087,#9088,#9089,#9090),
 .UNSPECIFIED.,.F.,.F.,(4,1,4),(0.,0.048714751793966,0.0912195173333843),
 .UNSPECIFIED.);
#465=B_SPLINE_CURVE_WITH_KNOTS('',3,(#9103,#9104,#9105,#9106,#9107),
 .UNSPECIFIED.,.F.,.F.,(4,1,4),(0.,0.0376342865899353,0.082129847271471),
 .UNSPECIFIED.);
#466=B_SPLINE_CURVE_WITH_KNOTS('',3,(#9120,#9121,#9122,#9123,#9124),
 .UNSPECIFIED.,.F.,.F.,(4,1,4),(0.,0.0373466747599353,0.0718744790122962),
 .UNSPECIFIED.);
#467=B_SPLINE_CURVE_WITH_KNOTS('',3,(#9137,#9138,#9139,#9140,#9141),
 .UNSPECIFIED.,.F.,.F.,(4,1,4),(0.,0.0408439493440262,0.0819350905827146),
 .UNSPECIFIED.);
#468=B_SPLINE_CURVE_WITH_KNOTS('',3,(#9180,#9181,#9182,#9183,#9184),
 .UNSPECIFIED.,.F.,.F.,(4,1,4),(0.,0.0355353215502099,0.0693100584085688),
 .UNSPECIFIED.);
#469=B_SPLINE_CURVE_WITH_KNOTS('',3,(#9215,#9216,#9217,#9218,#9219),
 .UNSPECIFIED.,.F.,.F.,(4,1,4),(0.,0.0185498923824049,0.0370542735661504),
 .UNSPECIFIED.);
#470=B_SPLINE_CURVE_WITH_KNOTS('',3,(#9223,#9224,#9225,#9226,#9227),
 .UNSPECIFIED.,.F.,.F.,(4,1,4),(0.,0.0185498923824049,0.0370542735661504),
 .UNSPECIFIED.);
#471=B_SPLINE_CURVE_WITH_KNOTS('',3,(#9240,#9241,#9242,#9243,#9244),
 .UNSPECIFIED.,.F.,.F.,(4,1,4),(0.,0.0178109733202087,0.036878997827018),
 .UNSPECIFIED.);
#472=B_SPLINE_CURVE_WITH_KNOTS('',3,(#9247,#9248,#9249,#9250,#9251),
 .UNSPECIFIED.,.F.,.F.,(4,1,4),(0.,0.0178109733202087,0.036878997827018),
 .UNSPECIFIED.);
#473=B_SPLINE_CURVE_WITH_KNOTS('',3,(#9263,#9264,#9265,#9266,#9267),
 .UNSPECIFIED.,.F.,.F.,(4,1,4),(0.,0.0238373147368794,0.0436397669883178),
 .UNSPECIFIED.);
#474=B_SPLINE_CURVE_WITH_KNOTS('',3,(#9270,#9271,#9272,#9273,#9274),
 .UNSPECIFIED.,.F.,.F.,(4,1,4),(0.,0.0238373147368794,0.0436397669883178),
 .UNSPECIFIED.);
#475=B_SPLINE_CURVE_WITH_KNOTS('',3,(#9286,#9287,#9288,#9289,#9290),
 .UNSPECIFIED.,.F.,.F.,(4,1,4),(0.,0.0230763218348038,0.0516199322390708),
 .UNSPECIFIED.);
#476=B_SPLINE_CURVE_WITH_KNOTS('',3,(#9293,#9294,#9295,#9296,#9297),
 .UNSPECIFIED.,.F.,.F.,(4,1,4),(0.,0.0230763218348038,0.0516199322390708),
 .UNSPECIFIED.);
#477=B_SPLINE_CURVE_WITH_KNOTS('',3,(#9309,#9310,#9311,#9312,#9313),
 .UNSPECIFIED.,.F.,.F.,(4,1,4),(0.,0.0205276007592215,0.0404316805856071),
 .UNSPECIFIED.);
#478=B_SPLINE_CURVE_WITH_KNOTS('',3,(#9316,#9317,#9318,#9319,#9320),
 .UNSPECIFIED.,.F.,.F.,(4,1,4),(0.,0.0205276007592215,0.0404316805856071),
 .UNSPECIFIED.);
#479=B_SPLINE_CURVE_WITH_KNOTS('',3,(#9332,#9333,#9334,#9335,#9336),
 .UNSPECIFIED.,.F.,.F.,(4,1,4),(0.,0.0169979989530161,0.0342810092651484),
 .UNSPECIFIED.);
#480=B_SPLINE_CURVE_WITH_KNOTS('',3,(#9339,#9340,#9341,#9342,#9343),
 .UNSPECIFIED.,.F.,.F.,(4,1,4),(0.,0.0169979989530161,0.0342810092651484),
 .UNSPECIFIED.);
#481=B_SPLINE_CURVE_WITH_KNOTS('',3,(#9355,#9356,#9357,#9358,#9359),
 .UNSPECIFIED.,.F.,.F.,(4,1,4),(0.,0.0191663284574752,0.0369546972301109),
 .UNSPECIFIED.);
#482=B_SPLINE_CURVE_WITH_KNOTS('',3,(#9362,#9363,#9364,#9365,#9366),
 .UNSPECIFIED.,.F.,.F.,(4,1,4),(0.,0.0191663284574752,0.0369546972301109),
 .UNSPECIFIED.);
#483=B_SPLINE_CURVE_WITH_KNOTS('',3,(#9383,#9384,#9385,#9386,#9387),
 .UNSPECIFIED.,.F.,.F.,(4,1,4),(0.,0.0197145852258437,0.0415609325809931),
 .UNSPECIFIED.);
#484=B_SPLINE_CURVE_WITH_KNOTS('',3,(#9388,#9389,#9390,#9391,#9392),
 .UNSPECIFIED.,.F.,.F.,(4,1,4),(0.,0.0197145852258437,0.0415609325809931),
 .UNSPECIFIED.);
#485=B_SPLINE_CURVE_WITH_KNOTS('',3,(#9406,#9407,#9408,#9409,#9410),
 .UNSPECIFIED.,.F.,.F.,(4,1,4),(0.,0.0390436185132878,0.0792008790706756),
 .UNSPECIFIED.);
#486=B_SPLINE_CURVE_WITH_KNOTS('',3,(#9424,#9425,#9426,#9427,#9428),
 .UNSPECIFIED.,.F.,.F.,(4,1,4),(0.,0.048714751793966,0.0912195173333843),
 .UNSPECIFIED.);
#487=B_SPLINE_CURVE_WITH_KNOTS('',3,(#9441,#9442,#9443,#9444,#9445),
 .UNSPECIFIED.,.F.,.F.,(4,1,4),(0.,0.0376342865899353,0.082129847271471),
 .UNSPECIFIED.);
#488=B_SPLINE_CURVE_WITH_KNOTS('',3,(#9458,#9459,#9460,#9461,#9462),
 .UNSPECIFIED.,.F.,.F.,(4,1,4),(0.,0.0373466747599353,0.0718744790122962),
 .UNSPECIFIED.);
#489=B_SPLINE_CURVE_WITH_KNOTS('',3,(#9475,#9476,#9477,#9478,#9479),
 .UNSPECIFIED.,.F.,.F.,(4,1,4),(0.,0.0408439493440262,0.0819350905827146),
 .UNSPECIFIED.);
#490=B_SPLINE_CURVE_WITH_KNOTS('',3,(#9518,#9519,#9520,#9521,#9522),
 .UNSPECIFIED.,.F.,.F.,(4,1,4),(0.,0.0355353215502099,0.0693100584085688),
 .UNSPECIFIED.);
#491=B_SPLINE_CURVE_WITH_KNOTS('',3,(#9536,#9537,#9538,#9539,#9540),
 .UNSPECIFIED.,.F.,.F.,(4,1,4),(0.,0.0174995106747178,0.0361672628784119),
 .UNSPECIFIED.);
#492=B_SPLINE_CURVE_WITH_KNOTS('',3,(#9544,#9545,#9546,#9547,#9548),
 .UNSPECIFIED.,.F.,.F.,(4,1,4),(0.,0.0174995106747178,0.0361672628784119),
 .UNSPECIFIED.);
#493=B_SPLINE_CURVE_WITH_KNOTS('',3,(#9561,#9562,#9563,#9564,#9565),
 .UNSPECIFIED.,.F.,.F.,(4,1,4),(0.,0.0151889513293071,0.0312692087763487),
 .UNSPECIFIED.);
#494=B_SPLINE_CURVE_WITH_KNOTS('',3,(#9568,#9569,#9570,#9571,#9572),
 .UNSPECIFIED.,.F.,.F.,(4,1,4),(0.,0.0151889513293071,0.0312692087763487),
 .UNSPECIFIED.);
#495=B_SPLINE_CURVE_WITH_KNOTS('',3,(#9584,#9585,#9586,#9587,#9588),
 .UNSPECIFIED.,.F.,.F.,(4,1,4),(0.,0.0357522302069055,0.065958413455215),
 .UNSPECIFIED.);
#496=B_SPLINE_CURVE_WITH_KNOTS('',3,(#9591,#9592,#9593,#9594,#9595),
 .UNSPECIFIED.,.F.,.F.,(4,1,4),(0.,0.0357522302069055,0.065958413455215),
 .UNSPECIFIED.);
#497=B_SPLINE_CURVE_WITH_KNOTS('',3,(#9612,#9613,#9614,#9615,#9616),
 .UNSPECIFIED.,.F.,.F.,(4,1,4),(0.,0.0380107129375319,0.081218470075119),
 .UNSPECIFIED.);
#498=B_SPLINE_CURVE_WITH_KNOTS('',3,(#9630,#9631,#9632,#9633,#9634),
 .UNSPECIFIED.,.F.,.F.,(4,1,4),(0.,0.042131698970142,0.0794483613064302),
 .UNSPECIFIED.);
#499=B_SPLINE_CURVE_WITH_KNOTS('',3,(#9647,#9648,#9649,#9650,#9651),
 .UNSPECIFIED.,.F.,.F.,(4,1,4),(0.,0.0416907738348597,0.0840455547302056),
 .UNSPECIFIED.);
#500=B_SPLINE_CURVE_WITH_KNOTS('',3,(#9664,#9665,#9666,#9667,#9668),
 .UNSPECIFIED.,.F.,.F.,(4,1,4),(0.,0.0484260109140039,0.0918686631057132),
 .UNSPECIFIED.);
#501=B_SPLINE_CURVE_WITH_KNOTS('',3,(#9681,#9682,#9683,#9684,#9685),
 .UNSPECIFIED.,.F.,.F.,(4,1,4),(0.,0.040598142998346,0.0869451068689777),
 .UNSPECIFIED.);
#502=B_SPLINE_CURVE_WITH_KNOTS('',3,(#9698,#9699,#9700,#9701,#9702),
 .UNSPECIFIED.,.F.,.F.,(4,1,4),(0.,0.0466350685174376,0.0872971679991052),
 .UNSPECIFIED.);
#503=B_SPLINE_CURVE_WITH_KNOTS('',3,(#9715,#9716,#9717,#9718,#9719),
 .UNSPECIFIED.,.F.,.F.,(4,1,4),(0.,0.036174464438825,0.0794016972087315),
 .UNSPECIFIED.);
#504=B_SPLINE_CURVE_WITH_KNOTS('',3,(#9736,#9737,#9738,#9739,#9740),
 .UNSPECIFIED.,.F.,.F.,(4,1,4),(0.,0.0334737590966734,0.0650027158331202),
 .UNSPECIFIED.);
#505=B_SPLINE_CURVE_WITH_KNOTS('',3,(#9753,#9754,#9755,#9756,#9757),
 .UNSPECIFIED.,.F.,.F.,(4,1,4),(0.,0.0386296054468128,0.0826204661707127),
 .UNSPECIFIED.);
#506=B_SPLINE_CURVE_WITH_KNOTS('',3,(#9777,#9778,#9779,#9780,#9781),
 .UNSPECIFIED.,.F.,.F.,(4,1,4),(0.,0.0389837345692372,0.087985565675205),
 .UNSPECIFIED.);
#507=B_SPLINE_CURVE_WITH_KNOTS('',3,(#9785,#9786,#9787,#9788,#9789),
 .UNSPECIFIED.,.F.,.F.,(4,1,4),(0.,0.0389837345692372,0.087985565675205),
 .UNSPECIFIED.);
#508=B_SPLINE_CURVE_WITH_KNOTS('',3,(#9802,#9803,#9804,#9805,#9806),
 .UNSPECIFIED.,.F.,.F.,(4,1,4),(0.,0.0479311602578818,0.0883361165465423),
 .UNSPECIFIED.);
#509=B_SPLINE_CURVE_WITH_KNOTS('',3,(#9809,#9810,#9811,#9812,#9813),
 .UNSPECIFIED.,.F.,.F.,(4,1,4),(0.,0.0479311602578818,0.0883361165465423),
 .UNSPECIFIED.);
#510=B_SPLINE_CURVE_WITH_KNOTS('',3,(#9825,#9826,#9827,#9828,#9829),
 .UNSPECIFIED.,.F.,.F.,(4,1,4),(0.,0.0217525816071524,0.0481034813781501),
 .UNSPECIFIED.);
#511=B_SPLINE_CURVE_WITH_KNOTS('',3,(#9832,#9833,#9834,#9835,#9836),
 .UNSPECIFIED.,.F.,.F.,(4,1,4),(0.,0.0217525816071524,0.0481034813781501),
 .UNSPECIFIED.);
#512=B_SPLINE_CURVE_WITH_KNOTS('',3,(#9848,#9849,#9850,#9851,#9852),
 .UNSPECIFIED.,.F.,.F.,(4,1,4),(0.,0.0212018410537128,0.0409218998425441),
 .UNSPECIFIED.);
#513=B_SPLINE_CURVE_WITH_KNOTS('',3,(#9855,#9856,#9857,#9858,#9859),
 .UNSPECIFIED.,.F.,.F.,(4,1,4),(0.,0.0212018410537128,0.0409218998425441),
 .UNSPECIFIED.);
#514=B_SPLINE_CURVE_WITH_KNOTS('',3,(#9870,#9871,#9872,#9873,#9874),
 .UNSPECIFIED.,.F.,.F.,(4,1,4),(0.,0.0465969350995403,0.0855373792638782),
 .UNSPECIFIED.);
#515=B_SPLINE_CURVE_WITH_KNOTS('',3,(#9875,#9876,#9877,#9878,#9879),
 .UNSPECIFIED.,.F.,.F.,(4,1,4),(0.,0.0465969350995403,0.0855373792638782),
 .UNSPECIFIED.);
#516=B_SPLINE_CURVE_WITH_KNOTS('',3,(#9893,#9894,#9895,#9896,#9897),
 .UNSPECIFIED.,.F.,.F.,(4,1,4),(0.,0.0483870241507709,0.0918238994874267),
 .UNSPECIFIED.);
#517=B_SPLINE_CURVE_WITH_KNOTS('',3,(#9911,#9912,#9913,#9914,#9915),
 .UNSPECIFIED.,.F.,.F.,(4,1,4),(0.,0.0416262859196308,0.0868018694556924),
 .UNSPECIFIED.);
#518=B_SPLINE_CURVE_WITH_KNOTS('',3,(#9928,#9929,#9930,#9931,#9932),
 .UNSPECIFIED.,.F.,.F.,(4,1,4),(0.,0.0481821973223598,0.0907180533828526),
 .UNSPECIFIED.);
#519=B_SPLINE_CURVE_WITH_KNOTS('',3,(#9945,#9946,#9947,#9948,#9949),
 .UNSPECIFIED.,.F.,.F.,(4,1,4),(0.,0.0436505309112294,0.0928146885996822),
 .UNSPECIFIED.);
#520=B_SPLINE_CURVE_WITH_KNOTS('',3,(#9962,#9963,#9964,#9965,#9966),
 .UNSPECIFIED.,.F.,.F.,(4,1,4),(0.,0.0480213903376121,0.0910382243573275),
 .UNSPECIFIED.);
#521=B_SPLINE_CURVE_WITH_KNOTS('',3,(#9979,#9980,#9981,#9982,#9983),
 .UNSPECIFIED.,.F.,.F.,(4,1,4),(0.,0.0421930321760129,0.0889289499526366),
 .UNSPECIFIED.);
#522=B_SPLINE_CURVE_WITH_KNOTS('',3,(#9996,#9997,#9998,#9999,#10000),
 .UNSPECIFIED.,.F.,.F.,(4,1,4),(0.,0.0484146533373698,0.0911947425136078),
 .UNSPECIFIED.);
#523=B_SPLINE_CURVE_WITH_KNOTS('',3,(#10011,#10012,#10013,#10014,#10015),
 .UNSPECIFIED.,.F.,.F.,(4,1,4),(0.,0.0437305192784227,0.0929569409074172),
 .UNSPECIFIED.);
#524=B_SPLINE_CURVE_WITH_KNOTS('',3,(#10030,#10031,#10032,#10033,#10034),
 .UNSPECIFIED.,.F.,.F.,(4,1,4),(0.,0.00933078145668755,0.0165876085335708),
 .UNSPECIFIED.);
#525=B_SPLINE_CURVE_WITH_KNOTS('',3,(#10048,#10049,#10050,#10051,#10052),
 .UNSPECIFIED.,.F.,.F.,(4,1,4),(0.,0.0393399654802518,0.0755325586826923),
 .UNSPECIFIED.);
#526=B_SPLINE_CURVE_WITH_KNOTS('',3,(#10089,#10090,#10091,#10092,#10093),
 .UNSPECIFIED.,.F.,.F.,(4,1,4),(0.,0.0207477495860427,0.0452822262625889),
 .UNSPECIFIED.);
#527=B_SPLINE_CURVE_WITH_KNOTS('',3,(#10106,#10107,#10108,#10109,#10110),
 .UNSPECIFIED.,.F.,.F.,(4,1,4),(0.,0.0195964491260105,0.0383106497444924),
 .UNSPECIFIED.);
#528=B_SPLINE_CURVE_WITH_KNOTS('',3,(#10123,#10124,#10125,#10126,#10127),
 .UNSPECIFIED.,.F.,.F.,(4,1,4),(0.,0.013803710106232,0.028797557704734),
 .UNSPECIFIED.);
#529=B_SPLINE_CURVE_WITH_KNOTS('',3,(#10143,#10144,#10145,#10146,#10147),
 .UNSPECIFIED.,.F.,.F.,(4,1,4),(0.,0.0186665766569301,0.0375506922930187),
 .UNSPECIFIED.);
#530=B_SPLINE_CURVE_WITH_KNOTS('',3,(#10151,#10152,#10153,#10154,#10155),
 .UNSPECIFIED.,.F.,.F.,(4,1,4),(0.,0.0186665766569301,0.0375506922930187),
 .UNSPECIFIED.);
#531=B_SPLINE_CURVE_WITH_KNOTS('',3,(#10168,#10169,#10170,#10171,#10172),
 .UNSPECIFIED.,.F.,.F.,(4,1,4),(0.,0.0182639275082121,0.0374755258550465),
 .UNSPECIFIED.);
#532=B_SPLINE_CURVE_WITH_KNOTS('',3,(#10175,#10176,#10177,#10178,#10179),
 .UNSPECIFIED.,.F.,.F.,(4,1,4),(0.,0.0182639275082121,0.0374755258550465),
 .UNSPECIFIED.);
#533=B_SPLINE_CURVE_WITH_KNOTS('',3,(#10191,#10192,#10193,#10194,#10195),
 .UNSPECIFIED.,.F.,.F.,(4,1,4),(0.,0.0251771278638299,0.0457387150296511),
 .UNSPECIFIED.);
#534=B_SPLINE_CURVE_WITH_KNOTS('',3,(#10198,#10199,#10200,#10201,#10202),
 .UNSPECIFIED.,.F.,.F.,(4,1,4),(0.,0.0251771278638299,0.0457387150296511),
 .UNSPECIFIED.);
#535=B_SPLINE_CURVE_WITH_KNOTS('',3,(#10214,#10215,#10216,#10217,#10218),
 .UNSPECIFIED.,.F.,.F.,(4,1,4),(0.,0.0224713727922111,0.0495567272038162),
 .UNSPECIFIED.);
#536=B_SPLINE_CURVE_WITH_KNOTS('',3,(#10221,#10222,#10223,#10224,#10225),
 .UNSPECIFIED.,.F.,.F.,(4,1,4),(0.,0.0224713727922111,0.0495567272038162),
 .UNSPECIFIED.);
#537=B_SPLINE_CURVE_WITH_KNOTS('',3,(#10237,#10238,#10239,#10240,#10241),
 .UNSPECIFIED.,.F.,.F.,(4,1,4),(0.,0.0200309479796105,0.0396547172598256),
 .UNSPECIFIED.);
#538=B_SPLINE_CURVE_WITH_KNOTS('',3,(#10244,#10245,#10246,#10247,#10248),
 .UNSPECIFIED.,.F.,.F.,(4,1,4),(0.,0.0200309479796105,0.0396547172598256),
 .UNSPECIFIED.);
#539=B_SPLINE_CURVE_WITH_KNOTS('',3,(#10260,#10261,#10262,#10263,#10264),
 .UNSPECIFIED.,.F.,.F.,(4,1,4),(0.,0.0173851773215089,0.0353455846115043),
 .UNSPECIFIED.);
#540=B_SPLINE_CURVE_WITH_KNOTS('',3,(#10267,#10268,#10269,#10270,#10271),
 .UNSPECIFIED.,.F.,.F.,(4,1,4),(0.,0.0173851773215089,0.0353455846115043),
 .UNSPECIFIED.);
#541=B_SPLINE_CURVE_WITH_KNOTS('',3,(#10283,#10284,#10285,#10286,#10287),
 .UNSPECIFIED.,.F.,.F.,(4,1,4),(0.,0.0193810958458401,0.0374292120708212),
 .UNSPECIFIED.);
#542=B_SPLINE_CURVE_WITH_KNOTS('',3,(#10290,#10291,#10292,#10293,#10294),
 .UNSPECIFIED.,.F.,.F.,(4,1,4),(0.,0.0193810958458401,0.0374292120708212),
 .UNSPECIFIED.);
#543=B_SPLINE_CURVE_WITH_KNOTS('',3,(#10311,#10312,#10313,#10314,#10315),
 .UNSPECIFIED.,.F.,.F.,(4,1,4),(0.,0.0209926778347404,0.0451547477413954),
 .UNSPECIFIED.);
#544=B_SPLINE_CURVE_WITH_KNOTS('',3,(#10316,#10317,#10318,#10319,#10320),
 .UNSPECIFIED.,.F.,.F.,(4,1,4),(0.,0.0209926778347404,0.0451547477413954),
 .UNSPECIFIED.);
#545=B_SPLINE_CURVE_WITH_KNOTS('',3,(#10347,#10348,#10349,#10350,#10351),
 .UNSPECIFIED.,.F.,.F.,(4,1,4),(0.,0.0359224671707722,0.0676543412053765),
 .UNSPECIFIED.);
#546=B_SPLINE_CURVE_WITH_KNOTS('',3,(#10364,#10365,#10366,#10367,#10368),
 .UNSPECIFIED.,.F.,.F.,(4,1,4),(0.,0.0393442184018621,0.0796856429330836),
 .UNSPECIFIED.);
#547=B_SPLINE_CURVE_WITH_KNOTS('',3,(#10381,#10382,#10383,#10384,#10385),
 .UNSPECIFIED.,.F.,.F.,(4,1,4),(0.,0.0483289074803311,0.0907586647051366),
 .UNSPECIFIED.);
#548=B_SPLINE_CURVE_WITH_KNOTS('',3,(#10398,#10399,#10400,#10401,#10402),
 .UNSPECIFIED.,.F.,.F.,(4,1,4),(0.,0.038612765234799,0.084239386008038),
 .UNSPECIFIED.);
#549=B_SPLINE_CURVE_WITH_KNOTS('',3,(#10415,#10416,#10417,#10418,#10419),
 .UNSPECIFIED.,.F.,.F.,(4,1,4),(0.,0.0369310821543962,0.0724070474624133),
 .UNSPECIFIED.);
#550=B_SPLINE_CURVE_WITH_KNOTS('',3,(#10432,#10433,#10434,#10435,#10436),
 .UNSPECIFIED.,.F.,.F.,(4,1,4),(0.,0.0381510389321448,0.0775606834754668),
 .UNSPECIFIED.);
#551=B_SPLINE_CURVE_WITH_KNOTS('',3,(#10465,#10466,#10467,#10468,#10469),
 .UNSPECIFIED.,.F.,.F.,(4,1,4),(0.,0.0566629775685794,0.123625990616719),
 .UNSPECIFIED.);
#552=B_SPLINE_CURVE_WITH_KNOTS('',3,(#10483,#10484,#10485,#10486,#10487),
 .UNSPECIFIED.,.F.,.F.,(4,1,4),(0.,0.0425673700494406,0.0854826399163758),
 .UNSPECIFIED.);
#553=B_SPLINE_CURVE_WITH_KNOTS('',3,(#10500,#10501,#10502,#10503,#10504),
 .UNSPECIFIED.,.F.,.F.,(4,1,4),(0.,0.0395156730839444,0.0778485500301071),
 .UNSPECIFIED.);
#554=B_SPLINE_CURVE_WITH_KNOTS('',3,(#10517,#10518,#10519,#10520,#10521),
 .UNSPECIFIED.,.F.,.F.,(4,1,4),(0.,0.0209949128469382,0.0422697299794662),
 .UNSPECIFIED.);
#555=B_SPLINE_CURVE_WITH_KNOTS('',3,(#10534,#10535,#10536,#10537,#10538),
 .UNSPECIFIED.,.F.,.F.,(4,1,4),(0.,0.019844635839235,0.0404251706737264),
 .UNSPECIFIED.);
#556=B_SPLINE_CURVE_WITH_KNOTS('',3,(#10575,#10576,#10577,#10578,#10579),
 .UNSPECIFIED.,.F.,.F.,(4,1,4),(0.,0.0175325575376218,0.0382947963598379),
 .UNSPECIFIED.);
#557=B_SPLINE_CURVE_WITH_KNOTS('',3,(#10592,#10593,#10594,#10595,#10596),
 .UNSPECIFIED.,.F.,.F.,(4,1,4),(0.,0.015608931415224,0.0311386420796234),
 .UNSPECIFIED.);
#558=B_SPLINE_CURVE_WITH_KNOTS('',3,(#10609,#10610,#10611,#10612,#10613),
 .UNSPECIFIED.,.F.,.F.,(4,1,4),(0.,0.0350739089069397,0.0627677687992035),
 .UNSPECIFIED.);
#559=B_SPLINE_CURVE_WITH_KNOTS('',3,(#10638,#10639,#10640,#10641,#10642),
 .UNSPECIFIED.,.F.,.F.,(4,1,4),(0.,0.0175197596522951,0.0368846604902302),
 .UNSPECIFIED.);
#560=B_SPLINE_CURVE_WITH_KNOTS('',3,(#10655,#10656,#10657,#10658,#10659),
 .UNSPECIFIED.,.F.,.F.,(4,1,4),(0.,0.0152104153776351,0.0309899758764321),
 .UNSPECIFIED.);
#561=B_SPLINE_CURVE_WITH_KNOTS('',3,(#10672,#10673,#10674,#10675,#10676),
 .UNSPECIFIED.,.F.,.F.,(4,1,4),(0.,0.0360255397844269,0.0642775593465928),
 .UNSPECIFIED.);
#562=B_SPLINE_CURVE_WITH_KNOTS('',3,(#10700,#10701,#10702,#10703,#10704),
 .UNSPECIFIED.,.F.,.F.,(4,1,4),(0.,0.0372086979132011,0.0793076976677286),
 .UNSPECIFIED.);
#563=B_SPLINE_CURVE_WITH_KNOTS('',3,(#10708,#10709,#10710,#10711,#10712),
 .UNSPECIFIED.,.F.,.F.,(4,1,4),(0.,0.0372086979132011,0.0793076976677286),
 .UNSPECIFIED.);
#564=B_SPLINE_CURVE_WITH_KNOTS('',3,(#10725,#10726,#10727,#10728,#10729),
 .UNSPECIFIED.,.F.,.F.,(4,1,4),(0.,0.0421715564311637,0.0801124125636372),
 .UNSPECIFIED.);
#565=B_SPLINE_CURVE_WITH_KNOTS('',3,(#10732,#10733,#10734,#10735,#10736),
 .UNSPECIFIED.,.F.,.F.,(4,1,4),(0.,0.0421715564311637,0.0801124125636372),
 .UNSPECIFIED.);
#566=B_SPLINE_CURVE_WITH_KNOTS('',3,(#10765,#10766,#10767,#10768,#10769),
 .UNSPECIFIED.,.F.,.F.,(4,1,4),(0.,0.0433880566795647,0.0928115696776589),
 .UNSPECIFIED.);
#567=B_SPLINE_CURVE_WITH_KNOTS('',3,(#10783,#10784,#10785,#10786,#10787),
 .UNSPECIFIED.,.F.,.F.,(4,1,4),(0.,0.0416747059280721,0.0821091784795953),
 .UNSPECIFIED.);
#568=B_SPLINE_CURVE_WITH_KNOTS('',3,(#10800,#10801,#10802,#10803,#10804),
 .UNSPECIFIED.,.F.,.F.,(4,1,4),(0.,0.088336876437415,0.165441853258495),
 .UNSPECIFIED.);
#569=FACE_OUTER_BOUND('',#884,.T.);
#570=FACE_OUTER_BOUND('',#885,.T.);
#571=FACE_OUTER_BOUND('',#886,.T.);
#572=FACE_OUTER_BOUND('',#887,.T.);
#573=FACE_OUTER_BOUND('',#888,.T.);
#574=FACE_OUTER_BOUND('',#889,.T.);
#575=FACE_OUTER_BOUND('',#890,.T.);
#576=FACE_OUTER_BOUND('',#891,.T.);
#577=FACE_OUTER_BOUND('',#892,.T.);
#578=FACE_OUTER_BOUND('',#893,.T.);
#579=FACE_OUTER_BOUND('',#894,.T.);
#580=FACE_OUTER_BOUND('',#895,.T.);
#581=FACE_OUTER_BOUND('',#896,.T.);
#582=FACE_OUTER_BOUND('',#897,.T.);
#583=FACE_OUTER_BOUND('',#898,.T.);
#584=FACE_OUTER_BOUND('',#899,.T.);
#585=FACE_OUTER_BOUND('',#900,.T.);
#586=FACE_OUTER_BOUND('',#915,.T.);
#587=FACE_OUTER_BOUND('',#916,.T.);
#588=FACE_OUTER_BOUND('',#917,.T.);
#589=FACE_OUTER_BOUND('',#918,.T.);
#590=FACE_OUTER_BOUND('',#919,.T.);
#591=FACE_OUTER_BOUND('',#920,.T.);
#592=FACE_OUTER_BOUND('',#921,.T.);
#593=FACE_OUTER_BOUND('',#922,.T.);
#594=FACE_OUTER_BOUND('',#923,.T.);
#595=FACE_OUTER_BOUND('',#924,.T.);
#596=FACE_OUTER_BOUND('',#925,.T.);
#597=FACE_OUTER_BOUND('',#926,.T.);
#598=FACE_OUTER_BOUND('',#927,.T.);
#599=FACE_OUTER_BOUND('',#928,.T.);
#600=FACE_OUTER_BOUND('',#930,.T.);
#601=FACE_OUTER_BOUND('',#931,.T.);
#602=FACE_OUTER_BOUND('',#932,.T.);
#603=FACE_OUTER_BOUND('',#933,.T.);
#604=FACE_OUTER_BOUND('',#934,.T.);
#605=FACE_OUTER_BOUND('',#935,.T.);
#606=FACE_OUTER_BOUND('',#936,.T.);
#607=FACE_OUTER_BOUND('',#937,.T.);
#608=FACE_OUTER_BOUND('',#938,.T.);
#609=FACE_OUTER_BOUND('',#939,.T.);
#610=FACE_OUTER_BOUND('',#940,.T.);
#611=FACE_OUTER_BOUND('',#941,.T.);
#612=FACE_OUTER_BOUND('',#942,.T.);
#613=FACE_OUTER_BOUND('',#943,.T.);
#614=FACE_OUTER_BOUND('',#945,.T.);
#615=FACE_OUTER_BOUND('',#946,.T.);
#616=FACE_OUTER_BOUND('',#947,.T.);
#617=FACE_OUTER_BOUND('',#948,.T.);
#618=FACE_OUTER_BOUND('',#949,.T.);
#619=FACE_OUTER_BOUND('',#950,.T.);
#620=FACE_OUTER_BOUND('',#951,.T.);
#621=FACE_OUTER_BOUND('',#952,.T.);
#622=FACE_OUTER_BOUND('',#953,.T.);
#623=FACE_OUTER_BOUND('',#954,.T.);
#624=FACE_OUTER_BOUND('',#955,.T.);
#625=FACE_OUTER_BOUND('',#956,.T.);
#626=FACE_OUTER_BOUND('',#957,.T.);
#627=FACE_OUTER_BOUND('',#958,.T.);
#628=FACE_OUTER_BOUND('',#960,.T.);
#629=FACE_OUTER_BOUND('',#961,.T.);
#630=FACE_OUTER_BOUND('',#962,.T.);
#631=FACE_OUTER_BOUND('',#963,.T.);
#632=FACE_OUTER_BOUND('',#964,.T.);
#633=FACE_OUTER_BOUND('',#965,.T.);
#634=FACE_OUTER_BOUND('',#966,.T.);
#635=FACE_OUTER_BOUND('',#967,.T.);
#636=FACE_OUTER_BOUND('',#968,.T.);
#637=FACE_OUTER_BOUND('',#969,.T.);
#638=FACE_OUTER_BOUND('',#970,.T.);
#639=FACE_OUTER_BOUND('',#971,.T.);
#640=FACE_OUTER_BOUND('',#972,.T.);
#641=FACE_OUTER_BOUND('',#973,.T.);
#642=FACE_OUTER_BOUND('',#974,.T.);
#643=FACE_OUTER_BOUND('',#975,.T.);
#644=FACE_OUTER_BOUND('',#976,.T.);
#645=FACE_OUTER_BOUND('',#978,.T.);
#646=FACE_OUTER_BOUND('',#979,.T.);
#647=FACE_OUTER_BOUND('',#980,.T.);
#648=FACE_OUTER_BOUND('',#981,.T.);
#649=FACE_OUTER_BOUND('',#982,.T.);
#650=FACE_OUTER_BOUND('',#983,.T.);
#651=FACE_OUTER_BOUND('',#984,.T.);
#652=FACE_OUTER_BOUND('',#985,.T.);
#653=FACE_OUTER_BOUND('',#986,.T.);
#654=FACE_OUTER_BOUND('',#987,.T.);
#655=FACE_OUTER_BOUND('',#988,.T.);
#656=FACE_OUTER_BOUND('',#989,.T.);
#657=FACE_OUTER_BOUND('',#990,.T.);
#658=FACE_OUTER_BOUND('',#991,.T.);
#659=FACE_OUTER_BOUND('',#993,.T.);
#660=FACE_OUTER_BOUND('',#994,.T.);
#661=FACE_OUTER_BOUND('',#995,.T.);
#662=FACE_OUTER_BOUND('',#996,.T.);
#663=FACE_OUTER_BOUND('',#997,.T.);
#664=FACE_OUTER_BOUND('',#998,.T.);
#665=FACE_OUTER_BOUND('',#999,.T.);
#666=FACE_OUTER_BOUND('',#1000,.T.);
#667=FACE_OUTER_BOUND('',#1001,.T.);
#668=FACE_OUTER_BOUND('',#1002,.T.);
#669=FACE_OUTER_BOUND('',#1003,.T.);
#670=FACE_OUTER_BOUND('',#1004,.T.);
#671=FACE_OUTER_BOUND('',#1005,.T.);
#672=FACE_OUTER_BOUND('',#1006,.T.);
#673=FACE_OUTER_BOUND('',#1007,.T.);
#674=FACE_OUTER_BOUND('',#1008,.T.);
#675=FACE_OUTER_BOUND('',#1009,.T.);
#676=FACE_OUTER_BOUND('',#1010,.T.);
#677=FACE_OUTER_BOUND('',#1011,.T.);
#678=FACE_OUTER_BOUND('',#1012,.T.);
#679=FACE_OUTER_BOUND('',#1013,.T.);
#680=FACE_OUTER_BOUND('',#1014,.T.);
#681=FACE_OUTER_BOUND('',#1015,.T.);
#682=FACE_OUTER_BOUND('',#1017,.T.);
#683=FACE_OUTER_BOUND('',#1018,.T.);
#684=FACE_OUTER_BOUND('',#1019,.T.);
#685=FACE_OUTER_BOUND('',#1020,.T.);
#686=FACE_OUTER_BOUND('',#1021,.T.);
#687=FACE_OUTER_BOUND('',#1022,.T.);
#688=FACE_OUTER_BOUND('',#1023,.T.);
#689=FACE_OUTER_BOUND('',#1024,.T.);
#690=FACE_OUTER_BOUND('',#1025,.T.);
#691=FACE_OUTER_BOUND('',#1026,.T.);
#692=FACE_OUTER_BOUND('',#1027,.T.);
#693=FACE_OUTER_BOUND('',#1028,.T.);
#694=FACE_OUTER_BOUND('',#1029,.T.);
#695=FACE_OUTER_BOUND('',#1030,.T.);
#696=FACE_OUTER_BOUND('',#1031,.T.);
#697=FACE_OUTER_BOUND('',#1032,.T.);
#698=FACE_OUTER_BOUND('',#1033,.T.);
#699=FACE_OUTER_BOUND('',#1034,.T.);
#700=FACE_OUTER_BOUND('',#1035,.T.);
#701=FACE_OUTER_BOUND('',#1036,.T.);
#702=FACE_OUTER_BOUND('',#1037,.T.);
#703=FACE_OUTER_BOUND('',#1038,.T.);
#704=FACE_OUTER_BOUND('',#1039,.T.);
#705=FACE_OUTER_BOUND('',#1040,.T.);
#706=FACE_OUTER_BOUND('',#1041,.T.);
#707=FACE_OUTER_BOUND('',#1042,.T.);
#708=FACE_OUTER_BOUND('',#1043,.T.);
#709=FACE_OUTER_BOUND('',#1044,.T.);
#710=FACE_OUTER_BOUND('',#1046,.T.);
#711=FACE_OUTER_BOUND('',#1047,.T.);
#712=FACE_OUTER_BOUND('',#1048,.T.);
#713=FACE_OUTER_BOUND('',#1049,.T.);
#714=FACE_OUTER_BOUND('',#1050,.T.);
#715=FACE_OUTER_BOUND('',#1051,.T.);
#716=FACE_OUTER_BOUND('',#1052,.T.);
#717=FACE_OUTER_BOUND('',#1053,.T.);
#718=FACE_OUTER_BOUND('',#1054,.T.);
#719=FACE_OUTER_BOUND('',#1055,.T.);
#720=FACE_OUTER_BOUND('',#1056,.T.);
#721=FACE_OUTER_BOUND('',#1057,.T.);
#722=FACE_OUTER_BOUND('',#1058,.T.);
#723=FACE_OUTER_BOUND('',#1059,.T.);
#724=FACE_OUTER_BOUND('',#1060,.T.);
#725=FACE_OUTER_BOUND('',#1061,.T.);
#726=FACE_OUTER_BOUND('',#1062,.T.);
#727=FACE_OUTER_BOUND('',#1064,.T.);
#728=FACE_OUTER_BOUND('',#1065,.T.);
#729=FACE_OUTER_BOUND('',#1066,.T.);
#730=FACE_OUTER_BOUND('',#1067,.T.);
#731=FACE_OUTER_BOUND('',#1068,.T.);
#732=FACE_OUTER_BOUND('',#1069,.T.);
#733=FACE_OUTER_BOUND('',#1070,.T.);
#734=FACE_OUTER_BOUND('',#1071,.T.);
#735=FACE_OUTER_BOUND('',#1072,.T.);
#736=FACE_OUTER_BOUND('',#1073,.T.);
#737=FACE_OUTER_BOUND('',#1074,.T.);
#738=FACE_OUTER_BOUND('',#1075,.T.);
#739=FACE_OUTER_BOUND('',#1076,.T.);
#740=FACE_OUTER_BOUND('',#1077,.T.);
#741=FACE_OUTER_BOUND('',#1079,.T.);
#742=FACE_OUTER_BOUND('',#1080,.T.);
#743=FACE_OUTER_BOUND('',#1081,.T.);
#744=FACE_OUTER_BOUND('',#1082,.T.);
#745=FACE_OUTER_BOUND('',#1083,.T.);
#746=FACE_OUTER_BOUND('',#1084,.T.);
#747=FACE_OUTER_BOUND('',#1085,.T.);
#748=FACE_OUTER_BOUND('',#1086,.T.);
#749=FACE_OUTER_BOUND('',#1087,.T.);
#750=FACE_OUTER_BOUND('',#1088,.T.);
#751=FACE_OUTER_BOUND('',#1089,.T.);
#752=FACE_OUTER_BOUND('',#1090,.T.);
#753=FACE_OUTER_BOUND('',#1091,.T.);
#754=FACE_OUTER_BOUND('',#1092,.T.);
#755=FACE_OUTER_BOUND('',#1093,.T.);
#756=FACE_OUTER_BOUND('',#1094,.T.);
#757=FACE_OUTER_BOUND('',#1095,.T.);
#758=FACE_OUTER_BOUND('',#1096,.T.);
#759=FACE_OUTER_BOUND('',#1097,.T.);
#760=FACE_OUTER_BOUND('',#1098,.T.);
#761=FACE_OUTER_BOUND('',#1099,.T.);
#762=FACE_OUTER_BOUND('',#1100,.T.);
#763=FACE_OUTER_BOUND('',#1101,.T.);
#764=FACE_OUTER_BOUND('',#1102,.T.);
#765=FACE_OUTER_BOUND('',#1103,.T.);
#766=FACE_OUTER_BOUND('',#1104,.T.);
#767=FACE_OUTER_BOUND('',#1105,.T.);
#768=FACE_OUTER_BOUND('',#1106,.T.);
#769=FACE_OUTER_BOUND('',#1107,.T.);
#770=FACE_OUTER_BOUND('',#1108,.T.);
#771=FACE_OUTER_BOUND('',#1109,.T.);
#772=FACE_OUTER_BOUND('',#1110,.T.);
#773=FACE_OUTER_BOUND('',#1111,.T.);
#774=FACE_OUTER_BOUND('',#1112,.T.);
#775=FACE_OUTER_BOUND('',#1113,.T.);
#776=FACE_OUTER_BOUND('',#1114,.T.);
#777=FACE_OUTER_BOUND('',#1116,.T.);
#778=FACE_OUTER_BOUND('',#1117,.T.);
#779=FACE_OUTER_BOUND('',#1118,.T.);
#780=FACE_OUTER_BOUND('',#1119,.T.);
#781=FACE_OUTER_BOUND('',#1120,.T.);
#782=FACE_OUTER_BOUND('',#1121,.T.);
#783=FACE_OUTER_BOUND('',#1122,.T.);
#784=FACE_OUTER_BOUND('',#1123,.T.);
#785=FACE_OUTER_BOUND('',#1124,.T.);
#786=FACE_OUTER_BOUND('',#1125,.T.);
#787=FACE_OUTER_BOUND('',#1126,.T.);
#788=FACE_OUTER_BOUND('',#1127,.T.);
#789=FACE_OUTER_BOUND('',#1128,.T.);
#790=FACE_OUTER_BOUND('',#1129,.T.);
#791=FACE_OUTER_BOUND('',#1130,.T.);
#792=FACE_OUTER_BOUND('',#1131,.T.);
#793=FACE_OUTER_BOUND('',#1132,.T.);
#794=FACE_OUTER_BOUND('',#1133,.T.);
#795=FACE_OUTER_BOUND('',#1134,.T.);
#796=FACE_OUTER_BOUND('',#1135,.T.);
#797=FACE_OUTER_BOUND('',#1136,.T.);
#798=FACE_OUTER_BOUND('',#1137,.T.);
#799=FACE_OUTER_BOUND('',#1138,.T.);
#800=FACE_OUTER_BOUND('',#1139,.T.);
#801=FACE_OUTER_BOUND('',#1140,.T.);
#802=FACE_OUTER_BOUND('',#1141,.T.);
#803=FACE_OUTER_BOUND('',#1142,.T.);
#804=FACE_OUTER_BOUND('',#1143,.T.);
#805=FACE_OUTER_BOUND('',#1144,.T.);
#806=FACE_OUTER_BOUND('',#1145,.T.);
#807=FACE_OUTER_BOUND('',#1146,.T.);
#808=FACE_OUTER_BOUND('',#1147,.T.);
#809=FACE_OUTER_BOUND('',#1148,.T.);
#810=FACE_OUTER_BOUND('',#1149,.T.);
#811=FACE_OUTER_BOUND('',#1150,.T.);
#812=FACE_OUTER_BOUND('',#1151,.T.);
#813=FACE_OUTER_BOUND('',#1152,.T.);
#814=FACE_OUTER_BOUND('',#1153,.T.);
#815=FACE_OUTER_BOUND('',#1155,.T.);
#816=FACE_OUTER_BOUND('',#1156,.T.);
#817=FACE_OUTER_BOUND('',#1157,.T.);
#818=FACE_OUTER_BOUND('',#1158,.T.);
#819=FACE_OUTER_BOUND('',#1159,.T.);
#820=FACE_OUTER_BOUND('',#1160,.T.);
#821=FACE_OUTER_BOUND('',#1161,.T.);
#822=FACE_OUTER_BOUND('',#1162,.T.);
#823=FACE_OUTER_BOUND('',#1163,.T.);
#824=FACE_OUTER_BOUND('',#1164,.T.);
#825=FACE_OUTER_BOUND('',#1165,.T.);
#826=FACE_OUTER_BOUND('',#1166,.T.);
#827=FACE_OUTER_BOUND('',#1167,.T.);
#828=FACE_OUTER_BOUND('',#1168,.T.);
#829=FACE_OUTER_BOUND('',#1169,.T.);
#830=FACE_OUTER_BOUND('',#1170,.T.);
#831=FACE_OUTER_BOUND('',#1171,.T.);
#832=FACE_OUTER_BOUND('',#1172,.T.);
#833=FACE_OUTER_BOUND('',#1173,.T.);
#834=FACE_OUTER_BOUND('',#1174,.T.);
#835=FACE_OUTER_BOUND('',#1175,.T.);
#836=FACE_OUTER_BOUND('',#1176,.T.);
#837=FACE_OUTER_BOUND('',#1177,.T.);
#838=FACE_OUTER_BOUND('',#1178,.T.);
#839=FACE_OUTER_BOUND('',#1179,.T.);
#840=FACE_OUTER_BOUND('',#1180,.T.);
#841=FACE_OUTER_BOUND('',#1181,.T.);
#842=FACE_OUTER_BOUND('',#1182,.T.);
#843=FACE_OUTER_BOUND('',#1183,.T.);
#844=FACE_OUTER_BOUND('',#1184,.T.);
#845=FACE_OUTER_BOUND('',#1185,.T.);
#846=FACE_OUTER_BOUND('',#1186,.T.);
#847=FACE_OUTER_BOUND('',#1187,.T.);
#848=FACE_OUTER_BOUND('',#1188,.T.);
#849=FACE_OUTER_BOUND('',#1189,.T.);
#850=FACE_OUTER_BOUND('',#1190,.T.);
#851=FACE_OUTER_BOUND('',#1191,.T.);
#852=FACE_OUTER_BOUND('',#1192,.T.);
#853=FACE_OUTER_BOUND('',#1193,.T.);
#854=FACE_OUTER_BOUND('',#1194,.T.);
#855=FACE_OUTER_BOUND('',#1195,.T.);
#856=FACE_OUTER_BOUND('',#1196,.T.);
#857=FACE_OUTER_BOUND('',#1197,.T.);
#858=FACE_OUTER_BOUND('',#1198,.T.);
#859=FACE_OUTER_BOUND('',#1199,.T.);
#860=FACE_OUTER_BOUND('',#1200,.T.);
#861=FACE_OUTER_BOUND('',#1201,.T.);
#862=FACE_OUTER_BOUND('',#1202,.T.);
#863=FACE_OUTER_BOUND('',#1203,.T.);
#864=FACE_OUTER_BOUND('',#1204,.T.);
#865=FACE_OUTER_BOUND('',#1205,.T.);
#866=FACE_OUTER_BOUND('',#1206,.T.);
#867=FACE_OUTER_BOUND('',#1207,.T.);
#868=FACE_OUTER_BOUND('',#1208,.T.);
#869=FACE_OUTER_BOUND('',#1209,.T.);
#870=FACE_OUTER_BOUND('',#1210,.T.);
#871=FACE_OUTER_BOUND('',#1211,.T.);
#872=FACE_OUTER_BOUND('',#1212,.T.);
#873=FACE_OUTER_BOUND('',#1213,.T.);
#874=FACE_OUTER_BOUND('',#1214,.T.);
#875=FACE_OUTER_BOUND('',#1215,.T.);
#876=FACE_OUTER_BOUND('',#1216,.T.);
#877=FACE_OUTER_BOUND('',#1217,.T.);
#878=FACE_OUTER_BOUND('',#1218,.T.);
#879=FACE_OUTER_BOUND('',#1219,.T.);
#880=FACE_OUTER_BOUND('',#1220,.T.);
#881=FACE_OUTER_BOUND('',#1221,.T.);
#882=FACE_OUTER_BOUND('',#1222,.T.);
#883=FACE_OUTER_BOUND('',#1226,.T.);
#884=EDGE_LOOP('',(#3630,#3631,#3632,#3633));
#885=EDGE_LOOP('',(#3634,#3635,#3636,#3637));
#886=EDGE_LOOP('',(#3638,#3639,#3640,#3641));
#887=EDGE_LOOP('',(#3642,#3643,#3644,#3645));
#888=EDGE_LOOP('',(#3646,#3647,#3648,#3649));
#889=EDGE_LOOP('',(#3650,#3651,#3652,#3653));
#890=EDGE_LOOP('',(#3654,#3655,#3656,#3657));
#891=EDGE_LOOP('',(#3658,#3659,#3660,#3661));
#892=EDGE_LOOP('',(#3662,#3663,#3664,#3665));
#893=EDGE_LOOP('',(#3666,#3667,#3668,#3669));
#894=EDGE_LOOP('',(#3670,#3671,#3672,#3673));
#895=EDGE_LOOP('',(#3674,#3675,#3676,#3677));
#896=EDGE_LOOP('',(#3678,#3679,#3680,#3681));
#897=EDGE_LOOP('',(#3682,#3683,#3684,#3685));
#898=EDGE_LOOP('',(#3686,#3687,#3688,#3689));
#899=EDGE_LOOP('',(#3690,#3691,#3692,#3693));
#900=EDGE_LOOP('',(#3694,#3695,#3696,#3697,#3698,#3699,#3700,#3701,#3702,
#3703,#3704,#3705));
#901=EDGE_LOOP('',(#3706,#3707,#3708,#3709,#3710,#3711,#3712,#3713));
#902=EDGE_LOOP('',(#3714,#3715,#3716,#3717,#3718,#3719,#3720,#3721));
#903=EDGE_LOOP('',(#3722,#3723,#3724,#3725,#3726,#3727,#3728,#3729));
#904=EDGE_LOOP('',(#3730,#3731,#3732,#3733,#3734,#3735,#3736,#3737,#3738,
#3739,#3740,#3741));
#905=EDGE_LOOP('',(#3742,#3743,#3744,#3745,#3746,#3747,#3748,#3749));
#906=EDGE_LOOP('',(#3750,#3751,#3752,#3753,#3754,#3755,#3756,#3757,#3758,
#3759,#3760,#3761,#3762));
#907=EDGE_LOOP('',(#3763,#3764,#3765,#3766));
#908=EDGE_LOOP('',(#3767,#3768,#3769,#3770,#3771,#3772,#3773,#3774,#3775,
#3776,#3777,#3778,#3779));
#909=EDGE_LOOP('',(#3780,#3781,#3782,#3783,#3784,#3785,#3786,#3787,#3788,
#3789,#3790,#3791));
#910=EDGE_LOOP('',(#3792,#3793,#3794,#3795,#3796,#3797,#3798,#3799));
#911=EDGE_LOOP('',(#3800,#3801,#3802,#3803,#3804,#3805,#3806,#3807,#3808,
#3809,#3810,#3811));
#912=EDGE_LOOP('',(#3812,#3813,#3814,#3815,#3816,#3817,#3818,#3819,#3820,
#3821,#3822,#3823,#3824));
#913=EDGE_LOOP('',(#3825,#3826,#3827,#3828,#3829,#3830,#3831,#3832,#3833,
#3834,#3835,#3836,#3837,#3838,#3839,#3840,#3841,#3842,#3843,#3844,#3845,
#3846,#3847));
#914=EDGE_LOOP('',(#3848,#3849,#3850,#3851,#3852,#3853,#3854,#3855));
#915=EDGE_LOOP('',(#3856,#3857,#3858,#3859));
#916=EDGE_LOOP('',(#3860,#3861,#3862,#3863));
#917=EDGE_LOOP('',(#3864,#3865,#3866,#3867));
#918=EDGE_LOOP('',(#3868,#3869,#3870,#3871));
#919=EDGE_LOOP('',(#3872,#3873,#3874,#3875));
#920=EDGE_LOOP('',(#3876,#3877,#3878,#3879));
#921=EDGE_LOOP('',(#3880,#3881,#3882,#3883));
#922=EDGE_LOOP('',(#3884,#3885,#3886,#3887));
#923=EDGE_LOOP('',(#3888,#3889,#3890,#3891));
#924=EDGE_LOOP('',(#3892,#3893,#3894,#3895));
#925=EDGE_LOOP('',(#3896,#3897,#3898,#3899));
#926=EDGE_LOOP('',(#3900,#3901,#3902,#3903));
#927=EDGE_LOOP('',(#3904,#3905,#3906,#3907));
#928=EDGE_LOOP('',(#3908,#3909,#3910,#3911,#3912,#3913,#3914,#3915));
#929=EDGE_LOOP('',(#3916,#3917,#3918,#3919,#3920));
#930=EDGE_LOOP('',(#3921,#3922,#3923,#3924));
#931=EDGE_LOOP('',(#3925,#3926,#3927,#3928));
#932=EDGE_LOOP('',(#3929,#3930,#3931,#3932));
#933=EDGE_LOOP('',(#3933,#3934,#3935,#3936));
#934=EDGE_LOOP('',(#3937,#3938,#3939,#3940));
#935=EDGE_LOOP('',(#3941,#3942,#3943,#3944));
#936=EDGE_LOOP('',(#3945,#3946,#3947,#3948));
#937=EDGE_LOOP('',(#3949,#3950,#3951,#3952));
#938=EDGE_LOOP('',(#3953,#3954,#3955,#3956));
#939=EDGE_LOOP('',(#3957,#3958,#3959,#3960));
#940=EDGE_LOOP('',(#3961,#3962,#3963,#3964));
#941=EDGE_LOOP('',(#3965,#3966,#3967,#3968));
#942=EDGE_LOOP('',(#3969,#3970,#3971,#3972));
#943=EDGE_LOOP('',(#3973,#3974,#3975,#3976,#3977,#3978,#3979,#3980));
#944=EDGE_LOOP('',(#3981,#3982,#3983,#3984,#3985));
#945=EDGE_LOOP('',(#3986,#3987,#3988,#3989));
#946=EDGE_LOOP('',(#3990,#3991,#3992,#3993));
#947=EDGE_LOOP('',(#3994,#3995,#3996,#3997));
#948=EDGE_LOOP('',(#3998,#3999,#4000,#4001));
#949=EDGE_LOOP('',(#4002,#4003,#4004,#4005));
#950=EDGE_LOOP('',(#4006,#4007,#4008,#4009));
#951=EDGE_LOOP('',(#4010,#4011,#4012,#4013));
#952=EDGE_LOOP('',(#4014,#4015,#4016,#4017));
#953=EDGE_LOOP('',(#4018,#4019,#4020,#4021));
#954=EDGE_LOOP('',(#4022,#4023,#4024,#4025));
#955=EDGE_LOOP('',(#4026,#4027,#4028,#4029));
#956=EDGE_LOOP('',(#4030,#4031,#4032,#4033));
#957=EDGE_LOOP('',(#4034,#4035,#4036,#4037));
#958=EDGE_LOOP('',(#4038,#4039,#4040,#4041,#4042,#4043,#4044,#4045));
#959=EDGE_LOOP('',(#4046,#4047,#4048,#4049,#4050));
#960=EDGE_LOOP('',(#4051,#4052,#4053,#4054));
#961=EDGE_LOOP('',(#4055,#4056,#4057,#4058));
#962=EDGE_LOOP('',(#4059,#4060,#4061,#4062));
#963=EDGE_LOOP('',(#4063,#4064,#4065,#4066));
#964=EDGE_LOOP('',(#4067,#4068,#4069,#4070));
#965=EDGE_LOOP('',(#4071,#4072,#4073,#4074));
#966=EDGE_LOOP('',(#4075,#4076,#4077,#4078));
#967=EDGE_LOOP('',(#4079,#4080,#4081,#4082));
#968=EDGE_LOOP('',(#4083,#4084,#4085,#4086));
#969=EDGE_LOOP('',(#4087,#4088,#4089,#4090));
#970=EDGE_LOOP('',(#4091,#4092,#4093,#4094));
#971=EDGE_LOOP('',(#4095,#4096,#4097,#4098));
#972=EDGE_LOOP('',(#4099,#4100,#4101,#4102));
#973=EDGE_LOOP('',(#4103,#4104,#4105,#4106));
#974=EDGE_LOOP('',(#4107,#4108,#4109,#4110));
#975=EDGE_LOOP('',(#4111,#4112,#4113,#4114));
#976=EDGE_LOOP('',(#4115,#4116,#4117,#4118,#4119,#4120,#4121,#4122,#4123,
#4124,#4125,#4126));
#977=EDGE_LOOP('',(#4127,#4128,#4129,#4130));
#978=EDGE_LOOP('',(#4131,#4132,#4133,#4134));
#979=EDGE_LOOP('',(#4135,#4136,#4137,#4138));
#980=EDGE_LOOP('',(#4139,#4140,#4141,#4142));
#981=EDGE_LOOP('',(#4143,#4144,#4145,#4146));
#982=EDGE_LOOP('',(#4147,#4148,#4149,#4150));
#983=EDGE_LOOP('',(#4151,#4152,#4153,#4154));
#984=EDGE_LOOP('',(#4155,#4156,#4157,#4158));
#985=EDGE_LOOP('',(#4159,#4160,#4161,#4162));
#986=EDGE_LOOP('',(#4163,#4164,#4165,#4166));
#987=EDGE_LOOP('',(#4167,#4168,#4169,#4170));
#988=EDGE_LOOP('',(#4171,#4172,#4173,#4174));
#989=EDGE_LOOP('',(#4175,#4176,#4177,#4178));
#990=EDGE_LOOP('',(#4179,#4180,#4181,#4182));
#991=EDGE_LOOP('',(#4183,#4184,#4185,#4186,#4187,#4188,#4189,#4190));
#992=EDGE_LOOP('',(#4191,#4192,#4193,#4194,#4195));
#993=EDGE_LOOP('',(#4196,#4197,#4198,#4199));
#994=EDGE_LOOP('',(#4200,#4201,#4202,#4203));
#995=EDGE_LOOP('',(#4204,#4205,#4206,#4207));
#996=EDGE_LOOP('',(#4208,#4209,#4210,#4211));
#997=EDGE_LOOP('',(#4212,#4213,#4214,#4215));
#998=EDGE_LOOP('',(#4216,#4217,#4218,#4219));
#999=EDGE_LOOP('',(#4220,#4221,#4222,#4223));
#1000=EDGE_LOOP('',(#4224,#4225,#4226,#4227));
#1001=EDGE_LOOP('',(#4228,#4229,#4230,#4231));
#1002=EDGE_LOOP('',(#4232,#4233,#4234,#4235));
#1003=EDGE_LOOP('',(#4236,#4237,#4238,#4239));
#1004=EDGE_LOOP('',(#4240,#4241,#4242,#4243));
#1005=EDGE_LOOP('',(#4244,#4245,#4246,#4247));
#1006=EDGE_LOOP('',(#4248,#4249,#4250,#4251));
#1007=EDGE_LOOP('',(#4252,#4253,#4254,#4255));
#1008=EDGE_LOOP('',(#4256,#4257,#4258,#4259));
#1009=EDGE_LOOP('',(#4260,#4261,#4262,#4263));
#1010=EDGE_LOOP('',(#4264,#4265,#4266,#4267));
#1011=EDGE_LOOP('',(#4268,#4269,#4270,#4271));
#1012=EDGE_LOOP('',(#4272,#4273,#4274,#4275));
#1013=EDGE_LOOP('',(#4276,#4277,#4278,#4279));
#1014=EDGE_LOOP('',(#4280,#4281,#4282,#4283));
#1015=EDGE_LOOP('',(#4284,#4285,#4286,#4287,#4288,#4289,#4290,#4291,#4292,
#4293,#4294,#4295,#4296));
#1016=EDGE_LOOP('',(#4297,#4298,#4299,#4300,#4301,#4302,#4303,#4304,#4305));
#1017=EDGE_LOOP('',(#4306,#4307,#4308,#4309));
#1018=EDGE_LOOP('',(#4310,#4311,#4312,#4313));
#1019=EDGE_LOOP('',(#4314,#4315,#4316,#4317));
#1020=EDGE_LOOP('',(#4318,#4319,#4320,#4321));
#1021=EDGE_LOOP('',(#4322,#4323,#4324,#4325));
#1022=EDGE_LOOP('',(#4326,#4327,#4328,#4329));
#1023=EDGE_LOOP('',(#4330,#4331,#4332,#4333));
#1024=EDGE_LOOP('',(#4334,#4335,#4336,#4337));
#1025=EDGE_LOOP('',(#4338,#4339,#4340,#4341));
#1026=EDGE_LOOP('',(#4342,#4343,#4344,#4345));
#1027=EDGE_LOOP('',(#4346,#4347,#4348,#4349));
#1028=EDGE_LOOP('',(#4350,#4351,#4352,#4353));
#1029=EDGE_LOOP('',(#4354,#4355,#4356,#4357));
#1030=EDGE_LOOP('',(#4358,#4359,#4360,#4361));
#1031=EDGE_LOOP('',(#4362,#4363,#4364,#4365));
#1032=EDGE_LOOP('',(#4366,#4367,#4368,#4369));
#1033=EDGE_LOOP('',(#4370,#4371,#4372,#4373));
#1034=EDGE_LOOP('',(#4374,#4375,#4376,#4377));
#1035=EDGE_LOOP('',(#4378,#4379,#4380,#4381));
#1036=EDGE_LOOP('',(#4382,#4383,#4384,#4385));
#1037=EDGE_LOOP('',(#4386,#4387,#4388,#4389));
#1038=EDGE_LOOP('',(#4390,#4391,#4392,#4393));
#1039=EDGE_LOOP('',(#4394,#4395,#4396,#4397));
#1040=EDGE_LOOP('',(#4398,#4399,#4400,#4401));
#1041=EDGE_LOOP('',(#4402,#4403,#4404,#4405));
#1042=EDGE_LOOP('',(#4406,#4407,#4408,#4409));
#1043=EDGE_LOOP('',(#4410,#4411,#4412,#4413));
#1044=EDGE_LOOP('',(#4414,#4415,#4416,#4417,#4418,#4419,#4420,#4421,#4422,
#4423,#4424,#4425,#4426));
#1045=EDGE_LOOP('',(#4427,#4428,#4429,#4430,#4431,#4432,#4433,#4434,#4435));
#1046=EDGE_LOOP('',(#4436,#4437,#4438,#4439));
#1047=EDGE_LOOP('',(#4440,#4441,#4442,#4443));
#1048=EDGE_LOOP('',(#4444,#4445,#4446,#4447));
#1049=EDGE_LOOP('',(#4448,#4449,#4450,#4451));
#1050=EDGE_LOOP('',(#4452,#4453,#4454,#4455));
#1051=EDGE_LOOP('',(#4456,#4457,#4458,#4459));
#1052=EDGE_LOOP('',(#4460,#4461,#4462,#4463));
#1053=EDGE_LOOP('',(#4464,#4465,#4466,#4467));
#1054=EDGE_LOOP('',(#4468,#4469,#4470,#4471));
#1055=EDGE_LOOP('',(#4472,#4473,#4474,#4475));
#1056=EDGE_LOOP('',(#4476,#4477,#4478,#4479));
#1057=EDGE_LOOP('',(#4480,#4481,#4482,#4483));
#1058=EDGE_LOOP('',(#4484,#4485,#4486,#4487));
#1059=EDGE_LOOP('',(#4488,#4489,#4490,#4491));
#1060=EDGE_LOOP('',(#4492,#4493,#4494,#4495));
#1061=EDGE_LOOP('',(#4496,#4497,#4498,#4499));
#1062=EDGE_LOOP('',(#4500,#4501,#4502,#4503,#4504,#4505,#4506,#4507,#4508,
#4509,#4510,#4511));
#1063=EDGE_LOOP('',(#4512,#4513,#4514,#4515));
#1064=EDGE_LOOP('',(#4516,#4517,#4518,#4519));
#1065=EDGE_LOOP('',(#4520,#4521,#4522,#4523));
#1066=EDGE_LOOP('',(#4524,#4525,#4526,#4527));
#1067=EDGE_LOOP('',(#4528,#4529,#4530,#4531));
#1068=EDGE_LOOP('',(#4532,#4533,#4534,#4535));
#1069=EDGE_LOOP('',(#4536,#4537,#4538,#4539));
#1070=EDGE_LOOP('',(#4540,#4541,#4542,#4543));
#1071=EDGE_LOOP('',(#4544,#4545,#4546,#4547));
#1072=EDGE_LOOP('',(#4548,#4549,#4550,#4551));
#1073=EDGE_LOOP('',(#4552,#4553,#4554,#4555));
#1074=EDGE_LOOP('',(#4556,#4557,#4558,#4559));
#1075=EDGE_LOOP('',(#4560,#4561,#4562,#4563));
#1076=EDGE_LOOP('',(#4564,#4565,#4566,#4567));
#1077=EDGE_LOOP('',(#4568,#4569,#4570,#4571,#4572,#4573,#4574,#4575));
#1078=EDGE_LOOP('',(#4576,#4577,#4578,#4579,#4580));
#1079=EDGE_LOOP('',(#4581,#4582,#4583,#4584));
#1080=EDGE_LOOP('',(#4585,#4586,#4587,#4588));
#1081=EDGE_LOOP('',(#4589,#4590,#4591,#4592));
#1082=EDGE_LOOP('',(#4593,#4594,#4595,#4596));
#1083=EDGE_LOOP('',(#4597,#4598,#4599,#4600));
#1084=EDGE_LOOP('',(#4601,#4602,#4603,#4604));
#1085=EDGE_LOOP('',(#4605,#4606,#4607,#4608));
#1086=EDGE_LOOP('',(#4609,#4610,#4611,#4612));
#1087=EDGE_LOOP('',(#4613,#4614,#4615,#4616));
#1088=EDGE_LOOP('',(#4617,#4618,#4619,#4620));
#1089=EDGE_LOOP('',(#4621,#4622,#4623,#4624));
#1090=EDGE_LOOP('',(#4625,#4626,#4627,#4628));
#1091=EDGE_LOOP('',(#4629,#4630,#4631,#4632,#4633,#4634,#4635,#4636,#4637,
#4638,#4639,#4640));
#1092=EDGE_LOOP('',(#4641,#4642,#4643,#4644));
#1093=EDGE_LOOP('',(#4645,#4646,#4647,#4648));
#1094=EDGE_LOOP('',(#4649,#4650,#4651,#4652));
#1095=EDGE_LOOP('',(#4653,#4654,#4655,#4656));
#1096=EDGE_LOOP('',(#4657,#4658,#4659,#4660));
#1097=EDGE_LOOP('',(#4661,#4662,#4663,#4664));
#1098=EDGE_LOOP('',(#4665,#4666,#4667,#4668));
#1099=EDGE_LOOP('',(#4669,#4670,#4671,#4672));
#1100=EDGE_LOOP('',(#4673,#4674,#4675,#4676));
#1101=EDGE_LOOP('',(#4677,#4678,#4679,#4680));
#1102=EDGE_LOOP('',(#4681,#4682,#4683,#4684));
#1103=EDGE_LOOP('',(#4685,#4686,#4687,#4688));
#1104=EDGE_LOOP('',(#4689,#4690,#4691,#4692));
#1105=EDGE_LOOP('',(#4693,#4694,#4695,#4696));
#1106=EDGE_LOOP('',(#4697,#4698,#4699,#4700));
#1107=EDGE_LOOP('',(#4701,#4702,#4703,#4704));
#1108=EDGE_LOOP('',(#4705,#4706,#4707,#4708));
#1109=EDGE_LOOP('',(#4709,#4710,#4711,#4712));
#1110=EDGE_LOOP('',(#4713,#4714,#4715,#4716));
#1111=EDGE_LOOP('',(#4717,#4718,#4719,#4720));
#1112=EDGE_LOOP('',(#4721,#4722,#4723,#4724));
#1113=EDGE_LOOP('',(#4725,#4726,#4727,#4728));
#1114=EDGE_LOOP('',(#4729,#4730,#4731,#4732,#4733,#4734,#4735,#4736,#4737,
#4738,#4739,#4740,#4741));
#1115=EDGE_LOOP('',(#4742,#4743,#4744,#4745,#4746,#4747,#4748,#4749,#4750));
#1116=EDGE_LOOP('',(#4751,#4752,#4753,#4754));
#1117=EDGE_LOOP('',(#4755,#4756,#4757,#4758));
#1118=EDGE_LOOP('',(#4759,#4760,#4761,#4762));
#1119=EDGE_LOOP('',(#4763,#4764,#4765,#4766));
#1120=EDGE_LOOP('',(#4767,#4768,#4769,#4770));
#1121=EDGE_LOOP('',(#4771,#4772,#4773,#4774));
#1122=EDGE_LOOP('',(#4775,#4776,#4777,#4778));
#1123=EDGE_LOOP('',(#4779,#4780,#4781,#4782));
#1124=EDGE_LOOP('',(#4783,#4784,#4785,#4786));
#1125=EDGE_LOOP('',(#4787,#4788,#4789,#4790));
#1126=EDGE_LOOP('',(#4791,#4792,#4793,#4794));
#1127=EDGE_LOOP('',(#4795,#4796,#4797,#4798));
#1128=EDGE_LOOP('',(#4799,#4800,#4801,#4802));
#1129=EDGE_LOOP('',(#4803,#4804,#4805,#4806));
#1130=EDGE_LOOP('',(#4807,#4808,#4809,#4810));
#1131=EDGE_LOOP('',(#4811,#4812,#4813,#4814));
#1132=EDGE_LOOP('',(#4815,#4816,#4817,#4818));
#1133=EDGE_LOOP('',(#4819,#4820,#4821,#4822));
#1134=EDGE_LOOP('',(#4823,#4824,#4825,#4826));
#1135=EDGE_LOOP('',(#4827,#4828,#4829,#4830));
#1136=EDGE_LOOP('',(#4831,#4832,#4833,#4834));
#1137=EDGE_LOOP('',(#4835,#4836,#4837,#4838));
#1138=EDGE_LOOP('',(#4839,#4840,#4841,#4842));
#1139=EDGE_LOOP('',(#4843,#4844,#4845,#4846,#4847,#4848,#4849,#4850,#4851,
#4852,#4853,#4854,#4855,#4856,#4857,#4858,#4859,#4860,#4861,#4862,#4863,
#4864,#4865));
#1140=EDGE_LOOP('',(#4866,#4867,#4868,#4869));
#1141=EDGE_LOOP('',(#4870,#4871,#4872,#4873));
#1142=EDGE_LOOP('',(#4874,#4875,#4876,#4877));
#1143=EDGE_LOOP('',(#4878,#4879,#4880,#4881));
#1144=EDGE_LOOP('',(#4882,#4883,#4884,#4885));
#1145=EDGE_LOOP('',(#4886,#4887,#4888,#4889));
#1146=EDGE_LOOP('',(#4890,#4891,#4892,#4893));
#1147=EDGE_LOOP('',(#4894,#4895,#4896,#4897));
#1148=EDGE_LOOP('',(#4898,#4899,#4900,#4901));
#1149=EDGE_LOOP('',(#4902,#4903,#4904,#4905));
#1150=EDGE_LOOP('',(#4906,#4907,#4908,#4909));
#1151=EDGE_LOOP('',(#4910,#4911,#4912,#4913));
#1152=EDGE_LOOP('',(#4914,#4915,#4916,#4917));
#1153=EDGE_LOOP('',(#4918,#4919,#4920,#4921,#4922,#4923,#4924,#4925));
#1154=EDGE_LOOP('',(#4926,#4927,#4928,#4929,#4930));
#1155=EDGE_LOOP('',(#4931,#4932,#4933,#4934,#4935));
#1156=EDGE_LOOP('',(#4936,#4937,#4938,#4939,#4940,#4941,#4942,#4943,#4944));
#1157=EDGE_LOOP('',(#4945,#4946,#4947,#4948,#4949));
#1158=EDGE_LOOP('',(#4950,#4951,#4952,#4953));
#1159=EDGE_LOOP('',(#4954,#4955,#4956,#4957,#4958,#4959,#4960,#4961,#4962));
#1160=EDGE_LOOP('',(#4963,#4964,#4965,#4966,#4967,#4968,#4969,#4970,#4971));
#1161=EDGE_LOOP('',(#4972,#4973,#4974,#4975,#4976));
#1162=EDGE_LOOP('',(#4977,#4978,#4979,#4980));
#1163=EDGE_LOOP('',(#4981,#4982,#4983,#4984,#4985));
#1164=EDGE_LOOP('',(#4986,#4987,#4988,#4989,#4990));
#1165=EDGE_LOOP('',(#4991,#4992,#4993,#4994));
#1166=EDGE_LOOP('',(#4995,#4996,#4997,#4998));
#1167=EDGE_LOOP('',(#4999,#5000,#5001,#5002));
#1168=EDGE_LOOP('',(#5003,#5004,#5005,#5006,#5007,#5008,#5009));
#1169=EDGE_LOOP('',(#5010,#5011,#5012,#5013,#5014,#5015));
#1170=EDGE_LOOP('',(#5016,#5017,#5018,#5019));
#1171=EDGE_LOOP('',(#5020,#5021,#5022,#5023,#5024));
#1172=EDGE_LOOP('',(#5025,#5026,#5027,#5028,#5029,#5030,#5031,#5032,#5033,
#5034,#5035,#5036,#5037,#5038,#5039,#5040));
#1173=EDGE_LOOP('',(#5041,#5042,#5043,#5044,#5045,#5046));
#1174=EDGE_LOOP('',(#5047,#5048));
#1175=EDGE_LOOP('',(#5049,#5050,#5051,#5052,#5053,#5054));
#1176=EDGE_LOOP('',(#5055,#5056));
#1177=EDGE_LOOP('',(#5057,#5058));
#1178=EDGE_LOOP('',(#5059,#5060,#5061,#5062,#5063,#5064));
#1179=EDGE_LOOP('',(#5065,#5066));
#1180=EDGE_LOOP('',(#5067,#5068,#5069,#5070,#5071,#5072,#5073,#5074,#5075,
#5076));
#1181=EDGE_LOOP('',(#5077,#5078,#5079,#5080,#5081));
#1182=EDGE_LOOP('',(#5082,#5083,#5084));
#1183=EDGE_LOOP('',(#5085,#5086,#5087,#5088,#5089,#5090));
#1184=EDGE_LOOP('',(#5091,#5092,#5093));
#1185=EDGE_LOOP('',(#5094,#5095,#5096));
#1186=EDGE_LOOP('',(#5097,#5098,#5099,#5100,#5101,#5102));
#1187=EDGE_LOOP('',(#5103,#5104,#5105));
#1188=EDGE_LOOP('',(#5106,#5107,#5108,#5109,#5110,#5111));
#1189=EDGE_LOOP('',(#5112,#5113,#5114,#5115,#5116,#5117,#5118,#5119,#5120,
#5121,#5122,#5123,#5124,#5125,#5126,#5127,#5128,#5129));
#1190=EDGE_LOOP('',(#5130,#5131,#5132,#5133));
#1191=EDGE_LOOP('',(#5134,#5135,#5136,#5137));
#1192=EDGE_LOOP('',(#5138,#5139,#5140,#5141));
#1193=EDGE_LOOP('',(#5142,#5143,#5144,#5145));
#1194=EDGE_LOOP('',(#5146,#5147,#5148,#5149));
#1195=EDGE_LOOP('',(#5150,#5151,#5152,#5153));
#1196=EDGE_LOOP('',(#5154,#5155,#5156,#5157));
#1197=EDGE_LOOP('',(#5158,#5159,#5160,#5161));
#1198=EDGE_LOOP('',(#5162,#5163,#5164,#5165));
#1199=EDGE_LOOP('',(#5166,#5167,#5168,#5169));
#1200=EDGE_LOOP('',(#5170,#5171,#5172,#5173));
#1201=EDGE_LOOP('',(#5174,#5175,#5176,#5177));
#1202=EDGE_LOOP('',(#5178,#5179,#5180,#5181));
#1203=EDGE_LOOP('',(#5182,#5183,#5184,#5185));
#1204=EDGE_LOOP('',(#5186,#5187,#5188,#5189));
#1205=EDGE_LOOP('',(#5190,#5191,#5192,#5193));
#1206=EDGE_LOOP('',(#5194,#5195,#5196,#5197));
#1207=EDGE_LOOP('',(#5198,#5199,#5200,#5201));
#1208=EDGE_LOOP('',(#5202,#5203,#5204,#5205));
#1209=EDGE_LOOP('',(#5206,#5207,#5208,#5209));
#1210=EDGE_LOOP('',(#5210,#5211,#5212,#5213,#5214));
#1211=EDGE_LOOP('',(#5215,#5216,#5217,#5218));
#1212=EDGE_LOOP('',(#5219,#5220,#5221,#5222));
#1213=EDGE_LOOP('',(#5223,#5224,#5225,#5226,#5227));
#1214=EDGE_LOOP('',(#5228,#5229,#5230,#5231,#5232,#5233,#5234,#5235));
#1215=EDGE_LOOP('',(#5236,#5237,#5238));
#1216=EDGE_LOOP('',(#5239,#5240,#5241,#5242));
#1217=EDGE_LOOP('',(#5243,#5244,#5245));
#1218=EDGE_LOOP('',(#5246,#5247,#5248));
#1219=EDGE_LOOP('',(#5249,#5250,#5251,#5252));
#1220=EDGE_LOOP('',(#5253,#5254,#5255));
#1221=EDGE_LOOP('',(#5256,#5257,#5258,#5259));
#1222=EDGE_LOOP('',(#5260,#5261,#5262,#5263,#5264,#5265,#5266,#5267));
#1223=EDGE_LOOP('',(#5268,#5269,#5270,#5271,#5272,#5273,#5274,#5275));
#1224=EDGE_LOOP('',(#5276,#5277,#5278,#5279));
#1225=EDGE_LOOP('',(#5280,#5281,#5282,#5283,#5284,#5285,#5286,#5287));
#1226=EDGE_LOOP('',(#5288,#5289,#5290,#5291,#5292,#5293,#5294,#5295));
#1227=EDGE_LOOP('',(#5296,#5297,#5298,#5299,#5300,#5301,#5302,#5303));
#1228=EDGE_LOOP('',(#5304,#5305,#5306,#5307));
#1229=EDGE_LOOP('',(#5308,#5309,#5310,#5311,#5312,#5313,#5314,#5315));
#1230=EDGE_LOOP('',(#5316,#5317,#5318,#5319));
#1231=LINE('',#6974,#1733);
#1232=LINE('',#6976,#1734);
#1233=LINE('',#6978,#1735);
#1234=LINE('',#6979,#1736);
#1235=LINE('',#6982,#1737);
#1236=LINE('',#6984,#1738);
#1237=LINE('',#6985,#1739);
#1238=LINE('',#6988,#1740);
#1239=LINE('',#6990,#1741);
#1240=LINE('',#6991,#1742);
#1241=LINE('',#6993,#1743);
#1242=LINE('',#6994,#1744);
#1243=LINE('',#6998,#1745);
#1244=LINE('',#7000,#1746);
#1245=LINE('',#7002,#1747);
#1246=LINE('',#7003,#1748);
#1247=LINE('',#7006,#1749);
#1248=LINE('',#7008,#1750);
#1249=LINE('',#7009,#1751);
#1250=LINE('',#7012,#1752);
#1251=LINE('',#7014,#1753);
#1252=LINE('',#7015,#1754);
#1253=LINE('',#7017,#1755);
#1254=LINE('',#7018,#1756);
#1255=LINE('',#7022,#1757);
#1256=LINE('',#7024,#1758);
#1257=LINE('',#7026,#1759);
#1258=LINE('',#7027,#1760);
#1259=LINE('',#7030,#1761);
#1260=LINE('',#7032,#1762);
#1261=LINE('',#7033,#1763);
#1262=LINE('',#7036,#1764);
#1263=LINE('',#7038,#1765);
#1264=LINE('',#7039,#1766);
#1265=LINE('',#7041,#1767);
#1266=LINE('',#7042,#1768);
#1267=LINE('',#7046,#1769);
#1268=LINE('',#7048,#1770);
#1269=LINE('',#7050,#1771);
#1270=LINE('',#7051,#1772);
#1271=LINE('',#7054,#1773);
#1272=LINE('',#7056,#1774);
#1273=LINE('',#7057,#1775);
#1274=LINE('',#7060,#1776);
#1275=LINE('',#7062,#1777);
#1276=LINE('',#7063,#1778);
#1277=LINE('',#7065,#1779);
#1278=LINE('',#7066,#1780);
#1279=LINE('',#7068,#1781);
#1280=LINE('',#7069,#1782);
#1281=LINE('',#7070,#1783);
#1282=LINE('',#7071,#1784);
#1283=LINE('',#7224,#1785);
#1284=LINE('',#7226,#1786);
#1285=LINE('',#7240,#1787);
#1286=LINE('',#7284,#1788);
#1287=LINE('',#7286,#1789);
#1288=LINE('',#7288,#1790);
#1289=LINE('',#7290,#1791);
#1290=LINE('',#7292,#1792);
#1291=LINE('',#7318,#1793);
#1292=LINE('',#7320,#1794);
#1293=LINE('',#7322,#1795);
#1294=LINE('',#7324,#1796);
#1295=LINE('',#7326,#1797);
#1296=LINE('',#7328,#1798);
#1297=LINE('',#7330,#1799);
#1298=LINE('',#7356,#1800);
#1299=LINE('',#7358,#1801);
#1300=LINE('',#7360,#1802);
#1301=LINE('',#7361,#1803);
#1302=LINE('',#7376,#1804);
#1303=LINE('',#7378,#1805);
#1304=LINE('',#7380,#1806);
#1305=LINE('',#7382,#1807);
#1306=LINE('',#7384,#1808);
#1307=LINE('',#7386,#1809);
#1308=LINE('',#7388,#1810);
#1309=LINE('',#7420,#1811);
#1310=LINE('',#7422,#1812);
#1311=LINE('',#7436,#1813);
#1312=LINE('',#7528,#1814);
#1313=LINE('',#7548,#1815);
#1314=LINE('',#7550,#1816);
#1315=LINE('',#7552,#1817);
#1316=LINE('',#7554,#1818);
#1317=LINE('',#7556,#1819);
#1318=LINE('',#7558,#1820);
#1319=LINE('',#7566,#1821);
#1320=LINE('',#7568,#1822);
#1321=LINE('',#7570,#1823);
#1322=LINE('',#7572,#1824);
#1323=LINE('',#7574,#1825);
#1324=LINE('',#7612,#1826);
#1325=LINE('',#7613,#1827);
#1326=LINE('',#7622,#1828);
#1327=LINE('',#7624,#1829);
#1328=LINE('',#7626,#1830);
#1329=LINE('',#7646,#1831);
#1330=LINE('',#7648,#1832);
#1331=LINE('',#7650,#1833);
#1332=LINE('',#7670,#1834);
#1333=LINE('',#7672,#1835);
#1334=LINE('',#7674,#1836);
#1335=LINE('',#7676,#1837);
#1336=LINE('',#7678,#1838);
#1337=LINE('',#7680,#1839);
#1338=LINE('',#7712,#1840);
#1339=LINE('',#7714,#1841);
#1340=LINE('',#7716,#1842);
#1341=LINE('',#7718,#1843);
#1342=LINE('',#7720,#1844);
#1343=LINE('',#7750,#1845);
#1344=LINE('',#7757,#1846);
#1345=LINE('',#7775,#1847);
#1346=LINE('',#7798,#1848);
#1347=LINE('',#7821,#1849);
#1348=LINE('',#7858,#1850);
#1349=LINE('',#7865,#1851);
#1350=LINE('',#7877,#1852);
#1351=LINE('',#7894,#1853);
#1352=LINE('',#7911,#1854);
#1353=LINE('',#7928,#1855);
#1354=LINE('',#7945,#1856);
#1355=LINE('',#7962,#1857);
#1356=LINE('',#8002,#1858);
#1357=LINE('',#8009,#1859);
#1358=LINE('',#8027,#1860);
#1359=LINE('',#8050,#1861);
#1360=LINE('',#8073,#1862);
#1361=LINE('',#8110,#1863);
#1362=LINE('',#8117,#1864);
#1363=LINE('',#8129,#1865);
#1364=LINE('',#8146,#1866);
#1365=LINE('',#8163,#1867);
#1366=LINE('',#8180,#1868);
#1367=LINE('',#8197,#1869);
#1368=LINE('',#8214,#1870);
#1369=LINE('',#8254,#1871);
#1370=LINE('',#8261,#1872);
#1371=LINE('',#8279,#1873);
#1372=LINE('',#8302,#1874);
#1373=LINE('',#8325,#1875);
#1374=LINE('',#8362,#1876);
#1375=LINE('',#8369,#1877);
#1376=LINE('',#8381,#1878);
#1377=LINE('',#8398,#1879);
#1378=LINE('',#8415,#1880);
#1379=LINE('',#8432,#1881);
#1380=LINE('',#8449,#1882);
#1381=LINE('',#8466,#1883);
#1382=LINE('',#8506,#1884);
#1383=LINE('',#8513,#1885);
#1384=LINE('',#8531,#1886);
#1385=LINE('',#8554,#1887);
#1386=LINE('',#8561,#1888);
#1387=LINE('',#8562,#1889);
#1388=LINE('',#8574,#1890);
#1389=LINE('',#8581,#1891);
#1390=LINE('',#8593,#1892);
#1391=LINE('',#8610,#1893);
#1392=LINE('',#8627,#1894);
#1393=LINE('',#8644,#1895);
#1394=LINE('',#8661,#1896);
#1395=LINE('',#8678,#1897);
#1396=LINE('',#8686,#1898);
#1397=LINE('',#8687,#1899);
#1398=LINE('',#8699,#1900);
#1399=LINE('',#8716,#1901);
#1400=LINE('',#8724,#1902);
#1401=LINE('',#8725,#1903);
#1402=LINE('',#8727,#1904);
#1403=LINE('',#8747,#1905);
#1404=LINE('',#8754,#1906);
#1405=LINE('',#8772,#1907);
#1406=LINE('',#8780,#1908);
#1407=LINE('',#8782,#1909);
#1408=LINE('',#8783,#1910);
#1409=LINE('',#8786,#1911);
#1410=LINE('',#8788,#1912);
#1411=LINE('',#8789,#1913);
#1412=LINE('',#8791,#1914);
#1413=LINE('',#8792,#1915);
#1414=LINE('',#8804,#1916);
#1415=LINE('',#8811,#1917);
#1416=LINE('',#8823,#1918);
#1417=LINE('',#8840,#1919);
#1418=LINE('',#8848,#1920);
#1419=LINE('',#8849,#1921);
#1420=LINE('',#8852,#1922);
#1421=LINE('',#8853,#1923);
#1422=LINE('',#8856,#1924);
#1423=LINE('',#8857,#1925);
#1424=LINE('',#8860,#1926);
#1425=LINE('',#8861,#1927);
#1426=LINE('',#8863,#1928);
#1427=LINE('',#8883,#1929);
#1428=LINE('',#8890,#1930);
#1429=LINE('',#8908,#1931);
#1430=LINE('',#8931,#1932);
#1431=LINE('',#8954,#1933);
#1432=LINE('',#8977,#1934);
#1433=LINE('',#9000,#1935);
#1434=LINE('',#9023,#1936);
#1435=LINE('',#9031,#1937);
#1436=LINE('',#9033,#1938);
#1437=LINE('',#9034,#1939);
#1438=LINE('',#9066,#1940);
#1439=LINE('',#9073,#1941);
#1440=LINE('',#9085,#1942);
#1441=LINE('',#9102,#1943);
#1442=LINE('',#9119,#1944);
#1443=LINE('',#9136,#1945);
#1444=LINE('',#9144,#1946);
#1445=LINE('',#9145,#1947);
#1446=LINE('',#9148,#1948);
#1447=LINE('',#9149,#1949);
#1448=LINE('',#9152,#1950);
#1449=LINE('',#9153,#1951);
#1450=LINE('',#9156,#1952);
#1451=LINE('',#9157,#1953);
#1452=LINE('',#9160,#1954);
#1453=LINE('',#9161,#1955);
#1454=LINE('',#9164,#1956);
#1455=LINE('',#9165,#1957);
#1456=LINE('',#9168,#1958);
#1457=LINE('',#9169,#1959);
#1458=LINE('',#9188,#1960);
#1459=LINE('',#9190,#1961);
#1460=LINE('',#9191,#1962);
#1461=LINE('',#9194,#1963);
#1462=LINE('',#9195,#1964);
#1463=LINE('',#9198,#1965);
#1464=LINE('',#9199,#1966);
#1465=LINE('',#9201,#1967);
#1466=LINE('',#9221,#1968);
#1467=LINE('',#9228,#1969);
#1468=LINE('',#9246,#1970);
#1469=LINE('',#9269,#1971);
#1470=LINE('',#9292,#1972);
#1471=LINE('',#9315,#1973);
#1472=LINE('',#9338,#1974);
#1473=LINE('',#9361,#1975);
#1474=LINE('',#9369,#1976);
#1475=LINE('',#9371,#1977);
#1476=LINE('',#9372,#1978);
#1477=LINE('',#9404,#1979);
#1478=LINE('',#9411,#1980);
#1479=LINE('',#9423,#1981);
#1480=LINE('',#9440,#1982);
#1481=LINE('',#9457,#1983);
#1482=LINE('',#9474,#1984);
#1483=LINE('',#9482,#1985);
#1484=LINE('',#9483,#1986);
#1485=LINE('',#9486,#1987);
#1486=LINE('',#9487,#1988);
#1487=LINE('',#9490,#1989);
#1488=LINE('',#9491,#1990);
#1489=LINE('',#9494,#1991);
#1490=LINE('',#9495,#1992);
#1491=LINE('',#9498,#1993);
#1492=LINE('',#9499,#1994);
#1493=LINE('',#9502,#1995);
#1494=LINE('',#9503,#1996);
#1495=LINE('',#9506,#1997);
#1496=LINE('',#9507,#1998);
#1497=LINE('',#9542,#1999);
#1498=LINE('',#9549,#2000);
#1499=LINE('',#9567,#2001);
#1500=LINE('',#9590,#2002);
#1501=LINE('',#9597,#2003);
#1502=LINE('',#9598,#2004);
#1503=LINE('',#9610,#2005);
#1504=LINE('',#9617,#2006);
#1505=LINE('',#9629,#2007);
#1506=LINE('',#9646,#2008);
#1507=LINE('',#9663,#2009);
#1508=LINE('',#9680,#2010);
#1509=LINE('',#9697,#2011);
#1510=LINE('',#9714,#2012);
#1511=LINE('',#9722,#2013);
#1512=LINE('',#9723,#2014);
#1513=LINE('',#9735,#2015);
#1514=LINE('',#9752,#2016);
#1515=LINE('',#9760,#2017);
#1516=LINE('',#9761,#2018);
#1517=LINE('',#9763,#2019);
#1518=LINE('',#9783,#2020);
#1519=LINE('',#9790,#2021);
#1520=LINE('',#9808,#2022);
#1521=LINE('',#9831,#2023);
#1522=LINE('',#9854,#2024);
#1523=LINE('',#9891,#2025);
#1524=LINE('',#9898,#2026);
#1525=LINE('',#9910,#2027);
#1526=LINE('',#9927,#2028);
#1527=LINE('',#9944,#2029);
#1528=LINE('',#9961,#2030);
#1529=LINE('',#9978,#2031);
#1530=LINE('',#9995,#2032);
#1531=LINE('',#10028,#2033);
#1532=LINE('',#10035,#2034);
#1533=LINE('',#10047,#2035);
#1534=LINE('',#10055,#2036);
#1535=LINE('',#10056,#2037);
#1536=LINE('',#10059,#2038);
#1537=LINE('',#10060,#2039);
#1538=LINE('',#10063,#2040);
#1539=LINE('',#10064,#2041);
#1540=LINE('',#10067,#2042);
#1541=LINE('',#10068,#2043);
#1542=LINE('',#10071,#2044);
#1543=LINE('',#10072,#2045);
#1544=LINE('',#10075,#2046);
#1545=LINE('',#10076,#2047);
#1546=LINE('',#10088,#2048);
#1547=LINE('',#10105,#2049);
#1548=LINE('',#10122,#2050);
#1549=LINE('',#10129,#2051);
#1550=LINE('',#10149,#2052);
#1551=LINE('',#10156,#2053);
#1552=LINE('',#10174,#2054);
#1553=LINE('',#10197,#2055);
#1554=LINE('',#10220,#2056);
#1555=LINE('',#10243,#2057);
#1556=LINE('',#10266,#2058);
#1557=LINE('',#10289,#2059);
#1558=LINE('',#10297,#2060);
#1559=LINE('',#10299,#2061);
#1560=LINE('',#10300,#2062);
#1561=LINE('',#10323,#2063);
#1562=LINE('',#10325,#2064);
#1563=LINE('',#10326,#2065);
#1564=LINE('',#10329,#2066);
#1565=LINE('',#10330,#2067);
#1566=LINE('',#10333,#2068);
#1567=LINE('',#10334,#2069);
#1568=LINE('',#10346,#2070);
#1569=LINE('',#10363,#2071);
#1570=LINE('',#10380,#2072);
#1571=LINE('',#10397,#2073);
#1572=LINE('',#10414,#2074);
#1573=LINE('',#10431,#2075);
#1574=LINE('',#10439,#2076);
#1575=LINE('',#10440,#2077);
#1576=LINE('',#10443,#2078);
#1577=LINE('',#10444,#2079);
#1578=LINE('',#10447,#2080);
#1579=LINE('',#10448,#2081);
#1580=LINE('',#10450,#2082);
#1581=LINE('',#10463,#2083);
#1582=LINE('',#10470,#2084);
#1583=LINE('',#10482,#2085);
#1584=LINE('',#10499,#2086);
#1585=LINE('',#10516,#2087);
#1586=LINE('',#10533,#2088);
#1587=LINE('',#10541,#2089);
#1588=LINE('',#10542,#2090);
#1589=LINE('',#10545,#2091);
#1590=LINE('',#10546,#2092);
#1591=LINE('',#10549,#2093);
#1592=LINE('',#10550,#2094);
#1593=LINE('',#10553,#2095);
#1594=LINE('',#10554,#2096);
#1595=LINE('',#10557,#2097);
#1596=LINE('',#10558,#2098);
#1597=LINE('',#10561,#2099);
#1598=LINE('',#10562,#2100);
#1599=LINE('',#10574,#2101);
#1600=LINE('',#10591,#2102);
#1601=LINE('',#10608,#2103);
#1602=LINE('',#10616,#2104);
#1603=LINE('',#10617,#2105);
#1604=LINE('',#10620,#2106);
#1605=LINE('',#10621,#2107);
#1606=LINE('',#10624,#2108);
#1607=LINE('',#10625,#2109);
#1608=LINE('',#10637,#2110);
#1609=LINE('',#10654,#2111);
#1610=LINE('',#10671,#2112);
#1611=LINE('',#10679,#2113);
#1612=LINE('',#10680,#2114);
#1613=LINE('',#10683,#2115);
#1614=LINE('',#10684,#2116);
#1615=LINE('',#10686,#2117);
#1616=LINE('',#10706,#2118);
#1617=LINE('',#10713,#2119);
#1618=LINE('',#10731,#2120);
#1619=LINE('',#10739,#2121);
#1620=LINE('',#10741,#2122);
#1621=LINE('',#10742,#2123);
#1622=LINE('',#10745,#2124);
#1623=LINE('',#10747,#2125);
#1624=LINE('',#10748,#2126);
#1625=LINE('',#10750,#2127);
#1626=LINE('',#10751,#2128);
#1627=LINE('',#10763,#2129);
#1628=LINE('',#10770,#2130);
#1629=LINE('',#10782,#2131);
#1630=LINE('',#10799,#2132);
#1631=LINE('',#10807,#2133);
#1632=LINE('',#10808,#2134);
#1633=LINE('',#10811,#2135);
#1634=LINE('',#10812,#2136);
#1635=LINE('',#10815,#2137);
#1636=LINE('',#10816,#2138);
#1637=LINE('',#10819,#2139);
#1638=LINE('',#10820,#2140);
#1639=LINE('',#10822,#2141);
#1640=LINE('',#10837,#2142);
#1641=LINE('',#10839,#2143);
#1642=LINE('',#10841,#2144);
#1643=LINE('',#10842,#2145);
#1644=LINE('',#10847,#2146);
#1645=LINE('',#10848,#2147);
#1646=LINE('',#10851,#2148);
#1647=LINE('',#10852,#2149);
#1648=LINE('',#10856,#2150);
#1649=LINE('',#10859,#2151);
#1650=LINE('',#10862,#2152);
#1651=LINE('',#10865,#2153);
#1652=LINE('',#10871,#2154);
#1653=LINE('',#10874,#2155);
#1654=LINE('',#10877,#2156);
#1655=LINE('',#10879,#2157);
#1656=LINE('',#10881,#2158);
#1657=LINE('',#10882,#2159);
#1658=LINE('',#10883,#2160);
#1659=LINE('',#10884,#2161);
#1660=LINE('',#10890,#2162);
#1661=LINE('',#10895,#2163);
#1662=LINE('',#10901,#2164);
#1663=LINE('',#10905,#2165);
#1664=LINE('',#10909,#2166);
#1665=LINE('',#10917,#2167);
#1666=LINE('',#10929,#2168);
#1667=LINE('',#10936,#2169);
#1668=LINE('',#10941,#2170);
#1669=LINE('',#10943,#2171);
#1670=LINE('',#10945,#2172);
#1671=LINE('',#10946,#2173);
#1672=LINE('',#10952,#2174);
#1673=LINE('',#10955,#2175);
#1674=LINE('',#10957,#2176);
#1675=LINE('',#10958,#2177);
#1676=LINE('',#10964,#2178);
#1677=LINE('',#10967,#2179);
#1678=LINE('',#10969,#2180);
#1679=LINE('',#10970,#2181);
#1680=LINE('',#10976,#2182);
#1681=LINE('',#10979,#2183);
#1682=LINE('',#10981,#2184);
#1683=LINE('',#10982,#2185);
#1684=LINE('',#10989,#2186);
#1685=LINE('',#10991,#2187);
#1686=LINE('',#10993,#2188);
#1687=LINE('',#10994,#2189);
#1688=LINE('',#10997,#2190);
#1689=LINE('',#10999,#2191);
#1690=LINE('',#11000,#2192);
#1691=LINE('',#11003,#2193);
#1692=LINE('',#11005,#2194);
#1693=LINE('',#11006,#2195);
#1694=LINE('',#11008,#2196);
#1695=LINE('',#11009,#2197);
#1696=LINE('',#11013,#2198);
#1697=LINE('',#11015,#2199);
#1698=LINE('',#11017,#2200);
#1699=LINE('',#11018,#2201);
#1700=LINE('',#11024,#2202);
#1701=LINE('',#11027,#2203);
#1702=LINE('',#11029,#2204);
#1703=LINE('',#11030,#2205);
#1704=LINE('',#11036,#2206);
#1705=LINE('',#11039,#2207);
#1706=LINE('',#11041,#2208);
#1707=LINE('',#11042,#2209);
#1708=LINE('',#11048,#2210);
#1709=LINE('',#11051,#2211);
#1710=LINE('',#11053,#2212);
#1711=LINE('',#11054,#2213);
#1712=LINE('',#11061,#2214);
#1713=LINE('',#11063,#2215);
#1714=LINE('',#11067,#2216);
#1715=LINE('',#11068,#2217);
#1716=LINE('',#11071,#2218);
#1717=LINE('',#11073,#2219);
#1718=LINE('',#11074,#2220);
#1719=LINE('',#11077,#2221);
#1720=LINE('',#11079,#2222);
#1721=LINE('',#11080,#2223);
#1722=LINE('',#11082,#2224);
#1723=LINE('',#11084,#2225);
#1724=LINE('',#11088,#2226);
#1725=LINE('',#11092,#2227);
#1726=LINE('',#11095,#2228);
#1727=LINE('',#11105,#2229);
#1728=LINE('',#11107,#2230);
#1729=LINE('',#11116,#2231);
#1730=LINE('',#11119,#2232);
#1731=LINE('',#11125,#2233);
#1732=LINE('',#11126,#2234);
#1733=VECTOR('',#6018,10.);
#1734=VECTOR('',#6019,10.);
#1735=VECTOR('',#6020,10.);
#1736=VECTOR('',#6021,10.);
#1737=VECTOR('',#6024,10.);
#1738=VECTOR('',#6025,10.);
#1739=VECTOR('',#6026,10.);
#1740=VECTOR('',#6029,10.);
#1741=VECTOR('',#6030,10.);
#1742=VECTOR('',#6031,10.);
#1743=VECTOR('',#6034,10.);
#1744=VECTOR('',#6035,10.);
#1745=VECTOR('',#6038,10.);
#1746=VECTOR('',#6039,10.);
#1747=VECTOR('',#6040,10.);
#1748=VECTOR('',#6041,10.);
#1749=VECTOR('',#6044,10.);
#1750=VECTOR('',#6045,10.);
#1751=VECTOR('',#6046,10.);
#1752=VECTOR('',#6049,10.);
#1753=VECTOR('',#6050,10.);
#1754=VECTOR('',#6051,10.);
#1755=VECTOR('',#6054,10.);
#1756=VECTOR('',#6055,10.);
#1757=VECTOR('',#6058,10.);
#1758=VECTOR('',#6059,10.);
#1759=VECTOR('',#6060,10.);
#1760=VECTOR('',#6061,10.);
#1761=VECTOR('',#6064,10.);
#1762=VECTOR('',#6065,10.);
#1763=VECTOR('',#6066,10.);
#1764=VECTOR('',#6069,10.);
#1765=VECTOR('',#6070,10.);
#1766=VECTOR('',#6071,10.);
#1767=VECTOR('',#6074,10.);
#1768=VECTOR('',#6075,10.);
#1769=VECTOR('',#6078,10.);
#1770=VECTOR('',#6079,10.);
#1771=VECTOR('',#6080,10.);
#1772=VECTOR('',#6081,10.);
#1773=VECTOR('',#6084,10.);
#1774=VECTOR('',#6085,10.);
#1775=VECTOR('',#6086,10.);
#1776=VECTOR('',#6089,10.);
#1777=VECTOR('',#6090,10.);
#1778=VECTOR('',#6091,10.);
#1779=VECTOR('',#6094,10.);
#1780=VECTOR('',#6095,10.);
#1781=VECTOR('',#6098,10.);
#1782=VECTOR('',#6099,10.);
#1783=VECTOR('',#6100,10.);
#1784=VECTOR('',#6101,10.);
#1785=VECTOR('',#6102,10.);
#1786=VECTOR('',#6103,10.);
#1787=VECTOR('',#6104,10.);
#1788=VECTOR('',#6105,10.);
#1789=VECTOR('',#6106,10.);
#1790=VECTOR('',#6107,10.);
#1791=VECTOR('',#6108,10.);
#1792=VECTOR('',#6109,10.);
#1793=VECTOR('',#6110,10.);
#1794=VECTOR('',#6111,10.);
#1795=VECTOR('',#6112,10.);
#1796=VECTOR('',#6113,10.);
#1797=VECTOR('',#6114,10.);
#1798=VECTOR('',#6115,10.);
#1799=VECTOR('',#6116,10.);
#1800=VECTOR('',#6117,10.);
#1801=VECTOR('',#6118,10.);
#1802=VECTOR('',#6119,10.);
#1803=VECTOR('',#6120,10.);
#1804=VECTOR('',#6121,10.);
#1805=VECTOR('',#6122,10.);
#1806=VECTOR('',#6123,10.);
#1807=VECTOR('',#6124,10.);
#1808=VECTOR('',#6125,10.);
#1809=VECTOR('',#6126,10.);
#1810=VECTOR('',#6127,10.);
#1811=VECTOR('',#6128,10.);
#1812=VECTOR('',#6129,10.);
#1813=VECTOR('',#6130,10.);
#1814=VECTOR('',#6131,10.);
#1815=VECTOR('',#6132,10.);
#1816=VECTOR('',#6133,10.);
#1817=VECTOR('',#6134,10.);
#1818=VECTOR('',#6135,10.);
#1819=VECTOR('',#6136,10.);
#1820=VECTOR('',#6137,10.);
#1821=VECTOR('',#6138,10.);
#1822=VECTOR('',#6139,10.);
#1823=VECTOR('',#6140,10.);
#1824=VECTOR('',#6141,10.);
#1825=VECTOR('',#6142,10.);
#1826=VECTOR('',#6143,10.);
#1827=VECTOR('',#6144,10.);
#1828=VECTOR('',#6145,10.);
#1829=VECTOR('',#6146,10.);
#1830=VECTOR('',#6147,10.);
#1831=VECTOR('',#6148,10.);
#1832=VECTOR('',#6149,10.);
#1833=VECTOR('',#6150,10.);
#1834=VECTOR('',#6151,10.);
#1835=VECTOR('',#6152,10.);
#1836=VECTOR('',#6153,10.);
#1837=VECTOR('',#6154,10.);
#1838=VECTOR('',#6155,10.);
#1839=VECTOR('',#6156,10.);
#1840=VECTOR('',#6157,10.);
#1841=VECTOR('',#6158,10.);
#1842=VECTOR('',#6159,10.);
#1843=VECTOR('',#6160,10.);
#1844=VECTOR('',#6161,10.);
#1845=VECTOR('',#6162,10.);
#1846=VECTOR('',#6163,10.);
#1847=VECTOR('',#6164,10.);
#1848=VECTOR('',#6165,10.);
#1849=VECTOR('',#6166,10.);
#1850=VECTOR('',#6167,10.);
#1851=VECTOR('',#6168,10.);
#1852=VECTOR('',#6169,10.);
#1853=VECTOR('',#6170,10.);
#1854=VECTOR('',#6171,10.);
#1855=VECTOR('',#6172,10.);
#1856=VECTOR('',#6173,10.);
#1857=VECTOR('',#6174,10.);
#1858=VECTOR('',#6177,10.);
#1859=VECTOR('',#6178,10.);
#1860=VECTOR('',#6179,10.);
#1861=VECTOR('',#6180,10.);
#1862=VECTOR('',#6181,10.);
#1863=VECTOR('',#6182,10.);
#1864=VECTOR('',#6183,10.);
#1865=VECTOR('',#6184,10.);
#1866=VECTOR('',#6185,10.);
#1867=VECTOR('',#6186,10.);
#1868=VECTOR('',#6187,10.);
#1869=VECTOR('',#6188,10.);
#1870=VECTOR('',#6189,10.);
#1871=VECTOR('',#6192,10.);
#1872=VECTOR('',#6193,10.);
#1873=VECTOR('',#6194,10.);
#1874=VECTOR('',#6195,10.);
#1875=VECTOR('',#6196,10.);
#1876=VECTOR('',#6197,10.);
#1877=VECTOR('',#6198,10.);
#1878=VECTOR('',#6199,10.);
#1879=VECTOR('',#6200,10.);
#1880=VECTOR('',#6201,10.);
#1881=VECTOR('',#6202,10.);
#1882=VECTOR('',#6203,10.);
#1883=VECTOR('',#6204,10.);
#1884=VECTOR('',#6207,10.);
#1885=VECTOR('',#6208,10.);
#1886=VECTOR('',#6209,10.);
#1887=VECTOR('',#6210,10.);
#1888=VECTOR('',#6213,10.);
#1889=VECTOR('',#6214,10.);
#1890=VECTOR('',#6215,10.);
#1891=VECTOR('',#6216,10.);
#1892=VECTOR('',#6217,10.);
#1893=VECTOR('',#6218,10.);
#1894=VECTOR('',#6219,10.);
#1895=VECTOR('',#6220,10.);
#1896=VECTOR('',#6221,10.);
#1897=VECTOR('',#6222,10.);
#1898=VECTOR('',#6225,10.);
#1899=VECTOR('',#6226,10.);
#1900=VECTOR('',#6227,10.);
#1901=VECTOR('',#6228,10.);
#1902=VECTOR('',#6231,10.);
#1903=VECTOR('',#6232,10.);
#1904=VECTOR('',#6235,10.);
#1905=VECTOR('',#6238,10.);
#1906=VECTOR('',#6239,10.);
#1907=VECTOR('',#6240,10.);
#1908=VECTOR('',#6243,10.);
#1909=VECTOR('',#6244,10.);
#1910=VECTOR('',#6245,10.);
#1911=VECTOR('',#6248,10.);
#1912=VECTOR('',#6249,10.);
#1913=VECTOR('',#6250,10.);
#1914=VECTOR('',#6253,10.);
#1915=VECTOR('',#6254,10.);
#1916=VECTOR('',#6255,10.);
#1917=VECTOR('',#6256,10.);
#1918=VECTOR('',#6257,10.);
#1919=VECTOR('',#6258,10.);
#1920=VECTOR('',#6261,10.);
#1921=VECTOR('',#6262,10.);
#1922=VECTOR('',#6265,10.);
#1923=VECTOR('',#6266,10.);
#1924=VECTOR('',#6269,10.);
#1925=VECTOR('',#6270,10.);
#1926=VECTOR('',#6273,10.);
#1927=VECTOR('',#6274,10.);
#1928=VECTOR('',#6277,10.);
#1929=VECTOR('',#6280,10.);
#1930=VECTOR('',#6281,10.);
#1931=VECTOR('',#6282,10.);
#1932=VECTOR('',#6283,10.);
#1933=VECTOR('',#6284,10.);
#1934=VECTOR('',#6285,10.);
#1935=VECTOR('',#6286,10.);
#1936=VECTOR('',#6287,10.);
#1937=VECTOR('',#6290,10.);
#1938=VECTOR('',#6291,10.);
#1939=VECTOR('',#6292,10.);
#1940=VECTOR('',#6293,10.);
#1941=VECTOR('',#6294,10.);
#1942=VECTOR('',#6295,10.);
#1943=VECTOR('',#6296,10.);
#1944=VECTOR('',#6297,10.);
#1945=VECTOR('',#6298,10.);
#1946=VECTOR('',#6301,10.);
#1947=VECTOR('',#6302,10.);
#1948=VECTOR('',#6305,10.);
#1949=VECTOR('',#6306,10.);
#1950=VECTOR('',#6309,10.);
#1951=VECTOR('',#6310,10.);
#1952=VECTOR('',#6313,10.);
#1953=VECTOR('',#6314,10.);
#1954=VECTOR('',#6317,10.);
#1955=VECTOR('',#6318,10.);
#1956=VECTOR('',#6321,10.);
#1957=VECTOR('',#6322,10.);
#1958=VECTOR('',#6325,10.);
#1959=VECTOR('',#6326,10.);
#1960=VECTOR('',#6331,10.);
#1961=VECTOR('',#6332,10.);
#1962=VECTOR('',#6333,10.);
#1963=VECTOR('',#6336,10.);
#1964=VECTOR('',#6337,10.);
#1965=VECTOR('',#6340,10.);
#1966=VECTOR('',#6341,10.);
#1967=VECTOR('',#6344,10.);
#1968=VECTOR('',#6347,10.);
#1969=VECTOR('',#6348,10.);
#1970=VECTOR('',#6349,10.);
#1971=VECTOR('',#6350,10.);
#1972=VECTOR('',#6351,10.);
#1973=VECTOR('',#6352,10.);
#1974=VECTOR('',#6353,10.);
#1975=VECTOR('',#6354,10.);
#1976=VECTOR('',#6357,10.);
#1977=VECTOR('',#6358,10.);
#1978=VECTOR('',#6359,10.);
#1979=VECTOR('',#6360,10.);
#1980=VECTOR('',#6361,10.);
#1981=VECTOR('',#6362,10.);
#1982=VECTOR('',#6363,10.);
#1983=VECTOR('',#6364,10.);
#1984=VECTOR('',#6365,10.);
#1985=VECTOR('',#6368,10.);
#1986=VECTOR('',#6369,10.);
#1987=VECTOR('',#6372,10.);
#1988=VECTOR('',#6373,10.);
#1989=VECTOR('',#6376,10.);
#1990=VECTOR('',#6377,10.);
#1991=VECTOR('',#6380,10.);
#1992=VECTOR('',#6381,10.);
#1993=VECTOR('',#6384,10.);
#1994=VECTOR('',#6385,10.);
#1995=VECTOR('',#6388,10.);
#1996=VECTOR('',#6389,10.);
#1997=VECTOR('',#6392,10.);
#1998=VECTOR('',#6393,10.);
#1999=VECTOR('',#6396,10.);
#2000=VECTOR('',#6397,10.);
#2001=VECTOR('',#6398,10.);
#2002=VECTOR('',#6399,10.);
#2003=VECTOR('',#6402,10.);
#2004=VECTOR('',#6403,10.);
#2005=VECTOR('',#6404,10.);
#2006=VECTOR('',#6405,10.);
#2007=VECTOR('',#6406,10.);
#2008=VECTOR('',#6407,10.);
#2009=VECTOR('',#6408,10.);
#2010=VECTOR('',#6409,10.);
#2011=VECTOR('',#6410,10.);
#2012=VECTOR('',#6411,10.);
#2013=VECTOR('',#6414,10.);
#2014=VECTOR('',#6415,10.);
#2015=VECTOR('',#6416,10.);
#2016=VECTOR('',#6417,10.);
#2017=VECTOR('',#6420,10.);
#2018=VECTOR('',#6421,10.);
#2019=VECTOR('',#6424,10.);
#2020=VECTOR('',#6427,10.);
#2021=VECTOR('',#6428,10.);
#2022=VECTOR('',#6429,10.);
#2023=VECTOR('',#6430,10.);
#2024=VECTOR('',#6431,10.);
#2025=VECTOR('',#6432,10.);
#2026=VECTOR('',#6433,10.);
#2027=VECTOR('',#6434,10.);
#2028=VECTOR('',#6435,10.);
#2029=VECTOR('',#6436,10.);
#2030=VECTOR('',#6437,10.);
#2031=VECTOR('',#6438,10.);
#2032=VECTOR('',#6439,10.);
#2033=VECTOR('',#6442,10.);
#2034=VECTOR('',#6443,10.);
#2035=VECTOR('',#6444,10.);
#2036=VECTOR('',#6447,10.);
#2037=VECTOR('',#6448,10.);
#2038=VECTOR('',#6451,10.);
#2039=VECTOR('',#6452,10.);
#2040=VECTOR('',#6455,10.);
#2041=VECTOR('',#6456,10.);
#2042=VECTOR('',#6459,10.);
#2043=VECTOR('',#6460,10.);
#2044=VECTOR('',#6463,10.);
#2045=VECTOR('',#6464,10.);
#2046=VECTOR('',#6467,10.);
#2047=VECTOR('',#6468,10.);
#2048=VECTOR('',#6469,10.);
#2049=VECTOR('',#6470,10.);
#2050=VECTOR('',#6471,10.);
#2051=VECTOR('',#6474,10.);
#2052=VECTOR('',#6477,10.);
#2053=VECTOR('',#6478,10.);
#2054=VECTOR('',#6479,10.);
#2055=VECTOR('',#6480,10.);
#2056=VECTOR('',#6481,10.);
#2057=VECTOR('',#6482,10.);
#2058=VECTOR('',#6483,10.);
#2059=VECTOR('',#6484,10.);
#2060=VECTOR('',#6487,10.);
#2061=VECTOR('',#6488,10.);
#2062=VECTOR('',#6489,10.);
#2063=VECTOR('',#6492,10.);
#2064=VECTOR('',#6493,10.);
#2065=VECTOR('',#6494,10.);
#2066=VECTOR('',#6497,10.);
#2067=VECTOR('',#6498,10.);
#2068=VECTOR('',#6501,10.);
#2069=VECTOR('',#6502,10.);
#2070=VECTOR('',#6503,10.);
#2071=VECTOR('',#6504,10.);
#2072=VECTOR('',#6505,10.);
#2073=VECTOR('',#6506,10.);
#2074=VECTOR('',#6507,10.);
#2075=VECTOR('',#6508,10.);
#2076=VECTOR('',#6511,10.);
#2077=VECTOR('',#6512,10.);
#2078=VECTOR('',#6515,10.);
#2079=VECTOR('',#6516,10.);
#2080=VECTOR('',#6519,10.);
#2081=VECTOR('',#6520,10.);
#2082=VECTOR('',#6523,10.);
#2083=VECTOR('',#6526,10.);
#2084=VECTOR('',#6527,10.);
#2085=VECTOR('',#6528,10.);
#2086=VECTOR('',#6529,10.);
#2087=VECTOR('',#6530,10.);
#2088=VECTOR('',#6531,10.);
#2089=VECTOR('',#6534,10.);
#2090=VECTOR('',#6535,10.);
#2091=VECTOR('',#6538,10.);
#2092=VECTOR('',#6539,10.);
#2093=VECTOR('',#6542,10.);
#2094=VECTOR('',#6543,10.);
#2095=VECTOR('',#6546,10.);
#2096=VECTOR('',#6547,10.);
#2097=VECTOR('',#6550,10.);
#2098=VECTOR('',#6551,10.);
#2099=VECTOR('',#6554,10.);
#2100=VECTOR('',#6555,10.);
#2101=VECTOR('',#6556,10.);
#2102=VECTOR('',#6557,10.);
#2103=VECTOR('',#6558,10.);
#2104=VECTOR('',#6561,10.);
#2105=VECTOR('',#6562,10.);
#2106=VECTOR('',#6565,10.);
#2107=VECTOR('',#6566,10.);
#2108=VECTOR('',#6569,10.);
#2109=VECTOR('',#6570,10.);
#2110=VECTOR('',#6571,10.);
#2111=VECTOR('',#6572,10.);
#2112=VECTOR('',#6573,10.);
#2113=VECTOR('',#6576,10.);
#2114=VECTOR('',#6577,10.);
#2115=VECTOR('',#6580,10.);
#2116=VECTOR('',#6581,10.);
#2117=VECTOR('',#6584,10.);
#2118=VECTOR('',#6587,10.);
#2119=VECTOR('',#6588,10.);
#2120=VECTOR('',#6589,10.);
#2121=VECTOR('',#6592,10.);
#2122=VECTOR('',#6593,10.);
#2123=VECTOR('',#6594,10.);
#2124=VECTOR('',#6597,10.);
#2125=VECTOR('',#6598,10.);
#2126=VECTOR('',#6599,10.);
#2127=VECTOR('',#6602,10.);
#2128=VECTOR('',#6603,10.);
#2129=VECTOR('',#6604,10.);
#2130=VECTOR('',#6605,10.);
#2131=VECTOR('',#6606,10.);
#2132=VECTOR('',#6607,10.);
#2133=VECTOR('',#6610,10.);
#2134=VECTOR('',#6611,10.);
#2135=VECTOR('',#6614,10.);
#2136=VECTOR('',#6615,10.);
#2137=VECTOR('',#6618,10.);
#2138=VECTOR('',#6619,10.);
#2139=VECTOR('',#6622,10.);
#2140=VECTOR('',#6623,10.);
#2141=VECTOR('',#6626,10.);
#2142=VECTOR('',#6651,10.);
#2143=VECTOR('',#6652,10.);
#2144=VECTOR('',#6653,10.);
#2145=VECTOR('',#6654,10.);
#2146=VECTOR('',#6659,10.);
#2147=VECTOR('',#6660,10.);
#2148=VECTOR('',#6663,10.);
#2149=VECTOR('',#6664,10.);
#2150=VECTOR('',#6669,10.);
#2151=VECTOR('',#6672,10.);
#2152=VECTOR('',#6675,10.);
#2153=VECTOR('',#6678,10.);
#2154=VECTOR('',#6683,10.);
#2155=VECTOR('',#6686,10.);
#2156=VECTOR('',#6689,10.);
#2157=VECTOR('',#6692,10.);
#2158=VECTOR('',#6695,10.);
#2159=VECTOR('',#6696,10.);
#2160=VECTOR('',#6697,10.);
#2161=VECTOR('',#6698,10.);
#2162=VECTOR('',#6705,10.);
#2163=VECTOR('',#6714,10.);
#2164=VECTOR('',#6725,10.);
#2165=VECTOR('',#6730,10.);
#2166=VECTOR('',#6735,10.);
#2167=VECTOR('',#6746,10.);
#2168=VECTOR('',#6763,10.);
#2169=VECTOR('',#6774,10.);
#2170=VECTOR('',#6779,10.);
#2171=VECTOR('',#6780,10.);
#2172=VECTOR('',#6781,10.);
#2173=VECTOR('',#6782,10.);
#2174=VECTOR('',#6789,10.);
#2175=VECTOR('',#6792,10.);
#2176=VECTOR('',#6793,10.);
#2177=VECTOR('',#6794,10.);
#2178=VECTOR('',#6801,10.);
#2179=VECTOR('',#6804,10.);
#2180=VECTOR('',#6805,10.);
#2181=VECTOR('',#6806,10.);
#2182=VECTOR('',#6813,10.);
#2183=VECTOR('',#6816,10.);
#2184=VECTOR('',#6817,10.);
#2185=VECTOR('',#6818,10.);
#2186=VECTOR('',#6827,10.);
#2187=VECTOR('',#6828,10.);
#2188=VECTOR('',#6829,10.);
#2189=VECTOR('',#6830,10.);
#2190=VECTOR('',#6833,10.);
#2191=VECTOR('',#6834,10.);
#2192=VECTOR('',#6835,10.);
#2193=VECTOR('',#6838,10.);
#2194=VECTOR('',#6839,10.);
#2195=VECTOR('',#6840,10.);
#2196=VECTOR('',#6843,10.);
#2197=VECTOR('',#6844,10.);
#2198=VECTOR('',#6847,10.);
#2199=VECTOR('',#6848,10.);
#2200=VECTOR('',#6849,10.);
#2201=VECTOR('',#6850,10.);
#2202=VECTOR('',#6857,10.);
#2203=VECTOR('',#6860,10.);
#2204=VECTOR('',#6861,10.);
#2205=VECTOR('',#6862,10.);
#2206=VECTOR('',#6869,10.);
#2207=VECTOR('',#6872,10.);
#2208=VECTOR('',#6873,10.);
#2209=VECTOR('',#6874,10.);
#2210=VECTOR('',#6881,10.);
#2211=VECTOR('',#6884,10.);
#2212=VECTOR('',#6885,10.);
#2213=VECTOR('',#6886,10.);
#2214=VECTOR('',#6895,10.);
#2215=VECTOR('',#6896,10.);
#2216=VECTOR('',#6899,10.);
#2217=VECTOR('',#6900,10.);
#2218=VECTOR('',#6903,10.);
#2219=VECTOR('',#6904,10.);
#2220=VECTOR('',#6905,10.);
#2221=VECTOR('',#6908,10.);
#2222=VECTOR('',#6909,10.);
#2223=VECTOR('',#6910,10.);
#2224=VECTOR('',#6913,10.);
#2225=VECTOR('',#6914,10.);
#2226=VECTOR('',#6919,10.);
#2227=VECTOR('',#6922,10.);
#2228=VECTOR('',#6925,10.);
#2229=VECTOR('',#6936,10.);
#2230=VECTOR('',#6939,10.);
#2231=VECTOR('',#6952,10.);
#2232=VECTOR('',#6955,10.);
#2233=VECTOR('',#6964,10.);
#2234=VECTOR('',#6965,10.);
#2235=VERTEX_POINT('',#6972);
#2236=VERTEX_POINT('',#6973);
#2237=VERTEX_POINT('',#6975);
#2238=VERTEX_POINT('',#6977);
#2239=VERTEX_POINT('',#6981);
#2240=VERTEX_POINT('',#6983);
#2241=VERTEX_POINT('',#6987);
#2242=VERTEX_POINT('',#6989);
#2243=VERTEX_POINT('',#6996);
#2244=VERTEX_POINT('',#6997);
#2245=VERTEX_POINT('',#6999);
#2246=VERTEX_POINT('',#7001);
#2247=VERTEX_POINT('',#7005);
#2248=VERTEX_POINT('',#7007);
#2249=VERTEX_POINT('',#7011);
#2250=VERTEX_POINT('',#7013);
#2251=VERTEX_POINT('',#7020);
#2252=VERTEX_POINT('',#7021);
#2253=VERTEX_POINT('',#7023);
#2254=VERTEX_POINT('',#7025);
#2255=VERTEX_POINT('',#7029);
#2256=VERTEX_POINT('',#7031);
#2257=VERTEX_POINT('',#7035);
#2258=VERTEX_POINT('',#7037);
#2259=VERTEX_POINT('',#7044);
#2260=VERTEX_POINT('',#7045);
#2261=VERTEX_POINT('',#7047);
#2262=VERTEX_POINT('',#7049);
#2263=VERTEX_POINT('',#7053);
#2264=VERTEX_POINT('',#7055);
#2265=VERTEX_POINT('',#7059);
#2266=VERTEX_POINT('',#7061);
#2267=VERTEX_POINT('',#7072);
#2268=VERTEX_POINT('',#7073);
#2269=VERTEX_POINT('',#7079);
#2270=VERTEX_POINT('',#7085);
#2271=VERTEX_POINT('',#7091);
#2272=VERTEX_POINT('',#7097);
#2273=VERTEX_POINT('',#7103);
#2274=VERTEX_POINT('',#7109);
#2275=VERTEX_POINT('',#7120);
#2276=VERTEX_POINT('',#7121);
#2277=VERTEX_POINT('',#7127);
#2278=VERTEX_POINT('',#7133);
#2279=VERTEX_POINT('',#7139);
#2280=VERTEX_POINT('',#7145);
#2281=VERTEX_POINT('',#7151);
#2282=VERTEX_POINT('',#7157);
#2283=VERTEX_POINT('',#7168);
#2284=VERTEX_POINT('',#7169);
#2285=VERTEX_POINT('',#7175);
#2286=VERTEX_POINT('',#7181);
#2287=VERTEX_POINT('',#7187);
#2288=VERTEX_POINT('',#7193);
#2289=VERTEX_POINT('',#7199);
#2290=VERTEX_POINT('',#7205);
#2291=VERTEX_POINT('',#7216);
#2292=VERTEX_POINT('',#7217);
#2293=VERTEX_POINT('',#7223);
#2294=VERTEX_POINT('',#7225);
#2295=VERTEX_POINT('',#7227);
#2296=VERTEX_POINT('',#7233);
#2297=VERTEX_POINT('',#7239);
#2298=VERTEX_POINT('',#7241);
#2299=VERTEX_POINT('',#7247);
#2300=VERTEX_POINT('',#7253);
#2301=VERTEX_POINT('',#7259);
#2302=VERTEX_POINT('',#7265);
#2303=VERTEX_POINT('',#7276);
#2304=VERTEX_POINT('',#7277);
#2305=VERTEX_POINT('',#7283);
#2306=VERTEX_POINT('',#7285);
#2307=VERTEX_POINT('',#7287);
#2308=VERTEX_POINT('',#7289);
#2309=VERTEX_POINT('',#7291);
#2310=VERTEX_POINT('',#7293);
#2311=VERTEX_POINT('',#7304);
#2312=VERTEX_POINT('',#7305);
#2313=VERTEX_POINT('',#7311);
#2314=VERTEX_POINT('',#7317);
#2315=VERTEX_POINT('',#7319);
#2316=VERTEX_POINT('',#7321);
#2317=VERTEX_POINT('',#7323);
#2318=VERTEX_POINT('',#7325);
#2319=VERTEX_POINT('',#7327);
#2320=VERTEX_POINT('',#7329);
#2321=VERTEX_POINT('',#7331);
#2322=VERTEX_POINT('',#7337);
#2323=VERTEX_POINT('',#7343);
#2324=VERTEX_POINT('',#7354);
#2325=VERTEX_POINT('',#7355);
#2326=VERTEX_POINT('',#7357);
#2327=VERTEX_POINT('',#7359);
#2328=VERTEX_POINT('',#7362);
#2329=VERTEX_POINT('',#7363);
#2330=VERTEX_POINT('',#7369);
#2331=VERTEX_POINT('',#7375);
#2332=VERTEX_POINT('',#7377);
#2333=VERTEX_POINT('',#7379);
#2334=VERTEX_POINT('',#7381);
#2335=VERTEX_POINT('',#7383);
#2336=VERTEX_POINT('',#7385);
#2337=VERTEX_POINT('',#7387);
#2338=VERTEX_POINT('',#7389);
#2339=VERTEX_POINT('',#7395);
#2340=VERTEX_POINT('',#7401);
#2341=VERTEX_POINT('',#7412);
#2342=VERTEX_POINT('',#7413);
#2343=VERTEX_POINT('',#7419);
#2344=VERTEX_POINT('',#7421);
#2345=VERTEX_POINT('',#7423);
#2346=VERTEX_POINT('',#7429);
#2347=VERTEX_POINT('',#7435);
#2348=VERTEX_POINT('',#7437);
#2349=VERTEX_POINT('',#7443);
#2350=VERTEX_POINT('',#7449);
#2351=VERTEX_POINT('',#7455);
#2352=VERTEX_POINT('',#7461);
#2353=VERTEX_POINT('',#7472);
#2354=VERTEX_POINT('',#7473);
#2355=VERTEX_POINT('',#7479);
#2356=VERTEX_POINT('',#7485);
#2357=VERTEX_POINT('',#7491);
#2358=VERTEX_POINT('',#7497);
#2359=VERTEX_POINT('',#7503);
#2360=VERTEX_POINT('',#7509);
#2361=VERTEX_POINT('',#7520);
#2362=VERTEX_POINT('',#7521);
#2363=VERTEX_POINT('',#7527);
#2364=VERTEX_POINT('',#7529);
#2365=VERTEX_POINT('',#7535);
#2366=VERTEX_POINT('',#7541);
#2367=VERTEX_POINT('',#7547);
#2368=VERTEX_POINT('',#7549);
#2369=VERTEX_POINT('',#7551);
#2370=VERTEX_POINT('',#7553);
#2371=VERTEX_POINT('',#7555);
#2372=VERTEX_POINT('',#7557);
#2373=VERTEX_POINT('',#7564);
#2374=VERTEX_POINT('',#7565);
#2375=VERTEX_POINT('',#7567);
#2376=VERTEX_POINT('',#7569);
#2377=VERTEX_POINT('',#7571);
#2378=VERTEX_POINT('',#7573);
#2379=VERTEX_POINT('',#7575);
#2380=VERTEX_POINT('',#7581);
#2381=VERTEX_POINT('',#7587);
#2382=VERTEX_POINT('',#7593);
#2383=VERTEX_POINT('',#7599);
#2384=VERTEX_POINT('',#7605);
#2385=VERTEX_POINT('',#7611);
#2386=VERTEX_POINT('',#7614);
#2387=VERTEX_POINT('',#7615);
#2388=VERTEX_POINT('',#7621);
#2389=VERTEX_POINT('',#7623);
#2390=VERTEX_POINT('',#7625);
#2391=VERTEX_POINT('',#7627);
#2392=VERTEX_POINT('',#7633);
#2393=VERTEX_POINT('',#7639);
#2394=VERTEX_POINT('',#7645);
#2395=VERTEX_POINT('',#7647);
#2396=VERTEX_POINT('',#7649);
#2397=VERTEX_POINT('',#7651);
#2398=VERTEX_POINT('',#7657);
#2399=VERTEX_POINT('',#7663);
#2400=VERTEX_POINT('',#7669);
#2401=VERTEX_POINT('',#7671);
#2402=VERTEX_POINT('',#7673);
#2403=VERTEX_POINT('',#7675);
#2404=VERTEX_POINT('',#7677);
#2405=VERTEX_POINT('',#7679);
#2406=VERTEX_POINT('',#7681);
#2407=VERTEX_POINT('',#7687);
#2408=VERTEX_POINT('',#7693);
#2409=VERTEX_POINT('',#7704);
#2410=VERTEX_POINT('',#7705);
#2411=VERTEX_POINT('',#7711);
#2412=VERTEX_POINT('',#7713);
#2413=VERTEX_POINT('',#7715);
#2414=VERTEX_POINT('',#7717);
#2415=VERTEX_POINT('',#7719);
#2416=VERTEX_POINT('',#7721);
#2417=VERTEX_POINT('',#7742);
#2418=VERTEX_POINT('',#7743);
#2419=VERTEX_POINT('',#7749);
#2420=VERTEX_POINT('',#7751);
#2421=VERTEX_POINT('',#7768);
#2422=VERTEX_POINT('',#7774);
#2423=VERTEX_POINT('',#7791);
#2424=VERTEX_POINT('',#7797);
#2425=VERTEX_POINT('',#7814);
#2426=VERTEX_POINT('',#7820);
#2427=VERTEX_POINT('',#7857);
#2428=VERTEX_POINT('',#7859);
#2429=VERTEX_POINT('',#7876);
#2430=VERTEX_POINT('',#7893);
#2431=VERTEX_POINT('',#7910);
#2432=VERTEX_POINT('',#7927);
#2433=VERTEX_POINT('',#7944);
#2434=VERTEX_POINT('',#7961);
#2435=VERTEX_POINT('',#7994);
#2436=VERTEX_POINT('',#7995);
#2437=VERTEX_POINT('',#8001);
#2438=VERTEX_POINT('',#8003);
#2439=VERTEX_POINT('',#8020);
#2440=VERTEX_POINT('',#8026);
#2441=VERTEX_POINT('',#8043);
#2442=VERTEX_POINT('',#8049);
#2443=VERTEX_POINT('',#8066);
#2444=VERTEX_POINT('',#8072);
#2445=VERTEX_POINT('',#8109);
#2446=VERTEX_POINT('',#8111);
#2447=VERTEX_POINT('',#8128);
#2448=VERTEX_POINT('',#8145);
#2449=VERTEX_POINT('',#8162);
#2450=VERTEX_POINT('',#8179);
#2451=VERTEX_POINT('',#8196);
#2452=VERTEX_POINT('',#8213);
#2453=VERTEX_POINT('',#8246);
#2454=VERTEX_POINT('',#8247);
#2455=VERTEX_POINT('',#8253);
#2456=VERTEX_POINT('',#8255);
#2457=VERTEX_POINT('',#8272);
#2458=VERTEX_POINT('',#8278);
#2459=VERTEX_POINT('',#8295);
#2460=VERTEX_POINT('',#8301);
#2461=VERTEX_POINT('',#8318);
#2462=VERTEX_POINT('',#8324);
#2463=VERTEX_POINT('',#8361);
#2464=VERTEX_POINT('',#8363);
#2465=VERTEX_POINT('',#8380);
#2466=VERTEX_POINT('',#8397);
#2467=VERTEX_POINT('',#8414);
#2468=VERTEX_POINT('',#8431);
#2469=VERTEX_POINT('',#8448);
#2470=VERTEX_POINT('',#8465);
#2471=VERTEX_POINT('',#8498);
#2472=VERTEX_POINT('',#8499);
#2473=VERTEX_POINT('',#8505);
#2474=VERTEX_POINT('',#8507);
#2475=VERTEX_POINT('',#8524);
#2476=VERTEX_POINT('',#8530);
#2477=VERTEX_POINT('',#8547);
#2478=VERTEX_POINT('',#8553);
#2479=VERTEX_POINT('',#8573);
#2480=VERTEX_POINT('',#8575);
#2481=VERTEX_POINT('',#8592);
#2482=VERTEX_POINT('',#8609);
#2483=VERTEX_POINT('',#8626);
#2484=VERTEX_POINT('',#8643);
#2485=VERTEX_POINT('',#8660);
#2486=VERTEX_POINT('',#8677);
#2487=VERTEX_POINT('',#8685);
#2488=VERTEX_POINT('',#8698);
#2489=VERTEX_POINT('',#8715);
#2490=VERTEX_POINT('',#8723);
#2491=VERTEX_POINT('',#8739);
#2492=VERTEX_POINT('',#8740);
#2493=VERTEX_POINT('',#8746);
#2494=VERTEX_POINT('',#8748);
#2495=VERTEX_POINT('',#8765);
#2496=VERTEX_POINT('',#8771);
#2497=VERTEX_POINT('',#8779);
#2498=VERTEX_POINT('',#8781);
#2499=VERTEX_POINT('',#8785);
#2500=VERTEX_POINT('',#8787);
#2501=VERTEX_POINT('',#8803);
#2502=VERTEX_POINT('',#8805);
#2503=VERTEX_POINT('',#8822);
#2504=VERTEX_POINT('',#8839);
#2505=VERTEX_POINT('',#8847);
#2506=VERTEX_POINT('',#8851);
#2507=VERTEX_POINT('',#8855);
#2508=VERTEX_POINT('',#8859);
#2509=VERTEX_POINT('',#8875);
#2510=VERTEX_POINT('',#8876);
#2511=VERTEX_POINT('',#8882);
#2512=VERTEX_POINT('',#8884);
#2513=VERTEX_POINT('',#8901);
#2514=VERTEX_POINT('',#8907);
#2515=VERTEX_POINT('',#8924);
#2516=VERTEX_POINT('',#8930);
#2517=VERTEX_POINT('',#8947);
#2518=VERTEX_POINT('',#8953);
#2519=VERTEX_POINT('',#8970);
#2520=VERTEX_POINT('',#8976);
#2521=VERTEX_POINT('',#8993);
#2522=VERTEX_POINT('',#8999);
#2523=VERTEX_POINT('',#9016);
#2524=VERTEX_POINT('',#9022);
#2525=VERTEX_POINT('',#9030);
#2526=VERTEX_POINT('',#9032);
#2527=VERTEX_POINT('',#9065);
#2528=VERTEX_POINT('',#9067);
#2529=VERTEX_POINT('',#9084);
#2530=VERTEX_POINT('',#9101);
#2531=VERTEX_POINT('',#9118);
#2532=VERTEX_POINT('',#9135);
#2533=VERTEX_POINT('',#9143);
#2534=VERTEX_POINT('',#9147);
#2535=VERTEX_POINT('',#9151);
#2536=VERTEX_POINT('',#9155);
#2537=VERTEX_POINT('',#9159);
#2538=VERTEX_POINT('',#9163);
#2539=VERTEX_POINT('',#9167);
#2540=VERTEX_POINT('',#9187);
#2541=VERTEX_POINT('',#9189);
#2542=VERTEX_POINT('',#9193);
#2543=VERTEX_POINT('',#9197);
#2544=VERTEX_POINT('',#9213);
#2545=VERTEX_POINT('',#9214);
#2546=VERTEX_POINT('',#9220);
#2547=VERTEX_POINT('',#9222);
#2548=VERTEX_POINT('',#9239);
#2549=VERTEX_POINT('',#9245);
#2550=VERTEX_POINT('',#9262);
#2551=VERTEX_POINT('',#9268);
#2552=VERTEX_POINT('',#9285);
#2553=VERTEX_POINT('',#9291);
#2554=VERTEX_POINT('',#9308);
#2555=VERTEX_POINT('',#9314);
#2556=VERTEX_POINT('',#9331);
#2557=VERTEX_POINT('',#9337);
#2558=VERTEX_POINT('',#9354);
#2559=VERTEX_POINT('',#9360);
#2560=VERTEX_POINT('',#9368);
#2561=VERTEX_POINT('',#9370);
#2562=VERTEX_POINT('',#9403);
#2563=VERTEX_POINT('',#9405);
#2564=VERTEX_POINT('',#9422);
#2565=VERTEX_POINT('',#9439);
#2566=VERTEX_POINT('',#9456);
#2567=VERTEX_POINT('',#9473);
#2568=VERTEX_POINT('',#9481);
#2569=VERTEX_POINT('',#9485);
#2570=VERTEX_POINT('',#9489);
#2571=VERTEX_POINT('',#9493);
#2572=VERTEX_POINT('',#9497);
#2573=VERTEX_POINT('',#9501);
#2574=VERTEX_POINT('',#9505);
#2575=VERTEX_POINT('',#9534);
#2576=VERTEX_POINT('',#9535);
#2577=VERTEX_POINT('',#9541);
#2578=VERTEX_POINT('',#9543);
#2579=VERTEX_POINT('',#9560);
#2580=VERTEX_POINT('',#9566);
#2581=VERTEX_POINT('',#9583);
#2582=VERTEX_POINT('',#9589);
#2583=VERTEX_POINT('',#9609);
#2584=VERTEX_POINT('',#9611);
#2585=VERTEX_POINT('',#9628);
#2586=VERTEX_POINT('',#9645);
#2587=VERTEX_POINT('',#9662);
#2588=VERTEX_POINT('',#9679);
#2589=VERTEX_POINT('',#9696);
#2590=VERTEX_POINT('',#9713);
#2591=VERTEX_POINT('',#9721);
#2592=VERTEX_POINT('',#9734);
#2593=VERTEX_POINT('',#9751);
#2594=VERTEX_POINT('',#9759);
#2595=VERTEX_POINT('',#9775);
#2596=VERTEX_POINT('',#9776);
#2597=VERTEX_POINT('',#9782);
#2598=VERTEX_POINT('',#9784);
#2599=VERTEX_POINT('',#9801);
#2600=VERTEX_POINT('',#9807);
#2601=VERTEX_POINT('',#9824);
#2602=VERTEX_POINT('',#9830);
#2603=VERTEX_POINT('',#9847);
#2604=VERTEX_POINT('',#9853);
#2605=VERTEX_POINT('',#9890);
#2606=VERTEX_POINT('',#9892);
#2607=VERTEX_POINT('',#9909);
#2608=VERTEX_POINT('',#9926);
#2609=VERTEX_POINT('',#9943);
#2610=VERTEX_POINT('',#9960);
#2611=VERTEX_POINT('',#9977);
#2612=VERTEX_POINT('',#9994);
#2613=VERTEX_POINT('',#10027);
#2614=VERTEX_POINT('',#10029);
#2615=VERTEX_POINT('',#10046);
#2616=VERTEX_POINT('',#10054);
#2617=VERTEX_POINT('',#10058);
#2618=VERTEX_POINT('',#10062);
#2619=VERTEX_POINT('',#10066);
#2620=VERTEX_POINT('',#10070);
#2621=VERTEX_POINT('',#10074);
#2622=VERTEX_POINT('',#10087);
#2623=VERTEX_POINT('',#10104);
#2624=VERTEX_POINT('',#10121);
#2625=VERTEX_POINT('',#10141);
#2626=VERTEX_POINT('',#10142);
#2627=VERTEX_POINT('',#10148);
#2628=VERTEX_POINT('',#10150);
#2629=VERTEX_POINT('',#10167);
#2630=VERTEX_POINT('',#10173);
#2631=VERTEX_POINT('',#10190);
#2632=VERTEX_POINT('',#10196);
#2633=VERTEX_POINT('',#10213);
#2634=VERTEX_POINT('',#10219);
#2635=VERTEX_POINT('',#10236);
#2636=VERTEX_POINT('',#10242);
#2637=VERTEX_POINT('',#10259);
#2638=VERTEX_POINT('',#10265);
#2639=VERTEX_POINT('',#10282);
#2640=VERTEX_POINT('',#10288);
#2641=VERTEX_POINT('',#10296);
#2642=VERTEX_POINT('',#10298);
#2643=VERTEX_POINT('',#10322);
#2644=VERTEX_POINT('',#10324);
#2645=VERTEX_POINT('',#10328);
#2646=VERTEX_POINT('',#10332);
#2647=VERTEX_POINT('',#10345);
#2648=VERTEX_POINT('',#10362);
#2649=VERTEX_POINT('',#10379);
#2650=VERTEX_POINT('',#10396);
#2651=VERTEX_POINT('',#10413);
#2652=VERTEX_POINT('',#10430);
#2653=VERTEX_POINT('',#10438);
#2654=VERTEX_POINT('',#10442);
#2655=VERTEX_POINT('',#10446);
#2656=VERTEX_POINT('',#10462);
#2657=VERTEX_POINT('',#10464);
#2658=VERTEX_POINT('',#10481);
#2659=VERTEX_POINT('',#10498);
#2660=VERTEX_POINT('',#10515);
#2661=VERTEX_POINT('',#10532);
#2662=VERTEX_POINT('',#10540);
#2663=VERTEX_POINT('',#10544);
#2664=VERTEX_POINT('',#10548);
#2665=VERTEX_POINT('',#10552);
#2666=VERTEX_POINT('',#10556);
#2667=VERTEX_POINT('',#10560);
#2668=VERTEX_POINT('',#10573);
#2669=VERTEX_POINT('',#10590);
#2670=VERTEX_POINT('',#10607);
#2671=VERTEX_POINT('',#10615);
#2672=VERTEX_POINT('',#10619);
#2673=VERTEX_POINT('',#10623);
#2674=VERTEX_POINT('',#10636);
#2675=VERTEX_POINT('',#10653);
#2676=VERTEX_POINT('',#10670);
#2677=VERTEX_POINT('',#10678);
#2678=VERTEX_POINT('',#10682);
#2679=VERTEX_POINT('',#10698);
#2680=VERTEX_POINT('',#10699);
#2681=VERTEX_POINT('',#10705);
#2682=VERTEX_POINT('',#10707);
#2683=VERTEX_POINT('',#10724);
#2684=VERTEX_POINT('',#10730);
#2685=VERTEX_POINT('',#10738);
#2686=VERTEX_POINT('',#10740);
#2687=VERTEX_POINT('',#10744);
#2688=VERTEX_POINT('',#10746);
#2689=VERTEX_POINT('',#10762);
#2690=VERTEX_POINT('',#10764);
#2691=VERTEX_POINT('',#10781);
#2692=VERTEX_POINT('',#10798);
#2693=VERTEX_POINT('',#10806);
#2694=VERTEX_POINT('',#10810);
#2695=VERTEX_POINT('',#10814);
#2696=VERTEX_POINT('',#10818);
#2697=VERTEX_POINT('',#10835);
#2698=VERTEX_POINT('',#10836);
#2699=VERTEX_POINT('',#10838);
#2700=VERTEX_POINT('',#10840);
#2701=VERTEX_POINT('',#10844);
#2702=VERTEX_POINT('',#10846);
#2703=VERTEX_POINT('',#10850);
#2704=VERTEX_POINT('',#10854);
#2705=VERTEX_POINT('',#10857);
#2706=VERTEX_POINT('',#10861);
#2707=VERTEX_POINT('',#10863);
#2708=VERTEX_POINT('',#10867);
#2709=VERTEX_POINT('',#10868);
#2710=VERTEX_POINT('',#10870);
#2711=VERTEX_POINT('',#10872);
#2712=VERTEX_POINT('',#10876);
#2713=VERTEX_POINT('',#10886);
#2714=VERTEX_POINT('',#10888);
#2715=VERTEX_POINT('',#10904);
#2716=VERTEX_POINT('',#10907);
#2717=VERTEX_POINT('',#10912);
#2718=VERTEX_POINT('',#10916);
#2719=VERTEX_POINT('',#10920);
#2720=VERTEX_POINT('',#10924);
#2721=VERTEX_POINT('',#10928);
#2722=VERTEX_POINT('',#10932);
#2723=VERTEX_POINT('',#10939);
#2724=VERTEX_POINT('',#10940);
#2725=VERTEX_POINT('',#10942);
#2726=VERTEX_POINT('',#10944);
#2727=VERTEX_POINT('',#10948);
#2728=VERTEX_POINT('',#10950);
#2729=VERTEX_POINT('',#10954);
#2730=VERTEX_POINT('',#10956);
#2731=VERTEX_POINT('',#10960);
#2732=VERTEX_POINT('',#10962);
#2733=VERTEX_POINT('',#10966);
#2734=VERTEX_POINT('',#10968);
#2735=VERTEX_POINT('',#10972);
#2736=VERTEX_POINT('',#10974);
#2737=VERTEX_POINT('',#10978);
#2738=VERTEX_POINT('',#10980);
#2739=VERTEX_POINT('',#10987);
#2740=VERTEX_POINT('',#10988);
#2741=VERTEX_POINT('',#10990);
#2742=VERTEX_POINT('',#10992);
#2743=VERTEX_POINT('',#10996);
#2744=VERTEX_POINT('',#10998);
#2745=VERTEX_POINT('',#11002);
#2746=VERTEX_POINT('',#11004);
#2747=VERTEX_POINT('',#11011);
#2748=VERTEX_POINT('',#11012);
#2749=VERTEX_POINT('',#11014);
#2750=VERTEX_POINT('',#11016);
#2751=VERTEX_POINT('',#11020);
#2752=VERTEX_POINT('',#11022);
#2753=VERTEX_POINT('',#11026);
#2754=VERTEX_POINT('',#11028);
#2755=VERTEX_POINT('',#11032);
#2756=VERTEX_POINT('',#11034);
#2757=VERTEX_POINT('',#11038);
#2758=VERTEX_POINT('',#11040);
#2759=VERTEX_POINT('',#11044);
#2760=VERTEX_POINT('',#11046);
#2761=VERTEX_POINT('',#11050);
#2762=VERTEX_POINT('',#11052);
#2763=VERTEX_POINT('',#11059);
#2764=VERTEX_POINT('',#11060);
#2765=VERTEX_POINT('',#11062);
#2766=VERTEX_POINT('',#11064);
#2767=VERTEX_POINT('',#11066);
#2768=VERTEX_POINT('',#11070);
#2769=VERTEX_POINT('',#11072);
#2770=VERTEX_POINT('',#11076);
#2771=VERTEX_POINT('',#11078);
#2772=VERTEX_POINT('',#11083);
#2773=VERTEX_POINT('',#11087);
#2774=VERTEX_POINT('',#11089);
#2775=VERTEX_POINT('',#11091);
#2776=VERTEX_POINT('',#11093);
#2777=VERTEX_POINT('',#11097);
#2778=VERTEX_POINT('',#11098);
#2779=VERTEX_POINT('',#11100);
#2780=VERTEX_POINT('',#11104);
#2781=VERTEX_POINT('',#11111);
#2782=VERTEX_POINT('',#11115);
#2783=VERTEX_POINT('',#11117);
#2784=VERTEX_POINT('',#11121);
#2785=EDGE_CURVE('',#2235,#2236,#1231,.T.);
#2786=EDGE_CURVE('',#2237,#2236,#1232,.T.);
#2787=EDGE_CURVE('',#2238,#2237,#1233,.T.);
#2788=EDGE_CURVE('',#2238,#2235,#1234,.T.);
#2789=EDGE_CURVE('',#2239,#2235,#1235,.T.);
#2790=EDGE_CURVE('',#2240,#2238,#1236,.T.);
#2791=EDGE_CURVE('',#2240,#2239,#1237,.T.);
#2792=EDGE_CURVE('',#2239,#2241,#1238,.T.);
#2793=EDGE_CURVE('',#2242,#2240,#1239,.T.);
#2794=EDGE_CURVE('',#2242,#2241,#1240,.T.);
#2795=EDGE_CURVE('',#2241,#2236,#1241,.T.);
#2796=EDGE_CURVE('',#2237,#2242,#1242,.T.);
#2797=EDGE_CURVE('',#2243,#2244,#1243,.T.);
#2798=EDGE_CURVE('',#2245,#2244,#1244,.T.);
#2799=EDGE_CURVE('',#2246,#2245,#1245,.T.);
#2800=EDGE_CURVE('',#2246,#2243,#1246,.T.);
#2801=EDGE_CURVE('',#2243,#2247,#1247,.T.);
#2802=EDGE_CURVE('',#2248,#2246,#1248,.T.);
#2803=EDGE_CURVE('',#2248,#2247,#1249,.T.);
#2804=EDGE_CURVE('',#2247,#2249,#1250,.T.);
#2805=EDGE_CURVE('',#2250,#2248,#1251,.T.);
#2806=EDGE_CURVE('',#2250,#2249,#1252,.T.);
#2807=EDGE_CURVE('',#2244,#2249,#1253,.T.);
#2808=EDGE_CURVE('',#2245,#2250,#1254,.T.);
#2809=EDGE_CURVE('',#2251,#2252,#1255,.T.);
#2810=EDGE_CURVE('',#2253,#2252,#1256,.T.);
#2811=EDGE_CURVE('',#2254,#2253,#1257,.T.);
#2812=EDGE_CURVE('',#2254,#2251,#1258,.T.);
#2813=EDGE_CURVE('',#2251,#2255,#1259,.T.);
#2814=EDGE_CURVE('',#2256,#2254,#1260,.T.);
#2815=EDGE_CURVE('',#2256,#2255,#1261,.T.);
#2816=EDGE_CURVE('',#2255,#2257,#1262,.T.);
#2817=EDGE_CURVE('',#2258,#2256,#1263,.T.);
#2818=EDGE_CURVE('',#2258,#2257,#1264,.T.);
#2819=EDGE_CURVE('',#2252,#2257,#1265,.T.);
#2820=EDGE_CURVE('',#2253,#2258,#1266,.T.);
#2821=EDGE_CURVE('',#2259,#2260,#1267,.T.);
#2822=EDGE_CURVE('',#2261,#2260,#1268,.T.);
#2823=EDGE_CURVE('',#2262,#2261,#1269,.T.);
#2824=EDGE_CURVE('',#2262,#2259,#1270,.T.);
#2825=EDGE_CURVE('',#2263,#2259,#1271,.T.);
#2826=EDGE_CURVE('',#2264,#2262,#1272,.T.);
#2827=EDGE_CURVE('',#2264,#2263,#1273,.T.);
#2828=EDGE_CURVE('',#2263,#2265,#1274,.T.);
#2829=EDGE_CURVE('',#2266,#2264,#1275,.T.);
#2830=EDGE_CURVE('',#2266,#2265,#1276,.T.);
#2831=EDGE_CURVE('',#2265,#2260,#1277,.T.);
#2832=EDGE_CURVE('',#2261,#2266,#1278,.T.);
#2833=EDGE_CURVE('',#2258,#2240,#1279,.T.);
#2834=EDGE_CURVE('',#2261,#2254,#1280,.T.);
#2835=EDGE_CURVE('',#2250,#2264,#1281,.T.);
#2836=EDGE_CURVE('',#2237,#2246,#1282,.T.);
#2837=EDGE_CURVE('',#2267,#2268,#281,.T.);
#2838=EDGE_CURVE('',#2268,#2269,#282,.T.);
#2839=EDGE_CURVE('',#2269,#2270,#283,.T.);
#2840=EDGE_CURVE('',#2270,#2271,#284,.T.);
#2841=EDGE_CURVE('',#2271,#2272,#285,.T.);
#2842=EDGE_CURVE('',#2272,#2273,#286,.T.);
#2843=EDGE_CURVE('',#2273,#2274,#287,.T.);
#2844=EDGE_CURVE('',#2274,#2267,#288,.T.);
#2845=EDGE_CURVE('',#2275,#2276,#289,.T.);
#2846=EDGE_CURVE('',#2276,#2277,#290,.T.);
#2847=EDGE_CURVE('',#2277,#2278,#291,.T.);
#2848=EDGE_CURVE('',#2278,#2279,#292,.T.);
#2849=EDGE_CURVE('',#2279,#2280,#293,.T.);
#2850=EDGE_CURVE('',#2280,#2281,#294,.T.);
#2851=EDGE_CURVE('',#2281,#2282,#295,.T.);
#2852=EDGE_CURVE('',#2282,#2275,#296,.T.);
#2853=EDGE_CURVE('',#2283,#2284,#297,.T.);
#2854=EDGE_CURVE('',#2284,#2285,#298,.T.);
#2855=EDGE_CURVE('',#2285,#2286,#299,.T.);
#2856=EDGE_CURVE('',#2286,#2287,#300,.T.);
#2857=EDGE_CURVE('',#2287,#2288,#301,.T.);
#2858=EDGE_CURVE('',#2288,#2289,#302,.T.);
#2859=EDGE_CURVE('',#2289,#2290,#303,.T.);
#2860=EDGE_CURVE('',#2290,#2283,#304,.T.);
#2861=EDGE_CURVE('',#2291,#2292,#305,.T.);
#2862=EDGE_CURVE('',#2292,#2293,#1283,.T.);
#2863=EDGE_CURVE('',#2293,#2294,#1284,.T.);
#2864=EDGE_CURVE('',#2294,#2295,#306,.T.);
#2865=EDGE_CURVE('',#2295,#2296,#307,.T.);
#2866=EDGE_CURVE('',#2296,#2297,#1285,.T.);
#2867=EDGE_CURVE('',#2297,#2298,#308,.T.);
#2868=EDGE_CURVE('',#2298,#2299,#309,.T.);
#2869=EDGE_CURVE('',#2299,#2300,#310,.T.);
#2870=EDGE_CURVE('',#2300,#2301,#311,.T.);
#2871=EDGE_CURVE('',#2301,#2302,#312,.T.);
#2872=EDGE_CURVE('',#2302,#2291,#313,.T.);
#2873=EDGE_CURVE('',#2303,#2304,#314,.T.);
#2874=EDGE_CURVE('',#2304,#2305,#1286,.T.);
#2875=EDGE_CURVE('',#2305,#2306,#1287,.T.);
#2876=EDGE_CURVE('',#2306,#2307,#1288,.T.);
#2877=EDGE_CURVE('',#2307,#2308,#1289,.T.);
#2878=EDGE_CURVE('',#2308,#2309,#1290,.T.);
#2879=EDGE_CURVE('',#2309,#2310,#315,.T.);
#2880=EDGE_CURVE('',#2310,#2303,#316,.T.);
#2881=EDGE_CURVE('',#2311,#2312,#317,.T.);
#2882=EDGE_CURVE('',#2312,#2313,#318,.T.);
#2883=EDGE_CURVE('',#2313,#2314,#1291,.T.);
#2884=EDGE_CURVE('',#2314,#2315,#1292,.T.);
#2885=EDGE_CURVE('',#2315,#2316,#1293,.T.);
#2886=EDGE_CURVE('',#2316,#2317,#1294,.T.);
#2887=EDGE_CURVE('',#2317,#2318,#1295,.T.);
#2888=EDGE_CURVE('',#2318,#2319,#1296,.T.);
#2889=EDGE_CURVE('',#2319,#2320,#1297,.T.);
#2890=EDGE_CURVE('',#2320,#2321,#319,.T.);
#2891=EDGE_CURVE('',#2321,#2322,#320,.T.);
#2892=EDGE_CURVE('',#2322,#2323,#321,.T.);
#2893=EDGE_CURVE('',#2323,#2311,#322,.T.);
#2894=EDGE_CURVE('',#2324,#2325,#1298,.T.);
#2895=EDGE_CURVE('',#2325,#2326,#1299,.T.);
#2896=EDGE_CURVE('',#2326,#2327,#1300,.T.);
#2897=EDGE_CURVE('',#2327,#2324,#1301,.T.);
#2898=EDGE_CURVE('',#2328,#2329,#323,.T.);
#2899=EDGE_CURVE('',#2329,#2330,#324,.T.);
#2900=EDGE_CURVE('',#2330,#2331,#1302,.T.);
#2901=EDGE_CURVE('',#2331,#2332,#1303,.T.);
#2902=EDGE_CURVE('',#2332,#2333,#1304,.T.);
#2903=EDGE_CURVE('',#2333,#2334,#1305,.T.);
#2904=EDGE_CURVE('',#2334,#2335,#1306,.T.);
#2905=EDGE_CURVE('',#2335,#2336,#1307,.T.);
#2906=EDGE_CURVE('',#2336,#2337,#1308,.T.);
#2907=EDGE_CURVE('',#2337,#2338,#325,.T.);
#2908=EDGE_CURVE('',#2338,#2339,#326,.T.);
#2909=EDGE_CURVE('',#2339,#2340,#327,.T.);
#2910=EDGE_CURVE('',#2340,#2328,#328,.T.);
#2911=EDGE_CURVE('',#2341,#2342,#329,.T.);
#2912=EDGE_CURVE('',#2342,#2343,#1309,.T.);
#2913=EDGE_CURVE('',#2343,#2344,#1310,.T.);
#2914=EDGE_CURVE('',#2344,#2345,#330,.T.);
#2915=EDGE_CURVE('',#2345,#2346,#331,.T.);
#2916=EDGE_CURVE('',#2346,#2347,#1311,.T.);
#2917=EDGE_CURVE('',#2347,#2348,#332,.T.);
#2918=EDGE_CURVE('',#2348,#2349,#333,.T.);
#2919=EDGE_CURVE('',#2349,#2350,#334,.T.);
#2920=EDGE_CURVE('',#2350,#2351,#335,.T.);
#2921=EDGE_CURVE('',#2351,#2352,#336,.T.);
#2922=EDGE_CURVE('',#2352,#2341,#337,.T.);
#2923=EDGE_CURVE('',#2353,#2354,#338,.T.);
#2924=EDGE_CURVE('',#2354,#2355,#339,.T.);
#2925=EDGE_CURVE('',#2355,#2356,#340,.T.);
#2926=EDGE_CURVE('',#2356,#2357,#341,.T.);
#2927=EDGE_CURVE('',#2357,#2358,#342,.T.);
#2928=EDGE_CURVE('',#2358,#2359,#343,.T.);
#2929=EDGE_CURVE('',#2359,#2360,#344,.T.);
#2930=EDGE_CURVE('',#2360,#2353,#345,.T.);
#2931=EDGE_CURVE('',#2361,#2362,#346,.T.);
#2932=EDGE_CURVE('',#2362,#2363,#1312,.T.);
#2933=EDGE_CURVE('',#2363,#2364,#347,.T.);
#2934=EDGE_CURVE('',#2364,#2365,#348,.T.);
#2935=EDGE_CURVE('',#2365,#2366,#349,.T.);
#2936=EDGE_CURVE('',#2366,#2367,#1313,.T.);
#2937=EDGE_CURVE('',#2367,#2368,#1314,.T.);
#2938=EDGE_CURVE('',#2368,#2369,#1315,.T.);
#2939=EDGE_CURVE('',#2369,#2370,#1316,.T.);
#2940=EDGE_CURVE('',#2370,#2371,#1317,.T.);
#2941=EDGE_CURVE('',#2371,#2372,#1318,.T.);
#2942=EDGE_CURVE('',#2372,#2361,#350,.T.);
#2943=EDGE_CURVE('',#2373,#2374,#1319,.T.);
#2944=EDGE_CURVE('',#2374,#2375,#1320,.T.);
#2945=EDGE_CURVE('',#2375,#2376,#1321,.T.);
#2946=EDGE_CURVE('',#2376,#2377,#1322,.T.);
#2947=EDGE_CURVE('',#2377,#2378,#1323,.T.);
#2948=EDGE_CURVE('',#2378,#2379,#351,.T.);
#2949=EDGE_CURVE('',#2379,#2380,#352,.T.);
#2950=EDGE_CURVE('',#2380,#2381,#353,.T.);
#2951=EDGE_CURVE('',#2381,#2382,#354,.T.);
#2952=EDGE_CURVE('',#2382,#2383,#355,.T.);
#2953=EDGE_CURVE('',#2383,#2384,#356,.T.);
#2954=EDGE_CURVE('',#2384,#2385,#1324,.T.);
#2955=EDGE_CURVE('',#2385,#2373,#1325,.T.);
#2956=EDGE_CURVE('',#2386,#2387,#357,.T.);
#2957=EDGE_CURVE('',#2387,#2388,#1326,.T.);
#2958=EDGE_CURVE('',#2388,#2389,#1327,.T.);
#2959=EDGE_CURVE('',#2389,#2390,#1328,.T.);
#2960=EDGE_CURVE('',#2390,#2391,#358,.T.);
#2961=EDGE_CURVE('',#2391,#2392,#359,.T.);
#2962=EDGE_CURVE('',#2392,#2393,#360,.T.);
#2963=EDGE_CURVE('',#2393,#2394,#1329,.T.);
#2964=EDGE_CURVE('',#2394,#2395,#1330,.T.);
#2965=EDGE_CURVE('',#2395,#2396,#1331,.T.);
#2966=EDGE_CURVE('',#2396,#2397,#361,.T.);
#2967=EDGE_CURVE('',#2397,#2398,#362,.T.);
#2968=EDGE_CURVE('',#2398,#2399,#363,.T.);
#2969=EDGE_CURVE('',#2399,#2400,#1332,.T.);
#2970=EDGE_CURVE('',#2400,#2401,#1333,.T.);
#2971=EDGE_CURVE('',#2401,#2402,#1334,.T.);
#2972=EDGE_CURVE('',#2402,#2403,#1335,.T.);
#2973=EDGE_CURVE('',#2403,#2404,#1336,.T.);
#2974=EDGE_CURVE('',#2404,#2405,#1337,.T.);
#2975=EDGE_CURVE('',#2405,#2406,#364,.T.);
#2976=EDGE_CURVE('',#2406,#2407,#365,.T.);
#2977=EDGE_CURVE('',#2407,#2408,#366,.T.);
#2978=EDGE_CURVE('',#2408,#2386,#367,.T.);
#2979=EDGE_CURVE('',#2409,#2410,#368,.T.);
#2980=EDGE_CURVE('',#2410,#2411,#1338,.T.);
#2981=EDGE_CURVE('',#2411,#2412,#1339,.T.);
#2982=EDGE_CURVE('',#2412,#2413,#1340,.T.);
#2983=EDGE_CURVE('',#2413,#2414,#1341,.T.);
#2984=EDGE_CURVE('',#2414,#2415,#1342,.T.);
#2985=EDGE_CURVE('',#2415,#2416,#369,.T.);
#2986=EDGE_CURVE('',#2416,#2409,#370,.T.);
#2987=EDGE_CURVE('',#2417,#2418,#371,.T.);
#2988=EDGE_CURVE('',#2417,#2419,#1343,.T.);
#2989=EDGE_CURVE('',#2419,#2420,#372,.T.);
#2990=EDGE_CURVE('',#2418,#2420,#1344,.T.);
#2991=EDGE_CURVE('',#2421,#2417,#373,.T.);
#2992=EDGE_CURVE('',#2421,#2422,#1345,.T.);
#2993=EDGE_CURVE('',#2422,#2419,#374,.T.);
#2994=EDGE_CURVE('',#2423,#2421,#375,.T.);
#2995=EDGE_CURVE('',#2423,#2424,#1346,.T.);
#2996=EDGE_CURVE('',#2424,#2422,#376,.T.);
#2997=EDGE_CURVE('',#2425,#2423,#377,.T.);
#2998=EDGE_CURVE('',#2425,#2426,#1347,.T.);
#2999=EDGE_CURVE('',#2426,#2424,#378,.T.);
#3000=EDGE_CURVE('',#2418,#2425,#379,.T.);
#3001=EDGE_CURVE('',#2420,#2426,#380,.T.);
#3002=EDGE_CURVE('',#2267,#2427,#1348,.T.);
#3003=EDGE_CURVE('',#2427,#2428,#381,.T.);
#3004=EDGE_CURVE('',#2268,#2428,#1349,.T.);
#3005=EDGE_CURVE('',#2274,#2429,#1350,.T.);
#3006=EDGE_CURVE('',#2429,#2427,#382,.T.);
#3007=EDGE_CURVE('',#2273,#2430,#1351,.T.);
#3008=EDGE_CURVE('',#2430,#2429,#383,.T.);
#3009=EDGE_CURVE('',#2272,#2431,#1352,.T.);
#3010=EDGE_CURVE('',#2431,#2430,#384,.T.);
#3011=EDGE_CURVE('',#2271,#2432,#1353,.T.);
#3012=EDGE_CURVE('',#2432,#2431,#385,.T.);
#3013=EDGE_CURVE('',#2270,#2433,#1354,.T.);
#3014=EDGE_CURVE('',#2433,#2432,#386,.T.);
#3015=EDGE_CURVE('',#2269,#2434,#1355,.T.);
#3016=EDGE_CURVE('',#2434,#2433,#387,.T.);
#3017=EDGE_CURVE('',#2428,#2434,#388,.T.);
#3018=EDGE_CURVE('',#2435,#2436,#389,.T.);
#3019=EDGE_CURVE('',#2435,#2437,#1356,.T.);
#3020=EDGE_CURVE('',#2437,#2438,#390,.T.);
#3021=EDGE_CURVE('',#2436,#2438,#1357,.T.);
#3022=EDGE_CURVE('',#2439,#2435,#391,.T.);
#3023=EDGE_CURVE('',#2439,#2440,#1358,.T.);
#3024=EDGE_CURVE('',#2440,#2437,#392,.T.);
#3025=EDGE_CURVE('',#2441,#2439,#393,.T.);
#3026=EDGE_CURVE('',#2441,#2442,#1359,.T.);
#3027=EDGE_CURVE('',#2442,#2440,#394,.T.);
#3028=EDGE_CURVE('',#2443,#2441,#395,.T.);
#3029=EDGE_CURVE('',#2443,#2444,#1360,.T.);
#3030=EDGE_CURVE('',#2444,#2442,#396,.T.);
#3031=EDGE_CURVE('',#2436,#2443,#397,.T.);
#3032=EDGE_CURVE('',#2438,#2444,#398,.T.);
#3033=EDGE_CURVE('',#2275,#2445,#1361,.T.);
#3034=EDGE_CURVE('',#2445,#2446,#399,.T.);
#3035=EDGE_CURVE('',#2276,#2446,#1362,.T.);
#3036=EDGE_CURVE('',#2282,#2447,#1363,.T.);
#3037=EDGE_CURVE('',#2447,#2445,#400,.T.);
#3038=EDGE_CURVE('',#2281,#2448,#1364,.T.);
#3039=EDGE_CURVE('',#2448,#2447,#401,.T.);
#3040=EDGE_CURVE('',#2280,#2449,#1365,.T.);
#3041=EDGE_CURVE('',#2449,#2448,#402,.T.);
#3042=EDGE_CURVE('',#2279,#2450,#1366,.T.);
#3043=EDGE_CURVE('',#2450,#2449,#403,.T.);
#3044=EDGE_CURVE('',#2278,#2451,#1367,.T.);
#3045=EDGE_CURVE('',#2451,#2450,#404,.T.);
#3046=EDGE_CURVE('',#2277,#2452,#1368,.T.);
#3047=EDGE_CURVE('',#2452,#2451,#405,.T.);
#3048=EDGE_CURVE('',#2446,#2452,#406,.T.);
#3049=EDGE_CURVE('',#2453,#2454,#407,.T.);
#3050=EDGE_CURVE('',#2453,#2455,#1369,.T.);
#3051=EDGE_CURVE('',#2455,#2456,#408,.T.);
#3052=EDGE_CURVE('',#2454,#2456,#1370,.T.);
#3053=EDGE_CURVE('',#2457,#2453,#409,.T.);
#3054=EDGE_CURVE('',#2457,#2458,#1371,.T.);
#3055=EDGE_CURVE('',#2458,#2455,#410,.T.);
#3056=EDGE_CURVE('',#2459,#2457,#411,.T.);
#3057=EDGE_CURVE('',#2459,#2460,#1372,.T.);
#3058=EDGE_CURVE('',#2460,#2458,#412,.T.);
#3059=EDGE_CURVE('',#2461,#2459,#413,.T.);
#3060=EDGE_CURVE('',#2461,#2462,#1373,.T.);
#3061=EDGE_CURVE('',#2462,#2460,#414,.T.);
#3062=EDGE_CURVE('',#2454,#2461,#415,.T.);
#3063=EDGE_CURVE('',#2456,#2462,#416,.T.);
#3064=EDGE_CURVE('',#2283,#2463,#1374,.T.);
#3065=EDGE_CURVE('',#2463,#2464,#417,.T.);
#3066=EDGE_CURVE('',#2284,#2464,#1375,.T.);
#3067=EDGE_CURVE('',#2290,#2465,#1376,.T.);
#3068=EDGE_CURVE('',#2465,#2463,#418,.T.);
#3069=EDGE_CURVE('',#2289,#2466,#1377,.T.);
#3070=EDGE_CURVE('',#2466,#2465,#419,.T.);
#3071=EDGE_CURVE('',#2288,#2467,#1378,.T.);
#3072=EDGE_CURVE('',#2467,#2466,#420,.T.);
#3073=EDGE_CURVE('',#2287,#2468,#1379,.T.);
#3074=EDGE_CURVE('',#2468,#2467,#421,.T.);
#3075=EDGE_CURVE('',#2286,#2469,#1380,.T.);
#3076=EDGE_CURVE('',#2469,#2468,#422,.T.);
#3077=EDGE_CURVE('',#2285,#2470,#1381,.T.);
#3078=EDGE_CURVE('',#2470,#2469,#423,.T.);
#3079=EDGE_CURVE('',#2464,#2470,#424,.T.);
#3080=EDGE_CURVE('',#2471,#2472,#425,.T.);
#3081=EDGE_CURVE('',#2471,#2473,#1382,.T.);
#3082=EDGE_CURVE('',#2473,#2474,#426,.T.);
#3083=EDGE_CURVE('',#2472,#2474,#1383,.T.);
#3084=EDGE_CURVE('',#2475,#2471,#427,.T.);
#3085=EDGE_CURVE('',#2475,#2476,#1384,.T.);
#3086=EDGE_CURVE('',#2476,#2473,#428,.T.);
#3087=EDGE_CURVE('',#2477,#2475,#429,.T.);
#3088=EDGE_CURVE('',#2477,#2478,#1385,.T.);
#3089=EDGE_CURVE('',#2478,#2476,#430,.T.);
#3090=EDGE_CURVE('',#2472,#2477,#1386,.T.);
#3091=EDGE_CURVE('',#2474,#2478,#1387,.T.);
#3092=EDGE_CURVE('',#2291,#2479,#1388,.T.);
#3093=EDGE_CURVE('',#2479,#2480,#431,.T.);
#3094=EDGE_CURVE('',#2292,#2480,#1389,.T.);
#3095=EDGE_CURVE('',#2302,#2481,#1390,.T.);
#3096=EDGE_CURVE('',#2481,#2479,#432,.T.);
#3097=EDGE_CURVE('',#2301,#2482,#1391,.T.);
#3098=EDGE_CURVE('',#2482,#2481,#433,.T.);
#3099=EDGE_CURVE('',#2300,#2483,#1392,.T.);
#3100=EDGE_CURVE('',#2483,#2482,#434,.T.);
#3101=EDGE_CURVE('',#2299,#2484,#1393,.T.);
#3102=EDGE_CURVE('',#2484,#2483,#435,.T.);
#3103=EDGE_CURVE('',#2298,#2485,#1394,.T.);
#3104=EDGE_CURVE('',#2485,#2484,#436,.T.);
#3105=EDGE_CURVE('',#2297,#2486,#1395,.T.);
#3106=EDGE_CURVE('',#2486,#2485,#437,.T.);
#3107=EDGE_CURVE('',#2296,#2487,#1396,.T.);
#3108=EDGE_CURVE('',#2487,#2486,#1397,.T.);
#3109=EDGE_CURVE('',#2295,#2488,#1398,.T.);
#3110=EDGE_CURVE('',#2488,#2487,#438,.T.);
#3111=EDGE_CURVE('',#2294,#2489,#1399,.T.);
#3112=EDGE_CURVE('',#2489,#2488,#439,.T.);
#3113=EDGE_CURVE('',#2293,#2490,#1400,.T.);
#3114=EDGE_CURVE('',#2490,#2489,#1401,.T.);
#3115=EDGE_CURVE('',#2480,#2490,#1402,.T.);
#3116=EDGE_CURVE('',#2491,#2492,#440,.T.);
#3117=EDGE_CURVE('',#2491,#2493,#1403,.T.);
#3118=EDGE_CURVE('',#2493,#2494,#441,.T.);
#3119=EDGE_CURVE('',#2492,#2494,#1404,.T.);
#3120=EDGE_CURVE('',#2495,#2491,#442,.T.);
#3121=EDGE_CURVE('',#2495,#2496,#1405,.T.);
#3122=EDGE_CURVE('',#2496,#2493,#443,.T.);
#3123=EDGE_CURVE('',#2497,#2495,#1406,.T.);
#3124=EDGE_CURVE('',#2497,#2498,#1407,.T.);
#3125=EDGE_CURVE('',#2498,#2496,#1408,.T.);
#3126=EDGE_CURVE('',#2499,#2497,#1409,.T.);
#3127=EDGE_CURVE('',#2499,#2500,#1410,.T.);
#3128=EDGE_CURVE('',#2500,#2498,#1411,.T.);
#3129=EDGE_CURVE('',#2492,#2499,#1412,.T.);
#3130=EDGE_CURVE('',#2494,#2500,#1413,.T.);
#3131=EDGE_CURVE('',#2303,#2501,#1414,.T.);
#3132=EDGE_CURVE('',#2501,#2502,#444,.T.);
#3133=EDGE_CURVE('',#2304,#2502,#1415,.T.);
#3134=EDGE_CURVE('',#2310,#2503,#1416,.T.);
#3135=EDGE_CURVE('',#2503,#2501,#445,.T.);
#3136=EDGE_CURVE('',#2309,#2504,#1417,.T.);
#3137=EDGE_CURVE('',#2504,#2503,#446,.T.);
#3138=EDGE_CURVE('',#2308,#2505,#1418,.T.);
#3139=EDGE_CURVE('',#2505,#2504,#1419,.T.);
#3140=EDGE_CURVE('',#2307,#2506,#1420,.T.);
#3141=EDGE_CURVE('',#2506,#2505,#1421,.T.);
#3142=EDGE_CURVE('',#2306,#2507,#1422,.T.);
#3143=EDGE_CURVE('',#2507,#2506,#1423,.T.);
#3144=EDGE_CURVE('',#2305,#2508,#1424,.T.);
#3145=EDGE_CURVE('',#2508,#2507,#1425,.T.);
#3146=EDGE_CURVE('',#2502,#2508,#1426,.T.);
#3147=EDGE_CURVE('',#2509,#2510,#447,.T.);
#3148=EDGE_CURVE('',#2509,#2511,#1427,.T.);
#3149=EDGE_CURVE('',#2511,#2512,#448,.T.);
#3150=EDGE_CURVE('',#2510,#2512,#1428,.T.);
#3151=EDGE_CURVE('',#2513,#2509,#449,.T.);
#3152=EDGE_CURVE('',#2513,#2514,#1429,.T.);
#3153=EDGE_CURVE('',#2514,#2511,#450,.T.);
#3154=EDGE_CURVE('',#2515,#2513,#451,.T.);
#3155=EDGE_CURVE('',#2515,#2516,#1430,.T.);
#3156=EDGE_CURVE('',#2516,#2514,#452,.T.);
#3157=EDGE_CURVE('',#2517,#2515,#453,.T.);
#3158=EDGE_CURVE('',#2517,#2518,#1431,.T.);
#3159=EDGE_CURVE('',#2518,#2516,#454,.T.);
#3160=EDGE_CURVE('',#2519,#2517,#455,.T.);
#3161=EDGE_CURVE('',#2519,#2520,#1432,.T.);
#3162=EDGE_CURVE('',#2520,#2518,#456,.T.);
#3163=EDGE_CURVE('',#2521,#2519,#457,.T.);
#3164=EDGE_CURVE('',#2521,#2522,#1433,.T.);
#3165=EDGE_CURVE('',#2522,#2520,#458,.T.);
#3166=EDGE_CURVE('',#2523,#2521,#459,.T.);
#3167=EDGE_CURVE('',#2523,#2524,#1434,.T.);
#3168=EDGE_CURVE('',#2524,#2522,#460,.T.);
#3169=EDGE_CURVE('',#2525,#2523,#1435,.T.);
#3170=EDGE_CURVE('',#2525,#2526,#1436,.T.);
#3171=EDGE_CURVE('',#2526,#2524,#1437,.T.);
#3172=EDGE_CURVE('',#2510,#2525,#461,.T.);
#3173=EDGE_CURVE('',#2512,#2526,#462,.T.);
#3174=EDGE_CURVE('',#2311,#2527,#1438,.T.);
#3175=EDGE_CURVE('',#2527,#2528,#463,.T.);
#3176=EDGE_CURVE('',#2312,#2528,#1439,.T.);
#3177=EDGE_CURVE('',#2323,#2529,#1440,.T.);
#3178=EDGE_CURVE('',#2529,#2527,#464,.T.);
#3179=EDGE_CURVE('',#2322,#2530,#1441,.T.);
#3180=EDGE_CURVE('',#2530,#2529,#465,.T.);
#3181=EDGE_CURVE('',#2321,#2531,#1442,.T.);
#3182=EDGE_CURVE('',#2531,#2530,#466,.T.);
#3183=EDGE_CURVE('',#2320,#2532,#1443,.T.);
#3184=EDGE_CURVE('',#2532,#2531,#467,.T.);
#3185=EDGE_CURVE('',#2319,#2533,#1444,.T.);
#3186=EDGE_CURVE('',#2533,#2532,#1445,.T.);
#3187=EDGE_CURVE('',#2318,#2534,#1446,.T.);
#3188=EDGE_CURVE('',#2534,#2533,#1447,.T.);
#3189=EDGE_CURVE('',#2317,#2535,#1448,.T.);
#3190=EDGE_CURVE('',#2535,#2534,#1449,.T.);
#3191=EDGE_CURVE('',#2316,#2536,#1450,.T.);
#3192=EDGE_CURVE('',#2536,#2535,#1451,.T.);
#3193=EDGE_CURVE('',#2315,#2537,#1452,.T.);
#3194=EDGE_CURVE('',#2537,#2536,#1453,.T.);
#3195=EDGE_CURVE('',#2314,#2538,#1454,.T.);
#3196=EDGE_CURVE('',#2538,#2537,#1455,.T.);
#3197=EDGE_CURVE('',#2313,#2539,#1456,.T.);
#3198=EDGE_CURVE('',#2539,#2538,#1457,.T.);
#3199=EDGE_CURVE('',#2528,#2539,#468,.T.);
#3200=EDGE_CURVE('',#2324,#2540,#1458,.T.);
#3201=EDGE_CURVE('',#2540,#2541,#1459,.T.);
#3202=EDGE_CURVE('',#2325,#2541,#1460,.T.);
#3203=EDGE_CURVE('',#2327,#2542,#1461,.T.);
#3204=EDGE_CURVE('',#2542,#2540,#1462,.T.);
#3205=EDGE_CURVE('',#2326,#2543,#1463,.T.);
#3206=EDGE_CURVE('',#2543,#2542,#1464,.T.);
#3207=EDGE_CURVE('',#2541,#2543,#1465,.T.);
#3208=EDGE_CURVE('',#2544,#2545,#469,.T.);
#3209=EDGE_CURVE('',#2544,#2546,#1466,.T.);
#3210=EDGE_CURVE('',#2546,#2547,#470,.T.);
#3211=EDGE_CURVE('',#2545,#2547,#1467,.T.);
#3212=EDGE_CURVE('',#2548,#2544,#471,.T.);
#3213=EDGE_CURVE('',#2548,#2549,#1468,.T.);
#3214=EDGE_CURVE('',#2549,#2546,#472,.T.);
#3215=EDGE_CURVE('',#2550,#2548,#473,.T.);
#3216=EDGE_CURVE('',#2550,#2551,#1469,.T.);
#3217=EDGE_CURVE('',#2551,#2549,#474,.T.);
#3218=EDGE_CURVE('',#2552,#2550,#475,.T.);
#3219=EDGE_CURVE('',#2552,#2553,#1470,.T.);
#3220=EDGE_CURVE('',#2553,#2551,#476,.T.);
#3221=EDGE_CURVE('',#2554,#2552,#477,.T.);
#3222=EDGE_CURVE('',#2554,#2555,#1471,.T.);
#3223=EDGE_CURVE('',#2555,#2553,#478,.T.);
#3224=EDGE_CURVE('',#2556,#2554,#479,.T.);
#3225=EDGE_CURVE('',#2556,#2557,#1472,.T.);
#3226=EDGE_CURVE('',#2557,#2555,#480,.T.);
#3227=EDGE_CURVE('',#2558,#2556,#481,.T.);
#3228=EDGE_CURVE('',#2558,#2559,#1473,.T.);
#3229=EDGE_CURVE('',#2559,#2557,#482,.T.);
#3230=EDGE_CURVE('',#2560,#2558,#1474,.T.);
#3231=EDGE_CURVE('',#2560,#2561,#1475,.T.);
#3232=EDGE_CURVE('',#2561,#2559,#1476,.T.);
#3233=EDGE_CURVE('',#2545,#2560,#483,.T.);
#3234=EDGE_CURVE('',#2547,#2561,#484,.T.);
#3235=EDGE_CURVE('',#2328,#2562,#1477,.T.);
#3236=EDGE_CURVE('',#2562,#2563,#485,.T.);
#3237=EDGE_CURVE('',#2329,#2563,#1478,.T.);
#3238=EDGE_CURVE('',#2340,#2564,#1479,.T.);
#3239=EDGE_CURVE('',#2564,#2562,#486,.T.);
#3240=EDGE_CURVE('',#2339,#2565,#1480,.T.);
#3241=EDGE_CURVE('',#2565,#2564,#487,.T.);
#3242=EDGE_CURVE('',#2338,#2566,#1481,.T.);
#3243=EDGE_CURVE('',#2566,#2565,#488,.T.);
#3244=EDGE_CURVE('',#2337,#2567,#1482,.T.);
#3245=EDGE_CURVE('',#2567,#2566,#489,.T.);
#3246=EDGE_CURVE('',#2336,#2568,#1483,.T.);
#3247=EDGE_CURVE('',#2568,#2567,#1484,.T.);
#3248=EDGE_CURVE('',#2335,#2569,#1485,.T.);
#3249=EDGE_CURVE('',#2569,#2568,#1486,.T.);
#3250=EDGE_CURVE('',#2334,#2570,#1487,.T.);
#3251=EDGE_CURVE('',#2570,#2569,#1488,.T.);
#3252=EDGE_CURVE('',#2333,#2571,#1489,.T.);
#3253=EDGE_CURVE('',#2571,#2570,#1490,.T.);
#3254=EDGE_CURVE('',#2332,#2572,#1491,.T.);
#3255=EDGE_CURVE('',#2572,#2571,#1492,.T.);
#3256=EDGE_CURVE('',#2331,#2573,#1493,.T.);
#3257=EDGE_CURVE('',#2573,#2572,#1494,.T.);
#3258=EDGE_CURVE('',#2330,#2574,#1495,.T.);
#3259=EDGE_CURVE('',#2574,#2573,#1496,.T.);
#3260=EDGE_CURVE('',#2563,#2574,#490,.T.);
#3261=EDGE_CURVE('',#2575,#2576,#491,.T.);
#3262=EDGE_CURVE('',#2575,#2577,#1497,.T.);
#3263=EDGE_CURVE('',#2577,#2578,#492,.T.);
#3264=EDGE_CURVE('',#2576,#2578,#1498,.T.);
#3265=EDGE_CURVE('',#2579,#2575,#493,.T.);
#3266=EDGE_CURVE('',#2579,#2580,#1499,.T.);
#3267=EDGE_CURVE('',#2580,#2577,#494,.T.);
#3268=EDGE_CURVE('',#2581,#2579,#495,.T.);
#3269=EDGE_CURVE('',#2581,#2582,#1500,.T.);
#3270=EDGE_CURVE('',#2582,#2580,#496,.T.);
#3271=EDGE_CURVE('',#2576,#2581,#1501,.T.);
#3272=EDGE_CURVE('',#2578,#2582,#1502,.T.);
#3273=EDGE_CURVE('',#2341,#2583,#1503,.T.);
#3274=EDGE_CURVE('',#2583,#2584,#497,.T.);
#3275=EDGE_CURVE('',#2342,#2584,#1504,.T.);
#3276=EDGE_CURVE('',#2352,#2585,#1505,.T.);
#3277=EDGE_CURVE('',#2585,#2583,#498,.T.);
#3278=EDGE_CURVE('',#2351,#2586,#1506,.T.);
#3279=EDGE_CURVE('',#2586,#2585,#499,.T.);
#3280=EDGE_CURVE('',#2350,#2587,#1507,.T.);
#3281=EDGE_CURVE('',#2587,#2586,#500,.T.);
#3282=EDGE_CURVE('',#2349,#2588,#1508,.T.);
#3283=EDGE_CURVE('',#2588,#2587,#501,.T.);
#3284=EDGE_CURVE('',#2348,#2589,#1509,.T.);
#3285=EDGE_CURVE('',#2589,#2588,#502,.T.);
#3286=EDGE_CURVE('',#2347,#2590,#1510,.T.);
#3287=EDGE_CURVE('',#2590,#2589,#503,.T.);
#3288=EDGE_CURVE('',#2346,#2591,#1511,.T.);
#3289=EDGE_CURVE('',#2591,#2590,#1512,.T.);
#3290=EDGE_CURVE('',#2345,#2592,#1513,.T.);
#3291=EDGE_CURVE('',#2592,#2591,#504,.T.);
#3292=EDGE_CURVE('',#2344,#2593,#1514,.T.);
#3293=EDGE_CURVE('',#2593,#2592,#505,.T.);
#3294=EDGE_CURVE('',#2343,#2594,#1515,.T.);
#3295=EDGE_CURVE('',#2594,#2593,#1516,.T.);
#3296=EDGE_CURVE('',#2584,#2594,#1517,.T.);
#3297=EDGE_CURVE('',#2595,#2596,#506,.T.);
#3298=EDGE_CURVE('',#2595,#2597,#1518,.T.);
#3299=EDGE_CURVE('',#2597,#2598,#507,.T.);
#3300=EDGE_CURVE('',#2596,#2598,#1519,.T.);
#3301=EDGE_CURVE('',#2599,#2595,#508,.T.);
#3302=EDGE_CURVE('',#2599,#2600,#1520,.T.);
#3303=EDGE_CURVE('',#2600,#2597,#509,.T.);
#3304=EDGE_CURVE('',#2601,#2599,#510,.T.);
#3305=EDGE_CURVE('',#2601,#2602,#1521,.T.);
#3306=EDGE_CURVE('',#2602,#2600,#511,.T.);
#3307=EDGE_CURVE('',#2603,#2601,#512,.T.);
#3308=EDGE_CURVE('',#2603,#2604,#1522,.T.);
#3309=EDGE_CURVE('',#2604,#2602,#513,.T.);
#3310=EDGE_CURVE('',#2596,#2603,#514,.T.);
#3311=EDGE_CURVE('',#2598,#2604,#515,.T.);
#3312=EDGE_CURVE('',#2353,#2605,#1523,.T.);
#3313=EDGE_CURVE('',#2605,#2606,#516,.T.);
#3314=EDGE_CURVE('',#2354,#2606,#1524,.T.);
#3315=EDGE_CURVE('',#2360,#2607,#1525,.T.);
#3316=EDGE_CURVE('',#2607,#2605,#517,.T.);
#3317=EDGE_CURVE('',#2359,#2608,#1526,.T.);
#3318=EDGE_CURVE('',#2608,#2607,#518,.T.);
#3319=EDGE_CURVE('',#2358,#2609,#1527,.T.);
#3320=EDGE_CURVE('',#2609,#2608,#519,.T.);
#3321=EDGE_CURVE('',#2357,#2610,#1528,.T.);
#3322=EDGE_CURVE('',#2610,#2609,#520,.T.);
#3323=EDGE_CURVE('',#2356,#2611,#1529,.T.);
#3324=EDGE_CURVE('',#2611,#2610,#521,.T.);
#3325=EDGE_CURVE('',#2355,#2612,#1530,.T.);
#3326=EDGE_CURVE('',#2612,#2611,#522,.T.);
#3327=EDGE_CURVE('',#2606,#2612,#523,.T.);
#3328=EDGE_CURVE('',#2361,#2613,#1531,.T.);
#3329=EDGE_CURVE('',#2613,#2614,#524,.T.);
#3330=EDGE_CURVE('',#2362,#2614,#1532,.T.);
#3331=EDGE_CURVE('',#2372,#2615,#1533,.T.);
#3332=EDGE_CURVE('',#2615,#2613,#525,.T.);
#3333=EDGE_CURVE('',#2371,#2616,#1534,.T.);
#3334=EDGE_CURVE('',#2616,#2615,#1535,.T.);
#3335=EDGE_CURVE('',#2370,#2617,#1536,.T.);
#3336=EDGE_CURVE('',#2617,#2616,#1537,.T.);
#3337=EDGE_CURVE('',#2369,#2618,#1538,.T.);
#3338=EDGE_CURVE('',#2618,#2617,#1539,.T.);
#3339=EDGE_CURVE('',#2368,#2619,#1540,.T.);
#3340=EDGE_CURVE('',#2619,#2618,#1541,.T.);
#3341=EDGE_CURVE('',#2367,#2620,#1542,.T.);
#3342=EDGE_CURVE('',#2620,#2619,#1543,.T.);
#3343=EDGE_CURVE('',#2366,#2621,#1544,.T.);
#3344=EDGE_CURVE('',#2621,#2620,#1545,.T.);
#3345=EDGE_CURVE('',#2365,#2622,#1546,.T.);
#3346=EDGE_CURVE('',#2622,#2621,#526,.T.);
#3347=EDGE_CURVE('',#2364,#2623,#1547,.T.);
#3348=EDGE_CURVE('',#2623,#2622,#527,.T.);
#3349=EDGE_CURVE('',#2363,#2624,#1548,.T.);
#3350=EDGE_CURVE('',#2624,#2623,#528,.T.);
#3351=EDGE_CURVE('',#2614,#2624,#1549,.T.);
#3352=EDGE_CURVE('',#2625,#2626,#529,.T.);
#3353=EDGE_CURVE('',#2625,#2627,#1550,.T.);
#3354=EDGE_CURVE('',#2627,#2628,#530,.T.);
#3355=EDGE_CURVE('',#2626,#2628,#1551,.T.);
#3356=EDGE_CURVE('',#2629,#2625,#531,.T.);
#3357=EDGE_CURVE('',#2629,#2630,#1552,.T.);
#3358=EDGE_CURVE('',#2630,#2627,#532,.T.);
#3359=EDGE_CURVE('',#2631,#2629,#533,.T.);
#3360=EDGE_CURVE('',#2631,#2632,#1553,.T.);
#3361=EDGE_CURVE('',#2632,#2630,#534,.T.);
#3362=EDGE_CURVE('',#2633,#2631,#535,.T.);
#3363=EDGE_CURVE('',#2633,#2634,#1554,.T.);
#3364=EDGE_CURVE('',#2634,#2632,#536,.T.);
#3365=EDGE_CURVE('',#2635,#2633,#537,.T.);
#3366=EDGE_CURVE('',#2635,#2636,#1555,.T.);
#3367=EDGE_CURVE('',#2636,#2634,#538,.T.);
#3368=EDGE_CURVE('',#2637,#2635,#539,.T.);
#3369=EDGE_CURVE('',#2637,#2638,#1556,.T.);
#3370=EDGE_CURVE('',#2638,#2636,#540,.T.);
#3371=EDGE_CURVE('',#2639,#2637,#541,.T.);
#3372=EDGE_CURVE('',#2639,#2640,#1557,.T.);
#3373=EDGE_CURVE('',#2640,#2638,#542,.T.);
#3374=EDGE_CURVE('',#2641,#2639,#1558,.T.);
#3375=EDGE_CURVE('',#2641,#2642,#1559,.T.);
#3376=EDGE_CURVE('',#2642,#2640,#1560,.T.);
#3377=EDGE_CURVE('',#2626,#2641,#543,.T.);
#3378=EDGE_CURVE('',#2628,#2642,#544,.T.);
#3379=EDGE_CURVE('',#2373,#2643,#1561,.T.);
#3380=EDGE_CURVE('',#2643,#2644,#1562,.T.);
#3381=EDGE_CURVE('',#2374,#2644,#1563,.T.);
#3382=EDGE_CURVE('',#2385,#2645,#1564,.T.);
#3383=EDGE_CURVE('',#2645,#2643,#1565,.T.);
#3384=EDGE_CURVE('',#2384,#2646,#1566,.T.);
#3385=EDGE_CURVE('',#2646,#2645,#1567,.T.);
#3386=EDGE_CURVE('',#2383,#2647,#1568,.T.);
#3387=EDGE_CURVE('',#2647,#2646,#545,.T.);
#3388=EDGE_CURVE('',#2382,#2648,#1569,.T.);
#3389=EDGE_CURVE('',#2648,#2647,#546,.T.);
#3390=EDGE_CURVE('',#2381,#2649,#1570,.T.);
#3391=EDGE_CURVE('',#2649,#2648,#547,.T.);
#3392=EDGE_CURVE('',#2380,#2650,#1571,.T.);
#3393=EDGE_CURVE('',#2650,#2649,#548,.T.);
#3394=EDGE_CURVE('',#2379,#2651,#1572,.T.);
#3395=EDGE_CURVE('',#2651,#2650,#549,.T.);
#3396=EDGE_CURVE('',#2378,#2652,#1573,.T.);
#3397=EDGE_CURVE('',#2652,#2651,#550,.T.);
#3398=EDGE_CURVE('',#2377,#2653,#1574,.T.);
#3399=EDGE_CURVE('',#2653,#2652,#1575,.T.);
#3400=EDGE_CURVE('',#2376,#2654,#1576,.T.);
#3401=EDGE_CURVE('',#2654,#2653,#1577,.T.);
#3402=EDGE_CURVE('',#2375,#2655,#1578,.T.);
#3403=EDGE_CURVE('',#2655,#2654,#1579,.T.);
#3404=EDGE_CURVE('',#2644,#2655,#1580,.T.);
#3405=EDGE_CURVE('',#2386,#2656,#1581,.T.);
#3406=EDGE_CURVE('',#2656,#2657,#551,.T.);
#3407=EDGE_CURVE('',#2387,#2657,#1582,.T.);
#3408=EDGE_CURVE('',#2408,#2658,#1583,.T.);
#3409=EDGE_CURVE('',#2658,#2656,#552,.T.);
#3410=EDGE_CURVE('',#2407,#2659,#1584,.T.);
#3411=EDGE_CURVE('',#2659,#2658,#553,.T.);
#3412=EDGE_CURVE('',#2406,#2660,#1585,.T.);
#3413=EDGE_CURVE('',#2660,#2659,#554,.T.);
#3414=EDGE_CURVE('',#2405,#2661,#1586,.T.);
#3415=EDGE_CURVE('',#2661,#2660,#555,.T.);
#3416=EDGE_CURVE('',#2404,#2662,#1587,.T.);
#3417=EDGE_CURVE('',#2662,#2661,#1588,.T.);
#3418=EDGE_CURVE('',#2403,#2663,#1589,.T.);
#3419=EDGE_CURVE('',#2663,#2662,#1590,.T.);
#3420=EDGE_CURVE('',#2402,#2664,#1591,.T.);
#3421=EDGE_CURVE('',#2664,#2663,#1592,.T.);
#3422=EDGE_CURVE('',#2401,#2665,#1593,.T.);
#3423=EDGE_CURVE('',#2665,#2664,#1594,.T.);
#3424=EDGE_CURVE('',#2400,#2666,#1595,.T.);
#3425=EDGE_CURVE('',#2666,#2665,#1596,.T.);
#3426=EDGE_CURVE('',#2399,#2667,#1597,.T.);
#3427=EDGE_CURVE('',#2667,#2666,#1598,.T.);
#3428=EDGE_CURVE('',#2398,#2668,#1599,.T.);
#3429=EDGE_CURVE('',#2668,#2667,#556,.T.);
#3430=EDGE_CURVE('',#2397,#2669,#1600,.T.);
#3431=EDGE_CURVE('',#2669,#2668,#557,.T.);
#3432=EDGE_CURVE('',#2396,#2670,#1601,.T.);
#3433=EDGE_CURVE('',#2670,#2669,#558,.T.);
#3434=EDGE_CURVE('',#2395,#2671,#1602,.T.);
#3435=EDGE_CURVE('',#2671,#2670,#1603,.T.);
#3436=EDGE_CURVE('',#2394,#2672,#1604,.T.);
#3437=EDGE_CURVE('',#2672,#2671,#1605,.T.);
#3438=EDGE_CURVE('',#2393,#2673,#1606,.T.);
#3439=EDGE_CURVE('',#2673,#2672,#1607,.T.);
#3440=EDGE_CURVE('',#2392,#2674,#1608,.T.);
#3441=EDGE_CURVE('',#2674,#2673,#559,.T.);
#3442=EDGE_CURVE('',#2391,#2675,#1609,.T.);
#3443=EDGE_CURVE('',#2675,#2674,#560,.T.);
#3444=EDGE_CURVE('',#2390,#2676,#1610,.T.);
#3445=EDGE_CURVE('',#2676,#2675,#561,.T.);
#3446=EDGE_CURVE('',#2389,#2677,#1611,.T.);
#3447=EDGE_CURVE('',#2677,#2676,#1612,.T.);
#3448=EDGE_CURVE('',#2388,#2678,#1613,.T.);
#3449=EDGE_CURVE('',#2678,#2677,#1614,.T.);
#3450=EDGE_CURVE('',#2657,#2678,#1615,.T.);
#3451=EDGE_CURVE('',#2679,#2680,#562,.T.);
#3452=EDGE_CURVE('',#2679,#2681,#1616,.T.);
#3453=EDGE_CURVE('',#2681,#2682,#563,.T.);
#3454=EDGE_CURVE('',#2680,#2682,#1617,.T.);
#3455=EDGE_CURVE('',#2683,#2679,#564,.T.);
#3456=EDGE_CURVE('',#2683,#2684,#1618,.T.);
#3457=EDGE_CURVE('',#2684,#2681,#565,.T.);
#3458=EDGE_CURVE('',#2685,#2683,#1619,.T.);
#3459=EDGE_CURVE('',#2685,#2686,#1620,.T.);
#3460=EDGE_CURVE('',#2686,#2684,#1621,.T.);
#3461=EDGE_CURVE('',#2687,#2685,#1622,.T.);
#3462=EDGE_CURVE('',#2687,#2688,#1623,.T.);
#3463=EDGE_CURVE('',#2688,#2686,#1624,.T.);
#3464=EDGE_CURVE('',#2680,#2687,#1625,.T.);
#3465=EDGE_CURVE('',#2682,#2688,#1626,.T.);
#3466=EDGE_CURVE('',#2409,#2689,#1627,.T.);
#3467=EDGE_CURVE('',#2689,#2690,#566,.T.);
#3468=EDGE_CURVE('',#2410,#2690,#1628,.T.);
#3469=EDGE_CURVE('',#2416,#2691,#1629,.T.);
#3470=EDGE_CURVE('',#2691,#2689,#567,.T.);
#3471=EDGE_CURVE('',#2415,#2692,#1630,.T.);
#3472=EDGE_CURVE('',#2692,#2691,#568,.T.);
#3473=EDGE_CURVE('',#2414,#2693,#1631,.T.);
#3474=EDGE_CURVE('',#2693,#2692,#1632,.T.);
#3475=EDGE_CURVE('',#2413,#2694,#1633,.T.);
#3476=EDGE_CURVE('',#2694,#2693,#1634,.T.);
#3477=EDGE_CURVE('',#2412,#2695,#1635,.T.);
#3478=EDGE_CURVE('',#2695,#2694,#1636,.T.);
#3479=EDGE_CURVE('',#2411,#2696,#1637,.T.);
#3480=EDGE_CURVE('',#2696,#2695,#1638,.T.);
#3481=EDGE_CURVE('',#2690,#2696,#1639,.T.);
#3482=EDGE_CURVE('',#2697,#2698,#1640,.T.);
#3483=EDGE_CURVE('',#2699,#2697,#1641,.T.);
#3484=EDGE_CURVE('',#2700,#2699,#1642,.T.);
#3485=EDGE_CURVE('',#2698,#2700,#1643,.T.);
#3486=EDGE_CURVE('',#2701,#2697,#50,.T.);
#3487=EDGE_CURVE('',#2702,#2701,#1644,.T.);
#3488=EDGE_CURVE('',#2702,#2699,#1645,.T.);
#3489=EDGE_CURVE('',#2703,#2702,#1646,.T.);
#3490=EDGE_CURVE('',#2700,#2703,#1647,.T.);
#3491=EDGE_CURVE('',#2698,#2704,#51,.T.);
#3492=EDGE_CURVE('',#2260,#2704,#1648,.T.);
#3493=EDGE_CURVE('',#2259,#2705,#52,.T.);
#3494=EDGE_CURVE('',#2701,#2705,#1649,.T.);
#3495=EDGE_CURVE('',#2706,#2703,#1650,.T.);
#3496=EDGE_CURVE('',#2707,#2706,#53,.T.);
#3497=EDGE_CURVE('',#2707,#2704,#1651,.T.);
#3498=EDGE_CURVE('',#2708,#2709,#54,.T.);
#3499=EDGE_CURVE('',#2708,#2710,#1652,.T.);
#3500=EDGE_CURVE('',#2711,#2710,#55,.T.);
#3501=EDGE_CURVE('',#2709,#2711,#1653,.T.);
#3502=EDGE_CURVE('',#2712,#2709,#1654,.T.);
#3503=EDGE_CURVE('',#2712,#2252,#56,.T.);
#3504=EDGE_CURVE('',#2708,#2251,#1655,.T.);
#3505=EDGE_CURVE('',#2236,#2243,#1656,.T.);
#3506=EDGE_CURVE('',#2249,#2263,#1657,.T.);
#3507=EDGE_CURVE('',#2710,#2707,#1658,.T.);
#3508=EDGE_CURVE('',#2257,#2239,#1659,.T.);
#3509=EDGE_CURVE('',#2713,#2244,#57,.T.);
#3510=EDGE_CURVE('',#2235,#2714,#58,.T.);
#3511=EDGE_CURVE('',#2713,#2714,#1660,.T.);
#3512=EDGE_CURVE('',#2714,#2235,#59,.T.);
#3513=EDGE_CURVE('',#2252,#2712,#60,.T.);
#3514=EDGE_CURVE('',#2714,#2712,#1661,.T.);
#3515=EDGE_CURVE('',#2705,#2259,#61,.T.);
#3516=EDGE_CURVE('',#2244,#2713,#62,.T.);
#3517=EDGE_CURVE('',#2705,#2713,#1662,.T.);
#3518=EDGE_CURVE('',#2715,#2706,#1663,.T.);
#3519=EDGE_CURVE('',#2262,#2715,#63,.T.);
#3520=EDGE_CURVE('',#2716,#2253,#64,.T.);
#3521=EDGE_CURVE('',#2711,#2716,#1664,.T.);
#3522=EDGE_CURVE('',#2717,#2715,#65,.T.);
#3523=EDGE_CURVE('',#2717,#2262,#66,.T.);
#3524=EDGE_CURVE('',#2718,#2717,#1665,.T.);
#3525=EDGE_CURVE('',#2245,#2718,#67,.T.);
#3526=EDGE_CURVE('',#2719,#2718,#68,.T.);
#3527=EDGE_CURVE('',#2719,#2245,#69,.T.);
#3528=EDGE_CURVE('',#2716,#2720,#70,.T.);
#3529=EDGE_CURVE('',#2253,#2720,#71,.T.);
#3530=EDGE_CURVE('',#2720,#2721,#1666,.T.);
#3531=EDGE_CURVE('',#2721,#2238,#72,.T.);
#3532=EDGE_CURVE('',#2721,#2722,#73,.T.);
#3533=EDGE_CURVE('',#2238,#2722,#74,.T.);
#3534=EDGE_CURVE('',#2722,#2719,#1667,.T.);
#3535=EDGE_CURVE('',#2723,#2724,#1668,.T.);
#3536=EDGE_CURVE('',#2725,#2723,#1669,.T.);
#3537=EDGE_CURVE('',#2726,#2725,#1670,.T.);
#3538=EDGE_CURVE('',#2726,#2724,#1671,.T.);
#3539=EDGE_CURVE('',#2724,#2727,#75,.T.);
#3540=EDGE_CURVE('',#2728,#2726,#76,.T.);
#3541=EDGE_CURVE('',#2728,#2727,#1672,.T.);
#3542=EDGE_CURVE('',#2727,#2729,#1673,.T.);
#3543=EDGE_CURVE('',#2730,#2728,#1674,.T.);
#3544=EDGE_CURVE('',#2730,#2729,#1675,.T.);
#3545=EDGE_CURVE('',#2729,#2731,#77,.T.);
#3546=EDGE_CURVE('',#2732,#2730,#78,.T.);
#3547=EDGE_CURVE('',#2732,#2731,#1676,.T.);
#3548=EDGE_CURVE('',#2731,#2733,#1677,.T.);
#3549=EDGE_CURVE('',#2734,#2732,#1678,.T.);
#3550=EDGE_CURVE('',#2734,#2733,#1679,.T.);
#3551=EDGE_CURVE('',#2733,#2735,#79,.T.);
#3552=EDGE_CURVE('',#2736,#2734,#80,.T.);
#3553=EDGE_CURVE('',#2736,#2735,#1680,.T.);
#3554=EDGE_CURVE('',#2735,#2737,#1681,.T.);
#3555=EDGE_CURVE('',#2738,#2736,#1682,.T.);
#3556=EDGE_CURVE('',#2738,#2737,#1683,.T.);
#3557=EDGE_CURVE('',#2737,#2723,#81,.T.);
#3558=EDGE_CURVE('',#2725,#2738,#82,.T.);
#3559=EDGE_CURVE('',#2739,#2740,#1684,.T.);
#3560=EDGE_CURVE('',#2741,#2739,#1685,.T.);
#3561=EDGE_CURVE('',#2742,#2741,#1686,.T.);
#3562=EDGE_CURVE('',#2742,#2740,#1687,.T.);
#3563=EDGE_CURVE('',#2740,#2743,#1688,.T.);
#3564=EDGE_CURVE('',#2744,#2742,#1689,.T.);
#3565=EDGE_CURVE('',#2744,#2743,#1690,.T.);
#3566=EDGE_CURVE('',#2743,#2745,#1691,.T.);
#3567=EDGE_CURVE('',#2746,#2744,#1692,.T.);
#3568=EDGE_CURVE('',#2746,#2745,#1693,.T.);
#3569=EDGE_CURVE('',#2745,#2739,#1694,.T.);
#3570=EDGE_CURVE('',#2741,#2746,#1695,.T.);
#3571=EDGE_CURVE('',#2747,#2748,#1696,.T.);
#3572=EDGE_CURVE('',#2749,#2747,#1697,.T.);
#3573=EDGE_CURVE('',#2750,#2749,#1698,.T.);
#3574=EDGE_CURVE('',#2750,#2748,#1699,.T.);
#3575=EDGE_CURVE('',#2748,#2751,#83,.T.);
#3576=EDGE_CURVE('',#2752,#2750,#84,.T.);
#3577=EDGE_CURVE('',#2752,#2751,#1700,.T.);
#3578=EDGE_CURVE('',#2751,#2753,#1701,.T.);
#3579=EDGE_CURVE('',#2754,#2752,#1702,.T.);
#3580=EDGE_CURVE('',#2754,#2753,#1703,.T.);
#3581=EDGE_CURVE('',#2753,#2755,#85,.T.);
#3582=EDGE_CURVE('',#2756,#2754,#86,.T.);
#3583=EDGE_CURVE('',#2756,#2755,#1704,.T.);
#3584=EDGE_CURVE('',#2755,#2757,#1705,.T.);
#3585=EDGE_CURVE('',#2758,#2756,#1706,.T.);
#3586=EDGE_CURVE('',#2758,#2757,#1707,.T.);
#3587=EDGE_CURVE('',#2757,#2759,#87,.T.);
#3588=EDGE_CURVE('',#2760,#2758,#88,.T.);
#3589=EDGE_CURVE('',#2760,#2759,#1708,.T.);
#3590=EDGE_CURVE('',#2759,#2761,#1709,.T.);
#3591=EDGE_CURVE('',#2762,#2760,#1710,.T.);
#3592=EDGE_CURVE('',#2762,#2761,#1711,.T.);
#3593=EDGE_CURVE('',#2761,#2747,#89,.T.);
#3594=EDGE_CURVE('',#2749,#2762,#90,.T.);
#3595=EDGE_CURVE('',#2763,#2764,#1712,.T.);
#3596=EDGE_CURVE('',#2765,#2763,#1713,.T.);
#3597=EDGE_CURVE('',#2766,#2765,#91,.T.);
#3598=EDGE_CURVE('',#2767,#2766,#1714,.T.);
#3599=EDGE_CURVE('',#2767,#2764,#1715,.T.);
#3600=EDGE_CURVE('',#2768,#2763,#1716,.T.);
#3601=EDGE_CURVE('',#2769,#2768,#1717,.T.);
#3602=EDGE_CURVE('',#2765,#2769,#1718,.T.);
#3603=EDGE_CURVE('',#2764,#2770,#1719,.T.);
#3604=EDGE_CURVE('',#2771,#2767,#1720,.T.);
#3605=EDGE_CURVE('',#2771,#2770,#1721,.T.);
#3606=EDGE_CURVE('',#2770,#2768,#1722,.T.);
#3607=EDGE_CURVE('',#2772,#2771,#1723,.T.);
#3608=EDGE_CURVE('',#2769,#2772,#92,.T.);
#3609=EDGE_CURVE('',#2772,#2773,#1724,.T.);
#3610=EDGE_CURVE('',#2774,#2773,#93,.T.);
#3611=EDGE_CURVE('',#2774,#2775,#1725,.T.);
#3612=EDGE_CURVE('',#2776,#2775,#94,.T.);
#3613=EDGE_CURVE('',#2776,#2766,#1726,.T.);
#3614=EDGE_CURVE('',#2777,#2778,#95,.T.);
#3615=EDGE_CURVE('',#2778,#2779,#96,.T.);
#3616=EDGE_CURVE('',#2779,#2777,#97,.T.);
#3617=EDGE_CURVE('',#2778,#2780,#1727,.T.);
#3618=EDGE_CURVE('',#2773,#2780,#98,.T.);
#3619=EDGE_CURVE('',#2773,#2779,#1728,.T.);
#3620=EDGE_CURVE('',#2780,#2774,#99,.T.);
#3621=EDGE_CURVE('',#2775,#2781,#100,.T.);
#3622=EDGE_CURVE('',#2781,#2776,#101,.T.);
#3623=EDGE_CURVE('',#2781,#2782,#1729,.T.);
#3624=EDGE_CURVE('',#2783,#2782,#102,.T.);
#3625=EDGE_CURVE('',#2783,#2776,#1730,.T.);
#3626=EDGE_CURVE('',#2782,#2784,#103,.T.);
#3627=EDGE_CURVE('',#2784,#2783,#104,.T.);
#3628=EDGE_CURVE('',#2784,#2777,#1731,.T.);
#3629=EDGE_CURVE('',#2779,#2783,#1732,.T.);
#3630=ORIENTED_EDGE('',*,*,#2785,.T.);
#3631=ORIENTED_EDGE('',*,*,#2786,.F.);
#3632=ORIENTED_EDGE('',*,*,#2787,.F.);
#3633=ORIENTED_EDGE('',*,*,#2788,.T.);
#3634=ORIENTED_EDGE('',*,*,#2789,.T.);
#3635=ORIENTED_EDGE('',*,*,#2788,.F.);
#3636=ORIENTED_EDGE('',*,*,#2790,.F.);
#3637=ORIENTED_EDGE('',*,*,#2791,.T.);
#3638=ORIENTED_EDGE('',*,*,#2792,.F.);
#3639=ORIENTED_EDGE('',*,*,#2791,.F.);
#3640=ORIENTED_EDGE('',*,*,#2793,.F.);
#3641=ORIENTED_EDGE('',*,*,#2794,.T.);
#3642=ORIENTED_EDGE('',*,*,#2795,.F.);
#3643=ORIENTED_EDGE('',*,*,#2794,.F.);
#3644=ORIENTED_EDGE('',*,*,#2796,.F.);
#3645=ORIENTED_EDGE('',*,*,#2786,.T.);
#3646=ORIENTED_EDGE('',*,*,#2797,.T.);
#3647=ORIENTED_EDGE('',*,*,#2798,.F.);
#3648=ORIENTED_EDGE('',*,*,#2799,.F.);
#3649=ORIENTED_EDGE('',*,*,#2800,.T.);
#3650=ORIENTED_EDGE('',*,*,#2801,.F.);
#3651=ORIENTED_EDGE('',*,*,#2800,.F.);
#3652=ORIENTED_EDGE('',*,*,#2802,.F.);
#3653=ORIENTED_EDGE('',*,*,#2803,.T.);
#3654=ORIENTED_EDGE('',*,*,#2804,.F.);
#3655=ORIENTED_EDGE('',*,*,#2803,.F.);
#3656=ORIENTED_EDGE('',*,*,#2805,.F.);
#3657=ORIENTED_EDGE('',*,*,#2806,.T.);
#3658=ORIENTED_EDGE('',*,*,#2807,.T.);
#3659=ORIENTED_EDGE('',*,*,#2806,.F.);
#3660=ORIENTED_EDGE('',*,*,#2808,.F.);
#3661=ORIENTED_EDGE('',*,*,#2798,.T.);
#3662=ORIENTED_EDGE('',*,*,#2809,.T.);
#3663=ORIENTED_EDGE('',*,*,#2810,.F.);
#3664=ORIENTED_EDGE('',*,*,#2811,.F.);
#3665=ORIENTED_EDGE('',*,*,#2812,.T.);
#3666=ORIENTED_EDGE('',*,*,#2813,.F.);
#3667=ORIENTED_EDGE('',*,*,#2812,.F.);
#3668=ORIENTED_EDGE('',*,*,#2814,.F.);
#3669=ORIENTED_EDGE('',*,*,#2815,.T.);
#3670=ORIENTED_EDGE('',*,*,#2816,.F.);
#3671=ORIENTED_EDGE('',*,*,#2815,.F.);
#3672=ORIENTED_EDGE('',*,*,#2817,.F.);
#3673=ORIENTED_EDGE('',*,*,#2818,.T.);
#3674=ORIENTED_EDGE('',*,*,#2819,.T.);
#3675=ORIENTED_EDGE('',*,*,#2818,.F.);
#3676=ORIENTED_EDGE('',*,*,#2820,.F.);
#3677=ORIENTED_EDGE('',*,*,#2810,.T.);
#3678=ORIENTED_EDGE('',*,*,#2821,.T.);
#3679=ORIENTED_EDGE('',*,*,#2822,.F.);
#3680=ORIENTED_EDGE('',*,*,#2823,.F.);
#3681=ORIENTED_EDGE('',*,*,#2824,.T.);
#3682=ORIENTED_EDGE('',*,*,#2825,.T.);
#3683=ORIENTED_EDGE('',*,*,#2824,.F.);
#3684=ORIENTED_EDGE('',*,*,#2826,.F.);
#3685=ORIENTED_EDGE('',*,*,#2827,.T.);
#3686=ORIENTED_EDGE('',*,*,#2828,.F.);
#3687=ORIENTED_EDGE('',*,*,#2827,.F.);
#3688=ORIENTED_EDGE('',*,*,#2829,.F.);
#3689=ORIENTED_EDGE('',*,*,#2830,.T.);
#3690=ORIENTED_EDGE('',*,*,#2831,.F.);
#3691=ORIENTED_EDGE('',*,*,#2830,.F.);
#3692=ORIENTED_EDGE('',*,*,#2832,.F.);
#3693=ORIENTED_EDGE('',*,*,#2822,.T.);
#3694=ORIENTED_EDGE('',*,*,#2796,.T.);
#3695=ORIENTED_EDGE('',*,*,#2793,.T.);
#3696=ORIENTED_EDGE('',*,*,#2833,.F.);
#3697=ORIENTED_EDGE('',*,*,#2817,.T.);
#3698=ORIENTED_EDGE('',*,*,#2814,.T.);
#3699=ORIENTED_EDGE('',*,*,#2834,.F.);
#3700=ORIENTED_EDGE('',*,*,#2832,.T.);
#3701=ORIENTED_EDGE('',*,*,#2829,.T.);
#3702=ORIENTED_EDGE('',*,*,#2835,.F.);
#3703=ORIENTED_EDGE('',*,*,#2805,.T.);
#3704=ORIENTED_EDGE('',*,*,#2802,.T.);
#3705=ORIENTED_EDGE('',*,*,#2836,.F.);
#3706=ORIENTED_EDGE('',*,*,#2837,.T.);
#3707=ORIENTED_EDGE('',*,*,#2838,.T.);
#3708=ORIENTED_EDGE('',*,*,#2839,.T.);
#3709=ORIENTED_EDGE('',*,*,#2840,.T.);
#3710=ORIENTED_EDGE('',*,*,#2841,.T.);
#3711=ORIENTED_EDGE('',*,*,#2842,.T.);
#3712=ORIENTED_EDGE('',*,*,#2843,.T.);
#3713=ORIENTED_EDGE('',*,*,#2844,.T.);
#3714=ORIENTED_EDGE('',*,*,#2845,.T.);
#3715=ORIENTED_EDGE('',*,*,#2846,.T.);
#3716=ORIENTED_EDGE('',*,*,#2847,.T.);
#3717=ORIENTED_EDGE('',*,*,#2848,.T.);
#3718=ORIENTED_EDGE('',*,*,#2849,.T.);
#3719=ORIENTED_EDGE('',*,*,#2850,.T.);
#3720=ORIENTED_EDGE('',*,*,#2851,.T.);
#3721=ORIENTED_EDGE('',*,*,#2852,.T.);
#3722=ORIENTED_EDGE('',*,*,#2853,.T.);
#3723=ORIENTED_EDGE('',*,*,#2854,.T.);
#3724=ORIENTED_EDGE('',*,*,#2855,.T.);
#3725=ORIENTED_EDGE('',*,*,#2856,.T.);
#3726=ORIENTED_EDGE('',*,*,#2857,.T.);
#3727=ORIENTED_EDGE('',*,*,#2858,.T.);
#3728=ORIENTED_EDGE('',*,*,#2859,.T.);
#3729=ORIENTED_EDGE('',*,*,#2860,.T.);
#3730=ORIENTED_EDGE('',*,*,#2861,.T.);
#3731=ORIENTED_EDGE('',*,*,#2862,.T.);
#3732=ORIENTED_EDGE('',*,*,#2863,.T.);
#3733=ORIENTED_EDGE('',*,*,#2864,.T.);
#3734=ORIENTED_EDGE('',*,*,#2865,.T.);
#3735=ORIENTED_EDGE('',*,*,#2866,.T.);
#3736=ORIENTED_EDGE('',*,*,#2867,.T.);
#3737=ORIENTED_EDGE('',*,*,#2868,.T.);
#3738=ORIENTED_EDGE('',*,*,#2869,.T.);
#3739=ORIENTED_EDGE('',*,*,#2870,.T.);
#3740=ORIENTED_EDGE('',*,*,#2871,.T.);
#3741=ORIENTED_EDGE('',*,*,#2872,.T.);
#3742=ORIENTED_EDGE('',*,*,#2873,.T.);
#3743=ORIENTED_EDGE('',*,*,#2874,.T.);
#3744=ORIENTED_EDGE('',*,*,#2875,.T.);
#3745=ORIENTED_EDGE('',*,*,#2876,.T.);
#3746=ORIENTED_EDGE('',*,*,#2877,.T.);
#3747=ORIENTED_EDGE('',*,*,#2878,.T.);
#3748=ORIENTED_EDGE('',*,*,#2879,.T.);
#3749=ORIENTED_EDGE('',*,*,#2880,.T.);
#3750=ORIENTED_EDGE('',*,*,#2881,.T.);
#3751=ORIENTED_EDGE('',*,*,#2882,.T.);
#3752=ORIENTED_EDGE('',*,*,#2883,.T.);
#3753=ORIENTED_EDGE('',*,*,#2884,.T.);
#3754=ORIENTED_EDGE('',*,*,#2885,.T.);
#3755=ORIENTED_EDGE('',*,*,#2886,.T.);
#3756=ORIENTED_EDGE('',*,*,#2887,.T.);
#3757=ORIENTED_EDGE('',*,*,#2888,.T.);
#3758=ORIENTED_EDGE('',*,*,#2889,.T.);
#3759=ORIENTED_EDGE('',*,*,#2890,.T.);
#3760=ORIENTED_EDGE('',*,*,#2891,.T.);
#3761=ORIENTED_EDGE('',*,*,#2892,.T.);
#3762=ORIENTED_EDGE('',*,*,#2893,.T.);
#3763=ORIENTED_EDGE('',*,*,#2894,.T.);
#3764=ORIENTED_EDGE('',*,*,#2895,.T.);
#3765=ORIENTED_EDGE('',*,*,#2896,.T.);
#3766=ORIENTED_EDGE('',*,*,#2897,.T.);
#3767=ORIENTED_EDGE('',*,*,#2898,.T.);
#3768=ORIENTED_EDGE('',*,*,#2899,.T.);
#3769=ORIENTED_EDGE('',*,*,#2900,.T.);
#3770=ORIENTED_EDGE('',*,*,#2901,.T.);
#3771=ORIENTED_EDGE('',*,*,#2902,.T.);
#3772=ORIENTED_EDGE('',*,*,#2903,.T.);
#3773=ORIENTED_EDGE('',*,*,#2904,.T.);
#3774=ORIENTED_EDGE('',*,*,#2905,.T.);
#3775=ORIENTED_EDGE('',*,*,#2906,.T.);
#3776=ORIENTED_EDGE('',*,*,#2907,.T.);
#3777=ORIENTED_EDGE('',*,*,#2908,.T.);
#3778=ORIENTED_EDGE('',*,*,#2909,.T.);
#3779=ORIENTED_EDGE('',*,*,#2910,.T.);
#3780=ORIENTED_EDGE('',*,*,#2911,.T.);
#3781=ORIENTED_EDGE('',*,*,#2912,.T.);
#3782=ORIENTED_EDGE('',*,*,#2913,.T.);
#3783=ORIENTED_EDGE('',*,*,#2914,.T.);
#3784=ORIENTED_EDGE('',*,*,#2915,.T.);
#3785=ORIENTED_EDGE('',*,*,#2916,.T.);
#3786=ORIENTED_EDGE('',*,*,#2917,.T.);
#3787=ORIENTED_EDGE('',*,*,#2918,.T.);
#3788=ORIENTED_EDGE('',*,*,#2919,.T.);
#3789=ORIENTED_EDGE('',*,*,#2920,.T.);
#3790=ORIENTED_EDGE('',*,*,#2921,.T.);
#3791=ORIENTED_EDGE('',*,*,#2922,.T.);
#3792=ORIENTED_EDGE('',*,*,#2923,.T.);
#3793=ORIENTED_EDGE('',*,*,#2924,.T.);
#3794=ORIENTED_EDGE('',*,*,#2925,.T.);
#3795=ORIENTED_EDGE('',*,*,#2926,.T.);
#3796=ORIENTED_EDGE('',*,*,#2927,.T.);
#3797=ORIENTED_EDGE('',*,*,#2928,.T.);
#3798=ORIENTED_EDGE('',*,*,#2929,.T.);
#3799=ORIENTED_EDGE('',*,*,#2930,.T.);
#3800=ORIENTED_EDGE('',*,*,#2931,.T.);
#3801=ORIENTED_EDGE('',*,*,#2932,.T.);
#3802=ORIENTED_EDGE('',*,*,#2933,.T.);
#3803=ORIENTED_EDGE('',*,*,#2934,.T.);
#3804=ORIENTED_EDGE('',*,*,#2935,.T.);
#3805=ORIENTED_EDGE('',*,*,#2936,.T.);
#3806=ORIENTED_EDGE('',*,*,#2937,.T.);
#3807=ORIENTED_EDGE('',*,*,#2938,.T.);
#3808=ORIENTED_EDGE('',*,*,#2939,.T.);
#3809=ORIENTED_EDGE('',*,*,#2940,.T.);
#3810=ORIENTED_EDGE('',*,*,#2941,.T.);
#3811=ORIENTED_EDGE('',*,*,#2942,.T.);
#3812=ORIENTED_EDGE('',*,*,#2943,.T.);
#3813=ORIENTED_EDGE('',*,*,#2944,.T.);
#3814=ORIENTED_EDGE('',*,*,#2945,.T.);
#3815=ORIENTED_EDGE('',*,*,#2946,.T.);
#3816=ORIENTED_EDGE('',*,*,#2947,.T.);
#3817=ORIENTED_EDGE('',*,*,#2948,.T.);
#3818=ORIENTED_EDGE('',*,*,#2949,.T.);
#3819=ORIENTED_EDGE('',*,*,#2950,.T.);
#3820=ORIENTED_EDGE('',*,*,#2951,.T.);
#3821=ORIENTED_EDGE('',*,*,#2952,.T.);
#3822=ORIENTED_EDGE('',*,*,#2953,.T.);
#3823=ORIENTED_EDGE('',*,*,#2954,.T.);
#3824=ORIENTED_EDGE('',*,*,#2955,.T.);
#3825=ORIENTED_EDGE('',*,*,#2956,.T.);
#3826=ORIENTED_EDGE('',*,*,#2957,.T.);
#3827=ORIENTED_EDGE('',*,*,#2958,.T.);
#3828=ORIENTED_EDGE('',*,*,#2959,.T.);
#3829=ORIENTED_EDGE('',*,*,#2960,.T.);
#3830=ORIENTED_EDGE('',*,*,#2961,.T.);
#3831=ORIENTED_EDGE('',*,*,#2962,.T.);
#3832=ORIENTED_EDGE('',*,*,#2963,.T.);
#3833=ORIENTED_EDGE('',*,*,#2964,.T.);
#3834=ORIENTED_EDGE('',*,*,#2965,.T.);
#3835=ORIENTED_EDGE('',*,*,#2966,.T.);
#3836=ORIENTED_EDGE('',*,*,#2967,.T.);
#3837=ORIENTED_EDGE('',*,*,#2968,.T.);
#3838=ORIENTED_EDGE('',*,*,#2969,.T.);
#3839=ORIENTED_EDGE('',*,*,#2970,.T.);
#3840=ORIENTED_EDGE('',*,*,#2971,.T.);
#3841=ORIENTED_EDGE('',*,*,#2972,.T.);
#3842=ORIENTED_EDGE('',*,*,#2973,.T.);
#3843=ORIENTED_EDGE('',*,*,#2974,.T.);
#3844=ORIENTED_EDGE('',*,*,#2975,.T.);
#3845=ORIENTED_EDGE('',*,*,#2976,.T.);
#3846=ORIENTED_EDGE('',*,*,#2977,.T.);
#3847=ORIENTED_EDGE('',*,*,#2978,.T.);
#3848=ORIENTED_EDGE('',*,*,#2979,.T.);
#3849=ORIENTED_EDGE('',*,*,#2980,.T.);
#3850=ORIENTED_EDGE('',*,*,#2981,.T.);
#3851=ORIENTED_EDGE('',*,*,#2982,.T.);
#3852=ORIENTED_EDGE('',*,*,#2983,.T.);
#3853=ORIENTED_EDGE('',*,*,#2984,.T.);
#3854=ORIENTED_EDGE('',*,*,#2985,.T.);
#3855=ORIENTED_EDGE('',*,*,#2986,.T.);
#3856=ORIENTED_EDGE('',*,*,#2987,.F.);
#3857=ORIENTED_EDGE('',*,*,#2988,.T.);
#3858=ORIENTED_EDGE('',*,*,#2989,.T.);
#3859=ORIENTED_EDGE('',*,*,#2990,.F.);
#3860=ORIENTED_EDGE('',*,*,#2991,.F.);
#3861=ORIENTED_EDGE('',*,*,#2992,.T.);
#3862=ORIENTED_EDGE('',*,*,#2993,.T.);
#3863=ORIENTED_EDGE('',*,*,#2988,.F.);
#3864=ORIENTED_EDGE('',*,*,#2994,.F.);
#3865=ORIENTED_EDGE('',*,*,#2995,.T.);
#3866=ORIENTED_EDGE('',*,*,#2996,.T.);
#3867=ORIENTED_EDGE('',*,*,#2992,.F.);
#3868=ORIENTED_EDGE('',*,*,#2997,.F.);
#3869=ORIENTED_EDGE('',*,*,#2998,.T.);
#3870=ORIENTED_EDGE('',*,*,#2999,.T.);
#3871=ORIENTED_EDGE('',*,*,#2995,.F.);
#3872=ORIENTED_EDGE('',*,*,#3000,.F.);
#3873=ORIENTED_EDGE('',*,*,#2990,.T.);
#3874=ORIENTED_EDGE('',*,*,#3001,.T.);
#3875=ORIENTED_EDGE('',*,*,#2998,.F.);
#3876=ORIENTED_EDGE('',*,*,#2837,.F.);
#3877=ORIENTED_EDGE('',*,*,#3002,.T.);
#3878=ORIENTED_EDGE('',*,*,#3003,.T.);
#3879=ORIENTED_EDGE('',*,*,#3004,.F.);
#3880=ORIENTED_EDGE('',*,*,#2844,.F.);
#3881=ORIENTED_EDGE('',*,*,#3005,.T.);
#3882=ORIENTED_EDGE('',*,*,#3006,.T.);
#3883=ORIENTED_EDGE('',*,*,#3002,.F.);
#3884=ORIENTED_EDGE('',*,*,#2843,.F.);
#3885=ORIENTED_EDGE('',*,*,#3007,.T.);
#3886=ORIENTED_EDGE('',*,*,#3008,.T.);
#3887=ORIENTED_EDGE('',*,*,#3005,.F.);
#3888=ORIENTED_EDGE('',*,*,#2842,.F.);
#3889=ORIENTED_EDGE('',*,*,#3009,.T.);
#3890=ORIENTED_EDGE('',*,*,#3010,.T.);
#3891=ORIENTED_EDGE('',*,*,#3007,.F.);
#3892=ORIENTED_EDGE('',*,*,#2841,.F.);
#3893=ORIENTED_EDGE('',*,*,#3011,.T.);
#3894=ORIENTED_EDGE('',*,*,#3012,.T.);
#3895=ORIENTED_EDGE('',*,*,#3009,.F.);
#3896=ORIENTED_EDGE('',*,*,#2840,.F.);
#3897=ORIENTED_EDGE('',*,*,#3013,.T.);
#3898=ORIENTED_EDGE('',*,*,#3014,.T.);
#3899=ORIENTED_EDGE('',*,*,#3011,.F.);
#3900=ORIENTED_EDGE('',*,*,#2839,.F.);
#3901=ORIENTED_EDGE('',*,*,#3015,.T.);
#3902=ORIENTED_EDGE('',*,*,#3016,.T.);
#3903=ORIENTED_EDGE('',*,*,#3013,.F.);
#3904=ORIENTED_EDGE('',*,*,#2838,.F.);
#3905=ORIENTED_EDGE('',*,*,#3004,.T.);
#3906=ORIENTED_EDGE('',*,*,#3017,.T.);
#3907=ORIENTED_EDGE('',*,*,#3015,.F.);
#3908=ORIENTED_EDGE('',*,*,#3017,.F.);
#3909=ORIENTED_EDGE('',*,*,#3003,.F.);
#3910=ORIENTED_EDGE('',*,*,#3006,.F.);
#3911=ORIENTED_EDGE('',*,*,#3008,.F.);
#3912=ORIENTED_EDGE('',*,*,#3010,.F.);
#3913=ORIENTED_EDGE('',*,*,#3012,.F.);
#3914=ORIENTED_EDGE('',*,*,#3014,.F.);
#3915=ORIENTED_EDGE('',*,*,#3016,.F.);
#3916=ORIENTED_EDGE('',*,*,#3001,.F.);
#3917=ORIENTED_EDGE('',*,*,#2989,.F.);
#3918=ORIENTED_EDGE('',*,*,#2993,.F.);
#3919=ORIENTED_EDGE('',*,*,#2996,.F.);
#3920=ORIENTED_EDGE('',*,*,#2999,.F.);
#3921=ORIENTED_EDGE('',*,*,#3018,.F.);
#3922=ORIENTED_EDGE('',*,*,#3019,.T.);
#3923=ORIENTED_EDGE('',*,*,#3020,.T.);
#3924=ORIENTED_EDGE('',*,*,#3021,.F.);
#3925=ORIENTED_EDGE('',*,*,#3022,.F.);
#3926=ORIENTED_EDGE('',*,*,#3023,.T.);
#3927=ORIENTED_EDGE('',*,*,#3024,.T.);
#3928=ORIENTED_EDGE('',*,*,#3019,.F.);
#3929=ORIENTED_EDGE('',*,*,#3025,.F.);
#3930=ORIENTED_EDGE('',*,*,#3026,.T.);
#3931=ORIENTED_EDGE('',*,*,#3027,.T.);
#3932=ORIENTED_EDGE('',*,*,#3023,.F.);
#3933=ORIENTED_EDGE('',*,*,#3028,.F.);
#3934=ORIENTED_EDGE('',*,*,#3029,.T.);
#3935=ORIENTED_EDGE('',*,*,#3030,.T.);
#3936=ORIENTED_EDGE('',*,*,#3026,.F.);
#3937=ORIENTED_EDGE('',*,*,#3031,.F.);
#3938=ORIENTED_EDGE('',*,*,#3021,.T.);
#3939=ORIENTED_EDGE('',*,*,#3032,.T.);
#3940=ORIENTED_EDGE('',*,*,#3029,.F.);
#3941=ORIENTED_EDGE('',*,*,#2845,.F.);
#3942=ORIENTED_EDGE('',*,*,#3033,.T.);
#3943=ORIENTED_EDGE('',*,*,#3034,.T.);
#3944=ORIENTED_EDGE('',*,*,#3035,.F.);
#3945=ORIENTED_EDGE('',*,*,#2852,.F.);
#3946=ORIENTED_EDGE('',*,*,#3036,.T.);
#3947=ORIENTED_EDGE('',*,*,#3037,.T.);
#3948=ORIENTED_EDGE('',*,*,#3033,.F.);
#3949=ORIENTED_EDGE('',*,*,#2851,.F.);
#3950=ORIENTED_EDGE('',*,*,#3038,.T.);
#3951=ORIENTED_EDGE('',*,*,#3039,.T.);
#3952=ORIENTED_EDGE('',*,*,#3036,.F.);
#3953=ORIENTED_EDGE('',*,*,#2850,.F.);
#3954=ORIENTED_EDGE('',*,*,#3040,.T.);
#3955=ORIENTED_EDGE('',*,*,#3041,.T.);
#3956=ORIENTED_EDGE('',*,*,#3038,.F.);
#3957=ORIENTED_EDGE('',*,*,#2849,.F.);
#3958=ORIENTED_EDGE('',*,*,#3042,.T.);
#3959=ORIENTED_EDGE('',*,*,#3043,.T.);
#3960=ORIENTED_EDGE('',*,*,#3040,.F.);
#3961=ORIENTED_EDGE('',*,*,#2848,.F.);
#3962=ORIENTED_EDGE('',*,*,#3044,.T.);
#3963=ORIENTED_EDGE('',*,*,#3045,.T.);
#3964=ORIENTED_EDGE('',*,*,#3042,.F.);
#3965=ORIENTED_EDGE('',*,*,#2847,.F.);
#3966=ORIENTED_EDGE('',*,*,#3046,.T.);
#3967=ORIENTED_EDGE('',*,*,#3047,.T.);
#3968=ORIENTED_EDGE('',*,*,#3044,.F.);
#3969=ORIENTED_EDGE('',*,*,#2846,.F.);
#3970=ORIENTED_EDGE('',*,*,#3035,.T.);
#3971=ORIENTED_EDGE('',*,*,#3048,.T.);
#3972=ORIENTED_EDGE('',*,*,#3046,.F.);
#3973=ORIENTED_EDGE('',*,*,#3048,.F.);
#3974=ORIENTED_EDGE('',*,*,#3034,.F.);
#3975=ORIENTED_EDGE('',*,*,#3037,.F.);
#3976=ORIENTED_EDGE('',*,*,#3039,.F.);
#3977=ORIENTED_EDGE('',*,*,#3041,.F.);
#3978=ORIENTED_EDGE('',*,*,#3043,.F.);
#3979=ORIENTED_EDGE('',*,*,#3045,.F.);
#3980=ORIENTED_EDGE('',*,*,#3047,.F.);
#3981=ORIENTED_EDGE('',*,*,#3032,.F.);
#3982=ORIENTED_EDGE('',*,*,#3020,.F.);
#3983=ORIENTED_EDGE('',*,*,#3024,.F.);
#3984=ORIENTED_EDGE('',*,*,#3027,.F.);
#3985=ORIENTED_EDGE('',*,*,#3030,.F.);
#3986=ORIENTED_EDGE('',*,*,#3049,.F.);
#3987=ORIENTED_EDGE('',*,*,#3050,.T.);
#3988=ORIENTED_EDGE('',*,*,#3051,.T.);
#3989=ORIENTED_EDGE('',*,*,#3052,.F.);
#3990=ORIENTED_EDGE('',*,*,#3053,.F.);
#3991=ORIENTED_EDGE('',*,*,#3054,.T.);
#3992=ORIENTED_EDGE('',*,*,#3055,.T.);
#3993=ORIENTED_EDGE('',*,*,#3050,.F.);
#3994=ORIENTED_EDGE('',*,*,#3056,.F.);
#3995=ORIENTED_EDGE('',*,*,#3057,.T.);
#3996=ORIENTED_EDGE('',*,*,#3058,.T.);
#3997=ORIENTED_EDGE('',*,*,#3054,.F.);
#3998=ORIENTED_EDGE('',*,*,#3059,.F.);
#3999=ORIENTED_EDGE('',*,*,#3060,.T.);
#4000=ORIENTED_EDGE('',*,*,#3061,.T.);
#4001=ORIENTED_EDGE('',*,*,#3057,.F.);
#4002=ORIENTED_EDGE('',*,*,#3062,.F.);
#4003=ORIENTED_EDGE('',*,*,#3052,.T.);
#4004=ORIENTED_EDGE('',*,*,#3063,.T.);
#4005=ORIENTED_EDGE('',*,*,#3060,.F.);
#4006=ORIENTED_EDGE('',*,*,#2853,.F.);
#4007=ORIENTED_EDGE('',*,*,#3064,.T.);
#4008=ORIENTED_EDGE('',*,*,#3065,.T.);
#4009=ORIENTED_EDGE('',*,*,#3066,.F.);
#4010=ORIENTED_EDGE('',*,*,#2860,.F.);
#4011=ORIENTED_EDGE('',*,*,#3067,.T.);
#4012=ORIENTED_EDGE('',*,*,#3068,.T.);
#4013=ORIENTED_EDGE('',*,*,#3064,.F.);
#4014=ORIENTED_EDGE('',*,*,#2859,.F.);
#4015=ORIENTED_EDGE('',*,*,#3069,.T.);
#4016=ORIENTED_EDGE('',*,*,#3070,.T.);
#4017=ORIENTED_EDGE('',*,*,#3067,.F.);
#4018=ORIENTED_EDGE('',*,*,#2858,.F.);
#4019=ORIENTED_EDGE('',*,*,#3071,.T.);
#4020=ORIENTED_EDGE('',*,*,#3072,.T.);
#4021=ORIENTED_EDGE('',*,*,#3069,.F.);
#4022=ORIENTED_EDGE('',*,*,#2857,.F.);
#4023=ORIENTED_EDGE('',*,*,#3073,.T.);
#4024=ORIENTED_EDGE('',*,*,#3074,.T.);
#4025=ORIENTED_EDGE('',*,*,#3071,.F.);
#4026=ORIENTED_EDGE('',*,*,#2856,.F.);
#4027=ORIENTED_EDGE('',*,*,#3075,.T.);
#4028=ORIENTED_EDGE('',*,*,#3076,.T.);
#4029=ORIENTED_EDGE('',*,*,#3073,.F.);
#4030=ORIENTED_EDGE('',*,*,#2855,.F.);
#4031=ORIENTED_EDGE('',*,*,#3077,.T.);
#4032=ORIENTED_EDGE('',*,*,#3078,.T.);
#4033=ORIENTED_EDGE('',*,*,#3075,.F.);
#4034=ORIENTED_EDGE('',*,*,#2854,.F.);
#4035=ORIENTED_EDGE('',*,*,#3066,.T.);
#4036=ORIENTED_EDGE('',*,*,#3079,.T.);
#4037=ORIENTED_EDGE('',*,*,#3077,.F.);
#4038=ORIENTED_EDGE('',*,*,#3079,.F.);
#4039=ORIENTED_EDGE('',*,*,#3065,.F.);
#4040=ORIENTED_EDGE('',*,*,#3068,.F.);
#4041=ORIENTED_EDGE('',*,*,#3070,.F.);
#4042=ORIENTED_EDGE('',*,*,#3072,.F.);
#4043=ORIENTED_EDGE('',*,*,#3074,.F.);
#4044=ORIENTED_EDGE('',*,*,#3076,.F.);
#4045=ORIENTED_EDGE('',*,*,#3078,.F.);
#4046=ORIENTED_EDGE('',*,*,#3063,.F.);
#4047=ORIENTED_EDGE('',*,*,#3051,.F.);
#4048=ORIENTED_EDGE('',*,*,#3055,.F.);
#4049=ORIENTED_EDGE('',*,*,#3058,.F.);
#4050=ORIENTED_EDGE('',*,*,#3061,.F.);
#4051=ORIENTED_EDGE('',*,*,#3080,.F.);
#4052=ORIENTED_EDGE('',*,*,#3081,.T.);
#4053=ORIENTED_EDGE('',*,*,#3082,.T.);
#4054=ORIENTED_EDGE('',*,*,#3083,.F.);
#4055=ORIENTED_EDGE('',*,*,#3084,.F.);
#4056=ORIENTED_EDGE('',*,*,#3085,.T.);
#4057=ORIENTED_EDGE('',*,*,#3086,.T.);
#4058=ORIENTED_EDGE('',*,*,#3081,.F.);
#4059=ORIENTED_EDGE('',*,*,#3087,.F.);
#4060=ORIENTED_EDGE('',*,*,#3088,.T.);
#4061=ORIENTED_EDGE('',*,*,#3089,.T.);
#4062=ORIENTED_EDGE('',*,*,#3085,.F.);
#4063=ORIENTED_EDGE('',*,*,#3090,.F.);
#4064=ORIENTED_EDGE('',*,*,#3083,.T.);
#4065=ORIENTED_EDGE('',*,*,#3091,.T.);
#4066=ORIENTED_EDGE('',*,*,#3088,.F.);
#4067=ORIENTED_EDGE('',*,*,#2861,.F.);
#4068=ORIENTED_EDGE('',*,*,#3092,.T.);
#4069=ORIENTED_EDGE('',*,*,#3093,.T.);
#4070=ORIENTED_EDGE('',*,*,#3094,.F.);
#4071=ORIENTED_EDGE('',*,*,#2872,.F.);
#4072=ORIENTED_EDGE('',*,*,#3095,.T.);
#4073=ORIENTED_EDGE('',*,*,#3096,.T.);
#4074=ORIENTED_EDGE('',*,*,#3092,.F.);
#4075=ORIENTED_EDGE('',*,*,#2871,.F.);
#4076=ORIENTED_EDGE('',*,*,#3097,.T.);
#4077=ORIENTED_EDGE('',*,*,#3098,.T.);
#4078=ORIENTED_EDGE('',*,*,#3095,.F.);
#4079=ORIENTED_EDGE('',*,*,#2870,.F.);
#4080=ORIENTED_EDGE('',*,*,#3099,.T.);
#4081=ORIENTED_EDGE('',*,*,#3100,.T.);
#4082=ORIENTED_EDGE('',*,*,#3097,.F.);
#4083=ORIENTED_EDGE('',*,*,#2869,.F.);
#4084=ORIENTED_EDGE('',*,*,#3101,.T.);
#4085=ORIENTED_EDGE('',*,*,#3102,.T.);
#4086=ORIENTED_EDGE('',*,*,#3099,.F.);
#4087=ORIENTED_EDGE('',*,*,#2868,.F.);
#4088=ORIENTED_EDGE('',*,*,#3103,.T.);
#4089=ORIENTED_EDGE('',*,*,#3104,.T.);
#4090=ORIENTED_EDGE('',*,*,#3101,.F.);
#4091=ORIENTED_EDGE('',*,*,#2867,.F.);
#4092=ORIENTED_EDGE('',*,*,#3105,.T.);
#4093=ORIENTED_EDGE('',*,*,#3106,.T.);
#4094=ORIENTED_EDGE('',*,*,#3103,.F.);
#4095=ORIENTED_EDGE('',*,*,#2866,.F.);
#4096=ORIENTED_EDGE('',*,*,#3107,.T.);
#4097=ORIENTED_EDGE('',*,*,#3108,.T.);
#4098=ORIENTED_EDGE('',*,*,#3105,.F.);
#4099=ORIENTED_EDGE('',*,*,#2865,.F.);
#4100=ORIENTED_EDGE('',*,*,#3109,.T.);
#4101=ORIENTED_EDGE('',*,*,#3110,.T.);
#4102=ORIENTED_EDGE('',*,*,#3107,.F.);
#4103=ORIENTED_EDGE('',*,*,#2864,.F.);
#4104=ORIENTED_EDGE('',*,*,#3111,.T.);
#4105=ORIENTED_EDGE('',*,*,#3112,.T.);
#4106=ORIENTED_EDGE('',*,*,#3109,.F.);
#4107=ORIENTED_EDGE('',*,*,#2863,.F.);
#4108=ORIENTED_EDGE('',*,*,#3113,.T.);
#4109=ORIENTED_EDGE('',*,*,#3114,.T.);
#4110=ORIENTED_EDGE('',*,*,#3111,.F.);
#4111=ORIENTED_EDGE('',*,*,#2862,.F.);
#4112=ORIENTED_EDGE('',*,*,#3094,.T.);
#4113=ORIENTED_EDGE('',*,*,#3115,.T.);
#4114=ORIENTED_EDGE('',*,*,#3113,.F.);
#4115=ORIENTED_EDGE('',*,*,#3115,.F.);
#4116=ORIENTED_EDGE('',*,*,#3093,.F.);
#4117=ORIENTED_EDGE('',*,*,#3096,.F.);
#4118=ORIENTED_EDGE('',*,*,#3098,.F.);
#4119=ORIENTED_EDGE('',*,*,#3100,.F.);
#4120=ORIENTED_EDGE('',*,*,#3102,.F.);
#4121=ORIENTED_EDGE('',*,*,#3104,.F.);
#4122=ORIENTED_EDGE('',*,*,#3106,.F.);
#4123=ORIENTED_EDGE('',*,*,#3108,.F.);
#4124=ORIENTED_EDGE('',*,*,#3110,.F.);
#4125=ORIENTED_EDGE('',*,*,#3112,.F.);
#4126=ORIENTED_EDGE('',*,*,#3114,.F.);
#4127=ORIENTED_EDGE('',*,*,#3091,.F.);
#4128=ORIENTED_EDGE('',*,*,#3082,.F.);
#4129=ORIENTED_EDGE('',*,*,#3086,.F.);
#4130=ORIENTED_EDGE('',*,*,#3089,.F.);
#4131=ORIENTED_EDGE('',*,*,#3116,.F.);
#4132=ORIENTED_EDGE('',*,*,#3117,.T.);
#4133=ORIENTED_EDGE('',*,*,#3118,.T.);
#4134=ORIENTED_EDGE('',*,*,#3119,.F.);
#4135=ORIENTED_EDGE('',*,*,#3120,.F.);
#4136=ORIENTED_EDGE('',*,*,#3121,.T.);
#4137=ORIENTED_EDGE('',*,*,#3122,.T.);
#4138=ORIENTED_EDGE('',*,*,#3117,.F.);
#4139=ORIENTED_EDGE('',*,*,#3123,.F.);
#4140=ORIENTED_EDGE('',*,*,#3124,.T.);
#4141=ORIENTED_EDGE('',*,*,#3125,.T.);
#4142=ORIENTED_EDGE('',*,*,#3121,.F.);
#4143=ORIENTED_EDGE('',*,*,#3126,.F.);
#4144=ORIENTED_EDGE('',*,*,#3127,.T.);
#4145=ORIENTED_EDGE('',*,*,#3128,.T.);
#4146=ORIENTED_EDGE('',*,*,#3124,.F.);
#4147=ORIENTED_EDGE('',*,*,#3129,.F.);
#4148=ORIENTED_EDGE('',*,*,#3119,.T.);
#4149=ORIENTED_EDGE('',*,*,#3130,.T.);
#4150=ORIENTED_EDGE('',*,*,#3127,.F.);
#4151=ORIENTED_EDGE('',*,*,#2873,.F.);
#4152=ORIENTED_EDGE('',*,*,#3131,.T.);
#4153=ORIENTED_EDGE('',*,*,#3132,.T.);
#4154=ORIENTED_EDGE('',*,*,#3133,.F.);
#4155=ORIENTED_EDGE('',*,*,#2880,.F.);
#4156=ORIENTED_EDGE('',*,*,#3134,.T.);
#4157=ORIENTED_EDGE('',*,*,#3135,.T.);
#4158=ORIENTED_EDGE('',*,*,#3131,.F.);
#4159=ORIENTED_EDGE('',*,*,#2879,.F.);
#4160=ORIENTED_EDGE('',*,*,#3136,.T.);
#4161=ORIENTED_EDGE('',*,*,#3137,.T.);
#4162=ORIENTED_EDGE('',*,*,#3134,.F.);
#4163=ORIENTED_EDGE('',*,*,#2878,.F.);
#4164=ORIENTED_EDGE('',*,*,#3138,.T.);
#4165=ORIENTED_EDGE('',*,*,#3139,.T.);
#4166=ORIENTED_EDGE('',*,*,#3136,.F.);
#4167=ORIENTED_EDGE('',*,*,#2877,.F.);
#4168=ORIENTED_EDGE('',*,*,#3140,.T.);
#4169=ORIENTED_EDGE('',*,*,#3141,.T.);
#4170=ORIENTED_EDGE('',*,*,#3138,.F.);
#4171=ORIENTED_EDGE('',*,*,#2876,.F.);
#4172=ORIENTED_EDGE('',*,*,#3142,.T.);
#4173=ORIENTED_EDGE('',*,*,#3143,.T.);
#4174=ORIENTED_EDGE('',*,*,#3140,.F.);
#4175=ORIENTED_EDGE('',*,*,#2875,.F.);
#4176=ORIENTED_EDGE('',*,*,#3144,.T.);
#4177=ORIENTED_EDGE('',*,*,#3145,.T.);
#4178=ORIENTED_EDGE('',*,*,#3142,.F.);
#4179=ORIENTED_EDGE('',*,*,#2874,.F.);
#4180=ORIENTED_EDGE('',*,*,#3133,.T.);
#4181=ORIENTED_EDGE('',*,*,#3146,.T.);
#4182=ORIENTED_EDGE('',*,*,#3144,.F.);
#4183=ORIENTED_EDGE('',*,*,#3146,.F.);
#4184=ORIENTED_EDGE('',*,*,#3132,.F.);
#4185=ORIENTED_EDGE('',*,*,#3135,.F.);
#4186=ORIENTED_EDGE('',*,*,#3137,.F.);
#4187=ORIENTED_EDGE('',*,*,#3139,.F.);
#4188=ORIENTED_EDGE('',*,*,#3141,.F.);
#4189=ORIENTED_EDGE('',*,*,#3143,.F.);
#4190=ORIENTED_EDGE('',*,*,#3145,.F.);
#4191=ORIENTED_EDGE('',*,*,#3130,.F.);
#4192=ORIENTED_EDGE('',*,*,#3118,.F.);
#4193=ORIENTED_EDGE('',*,*,#3122,.F.);
#4194=ORIENTED_EDGE('',*,*,#3125,.F.);
#4195=ORIENTED_EDGE('',*,*,#3128,.F.);
#4196=ORIENTED_EDGE('',*,*,#3147,.F.);
#4197=ORIENTED_EDGE('',*,*,#3148,.T.);
#4198=ORIENTED_EDGE('',*,*,#3149,.T.);
#4199=ORIENTED_EDGE('',*,*,#3150,.F.);
#4200=ORIENTED_EDGE('',*,*,#3151,.F.);
#4201=ORIENTED_EDGE('',*,*,#3152,.T.);
#4202=ORIENTED_EDGE('',*,*,#3153,.T.);
#4203=ORIENTED_EDGE('',*,*,#3148,.F.);
#4204=ORIENTED_EDGE('',*,*,#3154,.F.);
#4205=ORIENTED_EDGE('',*,*,#3155,.T.);
#4206=ORIENTED_EDGE('',*,*,#3156,.T.);
#4207=ORIENTED_EDGE('',*,*,#3152,.F.);
#4208=ORIENTED_EDGE('',*,*,#3157,.F.);
#4209=ORIENTED_EDGE('',*,*,#3158,.T.);
#4210=ORIENTED_EDGE('',*,*,#3159,.T.);
#4211=ORIENTED_EDGE('',*,*,#3155,.F.);
#4212=ORIENTED_EDGE('',*,*,#3160,.F.);
#4213=ORIENTED_EDGE('',*,*,#3161,.T.);
#4214=ORIENTED_EDGE('',*,*,#3162,.T.);
#4215=ORIENTED_EDGE('',*,*,#3158,.F.);
#4216=ORIENTED_EDGE('',*,*,#3163,.F.);
#4217=ORIENTED_EDGE('',*,*,#3164,.T.);
#4218=ORIENTED_EDGE('',*,*,#3165,.T.);
#4219=ORIENTED_EDGE('',*,*,#3161,.F.);
#4220=ORIENTED_EDGE('',*,*,#3166,.F.);
#4221=ORIENTED_EDGE('',*,*,#3167,.T.);
#4222=ORIENTED_EDGE('',*,*,#3168,.T.);
#4223=ORIENTED_EDGE('',*,*,#3164,.F.);
#4224=ORIENTED_EDGE('',*,*,#3169,.F.);
#4225=ORIENTED_EDGE('',*,*,#3170,.T.);
#4226=ORIENTED_EDGE('',*,*,#3171,.T.);
#4227=ORIENTED_EDGE('',*,*,#3167,.F.);
#4228=ORIENTED_EDGE('',*,*,#3172,.F.);
#4229=ORIENTED_EDGE('',*,*,#3150,.T.);
#4230=ORIENTED_EDGE('',*,*,#3173,.T.);
#4231=ORIENTED_EDGE('',*,*,#3170,.F.);
#4232=ORIENTED_EDGE('',*,*,#2881,.F.);
#4233=ORIENTED_EDGE('',*,*,#3174,.T.);
#4234=ORIENTED_EDGE('',*,*,#3175,.T.);
#4235=ORIENTED_EDGE('',*,*,#3176,.F.);
#4236=ORIENTED_EDGE('',*,*,#2893,.F.);
#4237=ORIENTED_EDGE('',*,*,#3177,.T.);
#4238=ORIENTED_EDGE('',*,*,#3178,.T.);
#4239=ORIENTED_EDGE('',*,*,#3174,.F.);
#4240=ORIENTED_EDGE('',*,*,#2892,.F.);
#4241=ORIENTED_EDGE('',*,*,#3179,.T.);
#4242=ORIENTED_EDGE('',*,*,#3180,.T.);
#4243=ORIENTED_EDGE('',*,*,#3177,.F.);
#4244=ORIENTED_EDGE('',*,*,#2891,.F.);
#4245=ORIENTED_EDGE('',*,*,#3181,.T.);
#4246=ORIENTED_EDGE('',*,*,#3182,.T.);
#4247=ORIENTED_EDGE('',*,*,#3179,.F.);
#4248=ORIENTED_EDGE('',*,*,#2890,.F.);
#4249=ORIENTED_EDGE('',*,*,#3183,.T.);
#4250=ORIENTED_EDGE('',*,*,#3184,.T.);
#4251=ORIENTED_EDGE('',*,*,#3181,.F.);
#4252=ORIENTED_EDGE('',*,*,#2889,.F.);
#4253=ORIENTED_EDGE('',*,*,#3185,.T.);
#4254=ORIENTED_EDGE('',*,*,#3186,.T.);
#4255=ORIENTED_EDGE('',*,*,#3183,.F.);
#4256=ORIENTED_EDGE('',*,*,#2888,.F.);
#4257=ORIENTED_EDGE('',*,*,#3187,.T.);
#4258=ORIENTED_EDGE('',*,*,#3188,.T.);
#4259=ORIENTED_EDGE('',*,*,#3185,.F.);
#4260=ORIENTED_EDGE('',*,*,#2887,.F.);
#4261=ORIENTED_EDGE('',*,*,#3189,.T.);
#4262=ORIENTED_EDGE('',*,*,#3190,.T.);
#4263=ORIENTED_EDGE('',*,*,#3187,.F.);
#4264=ORIENTED_EDGE('',*,*,#2886,.F.);
#4265=ORIENTED_EDGE('',*,*,#3191,.T.);
#4266=ORIENTED_EDGE('',*,*,#3192,.T.);
#4267=ORIENTED_EDGE('',*,*,#3189,.F.);
#4268=ORIENTED_EDGE('',*,*,#2885,.F.);
#4269=ORIENTED_EDGE('',*,*,#3193,.T.);
#4270=ORIENTED_EDGE('',*,*,#3194,.T.);
#4271=ORIENTED_EDGE('',*,*,#3191,.F.);
#4272=ORIENTED_EDGE('',*,*,#2884,.F.);
#4273=ORIENTED_EDGE('',*,*,#3195,.T.);
#4274=ORIENTED_EDGE('',*,*,#3196,.T.);
#4275=ORIENTED_EDGE('',*,*,#3193,.F.);
#4276=ORIENTED_EDGE('',*,*,#2883,.F.);
#4277=ORIENTED_EDGE('',*,*,#3197,.T.);
#4278=ORIENTED_EDGE('',*,*,#3198,.T.);
#4279=ORIENTED_EDGE('',*,*,#3195,.F.);
#4280=ORIENTED_EDGE('',*,*,#2882,.F.);
#4281=ORIENTED_EDGE('',*,*,#3176,.T.);
#4282=ORIENTED_EDGE('',*,*,#3199,.T.);
#4283=ORIENTED_EDGE('',*,*,#3197,.F.);
#4284=ORIENTED_EDGE('',*,*,#3199,.F.);
#4285=ORIENTED_EDGE('',*,*,#3175,.F.);
#4286=ORIENTED_EDGE('',*,*,#3178,.F.);
#4287=ORIENTED_EDGE('',*,*,#3180,.F.);
#4288=ORIENTED_EDGE('',*,*,#3182,.F.);
#4289=ORIENTED_EDGE('',*,*,#3184,.F.);
#4290=ORIENTED_EDGE('',*,*,#3186,.F.);
#4291=ORIENTED_EDGE('',*,*,#3188,.F.);
#4292=ORIENTED_EDGE('',*,*,#3190,.F.);
#4293=ORIENTED_EDGE('',*,*,#3192,.F.);
#4294=ORIENTED_EDGE('',*,*,#3194,.F.);
#4295=ORIENTED_EDGE('',*,*,#3196,.F.);
#4296=ORIENTED_EDGE('',*,*,#3198,.F.);
#4297=ORIENTED_EDGE('',*,*,#3173,.F.);
#4298=ORIENTED_EDGE('',*,*,#3149,.F.);
#4299=ORIENTED_EDGE('',*,*,#3153,.F.);
#4300=ORIENTED_EDGE('',*,*,#3156,.F.);
#4301=ORIENTED_EDGE('',*,*,#3159,.F.);
#4302=ORIENTED_EDGE('',*,*,#3162,.F.);
#4303=ORIENTED_EDGE('',*,*,#3165,.F.);
#4304=ORIENTED_EDGE('',*,*,#3168,.F.);
#4305=ORIENTED_EDGE('',*,*,#3171,.F.);
#4306=ORIENTED_EDGE('',*,*,#2894,.F.);
#4307=ORIENTED_EDGE('',*,*,#3200,.T.);
#4308=ORIENTED_EDGE('',*,*,#3201,.T.);
#4309=ORIENTED_EDGE('',*,*,#3202,.F.);
#4310=ORIENTED_EDGE('',*,*,#2897,.F.);
#4311=ORIENTED_EDGE('',*,*,#3203,.T.);
#4312=ORIENTED_EDGE('',*,*,#3204,.T.);
#4313=ORIENTED_EDGE('',*,*,#3200,.F.);
#4314=ORIENTED_EDGE('',*,*,#2896,.F.);
#4315=ORIENTED_EDGE('',*,*,#3205,.T.);
#4316=ORIENTED_EDGE('',*,*,#3206,.T.);
#4317=ORIENTED_EDGE('',*,*,#3203,.F.);
#4318=ORIENTED_EDGE('',*,*,#2895,.F.);
#4319=ORIENTED_EDGE('',*,*,#3202,.T.);
#4320=ORIENTED_EDGE('',*,*,#3207,.T.);
#4321=ORIENTED_EDGE('',*,*,#3205,.F.);
#4322=ORIENTED_EDGE('',*,*,#3207,.F.);
#4323=ORIENTED_EDGE('',*,*,#3201,.F.);
#4324=ORIENTED_EDGE('',*,*,#3204,.F.);
#4325=ORIENTED_EDGE('',*,*,#3206,.F.);
#4326=ORIENTED_EDGE('',*,*,#3208,.F.);
#4327=ORIENTED_EDGE('',*,*,#3209,.T.);
#4328=ORIENTED_EDGE('',*,*,#3210,.T.);
#4329=ORIENTED_EDGE('',*,*,#3211,.F.);
#4330=ORIENTED_EDGE('',*,*,#3212,.F.);
#4331=ORIENTED_EDGE('',*,*,#3213,.T.);
#4332=ORIENTED_EDGE('',*,*,#3214,.T.);
#4333=ORIENTED_EDGE('',*,*,#3209,.F.);
#4334=ORIENTED_EDGE('',*,*,#3215,.F.);
#4335=ORIENTED_EDGE('',*,*,#3216,.T.);
#4336=ORIENTED_EDGE('',*,*,#3217,.T.);
#4337=ORIENTED_EDGE('',*,*,#3213,.F.);
#4338=ORIENTED_EDGE('',*,*,#3218,.F.);
#4339=ORIENTED_EDGE('',*,*,#3219,.T.);
#4340=ORIENTED_EDGE('',*,*,#3220,.T.);
#4341=ORIENTED_EDGE('',*,*,#3216,.F.);
#4342=ORIENTED_EDGE('',*,*,#3221,.F.);
#4343=ORIENTED_EDGE('',*,*,#3222,.T.);
#4344=ORIENTED_EDGE('',*,*,#3223,.T.);
#4345=ORIENTED_EDGE('',*,*,#3219,.F.);
#4346=ORIENTED_EDGE('',*,*,#3224,.F.);
#4347=ORIENTED_EDGE('',*,*,#3225,.T.);
#4348=ORIENTED_EDGE('',*,*,#3226,.T.);
#4349=ORIENTED_EDGE('',*,*,#3222,.F.);
#4350=ORIENTED_EDGE('',*,*,#3227,.F.);
#4351=ORIENTED_EDGE('',*,*,#3228,.T.);
#4352=ORIENTED_EDGE('',*,*,#3229,.T.);
#4353=ORIENTED_EDGE('',*,*,#3225,.F.);
#4354=ORIENTED_EDGE('',*,*,#3230,.F.);
#4355=ORIENTED_EDGE('',*,*,#3231,.T.);
#4356=ORIENTED_EDGE('',*,*,#3232,.T.);
#4357=ORIENTED_EDGE('',*,*,#3228,.F.);
#4358=ORIENTED_EDGE('',*,*,#3233,.F.);
#4359=ORIENTED_EDGE('',*,*,#3211,.T.);
#4360=ORIENTED_EDGE('',*,*,#3234,.T.);
#4361=ORIENTED_EDGE('',*,*,#3231,.F.);
#4362=ORIENTED_EDGE('',*,*,#2898,.F.);
#4363=ORIENTED_EDGE('',*,*,#3235,.T.);
#4364=ORIENTED_EDGE('',*,*,#3236,.T.);
#4365=ORIENTED_EDGE('',*,*,#3237,.F.);
#4366=ORIENTED_EDGE('',*,*,#2910,.F.);
#4367=ORIENTED_EDGE('',*,*,#3238,.T.);
#4368=ORIENTED_EDGE('',*,*,#3239,.T.);
#4369=ORIENTED_EDGE('',*,*,#3235,.F.);
#4370=ORIENTED_EDGE('',*,*,#2909,.F.);
#4371=ORIENTED_EDGE('',*,*,#3240,.T.);
#4372=ORIENTED_EDGE('',*,*,#3241,.T.);
#4373=ORIENTED_EDGE('',*,*,#3238,.F.);
#4374=ORIENTED_EDGE('',*,*,#2908,.F.);
#4375=ORIENTED_EDGE('',*,*,#3242,.T.);
#4376=ORIENTED_EDGE('',*,*,#3243,.T.);
#4377=ORIENTED_EDGE('',*,*,#3240,.F.);
#4378=ORIENTED_EDGE('',*,*,#2907,.F.);
#4379=ORIENTED_EDGE('',*,*,#3244,.T.);
#4380=ORIENTED_EDGE('',*,*,#3245,.T.);
#4381=ORIENTED_EDGE('',*,*,#3242,.F.);
#4382=ORIENTED_EDGE('',*,*,#2906,.F.);
#4383=ORIENTED_EDGE('',*,*,#3246,.T.);
#4384=ORIENTED_EDGE('',*,*,#3247,.T.);
#4385=ORIENTED_EDGE('',*,*,#3244,.F.);
#4386=ORIENTED_EDGE('',*,*,#2905,.F.);
#4387=ORIENTED_EDGE('',*,*,#3248,.T.);
#4388=ORIENTED_EDGE('',*,*,#3249,.T.);
#4389=ORIENTED_EDGE('',*,*,#3246,.F.);
#4390=ORIENTED_EDGE('',*,*,#2904,.F.);
#4391=ORIENTED_EDGE('',*,*,#3250,.T.);
#4392=ORIENTED_EDGE('',*,*,#3251,.T.);
#4393=ORIENTED_EDGE('',*,*,#3248,.F.);
#4394=ORIENTED_EDGE('',*,*,#2903,.F.);
#4395=ORIENTED_EDGE('',*,*,#3252,.T.);
#4396=ORIENTED_EDGE('',*,*,#3253,.T.);
#4397=ORIENTED_EDGE('',*,*,#3250,.F.);
#4398=ORIENTED_EDGE('',*,*,#2902,.F.);
#4399=ORIENTED_EDGE('',*,*,#3254,.T.);
#4400=ORIENTED_EDGE('',*,*,#3255,.T.);
#4401=ORIENTED_EDGE('',*,*,#3252,.F.);
#4402=ORIENTED_EDGE('',*,*,#2901,.F.);
#4403=ORIENTED_EDGE('',*,*,#3256,.T.);
#4404=ORIENTED_EDGE('',*,*,#3257,.T.);
#4405=ORIENTED_EDGE('',*,*,#3254,.F.);
#4406=ORIENTED_EDGE('',*,*,#2900,.F.);
#4407=ORIENTED_EDGE('',*,*,#3258,.T.);
#4408=ORIENTED_EDGE('',*,*,#3259,.T.);
#4409=ORIENTED_EDGE('',*,*,#3256,.F.);
#4410=ORIENTED_EDGE('',*,*,#2899,.F.);
#4411=ORIENTED_EDGE('',*,*,#3237,.T.);
#4412=ORIENTED_EDGE('',*,*,#3260,.T.);
#4413=ORIENTED_EDGE('',*,*,#3258,.F.);
#4414=ORIENTED_EDGE('',*,*,#3260,.F.);
#4415=ORIENTED_EDGE('',*,*,#3236,.F.);
#4416=ORIENTED_EDGE('',*,*,#3239,.F.);
#4417=ORIENTED_EDGE('',*,*,#3241,.F.);
#4418=ORIENTED_EDGE('',*,*,#3243,.F.);
#4419=ORIENTED_EDGE('',*,*,#3245,.F.);
#4420=ORIENTED_EDGE('',*,*,#3247,.F.);
#4421=ORIENTED_EDGE('',*,*,#3249,.F.);
#4422=ORIENTED_EDGE('',*,*,#3251,.F.);
#4423=ORIENTED_EDGE('',*,*,#3253,.F.);
#4424=ORIENTED_EDGE('',*,*,#3255,.F.);
#4425=ORIENTED_EDGE('',*,*,#3257,.F.);
#4426=ORIENTED_EDGE('',*,*,#3259,.F.);
#4427=ORIENTED_EDGE('',*,*,#3234,.F.);
#4428=ORIENTED_EDGE('',*,*,#3210,.F.);
#4429=ORIENTED_EDGE('',*,*,#3214,.F.);
#4430=ORIENTED_EDGE('',*,*,#3217,.F.);
#4431=ORIENTED_EDGE('',*,*,#3220,.F.);
#4432=ORIENTED_EDGE('',*,*,#3223,.F.);
#4433=ORIENTED_EDGE('',*,*,#3226,.F.);
#4434=ORIENTED_EDGE('',*,*,#3229,.F.);
#4435=ORIENTED_EDGE('',*,*,#3232,.F.);
#4436=ORIENTED_EDGE('',*,*,#3261,.F.);
#4437=ORIENTED_EDGE('',*,*,#3262,.T.);
#4438=ORIENTED_EDGE('',*,*,#3263,.T.);
#4439=ORIENTED_EDGE('',*,*,#3264,.F.);
#4440=ORIENTED_EDGE('',*,*,#3265,.F.);
#4441=ORIENTED_EDGE('',*,*,#3266,.T.);
#4442=ORIENTED_EDGE('',*,*,#3267,.T.);
#4443=ORIENTED_EDGE('',*,*,#3262,.F.);
#4444=ORIENTED_EDGE('',*,*,#3268,.F.);
#4445=ORIENTED_EDGE('',*,*,#3269,.T.);
#4446=ORIENTED_EDGE('',*,*,#3270,.T.);
#4447=ORIENTED_EDGE('',*,*,#3266,.F.);
#4448=ORIENTED_EDGE('',*,*,#3271,.F.);
#4449=ORIENTED_EDGE('',*,*,#3264,.T.);
#4450=ORIENTED_EDGE('',*,*,#3272,.T.);
#4451=ORIENTED_EDGE('',*,*,#3269,.F.);
#4452=ORIENTED_EDGE('',*,*,#2911,.F.);
#4453=ORIENTED_EDGE('',*,*,#3273,.T.);
#4454=ORIENTED_EDGE('',*,*,#3274,.T.);
#4455=ORIENTED_EDGE('',*,*,#3275,.F.);
#4456=ORIENTED_EDGE('',*,*,#2922,.F.);
#4457=ORIENTED_EDGE('',*,*,#3276,.T.);
#4458=ORIENTED_EDGE('',*,*,#3277,.T.);
#4459=ORIENTED_EDGE('',*,*,#3273,.F.);
#4460=ORIENTED_EDGE('',*,*,#2921,.F.);
#4461=ORIENTED_EDGE('',*,*,#3278,.T.);
#4462=ORIENTED_EDGE('',*,*,#3279,.T.);
#4463=ORIENTED_EDGE('',*,*,#3276,.F.);
#4464=ORIENTED_EDGE('',*,*,#2920,.F.);
#4465=ORIENTED_EDGE('',*,*,#3280,.T.);
#4466=ORIENTED_EDGE('',*,*,#3281,.T.);
#4467=ORIENTED_EDGE('',*,*,#3278,.F.);
#4468=ORIENTED_EDGE('',*,*,#2919,.F.);
#4469=ORIENTED_EDGE('',*,*,#3282,.T.);
#4470=ORIENTED_EDGE('',*,*,#3283,.T.);
#4471=ORIENTED_EDGE('',*,*,#3280,.F.);
#4472=ORIENTED_EDGE('',*,*,#2918,.F.);
#4473=ORIENTED_EDGE('',*,*,#3284,.T.);
#4474=ORIENTED_EDGE('',*,*,#3285,.T.);
#4475=ORIENTED_EDGE('',*,*,#3282,.F.);
#4476=ORIENTED_EDGE('',*,*,#2917,.F.);
#4477=ORIENTED_EDGE('',*,*,#3286,.T.);
#4478=ORIENTED_EDGE('',*,*,#3287,.T.);
#4479=ORIENTED_EDGE('',*,*,#3284,.F.);
#4480=ORIENTED_EDGE('',*,*,#2916,.F.);
#4481=ORIENTED_EDGE('',*,*,#3288,.T.);
#4482=ORIENTED_EDGE('',*,*,#3289,.T.);
#4483=ORIENTED_EDGE('',*,*,#3286,.F.);
#4484=ORIENTED_EDGE('',*,*,#2915,.F.);
#4485=ORIENTED_EDGE('',*,*,#3290,.T.);
#4486=ORIENTED_EDGE('',*,*,#3291,.T.);
#4487=ORIENTED_EDGE('',*,*,#3288,.F.);
#4488=ORIENTED_EDGE('',*,*,#2914,.F.);
#4489=ORIENTED_EDGE('',*,*,#3292,.T.);
#4490=ORIENTED_EDGE('',*,*,#3293,.T.);
#4491=ORIENTED_EDGE('',*,*,#3290,.F.);
#4492=ORIENTED_EDGE('',*,*,#2913,.F.);
#4493=ORIENTED_EDGE('',*,*,#3294,.T.);
#4494=ORIENTED_EDGE('',*,*,#3295,.T.);
#4495=ORIENTED_EDGE('',*,*,#3292,.F.);
#4496=ORIENTED_EDGE('',*,*,#2912,.F.);
#4497=ORIENTED_EDGE('',*,*,#3275,.T.);
#4498=ORIENTED_EDGE('',*,*,#3296,.T.);
#4499=ORIENTED_EDGE('',*,*,#3294,.F.);
#4500=ORIENTED_EDGE('',*,*,#3296,.F.);
#4501=ORIENTED_EDGE('',*,*,#3274,.F.);
#4502=ORIENTED_EDGE('',*,*,#3277,.F.);
#4503=ORIENTED_EDGE('',*,*,#3279,.F.);
#4504=ORIENTED_EDGE('',*,*,#3281,.F.);
#4505=ORIENTED_EDGE('',*,*,#3283,.F.);
#4506=ORIENTED_EDGE('',*,*,#3285,.F.);
#4507=ORIENTED_EDGE('',*,*,#3287,.F.);
#4508=ORIENTED_EDGE('',*,*,#3289,.F.);
#4509=ORIENTED_EDGE('',*,*,#3291,.F.);
#4510=ORIENTED_EDGE('',*,*,#3293,.F.);
#4511=ORIENTED_EDGE('',*,*,#3295,.F.);
#4512=ORIENTED_EDGE('',*,*,#3272,.F.);
#4513=ORIENTED_EDGE('',*,*,#3263,.F.);
#4514=ORIENTED_EDGE('',*,*,#3267,.F.);
#4515=ORIENTED_EDGE('',*,*,#3270,.F.);
#4516=ORIENTED_EDGE('',*,*,#3297,.F.);
#4517=ORIENTED_EDGE('',*,*,#3298,.T.);
#4518=ORIENTED_EDGE('',*,*,#3299,.T.);
#4519=ORIENTED_EDGE('',*,*,#3300,.F.);
#4520=ORIENTED_EDGE('',*,*,#3301,.F.);
#4521=ORIENTED_EDGE('',*,*,#3302,.T.);
#4522=ORIENTED_EDGE('',*,*,#3303,.T.);
#4523=ORIENTED_EDGE('',*,*,#3298,.F.);
#4524=ORIENTED_EDGE('',*,*,#3304,.F.);
#4525=ORIENTED_EDGE('',*,*,#3305,.T.);
#4526=ORIENTED_EDGE('',*,*,#3306,.T.);
#4527=ORIENTED_EDGE('',*,*,#3302,.F.);
#4528=ORIENTED_EDGE('',*,*,#3307,.F.);
#4529=ORIENTED_EDGE('',*,*,#3308,.T.);
#4530=ORIENTED_EDGE('',*,*,#3309,.T.);
#4531=ORIENTED_EDGE('',*,*,#3305,.F.);
#4532=ORIENTED_EDGE('',*,*,#3310,.F.);
#4533=ORIENTED_EDGE('',*,*,#3300,.T.);
#4534=ORIENTED_EDGE('',*,*,#3311,.T.);
#4535=ORIENTED_EDGE('',*,*,#3308,.F.);
#4536=ORIENTED_EDGE('',*,*,#2923,.F.);
#4537=ORIENTED_EDGE('',*,*,#3312,.T.);
#4538=ORIENTED_EDGE('',*,*,#3313,.T.);
#4539=ORIENTED_EDGE('',*,*,#3314,.F.);
#4540=ORIENTED_EDGE('',*,*,#2930,.F.);
#4541=ORIENTED_EDGE('',*,*,#3315,.T.);
#4542=ORIENTED_EDGE('',*,*,#3316,.T.);
#4543=ORIENTED_EDGE('',*,*,#3312,.F.);
#4544=ORIENTED_EDGE('',*,*,#2929,.F.);
#4545=ORIENTED_EDGE('',*,*,#3317,.T.);
#4546=ORIENTED_EDGE('',*,*,#3318,.T.);
#4547=ORIENTED_EDGE('',*,*,#3315,.F.);
#4548=ORIENTED_EDGE('',*,*,#2928,.F.);
#4549=ORIENTED_EDGE('',*,*,#3319,.T.);
#4550=ORIENTED_EDGE('',*,*,#3320,.T.);
#4551=ORIENTED_EDGE('',*,*,#3317,.F.);
#4552=ORIENTED_EDGE('',*,*,#2927,.F.);
#4553=ORIENTED_EDGE('',*,*,#3321,.T.);
#4554=ORIENTED_EDGE('',*,*,#3322,.T.);
#4555=ORIENTED_EDGE('',*,*,#3319,.F.);
#4556=ORIENTED_EDGE('',*,*,#2926,.F.);
#4557=ORIENTED_EDGE('',*,*,#3323,.T.);
#4558=ORIENTED_EDGE('',*,*,#3324,.T.);
#4559=ORIENTED_EDGE('',*,*,#3321,.F.);
#4560=ORIENTED_EDGE('',*,*,#2925,.F.);
#4561=ORIENTED_EDGE('',*,*,#3325,.T.);
#4562=ORIENTED_EDGE('',*,*,#3326,.T.);
#4563=ORIENTED_EDGE('',*,*,#3323,.F.);
#4564=ORIENTED_EDGE('',*,*,#2924,.F.);
#4565=ORIENTED_EDGE('',*,*,#3314,.T.);
#4566=ORIENTED_EDGE('',*,*,#3327,.T.);
#4567=ORIENTED_EDGE('',*,*,#3325,.F.);
#4568=ORIENTED_EDGE('',*,*,#3327,.F.);
#4569=ORIENTED_EDGE('',*,*,#3313,.F.);
#4570=ORIENTED_EDGE('',*,*,#3316,.F.);
#4571=ORIENTED_EDGE('',*,*,#3318,.F.);
#4572=ORIENTED_EDGE('',*,*,#3320,.F.);
#4573=ORIENTED_EDGE('',*,*,#3322,.F.);
#4574=ORIENTED_EDGE('',*,*,#3324,.F.);
#4575=ORIENTED_EDGE('',*,*,#3326,.F.);
#4576=ORIENTED_EDGE('',*,*,#3311,.F.);
#4577=ORIENTED_EDGE('',*,*,#3299,.F.);
#4578=ORIENTED_EDGE('',*,*,#3303,.F.);
#4579=ORIENTED_EDGE('',*,*,#3306,.F.);
#4580=ORIENTED_EDGE('',*,*,#3309,.F.);
#4581=ORIENTED_EDGE('',*,*,#2931,.F.);
#4582=ORIENTED_EDGE('',*,*,#3328,.T.);
#4583=ORIENTED_EDGE('',*,*,#3329,.T.);
#4584=ORIENTED_EDGE('',*,*,#3330,.F.);
#4585=ORIENTED_EDGE('',*,*,#2942,.F.);
#4586=ORIENTED_EDGE('',*,*,#3331,.T.);
#4587=ORIENTED_EDGE('',*,*,#3332,.T.);
#4588=ORIENTED_EDGE('',*,*,#3328,.F.);
#4589=ORIENTED_EDGE('',*,*,#2941,.F.);
#4590=ORIENTED_EDGE('',*,*,#3333,.T.);
#4591=ORIENTED_EDGE('',*,*,#3334,.T.);
#4592=ORIENTED_EDGE('',*,*,#3331,.F.);
#4593=ORIENTED_EDGE('',*,*,#2940,.F.);
#4594=ORIENTED_EDGE('',*,*,#3335,.T.);
#4595=ORIENTED_EDGE('',*,*,#3336,.T.);
#4596=ORIENTED_EDGE('',*,*,#3333,.F.);
#4597=ORIENTED_EDGE('',*,*,#2939,.F.);
#4598=ORIENTED_EDGE('',*,*,#3337,.T.);
#4599=ORIENTED_EDGE('',*,*,#3338,.T.);
#4600=ORIENTED_EDGE('',*,*,#3335,.F.);
#4601=ORIENTED_EDGE('',*,*,#2938,.F.);
#4602=ORIENTED_EDGE('',*,*,#3339,.T.);
#4603=ORIENTED_EDGE('',*,*,#3340,.T.);
#4604=ORIENTED_EDGE('',*,*,#3337,.F.);
#4605=ORIENTED_EDGE('',*,*,#2937,.F.);
#4606=ORIENTED_EDGE('',*,*,#3341,.T.);
#4607=ORIENTED_EDGE('',*,*,#3342,.T.);
#4608=ORIENTED_EDGE('',*,*,#3339,.F.);
#4609=ORIENTED_EDGE('',*,*,#2936,.F.);
#4610=ORIENTED_EDGE('',*,*,#3343,.T.);
#4611=ORIENTED_EDGE('',*,*,#3344,.T.);
#4612=ORIENTED_EDGE('',*,*,#3341,.F.);
#4613=ORIENTED_EDGE('',*,*,#2935,.F.);
#4614=ORIENTED_EDGE('',*,*,#3345,.T.);
#4615=ORIENTED_EDGE('',*,*,#3346,.T.);
#4616=ORIENTED_EDGE('',*,*,#3343,.F.);
#4617=ORIENTED_EDGE('',*,*,#2934,.F.);
#4618=ORIENTED_EDGE('',*,*,#3347,.T.);
#4619=ORIENTED_EDGE('',*,*,#3348,.T.);
#4620=ORIENTED_EDGE('',*,*,#3345,.F.);
#4621=ORIENTED_EDGE('',*,*,#2933,.F.);
#4622=ORIENTED_EDGE('',*,*,#3349,.T.);
#4623=ORIENTED_EDGE('',*,*,#3350,.T.);
#4624=ORIENTED_EDGE('',*,*,#3347,.F.);
#4625=ORIENTED_EDGE('',*,*,#2932,.F.);
#4626=ORIENTED_EDGE('',*,*,#3330,.T.);
#4627=ORIENTED_EDGE('',*,*,#3351,.T.);
#4628=ORIENTED_EDGE('',*,*,#3349,.F.);
#4629=ORIENTED_EDGE('',*,*,#3351,.F.);
#4630=ORIENTED_EDGE('',*,*,#3329,.F.);
#4631=ORIENTED_EDGE('',*,*,#3332,.F.);
#4632=ORIENTED_EDGE('',*,*,#3334,.F.);
#4633=ORIENTED_EDGE('',*,*,#3336,.F.);
#4634=ORIENTED_EDGE('',*,*,#3338,.F.);
#4635=ORIENTED_EDGE('',*,*,#3340,.F.);
#4636=ORIENTED_EDGE('',*,*,#3342,.F.);
#4637=ORIENTED_EDGE('',*,*,#3344,.F.);
#4638=ORIENTED_EDGE('',*,*,#3346,.F.);
#4639=ORIENTED_EDGE('',*,*,#3348,.F.);
#4640=ORIENTED_EDGE('',*,*,#3350,.F.);
#4641=ORIENTED_EDGE('',*,*,#3352,.F.);
#4642=ORIENTED_EDGE('',*,*,#3353,.T.);
#4643=ORIENTED_EDGE('',*,*,#3354,.T.);
#4644=ORIENTED_EDGE('',*,*,#3355,.F.);
#4645=ORIENTED_EDGE('',*,*,#3356,.F.);
#4646=ORIENTED_EDGE('',*,*,#3357,.T.);
#4647=ORIENTED_EDGE('',*,*,#3358,.T.);
#4648=ORIENTED_EDGE('',*,*,#3353,.F.);
#4649=ORIENTED_EDGE('',*,*,#3359,.F.);
#4650=ORIENTED_EDGE('',*,*,#3360,.T.);
#4651=ORIENTED_EDGE('',*,*,#3361,.T.);
#4652=ORIENTED_EDGE('',*,*,#3357,.F.);
#4653=ORIENTED_EDGE('',*,*,#3362,.F.);
#4654=ORIENTED_EDGE('',*,*,#3363,.T.);
#4655=ORIENTED_EDGE('',*,*,#3364,.T.);
#4656=ORIENTED_EDGE('',*,*,#3360,.F.);
#4657=ORIENTED_EDGE('',*,*,#3365,.F.);
#4658=ORIENTED_EDGE('',*,*,#3366,.T.);
#4659=ORIENTED_EDGE('',*,*,#3367,.T.);
#4660=ORIENTED_EDGE('',*,*,#3363,.F.);
#4661=ORIENTED_EDGE('',*,*,#3368,.F.);
#4662=ORIENTED_EDGE('',*,*,#3369,.T.);
#4663=ORIENTED_EDGE('',*,*,#3370,.T.);
#4664=ORIENTED_EDGE('',*,*,#3366,.F.);
#4665=ORIENTED_EDGE('',*,*,#3371,.F.);
#4666=ORIENTED_EDGE('',*,*,#3372,.T.);
#4667=ORIENTED_EDGE('',*,*,#3373,.T.);
#4668=ORIENTED_EDGE('',*,*,#3369,.F.);
#4669=ORIENTED_EDGE('',*,*,#3374,.F.);
#4670=ORIENTED_EDGE('',*,*,#3375,.T.);
#4671=ORIENTED_EDGE('',*,*,#3376,.T.);
#4672=ORIENTED_EDGE('',*,*,#3372,.F.);
#4673=ORIENTED_EDGE('',*,*,#3377,.F.);
#4674=ORIENTED_EDGE('',*,*,#3355,.T.);
#4675=ORIENTED_EDGE('',*,*,#3378,.T.);
#4676=ORIENTED_EDGE('',*,*,#3375,.F.);
#4677=ORIENTED_EDGE('',*,*,#2943,.F.);
#4678=ORIENTED_EDGE('',*,*,#3379,.T.);
#4679=ORIENTED_EDGE('',*,*,#3380,.T.);
#4680=ORIENTED_EDGE('',*,*,#3381,.F.);
#4681=ORIENTED_EDGE('',*,*,#2955,.F.);
#4682=ORIENTED_EDGE('',*,*,#3382,.T.);
#4683=ORIENTED_EDGE('',*,*,#3383,.T.);
#4684=ORIENTED_EDGE('',*,*,#3379,.F.);
#4685=ORIENTED_EDGE('',*,*,#2954,.F.);
#4686=ORIENTED_EDGE('',*,*,#3384,.T.);
#4687=ORIENTED_EDGE('',*,*,#3385,.T.);
#4688=ORIENTED_EDGE('',*,*,#3382,.F.);
#4689=ORIENTED_EDGE('',*,*,#2953,.F.);
#4690=ORIENTED_EDGE('',*,*,#3386,.T.);
#4691=ORIENTED_EDGE('',*,*,#3387,.T.);
#4692=ORIENTED_EDGE('',*,*,#3384,.F.);
#4693=ORIENTED_EDGE('',*,*,#2952,.F.);
#4694=ORIENTED_EDGE('',*,*,#3388,.T.);
#4695=ORIENTED_EDGE('',*,*,#3389,.T.);
#4696=ORIENTED_EDGE('',*,*,#3386,.F.);
#4697=ORIENTED_EDGE('',*,*,#2951,.F.);
#4698=ORIENTED_EDGE('',*,*,#3390,.T.);
#4699=ORIENTED_EDGE('',*,*,#3391,.T.);
#4700=ORIENTED_EDGE('',*,*,#3388,.F.);
#4701=ORIENTED_EDGE('',*,*,#2950,.F.);
#4702=ORIENTED_EDGE('',*,*,#3392,.T.);
#4703=ORIENTED_EDGE('',*,*,#3393,.T.);
#4704=ORIENTED_EDGE('',*,*,#3390,.F.);
#4705=ORIENTED_EDGE('',*,*,#2949,.F.);
#4706=ORIENTED_EDGE('',*,*,#3394,.T.);
#4707=ORIENTED_EDGE('',*,*,#3395,.T.);
#4708=ORIENTED_EDGE('',*,*,#3392,.F.);
#4709=ORIENTED_EDGE('',*,*,#2948,.F.);
#4710=ORIENTED_EDGE('',*,*,#3396,.T.);
#4711=ORIENTED_EDGE('',*,*,#3397,.T.);
#4712=ORIENTED_EDGE('',*,*,#3394,.F.);
#4713=ORIENTED_EDGE('',*,*,#2947,.F.);
#4714=ORIENTED_EDGE('',*,*,#3398,.T.);
#4715=ORIENTED_EDGE('',*,*,#3399,.T.);
#4716=ORIENTED_EDGE('',*,*,#3396,.F.);
#4717=ORIENTED_EDGE('',*,*,#2946,.F.);
#4718=ORIENTED_EDGE('',*,*,#3400,.T.);
#4719=ORIENTED_EDGE('',*,*,#3401,.T.);
#4720=ORIENTED_EDGE('',*,*,#3398,.F.);
#4721=ORIENTED_EDGE('',*,*,#2945,.F.);
#4722=ORIENTED_EDGE('',*,*,#3402,.T.);
#4723=ORIENTED_EDGE('',*,*,#3403,.T.);
#4724=ORIENTED_EDGE('',*,*,#3400,.F.);
#4725=ORIENTED_EDGE('',*,*,#2944,.F.);
#4726=ORIENTED_EDGE('',*,*,#3381,.T.);
#4727=ORIENTED_EDGE('',*,*,#3404,.T.);
#4728=ORIENTED_EDGE('',*,*,#3402,.F.);
#4729=ORIENTED_EDGE('',*,*,#3404,.F.);
#4730=ORIENTED_EDGE('',*,*,#3380,.F.);
#4731=ORIENTED_EDGE('',*,*,#3383,.F.);
#4732=ORIENTED_EDGE('',*,*,#3385,.F.);
#4733=ORIENTED_EDGE('',*,*,#3387,.F.);
#4734=ORIENTED_EDGE('',*,*,#3389,.F.);
#4735=ORIENTED_EDGE('',*,*,#3391,.F.);
#4736=ORIENTED_EDGE('',*,*,#3393,.F.);
#4737=ORIENTED_EDGE('',*,*,#3395,.F.);
#4738=ORIENTED_EDGE('',*,*,#3397,.F.);
#4739=ORIENTED_EDGE('',*,*,#3399,.F.);
#4740=ORIENTED_EDGE('',*,*,#3401,.F.);
#4741=ORIENTED_EDGE('',*,*,#3403,.F.);
#4742=ORIENTED_EDGE('',*,*,#3378,.F.);
#4743=ORIENTED_EDGE('',*,*,#3354,.F.);
#4744=ORIENTED_EDGE('',*,*,#3358,.F.);
#4745=ORIENTED_EDGE('',*,*,#3361,.F.);
#4746=ORIENTED_EDGE('',*,*,#3364,.F.);
#4747=ORIENTED_EDGE('',*,*,#3367,.F.);
#4748=ORIENTED_EDGE('',*,*,#3370,.F.);
#4749=ORIENTED_EDGE('',*,*,#3373,.F.);
#4750=ORIENTED_EDGE('',*,*,#3376,.F.);
#4751=ORIENTED_EDGE('',*,*,#2956,.F.);
#4752=ORIENTED_EDGE('',*,*,#3405,.T.);
#4753=ORIENTED_EDGE('',*,*,#3406,.T.);
#4754=ORIENTED_EDGE('',*,*,#3407,.F.);
#4755=ORIENTED_EDGE('',*,*,#2978,.F.);
#4756=ORIENTED_EDGE('',*,*,#3408,.T.);
#4757=ORIENTED_EDGE('',*,*,#3409,.T.);
#4758=ORIENTED_EDGE('',*,*,#3405,.F.);
#4759=ORIENTED_EDGE('',*,*,#2977,.F.);
#4760=ORIENTED_EDGE('',*,*,#3410,.T.);
#4761=ORIENTED_EDGE('',*,*,#3411,.T.);
#4762=ORIENTED_EDGE('',*,*,#3408,.F.);
#4763=ORIENTED_EDGE('',*,*,#2976,.F.);
#4764=ORIENTED_EDGE('',*,*,#3412,.T.);
#4765=ORIENTED_EDGE('',*,*,#3413,.T.);
#4766=ORIENTED_EDGE('',*,*,#3410,.F.);
#4767=ORIENTED_EDGE('',*,*,#2975,.F.);
#4768=ORIENTED_EDGE('',*,*,#3414,.T.);
#4769=ORIENTED_EDGE('',*,*,#3415,.T.);
#4770=ORIENTED_EDGE('',*,*,#3412,.F.);
#4771=ORIENTED_EDGE('',*,*,#2974,.F.);
#4772=ORIENTED_EDGE('',*,*,#3416,.T.);
#4773=ORIENTED_EDGE('',*,*,#3417,.T.);
#4774=ORIENTED_EDGE('',*,*,#3414,.F.);
#4775=ORIENTED_EDGE('',*,*,#2973,.F.);
#4776=ORIENTED_EDGE('',*,*,#3418,.T.);
#4777=ORIENTED_EDGE('',*,*,#3419,.T.);
#4778=ORIENTED_EDGE('',*,*,#3416,.F.);
#4779=ORIENTED_EDGE('',*,*,#2972,.F.);
#4780=ORIENTED_EDGE('',*,*,#3420,.T.);
#4781=ORIENTED_EDGE('',*,*,#3421,.T.);
#4782=ORIENTED_EDGE('',*,*,#3418,.F.);
#4783=ORIENTED_EDGE('',*,*,#2971,.F.);
#4784=ORIENTED_EDGE('',*,*,#3422,.T.);
#4785=ORIENTED_EDGE('',*,*,#3423,.T.);
#4786=ORIENTED_EDGE('',*,*,#3420,.F.);
#4787=ORIENTED_EDGE('',*,*,#2970,.F.);
#4788=ORIENTED_EDGE('',*,*,#3424,.T.);
#4789=ORIENTED_EDGE('',*,*,#3425,.T.);
#4790=ORIENTED_EDGE('',*,*,#3422,.F.);
#4791=ORIENTED_EDGE('',*,*,#2969,.F.);
#4792=ORIENTED_EDGE('',*,*,#3426,.T.);
#4793=ORIENTED_EDGE('',*,*,#3427,.T.);
#4794=ORIENTED_EDGE('',*,*,#3424,.F.);
#4795=ORIENTED_EDGE('',*,*,#2968,.F.);
#4796=ORIENTED_EDGE('',*,*,#3428,.T.);
#4797=ORIENTED_EDGE('',*,*,#3429,.T.);
#4798=ORIENTED_EDGE('',*,*,#3426,.F.);
#4799=ORIENTED_EDGE('',*,*,#2967,.F.);
#4800=ORIENTED_EDGE('',*,*,#3430,.T.);
#4801=ORIENTED_EDGE('',*,*,#3431,.T.);
#4802=ORIENTED_EDGE('',*,*,#3428,.F.);
#4803=ORIENTED_EDGE('',*,*,#2966,.F.);
#4804=ORIENTED_EDGE('',*,*,#3432,.T.);
#4805=ORIENTED_EDGE('',*,*,#3433,.T.);
#4806=ORIENTED_EDGE('',*,*,#3430,.F.);
#4807=ORIENTED_EDGE('',*,*,#2965,.F.);
#4808=ORIENTED_EDGE('',*,*,#3434,.T.);
#4809=ORIENTED_EDGE('',*,*,#3435,.T.);
#4810=ORIENTED_EDGE('',*,*,#3432,.F.);
#4811=ORIENTED_EDGE('',*,*,#2964,.F.);
#4812=ORIENTED_EDGE('',*,*,#3436,.T.);
#4813=ORIENTED_EDGE('',*,*,#3437,.T.);
#4814=ORIENTED_EDGE('',*,*,#3434,.F.);
#4815=ORIENTED_EDGE('',*,*,#2963,.F.);
#4816=ORIENTED_EDGE('',*,*,#3438,.T.);
#4817=ORIENTED_EDGE('',*,*,#3439,.T.);
#4818=ORIENTED_EDGE('',*,*,#3436,.F.);
#4819=ORIENTED_EDGE('',*,*,#2962,.F.);
#4820=ORIENTED_EDGE('',*,*,#3440,.T.);
#4821=ORIENTED_EDGE('',*,*,#3441,.T.);
#4822=ORIENTED_EDGE('',*,*,#3438,.F.);
#4823=ORIENTED_EDGE('',*,*,#2961,.F.);
#4824=ORIENTED_EDGE('',*,*,#3442,.T.);
#4825=ORIENTED_EDGE('',*,*,#3443,.T.);
#4826=ORIENTED_EDGE('',*,*,#3440,.F.);
#4827=ORIENTED_EDGE('',*,*,#2960,.F.);
#4828=ORIENTED_EDGE('',*,*,#3444,.T.);
#4829=ORIENTED_EDGE('',*,*,#3445,.T.);
#4830=ORIENTED_EDGE('',*,*,#3442,.F.);
#4831=ORIENTED_EDGE('',*,*,#2959,.F.);
#4832=ORIENTED_EDGE('',*,*,#3446,.T.);
#4833=ORIENTED_EDGE('',*,*,#3447,.T.);
#4834=ORIENTED_EDGE('',*,*,#3444,.F.);
#4835=ORIENTED_EDGE('',*,*,#2958,.F.);
#4836=ORIENTED_EDGE('',*,*,#3448,.T.);
#4837=ORIENTED_EDGE('',*,*,#3449,.T.);
#4838=ORIENTED_EDGE('',*,*,#3446,.F.);
#4839=ORIENTED_EDGE('',*,*,#2957,.F.);
#4840=ORIENTED_EDGE('',*,*,#3407,.T.);
#4841=ORIENTED_EDGE('',*,*,#3450,.T.);
#4842=ORIENTED_EDGE('',*,*,#3448,.F.);
#4843=ORIENTED_EDGE('',*,*,#3450,.F.);
#4844=ORIENTED_EDGE('',*,*,#3406,.F.);
#4845=ORIENTED_EDGE('',*,*,#3409,.F.);
#4846=ORIENTED_EDGE('',*,*,#3411,.F.);
#4847=ORIENTED_EDGE('',*,*,#3413,.F.);
#4848=ORIENTED_EDGE('',*,*,#3415,.F.);
#4849=ORIENTED_EDGE('',*,*,#3417,.F.);
#4850=ORIENTED_EDGE('',*,*,#3419,.F.);
#4851=ORIENTED_EDGE('',*,*,#3421,.F.);
#4852=ORIENTED_EDGE('',*,*,#3423,.F.);
#4853=ORIENTED_EDGE('',*,*,#3425,.F.);
#4854=ORIENTED_EDGE('',*,*,#3427,.F.);
#4855=ORIENTED_EDGE('',*,*,#3429,.F.);
#4856=ORIENTED_EDGE('',*,*,#3431,.F.);
#4857=ORIENTED_EDGE('',*,*,#3433,.F.);
#4858=ORIENTED_EDGE('',*,*,#3435,.F.);
#4859=ORIENTED_EDGE('',*,*,#3437,.F.);
#4860=ORIENTED_EDGE('',*,*,#3439,.F.);
#4861=ORIENTED_EDGE('',*,*,#3441,.F.);
#4862=ORIENTED_EDGE('',*,*,#3443,.F.);
#4863=ORIENTED_EDGE('',*,*,#3445,.F.);
#4864=ORIENTED_EDGE('',*,*,#3447,.F.);
#4865=ORIENTED_EDGE('',*,*,#3449,.F.);
#4866=ORIENTED_EDGE('',*,*,#3451,.F.);
#4867=ORIENTED_EDGE('',*,*,#3452,.T.);
#4868=ORIENTED_EDGE('',*,*,#3453,.T.);
#4869=ORIENTED_EDGE('',*,*,#3454,.F.);
#4870=ORIENTED_EDGE('',*,*,#3455,.F.);
#4871=ORIENTED_EDGE('',*,*,#3456,.T.);
#4872=ORIENTED_EDGE('',*,*,#3457,.T.);
#4873=ORIENTED_EDGE('',*,*,#3452,.F.);
#4874=ORIENTED_EDGE('',*,*,#3458,.F.);
#4875=ORIENTED_EDGE('',*,*,#3459,.T.);
#4876=ORIENTED_EDGE('',*,*,#3460,.T.);
#4877=ORIENTED_EDGE('',*,*,#3456,.F.);
#4878=ORIENTED_EDGE('',*,*,#3461,.F.);
#4879=ORIENTED_EDGE('',*,*,#3462,.T.);
#4880=ORIENTED_EDGE('',*,*,#3463,.T.);
#4881=ORIENTED_EDGE('',*,*,#3459,.F.);
#4882=ORIENTED_EDGE('',*,*,#3464,.F.);
#4883=ORIENTED_EDGE('',*,*,#3454,.T.);
#4884=ORIENTED_EDGE('',*,*,#3465,.T.);
#4885=ORIENTED_EDGE('',*,*,#3462,.F.);
#4886=ORIENTED_EDGE('',*,*,#2979,.F.);
#4887=ORIENTED_EDGE('',*,*,#3466,.T.);
#4888=ORIENTED_EDGE('',*,*,#3467,.T.);
#4889=ORIENTED_EDGE('',*,*,#3468,.F.);
#4890=ORIENTED_EDGE('',*,*,#2986,.F.);
#4891=ORIENTED_EDGE('',*,*,#3469,.T.);
#4892=ORIENTED_EDGE('',*,*,#3470,.T.);
#4893=ORIENTED_EDGE('',*,*,#3466,.F.);
#4894=ORIENTED_EDGE('',*,*,#2985,.F.);
#4895=ORIENTED_EDGE('',*,*,#3471,.T.);
#4896=ORIENTED_EDGE('',*,*,#3472,.T.);
#4897=ORIENTED_EDGE('',*,*,#3469,.F.);
#4898=ORIENTED_EDGE('',*,*,#2984,.F.);
#4899=ORIENTED_EDGE('',*,*,#3473,.T.);
#4900=ORIENTED_EDGE('',*,*,#3474,.T.);
#4901=ORIENTED_EDGE('',*,*,#3471,.F.);
#4902=ORIENTED_EDGE('',*,*,#2983,.F.);
#4903=ORIENTED_EDGE('',*,*,#3475,.T.);
#4904=ORIENTED_EDGE('',*,*,#3476,.T.);
#4905=ORIENTED_EDGE('',*,*,#3473,.F.);
#4906=ORIENTED_EDGE('',*,*,#2982,.F.);
#4907=ORIENTED_EDGE('',*,*,#3477,.T.);
#4908=ORIENTED_EDGE('',*,*,#3478,.T.);
#4909=ORIENTED_EDGE('',*,*,#3475,.F.);
#4910=ORIENTED_EDGE('',*,*,#2981,.F.);
#4911=ORIENTED_EDGE('',*,*,#3479,.T.);
#4912=ORIENTED_EDGE('',*,*,#3480,.T.);
#4913=ORIENTED_EDGE('',*,*,#3477,.F.);
#4914=ORIENTED_EDGE('',*,*,#2980,.F.);
#4915=ORIENTED_EDGE('',*,*,#3468,.T.);
#4916=ORIENTED_EDGE('',*,*,#3481,.T.);
#4917=ORIENTED_EDGE('',*,*,#3479,.F.);
#4918=ORIENTED_EDGE('',*,*,#3481,.F.);
#4919=ORIENTED_EDGE('',*,*,#3467,.F.);
#4920=ORIENTED_EDGE('',*,*,#3470,.F.);
#4921=ORIENTED_EDGE('',*,*,#3472,.F.);
#4922=ORIENTED_EDGE('',*,*,#3474,.F.);
#4923=ORIENTED_EDGE('',*,*,#3476,.F.);
#4924=ORIENTED_EDGE('',*,*,#3478,.F.);
#4925=ORIENTED_EDGE('',*,*,#3480,.F.);
#4926=ORIENTED_EDGE('',*,*,#3465,.F.);
#4927=ORIENTED_EDGE('',*,*,#3453,.F.);
#4928=ORIENTED_EDGE('',*,*,#3457,.F.);
#4929=ORIENTED_EDGE('',*,*,#3460,.F.);
#4930=ORIENTED_EDGE('',*,*,#3463,.F.);
#4931=ORIENTED_EDGE('',*,*,#3451,.T.);
#4932=ORIENTED_EDGE('',*,*,#3464,.T.);
#4933=ORIENTED_EDGE('',*,*,#3461,.T.);
#4934=ORIENTED_EDGE('',*,*,#3458,.T.);
#4935=ORIENTED_EDGE('',*,*,#3455,.T.);
#4936=ORIENTED_EDGE('',*,*,#3352,.T.);
#4937=ORIENTED_EDGE('',*,*,#3377,.T.);
#4938=ORIENTED_EDGE('',*,*,#3374,.T.);
#4939=ORIENTED_EDGE('',*,*,#3371,.T.);
#4940=ORIENTED_EDGE('',*,*,#3368,.T.);
#4941=ORIENTED_EDGE('',*,*,#3365,.T.);
#4942=ORIENTED_EDGE('',*,*,#3362,.T.);
#4943=ORIENTED_EDGE('',*,*,#3359,.T.);
#4944=ORIENTED_EDGE('',*,*,#3356,.T.);
#4945=ORIENTED_EDGE('',*,*,#3297,.T.);
#4946=ORIENTED_EDGE('',*,*,#3310,.T.);
#4947=ORIENTED_EDGE('',*,*,#3307,.T.);
#4948=ORIENTED_EDGE('',*,*,#3304,.T.);
#4949=ORIENTED_EDGE('',*,*,#3301,.T.);
#4950=ORIENTED_EDGE('',*,*,#3261,.T.);
#4951=ORIENTED_EDGE('',*,*,#3271,.T.);
#4952=ORIENTED_EDGE('',*,*,#3268,.T.);
#4953=ORIENTED_EDGE('',*,*,#3265,.T.);
#4954=ORIENTED_EDGE('',*,*,#3208,.T.);
#4955=ORIENTED_EDGE('',*,*,#3233,.T.);
#4956=ORIENTED_EDGE('',*,*,#3230,.T.);
#4957=ORIENTED_EDGE('',*,*,#3227,.T.);
#4958=ORIENTED_EDGE('',*,*,#3224,.T.);
#4959=ORIENTED_EDGE('',*,*,#3221,.T.);
#4960=ORIENTED_EDGE('',*,*,#3218,.T.);
#4961=ORIENTED_EDGE('',*,*,#3215,.T.);
#4962=ORIENTED_EDGE('',*,*,#3212,.T.);
#4963=ORIENTED_EDGE('',*,*,#3147,.T.);
#4964=ORIENTED_EDGE('',*,*,#3172,.T.);
#4965=ORIENTED_EDGE('',*,*,#3169,.T.);
#4966=ORIENTED_EDGE('',*,*,#3166,.T.);
#4967=ORIENTED_EDGE('',*,*,#3163,.T.);
#4968=ORIENTED_EDGE('',*,*,#3160,.T.);
#4969=ORIENTED_EDGE('',*,*,#3157,.T.);
#4970=ORIENTED_EDGE('',*,*,#3154,.T.);
#4971=ORIENTED_EDGE('',*,*,#3151,.T.);
#4972=ORIENTED_EDGE('',*,*,#3116,.T.);
#4973=ORIENTED_EDGE('',*,*,#3129,.T.);
#4974=ORIENTED_EDGE('',*,*,#3126,.T.);
#4975=ORIENTED_EDGE('',*,*,#3123,.T.);
#4976=ORIENTED_EDGE('',*,*,#3120,.T.);
#4977=ORIENTED_EDGE('',*,*,#3080,.T.);
#4978=ORIENTED_EDGE('',*,*,#3090,.T.);
#4979=ORIENTED_EDGE('',*,*,#3087,.T.);
#4980=ORIENTED_EDGE('',*,*,#3084,.T.);
#4981=ORIENTED_EDGE('',*,*,#3049,.T.);
#4982=ORIENTED_EDGE('',*,*,#3062,.T.);
#4983=ORIENTED_EDGE('',*,*,#3059,.T.);
#4984=ORIENTED_EDGE('',*,*,#3056,.T.);
#4985=ORIENTED_EDGE('',*,*,#3053,.T.);
#4986=ORIENTED_EDGE('',*,*,#3018,.T.);
#4987=ORIENTED_EDGE('',*,*,#3031,.T.);
#4988=ORIENTED_EDGE('',*,*,#3028,.T.);
#4989=ORIENTED_EDGE('',*,*,#3025,.T.);
#4990=ORIENTED_EDGE('',*,*,#3022,.T.);
#4991=ORIENTED_EDGE('',*,*,#3482,.F.);
#4992=ORIENTED_EDGE('',*,*,#3483,.F.);
#4993=ORIENTED_EDGE('',*,*,#3484,.F.);
#4994=ORIENTED_EDGE('',*,*,#3485,.F.);
#4995=ORIENTED_EDGE('',*,*,#3486,.F.);
#4996=ORIENTED_EDGE('',*,*,#3487,.F.);
#4997=ORIENTED_EDGE('',*,*,#3488,.T.);
#4998=ORIENTED_EDGE('',*,*,#3483,.T.);
#4999=ORIENTED_EDGE('',*,*,#3489,.F.);
#5000=ORIENTED_EDGE('',*,*,#3490,.F.);
#5001=ORIENTED_EDGE('',*,*,#3484,.T.);
#5002=ORIENTED_EDGE('',*,*,#3488,.F.);
#5003=ORIENTED_EDGE('',*,*,#3486,.T.);
#5004=ORIENTED_EDGE('',*,*,#3482,.T.);
#5005=ORIENTED_EDGE('',*,*,#3491,.T.);
#5006=ORIENTED_EDGE('',*,*,#3492,.F.);
#5007=ORIENTED_EDGE('',*,*,#2821,.F.);
#5008=ORIENTED_EDGE('',*,*,#3493,.T.);
#5009=ORIENTED_EDGE('',*,*,#3494,.F.);
#5010=ORIENTED_EDGE('',*,*,#3485,.T.);
#5011=ORIENTED_EDGE('',*,*,#3490,.T.);
#5012=ORIENTED_EDGE('',*,*,#3495,.F.);
#5013=ORIENTED_EDGE('',*,*,#3496,.F.);
#5014=ORIENTED_EDGE('',*,*,#3497,.T.);
#5015=ORIENTED_EDGE('',*,*,#3491,.F.);
#5016=ORIENTED_EDGE('',*,*,#3498,.F.);
#5017=ORIENTED_EDGE('',*,*,#3499,.T.);
#5018=ORIENTED_EDGE('',*,*,#3500,.F.);
#5019=ORIENTED_EDGE('',*,*,#3501,.F.);
#5020=ORIENTED_EDGE('',*,*,#3498,.T.);
#5021=ORIENTED_EDGE('',*,*,#3502,.F.);
#5022=ORIENTED_EDGE('',*,*,#3503,.T.);
#5023=ORIENTED_EDGE('',*,*,#2809,.F.);
#5024=ORIENTED_EDGE('',*,*,#3504,.F.);
#5025=ORIENTED_EDGE('',*,*,#2795,.T.);
#5026=ORIENTED_EDGE('',*,*,#3505,.T.);
#5027=ORIENTED_EDGE('',*,*,#2801,.T.);
#5028=ORIENTED_EDGE('',*,*,#2804,.T.);
#5029=ORIENTED_EDGE('',*,*,#3506,.T.);
#5030=ORIENTED_EDGE('',*,*,#2828,.T.);
#5031=ORIENTED_EDGE('',*,*,#2831,.T.);
#5032=ORIENTED_EDGE('',*,*,#3492,.T.);
#5033=ORIENTED_EDGE('',*,*,#3497,.F.);
#5034=ORIENTED_EDGE('',*,*,#3507,.F.);
#5035=ORIENTED_EDGE('',*,*,#3499,.F.);
#5036=ORIENTED_EDGE('',*,*,#3504,.T.);
#5037=ORIENTED_EDGE('',*,*,#2813,.T.);
#5038=ORIENTED_EDGE('',*,*,#2816,.T.);
#5039=ORIENTED_EDGE('',*,*,#3508,.T.);
#5040=ORIENTED_EDGE('',*,*,#2792,.T.);
#5041=ORIENTED_EDGE('',*,*,#3509,.T.);
#5042=ORIENTED_EDGE('',*,*,#2797,.F.);
#5043=ORIENTED_EDGE('',*,*,#3505,.F.);
#5044=ORIENTED_EDGE('',*,*,#2785,.F.);
#5045=ORIENTED_EDGE('',*,*,#3510,.T.);
#5046=ORIENTED_EDGE('',*,*,#3511,.F.);
#5047=ORIENTED_EDGE('',*,*,#3510,.F.);
#5048=ORIENTED_EDGE('',*,*,#3512,.F.);
#5049=ORIENTED_EDGE('',*,*,#3513,.T.);
#5050=ORIENTED_EDGE('',*,*,#3514,.F.);
#5051=ORIENTED_EDGE('',*,*,#3512,.T.);
#5052=ORIENTED_EDGE('',*,*,#2789,.F.);
#5053=ORIENTED_EDGE('',*,*,#3508,.F.);
#5054=ORIENTED_EDGE('',*,*,#2819,.F.);
#5055=ORIENTED_EDGE('',*,*,#3503,.F.);
#5056=ORIENTED_EDGE('',*,*,#3513,.F.);
#5057=ORIENTED_EDGE('',*,*,#3515,.F.);
#5058=ORIENTED_EDGE('',*,*,#3493,.F.);
#5059=ORIENTED_EDGE('',*,*,#3516,.T.);
#5060=ORIENTED_EDGE('',*,*,#3517,.F.);
#5061=ORIENTED_EDGE('',*,*,#3515,.T.);
#5062=ORIENTED_EDGE('',*,*,#2825,.F.);
#5063=ORIENTED_EDGE('',*,*,#3506,.F.);
#5064=ORIENTED_EDGE('',*,*,#2807,.F.);
#5065=ORIENTED_EDGE('',*,*,#3509,.F.);
#5066=ORIENTED_EDGE('',*,*,#3516,.F.);
#5067=ORIENTED_EDGE('',*,*,#3496,.T.);
#5068=ORIENTED_EDGE('',*,*,#3518,.F.);
#5069=ORIENTED_EDGE('',*,*,#3519,.F.);
#5070=ORIENTED_EDGE('',*,*,#2823,.T.);
#5071=ORIENTED_EDGE('',*,*,#2834,.T.);
#5072=ORIENTED_EDGE('',*,*,#2811,.T.);
#5073=ORIENTED_EDGE('',*,*,#3520,.F.);
#5074=ORIENTED_EDGE('',*,*,#3521,.F.);
#5075=ORIENTED_EDGE('',*,*,#3500,.T.);
#5076=ORIENTED_EDGE('',*,*,#3507,.T.);
#5077=ORIENTED_EDGE('',*,*,#2987,.T.);
#5078=ORIENTED_EDGE('',*,*,#3000,.T.);
#5079=ORIENTED_EDGE('',*,*,#2997,.T.);
#5080=ORIENTED_EDGE('',*,*,#2994,.T.);
#5081=ORIENTED_EDGE('',*,*,#2991,.T.);
#5082=ORIENTED_EDGE('',*,*,#3522,.F.);
#5083=ORIENTED_EDGE('',*,*,#3523,.T.);
#5084=ORIENTED_EDGE('',*,*,#3519,.T.);
#5085=ORIENTED_EDGE('',*,*,#3524,.F.);
#5086=ORIENTED_EDGE('',*,*,#3525,.F.);
#5087=ORIENTED_EDGE('',*,*,#2808,.T.);
#5088=ORIENTED_EDGE('',*,*,#2835,.T.);
#5089=ORIENTED_EDGE('',*,*,#2826,.T.);
#5090=ORIENTED_EDGE('',*,*,#3523,.F.);
#5091=ORIENTED_EDGE('',*,*,#3526,.F.);
#5092=ORIENTED_EDGE('',*,*,#3527,.T.);
#5093=ORIENTED_EDGE('',*,*,#3525,.T.);
#5094=ORIENTED_EDGE('',*,*,#3528,.F.);
#5095=ORIENTED_EDGE('',*,*,#3520,.T.);
#5096=ORIENTED_EDGE('',*,*,#3529,.T.);
#5097=ORIENTED_EDGE('',*,*,#3530,.F.);
#5098=ORIENTED_EDGE('',*,*,#3529,.F.);
#5099=ORIENTED_EDGE('',*,*,#2820,.T.);
#5100=ORIENTED_EDGE('',*,*,#2833,.T.);
#5101=ORIENTED_EDGE('',*,*,#2790,.T.);
#5102=ORIENTED_EDGE('',*,*,#3531,.F.);
#5103=ORIENTED_EDGE('',*,*,#3532,.F.);
#5104=ORIENTED_EDGE('',*,*,#3531,.T.);
#5105=ORIENTED_EDGE('',*,*,#3533,.T.);
#5106=ORIENTED_EDGE('',*,*,#3534,.F.);
#5107=ORIENTED_EDGE('',*,*,#3533,.F.);
#5108=ORIENTED_EDGE('',*,*,#2787,.T.);
#5109=ORIENTED_EDGE('',*,*,#2836,.T.);
#5110=ORIENTED_EDGE('',*,*,#2799,.T.);
#5111=ORIENTED_EDGE('',*,*,#3527,.F.);
#5112=ORIENTED_EDGE('',*,*,#3487,.T.);
#5113=ORIENTED_EDGE('',*,*,#3494,.T.);
#5114=ORIENTED_EDGE('',*,*,#3517,.T.);
#5115=ORIENTED_EDGE('',*,*,#3511,.T.);
#5116=ORIENTED_EDGE('',*,*,#3514,.T.);
#5117=ORIENTED_EDGE('',*,*,#3502,.T.);
#5118=ORIENTED_EDGE('',*,*,#3501,.T.);
#5119=ORIENTED_EDGE('',*,*,#3521,.T.);
#5120=ORIENTED_EDGE('',*,*,#3528,.T.);
#5121=ORIENTED_EDGE('',*,*,#3530,.T.);
#5122=ORIENTED_EDGE('',*,*,#3532,.T.);
#5123=ORIENTED_EDGE('',*,*,#3534,.T.);
#5124=ORIENTED_EDGE('',*,*,#3526,.T.);
#5125=ORIENTED_EDGE('',*,*,#3524,.T.);
#5126=ORIENTED_EDGE('',*,*,#3522,.T.);
#5127=ORIENTED_EDGE('',*,*,#3518,.T.);
#5128=ORIENTED_EDGE('',*,*,#3495,.T.);
#5129=ORIENTED_EDGE('',*,*,#3489,.T.);
#5130=ORIENTED_EDGE('',*,*,#3535,.F.);
#5131=ORIENTED_EDGE('',*,*,#3536,.F.);
#5132=ORIENTED_EDGE('',*,*,#3537,.F.);
#5133=ORIENTED_EDGE('',*,*,#3538,.T.);
#5134=ORIENTED_EDGE('',*,*,#3539,.F.);
#5135=ORIENTED_EDGE('',*,*,#3538,.F.);
#5136=ORIENTED_EDGE('',*,*,#3540,.F.);
#5137=ORIENTED_EDGE('',*,*,#3541,.T.);
#5138=ORIENTED_EDGE('',*,*,#3542,.F.);
#5139=ORIENTED_EDGE('',*,*,#3541,.F.);
#5140=ORIENTED_EDGE('',*,*,#3543,.F.);
#5141=ORIENTED_EDGE('',*,*,#3544,.T.);
#5142=ORIENTED_EDGE('',*,*,#3545,.F.);
#5143=ORIENTED_EDGE('',*,*,#3544,.F.);
#5144=ORIENTED_EDGE('',*,*,#3546,.F.);
#5145=ORIENTED_EDGE('',*,*,#3547,.T.);
#5146=ORIENTED_EDGE('',*,*,#3548,.F.);
#5147=ORIENTED_EDGE('',*,*,#3547,.F.);
#5148=ORIENTED_EDGE('',*,*,#3549,.F.);
#5149=ORIENTED_EDGE('',*,*,#3550,.T.);
#5150=ORIENTED_EDGE('',*,*,#3551,.F.);
#5151=ORIENTED_EDGE('',*,*,#3550,.F.);
#5152=ORIENTED_EDGE('',*,*,#3552,.F.);
#5153=ORIENTED_EDGE('',*,*,#3553,.T.);
#5154=ORIENTED_EDGE('',*,*,#3554,.F.);
#5155=ORIENTED_EDGE('',*,*,#3553,.F.);
#5156=ORIENTED_EDGE('',*,*,#3555,.F.);
#5157=ORIENTED_EDGE('',*,*,#3556,.T.);
#5158=ORIENTED_EDGE('',*,*,#3557,.F.);
#5159=ORIENTED_EDGE('',*,*,#3556,.F.);
#5160=ORIENTED_EDGE('',*,*,#3558,.F.);
#5161=ORIENTED_EDGE('',*,*,#3536,.T.);
#5162=ORIENTED_EDGE('',*,*,#3559,.F.);
#5163=ORIENTED_EDGE('',*,*,#3560,.F.);
#5164=ORIENTED_EDGE('',*,*,#3561,.F.);
#5165=ORIENTED_EDGE('',*,*,#3562,.T.);
#5166=ORIENTED_EDGE('',*,*,#3563,.F.);
#5167=ORIENTED_EDGE('',*,*,#3562,.F.);
#5168=ORIENTED_EDGE('',*,*,#3564,.F.);
#5169=ORIENTED_EDGE('',*,*,#3565,.T.);
#5170=ORIENTED_EDGE('',*,*,#3566,.F.);
#5171=ORIENTED_EDGE('',*,*,#3565,.F.);
#5172=ORIENTED_EDGE('',*,*,#3567,.F.);
#5173=ORIENTED_EDGE('',*,*,#3568,.T.);
#5174=ORIENTED_EDGE('',*,*,#3569,.F.);
#5175=ORIENTED_EDGE('',*,*,#3568,.F.);
#5176=ORIENTED_EDGE('',*,*,#3570,.F.);
#5177=ORIENTED_EDGE('',*,*,#3560,.T.);
#5178=ORIENTED_EDGE('',*,*,#3571,.F.);
#5179=ORIENTED_EDGE('',*,*,#3572,.F.);
#5180=ORIENTED_EDGE('',*,*,#3573,.F.);
#5181=ORIENTED_EDGE('',*,*,#3574,.T.);
#5182=ORIENTED_EDGE('',*,*,#3575,.F.);
#5183=ORIENTED_EDGE('',*,*,#3574,.F.);
#5184=ORIENTED_EDGE('',*,*,#3576,.F.);
#5185=ORIENTED_EDGE('',*,*,#3577,.T.);
#5186=ORIENTED_EDGE('',*,*,#3578,.F.);
#5187=ORIENTED_EDGE('',*,*,#3577,.F.);
#5188=ORIENTED_EDGE('',*,*,#3579,.F.);
#5189=ORIENTED_EDGE('',*,*,#3580,.T.);
#5190=ORIENTED_EDGE('',*,*,#3581,.F.);
#5191=ORIENTED_EDGE('',*,*,#3580,.F.);
#5192=ORIENTED_EDGE('',*,*,#3582,.F.);
#5193=ORIENTED_EDGE('',*,*,#3583,.T.);
#5194=ORIENTED_EDGE('',*,*,#3584,.F.);
#5195=ORIENTED_EDGE('',*,*,#3583,.F.);
#5196=ORIENTED_EDGE('',*,*,#3585,.F.);
#5197=ORIENTED_EDGE('',*,*,#3586,.T.);
#5198=ORIENTED_EDGE('',*,*,#3587,.F.);
#5199=ORIENTED_EDGE('',*,*,#3586,.F.);
#5200=ORIENTED_EDGE('',*,*,#3588,.F.);
#5201=ORIENTED_EDGE('',*,*,#3589,.T.);
#5202=ORIENTED_EDGE('',*,*,#3590,.F.);
#5203=ORIENTED_EDGE('',*,*,#3589,.F.);
#5204=ORIENTED_EDGE('',*,*,#3591,.F.);
#5205=ORIENTED_EDGE('',*,*,#3592,.T.);
#5206=ORIENTED_EDGE('',*,*,#3593,.F.);
#5207=ORIENTED_EDGE('',*,*,#3592,.F.);
#5208=ORIENTED_EDGE('',*,*,#3594,.F.);
#5209=ORIENTED_EDGE('',*,*,#3572,.T.);
#5210=ORIENTED_EDGE('',*,*,#3595,.F.);
#5211=ORIENTED_EDGE('',*,*,#3596,.F.);
#5212=ORIENTED_EDGE('',*,*,#3597,.F.);
#5213=ORIENTED_EDGE('',*,*,#3598,.F.);
#5214=ORIENTED_EDGE('',*,*,#3599,.T.);
#5215=ORIENTED_EDGE('',*,*,#3600,.F.);
#5216=ORIENTED_EDGE('',*,*,#3601,.F.);
#5217=ORIENTED_EDGE('',*,*,#3602,.F.);
#5218=ORIENTED_EDGE('',*,*,#3596,.T.);
#5219=ORIENTED_EDGE('',*,*,#3603,.F.);
#5220=ORIENTED_EDGE('',*,*,#3599,.F.);
#5221=ORIENTED_EDGE('',*,*,#3604,.F.);
#5222=ORIENTED_EDGE('',*,*,#3605,.T.);
#5223=ORIENTED_EDGE('',*,*,#3606,.F.);
#5224=ORIENTED_EDGE('',*,*,#3605,.F.);
#5225=ORIENTED_EDGE('',*,*,#3607,.F.);
#5226=ORIENTED_EDGE('',*,*,#3608,.F.);
#5227=ORIENTED_EDGE('',*,*,#3601,.T.);
#5228=ORIENTED_EDGE('',*,*,#3597,.T.);
#5229=ORIENTED_EDGE('',*,*,#3602,.T.);
#5230=ORIENTED_EDGE('',*,*,#3608,.T.);
#5231=ORIENTED_EDGE('',*,*,#3609,.T.);
#5232=ORIENTED_EDGE('',*,*,#3610,.F.);
#5233=ORIENTED_EDGE('',*,*,#3611,.T.);
#5234=ORIENTED_EDGE('',*,*,#3612,.F.);
#5235=ORIENTED_EDGE('',*,*,#3613,.T.);
#5236=ORIENTED_EDGE('',*,*,#3614,.T.);
#5237=ORIENTED_EDGE('',*,*,#3615,.T.);
#5238=ORIENTED_EDGE('',*,*,#3616,.T.);
#5239=ORIENTED_EDGE('',*,*,#3617,.T.);
#5240=ORIENTED_EDGE('',*,*,#3618,.F.);
#5241=ORIENTED_EDGE('',*,*,#3619,.T.);
#5242=ORIENTED_EDGE('',*,*,#3615,.F.);
#5243=ORIENTED_EDGE('',*,*,#3620,.T.);
#5244=ORIENTED_EDGE('',*,*,#3610,.T.);
#5245=ORIENTED_EDGE('',*,*,#3618,.T.);
#5246=ORIENTED_EDGE('',*,*,#3621,.T.);
#5247=ORIENTED_EDGE('',*,*,#3622,.T.);
#5248=ORIENTED_EDGE('',*,*,#3612,.T.);
#5249=ORIENTED_EDGE('',*,*,#3623,.T.);
#5250=ORIENTED_EDGE('',*,*,#3624,.F.);
#5251=ORIENTED_EDGE('',*,*,#3625,.T.);
#5252=ORIENTED_EDGE('',*,*,#3622,.F.);
#5253=ORIENTED_EDGE('',*,*,#3626,.T.);
#5254=ORIENTED_EDGE('',*,*,#3627,.T.);
#5255=ORIENTED_EDGE('',*,*,#3624,.T.);
#5256=ORIENTED_EDGE('',*,*,#3628,.T.);
#5257=ORIENTED_EDGE('',*,*,#3616,.F.);
#5258=ORIENTED_EDGE('',*,*,#3629,.T.);
#5259=ORIENTED_EDGE('',*,*,#3627,.F.);
#5260=ORIENTED_EDGE('',*,*,#3598,.T.);
#5261=ORIENTED_EDGE('',*,*,#3613,.F.);
#5262=ORIENTED_EDGE('',*,*,#3625,.F.);
#5263=ORIENTED_EDGE('',*,*,#3629,.F.);
#5264=ORIENTED_EDGE('',*,*,#3619,.F.);
#5265=ORIENTED_EDGE('',*,*,#3609,.F.);
#5266=ORIENTED_EDGE('',*,*,#3607,.T.);
#5267=ORIENTED_EDGE('',*,*,#3604,.T.);
#5268=ORIENTED_EDGE('',*,*,#3549,.T.);
#5269=ORIENTED_EDGE('',*,*,#3546,.T.);
#5270=ORIENTED_EDGE('',*,*,#3543,.T.);
#5271=ORIENTED_EDGE('',*,*,#3540,.T.);
#5272=ORIENTED_EDGE('',*,*,#3537,.T.);
#5273=ORIENTED_EDGE('',*,*,#3558,.T.);
#5274=ORIENTED_EDGE('',*,*,#3555,.T.);
#5275=ORIENTED_EDGE('',*,*,#3552,.T.);
#5276=ORIENTED_EDGE('',*,*,#3567,.T.);
#5277=ORIENTED_EDGE('',*,*,#3564,.T.);
#5278=ORIENTED_EDGE('',*,*,#3561,.T.);
#5279=ORIENTED_EDGE('',*,*,#3570,.T.);
#5280=ORIENTED_EDGE('',*,*,#3585,.T.);
#5281=ORIENTED_EDGE('',*,*,#3582,.T.);
#5282=ORIENTED_EDGE('',*,*,#3579,.T.);
#5283=ORIENTED_EDGE('',*,*,#3576,.T.);
#5284=ORIENTED_EDGE('',*,*,#3573,.T.);
#5285=ORIENTED_EDGE('',*,*,#3594,.T.);
#5286=ORIENTED_EDGE('',*,*,#3591,.T.);
#5287=ORIENTED_EDGE('',*,*,#3588,.T.);
#5288=ORIENTED_EDGE('',*,*,#3621,.F.);
#5289=ORIENTED_EDGE('',*,*,#3611,.F.);
#5290=ORIENTED_EDGE('',*,*,#3620,.F.);
#5291=ORIENTED_EDGE('',*,*,#3617,.F.);
#5292=ORIENTED_EDGE('',*,*,#3614,.F.);
#5293=ORIENTED_EDGE('',*,*,#3628,.F.);
#5294=ORIENTED_EDGE('',*,*,#3626,.F.);
#5295=ORIENTED_EDGE('',*,*,#3623,.F.);
#5296=ORIENTED_EDGE('',*,*,#3548,.T.);
#5297=ORIENTED_EDGE('',*,*,#3551,.T.);
#5298=ORIENTED_EDGE('',*,*,#3554,.T.);
#5299=ORIENTED_EDGE('',*,*,#3557,.T.);
#5300=ORIENTED_EDGE('',*,*,#3535,.T.);
#5301=ORIENTED_EDGE('',*,*,#3539,.T.);
#5302=ORIENTED_EDGE('',*,*,#3542,.T.);
#5303=ORIENTED_EDGE('',*,*,#3545,.T.);
#5304=ORIENTED_EDGE('',*,*,#3566,.T.);
#5305=ORIENTED_EDGE('',*,*,#3569,.T.);
#5306=ORIENTED_EDGE('',*,*,#3559,.T.);
#5307=ORIENTED_EDGE('',*,*,#3563,.T.);
#5308=ORIENTED_EDGE('',*,*,#3584,.T.);
#5309=ORIENTED_EDGE('',*,*,#3587,.T.);
#5310=ORIENTED_EDGE('',*,*,#3590,.T.);
#5311=ORIENTED_EDGE('',*,*,#3593,.T.);
#5312=ORIENTED_EDGE('',*,*,#3571,.T.);
#5313=ORIENTED_EDGE('',*,*,#3575,.T.);
#5314=ORIENTED_EDGE('',*,*,#3578,.T.);
#5315=ORIENTED_EDGE('',*,*,#3581,.T.);
#5316=ORIENTED_EDGE('',*,*,#3603,.T.);
#5317=ORIENTED_EDGE('',*,*,#3606,.T.);
#5318=ORIENTED_EDGE('',*,*,#3600,.T.);
#5319=ORIENTED_EDGE('',*,*,#3595,.T.);
#5320=PLANE('',#5788);
#5321=PLANE('',#5789);
#5322=PLANE('',#5790);
#5323=PLANE('',#5791);
#5324=PLANE('',#5792);
#5325=PLANE('',#5793);
#5326=PLANE('',#5794);
#5327=PLANE('',#5795);
#5328=PLANE('',#5796);
#5329=PLANE('',#5797);
#5330=PLANE('',#5798);
#5331=PLANE('',#5799);
#5332=PLANE('',#5800);
#5333=PLANE('',#5801);
#5334=PLANE('',#5802);
#5335=PLANE('',#5803);
#5336=PLANE('',#5804);
#5337=PLANE('',#5805);
#5338=PLANE('',#5806);
#5339=PLANE('',#5807);
#5340=PLANE('',#5808);
#5341=PLANE('',#5809);
#5342=PLANE('',#5810);
#5343=PLANE('',#5811);
#5344=PLANE('',#5812);
#5345=PLANE('',#5813);
#5346=PLANE('',#5814);
#5347=PLANE('',#5815);
#5348=PLANE('',#5816);
#5349=PLANE('',#5817);
#5350=PLANE('',#5818);
#5351=PLANE('',#5819);
#5352=PLANE('',#5820);
#5353=PLANE('',#5821);
#5354=PLANE('',#5822);
#5355=PLANE('',#5823);
#5356=PLANE('',#5824);
#5357=PLANE('',#5825);
#5358=PLANE('',#5826);
#5359=PLANE('',#5827);
#5360=PLANE('',#5828);
#5361=PLANE('',#5829);
#5362=PLANE('',#5830);
#5363=PLANE('',#5831);
#5364=PLANE('',#5832);
#5365=PLANE('',#5833);
#5366=PLANE('',#5834);
#5367=PLANE('',#5835);
#5368=PLANE('',#5836);
#5369=PLANE('',#5837);
#5370=PLANE('',#5838);
#5371=PLANE('',#5839);
#5372=PLANE('',#5840);
#5373=PLANE('',#5841);
#5374=PLANE('',#5842);
#5375=PLANE('',#5843);
#5376=PLANE('',#5844);
#5377=PLANE('',#5845);
#5378=PLANE('',#5846);
#5379=PLANE('',#5847);
#5380=PLANE('',#5848);
#5381=PLANE('',#5849);
#5382=PLANE('',#5850);
#5383=PLANE('',#5851);
#5384=PLANE('',#5852);
#5385=PLANE('',#5853);
#5386=PLANE('',#5854);
#5387=PLANE('',#5855);
#5388=PLANE('',#5856);
#5389=PLANE('',#5857);
#5390=PLANE('',#5858);
#5391=PLANE('',#5859);
#5392=PLANE('',#5860);
#5393=PLANE('',#5861);
#5394=PLANE('',#5862);
#5395=PLANE('',#5863);
#5396=PLANE('',#5864);
#5397=PLANE('',#5865);
#5398=PLANE('',#5866);
#5399=PLANE('',#5867);
#5400=PLANE('',#5868);
#5401=PLANE('',#5869);
#5402=PLANE('',#5870);
#5403=PLANE('',#5871);
#5404=PLANE('',#5872);
#5405=PLANE('',#5873);
#5406=PLANE('',#5874);
#5407=PLANE('',#5875);
#5408=PLANE('',#5876);
#5409=PLANE('',#5877);
#5410=PLANE('',#5878);
#5411=PLANE('',#5879);
#5412=PLANE('',#5880);
#5413=PLANE('',#5881);
#5414=PLANE('',#5882);
#5415=PLANE('',#5883);
#5416=PLANE('',#5884);
#5417=PLANE('',#5885);
#5418=PLANE('',#5886);
#5419=PLANE('',#5887);
#5420=PLANE('',#5888);
#5421=PLANE('',#5889);
#5422=PLANE('',#5890);
#5423=PLANE('',#5891);
#5424=PLANE('',#5892);
#5425=PLANE('',#5893);
#5426=PLANE('',#5894);
#5427=PLANE('',#5895);
#5428=PLANE('',#5896);
#5429=PLANE('',#5897);
#5430=PLANE('',#5898);
#5431=PLANE('',#5899);
#5432=PLANE('',#5900);
#5433=PLANE('',#5901);
#5434=PLANE('',#5903);
#5435=PLANE('',#5907);
#5436=PLANE('',#5909);
#5437=PLANE('',#5914);
#5438=PLANE('',#5931);
#5439=PLANE('',#5949);
#5440=PLANE('',#5950);
#5441=PLANE('',#5954);
#5442=PLANE('',#5958);
#5443=PLANE('',#5962);
#5444=PLANE('',#5966);
#5445=PLANE('',#5967);
#5446=PLANE('',#5968);
#5447=PLANE('',#5969);
#5448=PLANE('',#5970);
#5449=PLANE('',#5974);
#5450=PLANE('',#5978);
#5451=PLANE('',#5982);
#5452=PLANE('',#5986);
#5453=PLANE('',#5988);
#5454=PLANE('',#5989);
#5455=PLANE('',#5990);
#5456=PLANE('',#6012);
#5457=PLANE('',#6013);
#5458=ADVANCED_FACE('',(#569),#5320,.F.);
#5459=ADVANCED_FACE('',(#570),#5321,.F.);
#5460=ADVANCED_FACE('',(#571),#5322,.F.);
#5461=ADVANCED_FACE('',(#572),#5323,.F.);
#5462=ADVANCED_FACE('',(#573),#5324,.F.);
#5463=ADVANCED_FACE('',(#574),#5325,.F.);
#5464=ADVANCED_FACE('',(#575),#5326,.F.);
#5465=ADVANCED_FACE('',(#576),#5327,.F.);
#5466=ADVANCED_FACE('',(#577),#5328,.F.);
#5467=ADVANCED_FACE('',(#578),#5329,.F.);
#5468=ADVANCED_FACE('',(#579),#5330,.F.);
#5469=ADVANCED_FACE('',(#580),#5331,.F.);
#5470=ADVANCED_FACE('',(#581),#5332,.F.);
#5471=ADVANCED_FACE('',(#582),#5333,.F.);
#5472=ADVANCED_FACE('',(#583),#5334,.F.);
#5473=ADVANCED_FACE('',(#584),#5335,.F.);
#5474=ADVANCED_FACE('',(#585,#249,#250,#251,#252,#253,#254,#255,#256,#257,
#258,#259,#260,#261,#262),#5336,.F.);
#5475=ADVANCED_FACE('',(#586),#105,.F.);
#5476=ADVANCED_FACE('',(#587),#106,.F.);
#5477=ADVANCED_FACE('',(#588),#107,.F.);
#5478=ADVANCED_FACE('',(#589),#108,.F.);
#5479=ADVANCED_FACE('',(#590),#109,.F.);
#5480=ADVANCED_FACE('',(#591),#110,.F.);
#5481=ADVANCED_FACE('',(#592),#111,.F.);
#5482=ADVANCED_FACE('',(#593),#112,.F.);
#5483=ADVANCED_FACE('',(#594),#113,.F.);
#5484=ADVANCED_FACE('',(#595),#114,.F.);
#5485=ADVANCED_FACE('',(#596),#115,.F.);
#5486=ADVANCED_FACE('',(#597),#116,.F.);
#5487=ADVANCED_FACE('',(#598),#117,.F.);
#5488=ADVANCED_FACE('',(#599,#263),#5337,.T.);
#5489=ADVANCED_FACE('',(#600),#118,.F.);
#5490=ADVANCED_FACE('',(#601),#119,.F.);
#5491=ADVANCED_FACE('',(#602),#120,.F.);
#5492=ADVANCED_FACE('',(#603),#121,.F.);
#5493=ADVANCED_FACE('',(#604),#122,.F.);
#5494=ADVANCED_FACE('',(#605),#123,.F.);
#5495=ADVANCED_FACE('',(#606),#124,.F.);
#5496=ADVANCED_FACE('',(#607),#125,.F.);
#5497=ADVANCED_FACE('',(#608),#126,.F.);
#5498=ADVANCED_FACE('',(#609),#127,.F.);
#5499=ADVANCED_FACE('',(#610),#128,.F.);
#5500=ADVANCED_FACE('',(#611),#129,.F.);
#5501=ADVANCED_FACE('',(#612),#130,.F.);
#5502=ADVANCED_FACE('',(#613,#264),#5338,.T.);
#5503=ADVANCED_FACE('',(#614),#131,.F.);
#5504=ADVANCED_FACE('',(#615),#132,.F.);
#5505=ADVANCED_FACE('',(#616),#133,.F.);
#5506=ADVANCED_FACE('',(#617),#134,.F.);
#5507=ADVANCED_FACE('',(#618),#135,.F.);
#5508=ADVANCED_FACE('',(#619),#136,.F.);
#5509=ADVANCED_FACE('',(#620),#137,.F.);
#5510=ADVANCED_FACE('',(#621),#138,.F.);
#5511=ADVANCED_FACE('',(#622),#139,.F.);
#5512=ADVANCED_FACE('',(#623),#140,.F.);
#5513=ADVANCED_FACE('',(#624),#141,.F.);
#5514=ADVANCED_FACE('',(#625),#142,.F.);
#5515=ADVANCED_FACE('',(#626),#143,.F.);
#5516=ADVANCED_FACE('',(#627,#265),#5339,.T.);
#5517=ADVANCED_FACE('',(#628),#144,.F.);
#5518=ADVANCED_FACE('',(#629),#145,.F.);
#5519=ADVANCED_FACE('',(#630),#146,.F.);
#5520=ADVANCED_FACE('',(#631),#5340,.F.);
#5521=ADVANCED_FACE('',(#632),#147,.F.);
#5522=ADVANCED_FACE('',(#633),#148,.F.);
#5523=ADVANCED_FACE('',(#634),#149,.F.);
#5524=ADVANCED_FACE('',(#635),#150,.F.);
#5525=ADVANCED_FACE('',(#636),#151,.F.);
#5526=ADVANCED_FACE('',(#637),#152,.F.);
#5527=ADVANCED_FACE('',(#638),#153,.F.);
#5528=ADVANCED_FACE('',(#639),#5341,.F.);
#5529=ADVANCED_FACE('',(#640),#154,.F.);
#5530=ADVANCED_FACE('',(#641),#155,.F.);
#5531=ADVANCED_FACE('',(#642),#5342,.F.);
#5532=ADVANCED_FACE('',(#643),#5343,.F.);
#5533=ADVANCED_FACE('',(#644,#266),#5344,.T.);
#5534=ADVANCED_FACE('',(#645),#156,.F.);
#5535=ADVANCED_FACE('',(#646),#157,.F.);
#5536=ADVANCED_FACE('',(#647),#5345,.F.);
#5537=ADVANCED_FACE('',(#648),#5346,.F.);
#5538=ADVANCED_FACE('',(#649),#5347,.F.);
#5539=ADVANCED_FACE('',(#650),#158,.F.);
#5540=ADVANCED_FACE('',(#651),#159,.F.);
#5541=ADVANCED_FACE('',(#652),#160,.F.);
#5542=ADVANCED_FACE('',(#653),#5348,.F.);
#5543=ADVANCED_FACE('',(#654),#5349,.F.);
#5544=ADVANCED_FACE('',(#655),#5350,.F.);
#5545=ADVANCED_FACE('',(#656),#5351,.F.);
#5546=ADVANCED_FACE('',(#657),#5352,.F.);
#5547=ADVANCED_FACE('',(#658,#267),#5353,.T.);
#5548=ADVANCED_FACE('',(#659),#161,.F.);
#5549=ADVANCED_FACE('',(#660),#162,.F.);
#5550=ADVANCED_FACE('',(#661),#163,.F.);
#5551=ADVANCED_FACE('',(#662),#164,.F.);
#5552=ADVANCED_FACE('',(#663),#165,.F.);
#5553=ADVANCED_FACE('',(#664),#166,.F.);
#5554=ADVANCED_FACE('',(#665),#167,.F.);
#5555=ADVANCED_FACE('',(#666),#5354,.F.);
#5556=ADVANCED_FACE('',(#667),#168,.F.);
#5557=ADVANCED_FACE('',(#668),#169,.F.);
#5558=ADVANCED_FACE('',(#669),#170,.F.);
#5559=ADVANCED_FACE('',(#670),#171,.F.);
#5560=ADVANCED_FACE('',(#671),#172,.F.);
#5561=ADVANCED_FACE('',(#672),#173,.F.);
#5562=ADVANCED_FACE('',(#673),#5355,.F.);
#5563=ADVANCED_FACE('',(#674),#5356,.F.);
#5564=ADVANCED_FACE('',(#675),#5357,.F.);
#5565=ADVANCED_FACE('',(#676),#5358,.F.);
#5566=ADVANCED_FACE('',(#677),#5359,.F.);
#5567=ADVANCED_FACE('',(#678),#5360,.F.);
#5568=ADVANCED_FACE('',(#679),#5361,.F.);
#5569=ADVANCED_FACE('',(#680),#174,.F.);
#5570=ADVANCED_FACE('',(#681,#268),#5362,.T.);
#5571=ADVANCED_FACE('',(#682),#5363,.F.);
#5572=ADVANCED_FACE('',(#683),#5364,.F.);
#5573=ADVANCED_FACE('',(#684),#5365,.F.);
#5574=ADVANCED_FACE('',(#685),#5366,.F.);
#5575=ADVANCED_FACE('',(#686),#5367,.F.);
#5576=ADVANCED_FACE('',(#687),#175,.F.);
#5577=ADVANCED_FACE('',(#688),#176,.F.);
#5578=ADVANCED_FACE('',(#689),#177,.F.);
#5579=ADVANCED_FACE('',(#690),#178,.F.);
#5580=ADVANCED_FACE('',(#691),#179,.F.);
#5581=ADVANCED_FACE('',(#692),#180,.F.);
#5582=ADVANCED_FACE('',(#693),#181,.F.);
#5583=ADVANCED_FACE('',(#694),#5368,.F.);
#5584=ADVANCED_FACE('',(#695),#182,.F.);
#5585=ADVANCED_FACE('',(#696),#183,.F.);
#5586=ADVANCED_FACE('',(#697),#184,.F.);
#5587=ADVANCED_FACE('',(#698),#185,.F.);
#5588=ADVANCED_FACE('',(#699),#186,.F.);
#5589=ADVANCED_FACE('',(#700),#187,.F.);
#5590=ADVANCED_FACE('',(#701),#5369,.F.);
#5591=ADVANCED_FACE('',(#702),#5370,.F.);
#5592=ADVANCED_FACE('',(#703),#5371,.F.);
#5593=ADVANCED_FACE('',(#704),#5372,.F.);
#5594=ADVANCED_FACE('',(#705),#5373,.F.);
#5595=ADVANCED_FACE('',(#706),#5374,.F.);
#5596=ADVANCED_FACE('',(#707),#5375,.F.);
#5597=ADVANCED_FACE('',(#708),#188,.F.);
#5598=ADVANCED_FACE('',(#709,#269),#5376,.T.);
#5599=ADVANCED_FACE('',(#710),#189,.F.);
#5600=ADVANCED_FACE('',(#711),#190,.F.);
#5601=ADVANCED_FACE('',(#712),#191,.F.);
#5602=ADVANCED_FACE('',(#713),#5377,.F.);
#5603=ADVANCED_FACE('',(#714),#192,.F.);
#5604=ADVANCED_FACE('',(#715),#193,.F.);
#5605=ADVANCED_FACE('',(#716),#194,.F.);
#5606=ADVANCED_FACE('',(#717),#195,.F.);
#5607=ADVANCED_FACE('',(#718),#196,.F.);
#5608=ADVANCED_FACE('',(#719),#197,.F.);
#5609=ADVANCED_FACE('',(#720),#198,.F.);
#5610=ADVANCED_FACE('',(#721),#5378,.F.);
#5611=ADVANCED_FACE('',(#722),#199,.F.);
#5612=ADVANCED_FACE('',(#723),#200,.F.);
#5613=ADVANCED_FACE('',(#724),#5379,.F.);
#5614=ADVANCED_FACE('',(#725),#5380,.F.);
#5615=ADVANCED_FACE('',(#726,#270),#5381,.T.);
#5616=ADVANCED_FACE('',(#727),#201,.F.);
#5617=ADVANCED_FACE('',(#728),#202,.F.);
#5618=ADVANCED_FACE('',(#729),#203,.F.);
#5619=ADVANCED_FACE('',(#730),#204,.F.);
#5620=ADVANCED_FACE('',(#731),#205,.F.);
#5621=ADVANCED_FACE('',(#732),#206,.F.);
#5622=ADVANCED_FACE('',(#733),#207,.F.);
#5623=ADVANCED_FACE('',(#734),#208,.F.);
#5624=ADVANCED_FACE('',(#735),#209,.F.);
#5625=ADVANCED_FACE('',(#736),#210,.F.);
#5626=ADVANCED_FACE('',(#737),#211,.F.);
#5627=ADVANCED_FACE('',(#738),#212,.F.);
#5628=ADVANCED_FACE('',(#739),#213,.F.);
#5629=ADVANCED_FACE('',(#740,#271),#5382,.T.);
#5630=ADVANCED_FACE('',(#741),#214,.F.);
#5631=ADVANCED_FACE('',(#742),#215,.F.);
#5632=ADVANCED_FACE('',(#743),#5383,.F.);
#5633=ADVANCED_FACE('',(#744),#5384,.F.);
#5634=ADVANCED_FACE('',(#745),#5385,.F.);
#5635=ADVANCED_FACE('',(#746),#5386,.F.);
#5636=ADVANCED_FACE('',(#747),#5387,.F.);
#5637=ADVANCED_FACE('',(#748),#5388,.F.);
#5638=ADVANCED_FACE('',(#749),#216,.F.);
#5639=ADVANCED_FACE('',(#750),#217,.F.);
#5640=ADVANCED_FACE('',(#751),#218,.F.);
#5641=ADVANCED_FACE('',(#752),#5389,.F.);
#5642=ADVANCED_FACE('',(#753),#5390,.T.);
#5643=ADVANCED_FACE('',(#754),#219,.F.);
#5644=ADVANCED_FACE('',(#755),#220,.F.);
#5645=ADVANCED_FACE('',(#756),#221,.F.);
#5646=ADVANCED_FACE('',(#757),#222,.F.);
#5647=ADVANCED_FACE('',(#758),#223,.F.);
#5648=ADVANCED_FACE('',(#759),#224,.F.);
#5649=ADVANCED_FACE('',(#760),#225,.F.);
#5650=ADVANCED_FACE('',(#761),#5391,.F.);
#5651=ADVANCED_FACE('',(#762),#226,.F.);
#5652=ADVANCED_FACE('',(#763),#5392,.F.);
#5653=ADVANCED_FACE('',(#764),#5393,.F.);
#5654=ADVANCED_FACE('',(#765),#5394,.F.);
#5655=ADVANCED_FACE('',(#766),#227,.F.);
#5656=ADVANCED_FACE('',(#767),#228,.F.);
#5657=ADVANCED_FACE('',(#768),#229,.F.);
#5658=ADVANCED_FACE('',(#769),#230,.F.);
#5659=ADVANCED_FACE('',(#770),#231,.F.);
#5660=ADVANCED_FACE('',(#771),#232,.F.);
#5661=ADVANCED_FACE('',(#772),#5395,.F.);
#5662=ADVANCED_FACE('',(#773),#5396,.F.);
#5663=ADVANCED_FACE('',(#774),#5397,.F.);
#5664=ADVANCED_FACE('',(#775),#5398,.F.);
#5665=ADVANCED_FACE('',(#776,#272),#5399,.T.);
#5666=ADVANCED_FACE('',(#777),#233,.F.);
#5667=ADVANCED_FACE('',(#778),#234,.F.);
#5668=ADVANCED_FACE('',(#779),#235,.F.);
#5669=ADVANCED_FACE('',(#780),#236,.F.);
#5670=ADVANCED_FACE('',(#781),#237,.F.);
#5671=ADVANCED_FACE('',(#782),#5400,.F.);
#5672=ADVANCED_FACE('',(#783),#5401,.F.);
#5673=ADVANCED_FACE('',(#784),#5402,.F.);
#5674=ADVANCED_FACE('',(#785),#5403,.F.);
#5675=ADVANCED_FACE('',(#786),#5404,.F.);
#5676=ADVANCED_FACE('',(#787),#5405,.F.);
#5677=ADVANCED_FACE('',(#788),#238,.F.);
#5678=ADVANCED_FACE('',(#789),#239,.F.);
#5679=ADVANCED_FACE('',(#790),#240,.F.);
#5680=ADVANCED_FACE('',(#791),#5406,.F.);
#5681=ADVANCED_FACE('',(#792),#5407,.F.);
#5682=ADVANCED_FACE('',(#793),#5408,.F.);
#5683=ADVANCED_FACE('',(#794),#241,.F.);
#5684=ADVANCED_FACE('',(#795),#242,.F.);
#5685=ADVANCED_FACE('',(#796),#243,.F.);
#5686=ADVANCED_FACE('',(#797),#5409,.F.);
#5687=ADVANCED_FACE('',(#798),#5410,.F.);
#5688=ADVANCED_FACE('',(#799),#5411,.F.);
#5689=ADVANCED_FACE('',(#800),#5412,.T.);
#5690=ADVANCED_FACE('',(#801),#244,.F.);
#5691=ADVANCED_FACE('',(#802),#245,.F.);
#5692=ADVANCED_FACE('',(#803),#5413,.F.);
#5693=ADVANCED_FACE('',(#804),#5414,.F.);
#5694=ADVANCED_FACE('',(#805),#5415,.F.);
#5695=ADVANCED_FACE('',(#806),#246,.F.);
#5696=ADVANCED_FACE('',(#807),#247,.F.);
#5697=ADVANCED_FACE('',(#808),#248,.F.);
#5698=ADVANCED_FACE('',(#809),#5416,.F.);
#5699=ADVANCED_FACE('',(#810),#5417,.F.);
#5700=ADVANCED_FACE('',(#811),#5418,.F.);
#5701=ADVANCED_FACE('',(#812),#5419,.F.);
#5702=ADVANCED_FACE('',(#813),#5420,.F.);
#5703=ADVANCED_FACE('',(#814,#273),#5421,.T.);
#5704=ADVANCED_FACE('',(#815),#5422,.F.);
#5705=ADVANCED_FACE('',(#816),#5423,.F.);
#5706=ADVANCED_FACE('',(#817),#5424,.F.);
#5707=ADVANCED_FACE('',(#818),#5425,.F.);
#5708=ADVANCED_FACE('',(#819),#5426,.F.);
#5709=ADVANCED_FACE('',(#820),#5427,.F.);
#5710=ADVANCED_FACE('',(#821),#5428,.F.);
#5711=ADVANCED_FACE('',(#822),#5429,.F.);
#5712=ADVANCED_FACE('',(#823),#5430,.F.);
#5713=ADVANCED_FACE('',(#824),#5431,.F.);
#5714=ADVANCED_FACE('',(#825),#5432,.F.);
#5715=ADVANCED_FACE('',(#826),#5433,.F.);
#5716=ADVANCED_FACE('',(#827),#5434,.F.);
#5717=ADVANCED_FACE('',(#828),#29,.F.);
#5718=ADVANCED_FACE('',(#829),#5435,.F.);
#5719=ADVANCED_FACE('',(#830),#5436,.F.);
#5720=ADVANCED_FACE('',(#831),#30,.F.);
#5721=ADVANCED_FACE('',(#832),#5437,.T.);
#5722=ADVANCED_FACE('',(#833),#31,.F.);
#5723=ADVANCED_FACE('',(#834),#17,.F.);
#5724=ADVANCED_FACE('',(#835),#32,.F.);
#5725=ADVANCED_FACE('',(#836),#18,.F.);
#5726=ADVANCED_FACE('',(#837),#19,.F.);
#5727=ADVANCED_FACE('',(#838),#33,.F.);
#5728=ADVANCED_FACE('',(#839),#20,.F.);
#5729=ADVANCED_FACE('',(#840),#34,.T.);
#5730=ADVANCED_FACE('',(#841),#5438,.F.);
#5731=ADVANCED_FACE('',(#842),#21,.T.);
#5732=ADVANCED_FACE('',(#843),#35,.T.);
#5733=ADVANCED_FACE('',(#844),#22,.T.);
#5734=ADVANCED_FACE('',(#845),#23,.T.);
#5735=ADVANCED_FACE('',(#846),#36,.T.);
#5736=ADVANCED_FACE('',(#847),#24,.T.);
#5737=ADVANCED_FACE('',(#848),#37,.T.);
#5738=ADVANCED_FACE('',(#849),#5439,.T.);
#5739=ADVANCED_FACE('',(#850),#5440,.F.);
#5740=ADVANCED_FACE('',(#851),#38,.F.);
#5741=ADVANCED_FACE('',(#852),#5441,.F.);
#5742=ADVANCED_FACE('',(#853),#39,.F.);
#5743=ADVANCED_FACE('',(#854),#5442,.F.);
#5744=ADVANCED_FACE('',(#855),#40,.F.);
#5745=ADVANCED_FACE('',(#856),#5443,.F.);
#5746=ADVANCED_FACE('',(#857),#41,.F.);
#5747=ADVANCED_FACE('',(#858),#5444,.F.);
#5748=ADVANCED_FACE('',(#859),#5445,.F.);
#5749=ADVANCED_FACE('',(#860),#5446,.F.);
#5750=ADVANCED_FACE('',(#861),#5447,.F.);
#5751=ADVANCED_FACE('',(#862),#5448,.F.);
#5752=ADVANCED_FACE('',(#863),#42,.F.);
#5753=ADVANCED_FACE('',(#864),#5449,.F.);
#5754=ADVANCED_FACE('',(#865),#43,.F.);
#5755=ADVANCED_FACE('',(#866),#5450,.F.);
#5756=ADVANCED_FACE('',(#867),#44,.F.);
#5757=ADVANCED_FACE('',(#868),#5451,.F.);
#5758=ADVANCED_FACE('',(#869),#45,.F.);
#5759=ADVANCED_FACE('',(#870),#5452,.F.);
#5760=ADVANCED_FACE('',(#871),#5453,.F.);
#5761=ADVANCED_FACE('',(#872),#5454,.F.);
#5762=ADVANCED_FACE('',(#873),#5455,.F.);
#5763=ADVANCED_FACE('',(#874),#46,.T.);
#5764=ADVANCED_FACE('',(#875),#25,.T.);
#5765=ADVANCED_FACE('',(#876),#47,.T.);
#5766=ADVANCED_FACE('',(#877),#26,.T.);
#5767=ADVANCED_FACE('',(#878),#27,.T.);
#5768=ADVANCED_FACE('',(#879),#48,.T.);
#5769=ADVANCED_FACE('',(#880),#28,.T.);
#5770=ADVANCED_FACE('',(#881),#49,.T.);
#5771=ADVANCED_FACE('',(#882,#274,#275,#276),#5456,.T.);
#5772=ADVANCED_FACE('',(#883,#277,#278,#279,#280),#5457,.F.);
#5773=CLOSED_SHELL('',(#5458,#5459,#5460,#5461,#5462,#5463,#5464,#5465,
#5466,#5467,#5468,#5469,#5470,#5471,#5472,#5473,#5474,#5475,#5476,#5477,
#5478,#5479,#5480,#5481,#5482,#5483,#5484,#5485,#5486,#5487,#5488,#5489,
#5490,#5491,#5492,#5493,#5494,#5495,#5496,#5497,#5498,#5499,#5500,#5501,
#5502,#5503,#5504,#5505,#5506,#5507,#5508,#5509,#5510,#5511,#5512,#5513,
#5514,#5515,#5516,#5517,#5518,#5519,#5520,#5521,#5522,#5523,#5524,#5525,
#5526,#5527,#5528,#5529,#5530,#5531,#5532,#5533,#5534,#5535,#5536,#5537,
#5538,#5539,#5540,#5541,#5542,#5543,#5544,#5545,#5546,#5547,#5548,#5549,
#5550,#5551,#5552,#5553,#5554,#5555,#5556,#5557,#5558,#5559,#5560,#5561,
#5562,#5563,#5564,#5565,#5566,#5567,#5568,#5569,#5570,#5571,#5572,#5573,
#5574,#5575,#5576,#5577,#5578,#5579,#5580,#5581,#5582,#5583,#5584,#5585,
#5586,#5587,#5588,#5589,#5590,#5591,#5592,#5593,#5594,#5595,#5596,#5597,
#5598,#5599,#5600,#5601,#5602,#5603,#5604,#5605,#5606,#5607,#5608,#5609,
#5610,#5611,#5612,#5613,#5614,#5615,#5616,#5617,#5618,#5619,#5620,#5621,
#5622,#5623,#5624,#5625,#5626,#5627,#5628,#5629,#5630,#5631,#5632,#5633,
#5634,#5635,#5636,#5637,#5638,#5639,#5640,#5641,#5642,#5643,#5644,#5645,
#5646,#5647,#5648,#5649,#5650,#5651,#5652,#5653,#5654,#5655,#5656,#5657,
#5658,#5659,#5660,#5661,#5662,#5663,#5664,#5665,#5666,#5667,#5668,#5669,
#5670,#5671,#5672,#5673,#5674,#5675,#5676,#5677,#5678,#5679,#5680,#5681,
#5682,#5683,#5684,#5685,#5686,#5687,#5688,#5689,#5690,#5691,#5692,#5693,
#5694,#5695,#5696,#5697,#5698,#5699,#5700,#5701,#5702,#5703,#5704,#5705,
#5706,#5707,#5708,#5709,#5710,#5711,#5712,#5713,#5714,#5715,#5716,#5717,
#5718,#5719,#5720,#5721,#5722,#5723,#5724,#5725,#5726,#5727,#5728,#5729,
#5730,#5731,#5732,#5733,#5734,#5735,#5736,#5737,#5738));
#5774=CLOSED_SHELL('',(#5739,#5740,#5741,#5742,#5743,#5744,#5745,#5746,
#5747,#5748,#5749,#5750,#5751,#5752,#5753,#5754,#5755,#5756,#5757,#5758,
#5759,#5760,#5761,#5762,#5763,#5764,#5765,#5766,#5767,#5768,#5769,#5770,
#5771,#5772));
#5775=DERIVED_UNIT_ELEMENT(#5777,1.);
#5776=DERIVED_UNIT_ELEMENT(#11134,-3.);
#5777=(
MASS_UNIT()
NAMED_UNIT(*)
SI_UNIT(.KILO.,.GRAM.)
);
#5778=DERIVED_UNIT((#5775,#5776));
#5779=MEASURE_REPRESENTATION_ITEM('density measure',
POSITIVE_RATIO_MEASURE(7850.),#5778);
#5780=PROPERTY_DEFINITION_REPRESENTATION(#5785,#5782);
#5781=PROPERTY_DEFINITION_REPRESENTATION(#5786,#5783);
#5782=REPRESENTATION('material name',(#5784),#11131);
#5783=REPRESENTATION('density',(#5779),#11131);
#5784=DESCRIPTIVE_REPRESENTATION_ITEM('Steel','Steel');
#5785=PROPERTY_DEFINITION('material property','material name',#11141);
#5786=PROPERTY_DEFINITION('material property','density of part',#11141);
#5787=AXIS2_PLACEMENT_3D('',#6970,#6014,#6015);
#5788=AXIS2_PLACEMENT_3D('',#6971,#6016,#6017);
#5789=AXIS2_PLACEMENT_3D('',#6980,#6022,#6023);
#5790=AXIS2_PLACEMENT_3D('',#6986,#6027,#6028);
#5791=AXIS2_PLACEMENT_3D('',#6992,#6032,#6033);
#5792=AXIS2_PLACEMENT_3D('',#6995,#6036,#6037);
#5793=AXIS2_PLACEMENT_3D('',#7004,#6042,#6043);
#5794=AXIS2_PLACEMENT_3D('',#7010,#6047,#6048);
#5795=AXIS2_PLACEMENT_3D('',#7016,#6052,#6053);
#5796=AXIS2_PLACEMENT_3D('',#7019,#6056,#6057);
#5797=AXIS2_PLACEMENT_3D('',#7028,#6062,#6063);
#5798=AXIS2_PLACEMENT_3D('',#7034,#6067,#6068);
#5799=AXIS2_PLACEMENT_3D('',#7040,#6072,#6073);
#5800=AXIS2_PLACEMENT_3D('',#7043,#6076,#6077);
#5801=AXIS2_PLACEMENT_3D('',#7052,#6082,#6083);
#5802=AXIS2_PLACEMENT_3D('',#7058,#6087,#6088);
#5803=AXIS2_PLACEMENT_3D('',#7064,#6092,#6093);
#5804=AXIS2_PLACEMENT_3D('',#7067,#6096,#6097);
#5805=AXIS2_PLACEMENT_3D('',#7983,#6175,#6176);
#5806=AXIS2_PLACEMENT_3D('',#8235,#6190,#6191);
#5807=AXIS2_PLACEMENT_3D('',#8487,#6205,#6206);
#5808=AXIS2_PLACEMENT_3D('',#8560,#6211,#6212);
#5809=AXIS2_PLACEMENT_3D('',#8684,#6223,#6224);
#5810=AXIS2_PLACEMENT_3D('',#8722,#6229,#6230);
#5811=AXIS2_PLACEMENT_3D('',#8726,#6233,#6234);
#5812=AXIS2_PLACEMENT_3D('',#8728,#6236,#6237);
#5813=AXIS2_PLACEMENT_3D('',#8778,#6241,#6242);
#5814=AXIS2_PLACEMENT_3D('',#8784,#6246,#6247);
#5815=AXIS2_PLACEMENT_3D('',#8790,#6251,#6252);
#5816=AXIS2_PLACEMENT_3D('',#8846,#6259,#6260);
#5817=AXIS2_PLACEMENT_3D('',#8850,#6263,#6264);
#5818=AXIS2_PLACEMENT_3D('',#8854,#6267,#6268);
#5819=AXIS2_PLACEMENT_3D('',#8858,#6271,#6272);
#5820=AXIS2_PLACEMENT_3D('',#8862,#6275,#6276);
#5821=AXIS2_PLACEMENT_3D('',#8864,#6278,#6279);
#5822=AXIS2_PLACEMENT_3D('',#9029,#6288,#6289);
#5823=AXIS2_PLACEMENT_3D('',#9142,#6299,#6300);
#5824=AXIS2_PLACEMENT_3D('',#9146,#6303,#6304);
#5825=AXIS2_PLACEMENT_3D('',#9150,#6307,#6308);
#5826=AXIS2_PLACEMENT_3D('',#9154,#6311,#6312);
#5827=AXIS2_PLACEMENT_3D('',#9158,#6315,#6316);
#5828=AXIS2_PLACEMENT_3D('',#9162,#6319,#6320);
#5829=AXIS2_PLACEMENT_3D('',#9166,#6323,#6324);
#5830=AXIS2_PLACEMENT_3D('',#9185,#6327,#6328);
#5831=AXIS2_PLACEMENT_3D('',#9186,#6329,#6330);
#5832=AXIS2_PLACEMENT_3D('',#9192,#6334,#6335);
#5833=AXIS2_PLACEMENT_3D('',#9196,#6338,#6339);
#5834=AXIS2_PLACEMENT_3D('',#9200,#6342,#6343);
#5835=AXIS2_PLACEMENT_3D('',#9202,#6345,#6346);
#5836=AXIS2_PLACEMENT_3D('',#9367,#6355,#6356);
#5837=AXIS2_PLACEMENT_3D('',#9480,#6366,#6367);
#5838=AXIS2_PLACEMENT_3D('',#9484,#6370,#6371);
#5839=AXIS2_PLACEMENT_3D('',#9488,#6374,#6375);
#5840=AXIS2_PLACEMENT_3D('',#9492,#6378,#6379);
#5841=AXIS2_PLACEMENT_3D('',#9496,#6382,#6383);
#5842=AXIS2_PLACEMENT_3D('',#9500,#6386,#6387);
#5843=AXIS2_PLACEMENT_3D('',#9504,#6390,#6391);
#5844=AXIS2_PLACEMENT_3D('',#9523,#6394,#6395);
#5845=AXIS2_PLACEMENT_3D('',#9596,#6400,#6401);
#5846=AXIS2_PLACEMENT_3D('',#9720,#6412,#6413);
#5847=AXIS2_PLACEMENT_3D('',#9758,#6418,#6419);
#5848=AXIS2_PLACEMENT_3D('',#9762,#6422,#6423);
#5849=AXIS2_PLACEMENT_3D('',#9764,#6425,#6426);
#5850=AXIS2_PLACEMENT_3D('',#10016,#6440,#6441);
#5851=AXIS2_PLACEMENT_3D('',#10053,#6445,#6446);
#5852=AXIS2_PLACEMENT_3D('',#10057,#6449,#6450);
#5853=AXIS2_PLACEMENT_3D('',#10061,#6453,#6454);
#5854=AXIS2_PLACEMENT_3D('',#10065,#6457,#6458);
#5855=AXIS2_PLACEMENT_3D('',#10069,#6461,#6462);
#5856=AXIS2_PLACEMENT_3D('',#10073,#6465,#6466);
#5857=AXIS2_PLACEMENT_3D('',#10128,#6472,#6473);
#5858=AXIS2_PLACEMENT_3D('',#10130,#6475,#6476);
#5859=AXIS2_PLACEMENT_3D('',#10295,#6485,#6486);
#5860=AXIS2_PLACEMENT_3D('',#10321,#6490,#6491);
#5861=AXIS2_PLACEMENT_3D('',#10327,#6495,#6496);
#5862=AXIS2_PLACEMENT_3D('',#10331,#6499,#6500);
#5863=AXIS2_PLACEMENT_3D('',#10437,#6509,#6510);
#5864=AXIS2_PLACEMENT_3D('',#10441,#6513,#6514);
#5865=AXIS2_PLACEMENT_3D('',#10445,#6517,#6518);
#5866=AXIS2_PLACEMENT_3D('',#10449,#6521,#6522);
#5867=AXIS2_PLACEMENT_3D('',#10451,#6524,#6525);
#5868=AXIS2_PLACEMENT_3D('',#10539,#6532,#6533);
#5869=AXIS2_PLACEMENT_3D('',#10543,#6536,#6537);
#5870=AXIS2_PLACEMENT_3D('',#10547,#6540,#6541);
#5871=AXIS2_PLACEMENT_3D('',#10551,#6544,#6545);
#5872=AXIS2_PLACEMENT_3D('',#10555,#6548,#6549);
#5873=AXIS2_PLACEMENT_3D('',#10559,#6552,#6553);
#5874=AXIS2_PLACEMENT_3D('',#10614,#6559,#6560);
#5875=AXIS2_PLACEMENT_3D('',#10618,#6563,#6564);
#5876=AXIS2_PLACEMENT_3D('',#10622,#6567,#6568);
#5877=AXIS2_PLACEMENT_3D('',#10677,#6574,#6575);
#5878=AXIS2_PLACEMENT_3D('',#10681,#6578,#6579);
#5879=AXIS2_PLACEMENT_3D('',#10685,#6582,#6583);
#5880=AXIS2_PLACEMENT_3D('',#10687,#6585,#6586);
#5881=AXIS2_PLACEMENT_3D('',#10737,#6590,#6591);
#5882=AXIS2_PLACEMENT_3D('',#10743,#6595,#6596);
#5883=AXIS2_PLACEMENT_3D('',#10749,#6600,#6601);
#5884=AXIS2_PLACEMENT_3D('',#10805,#6608,#6609);
#5885=AXIS2_PLACEMENT_3D('',#10809,#6612,#6613);
#5886=AXIS2_PLACEMENT_3D('',#10813,#6616,#6617);
#5887=AXIS2_PLACEMENT_3D('',#10817,#6620,#6621);
#5888=AXIS2_PLACEMENT_3D('',#10821,#6624,#6625);
#5889=AXIS2_PLACEMENT_3D('',#10823,#6627,#6628);
#5890=AXIS2_PLACEMENT_3D('',#10824,#6629,#6630);
#5891=AXIS2_PLACEMENT_3D('',#10825,#6631,#6632);
#5892=AXIS2_PLACEMENT_3D('',#10826,#6633,#6634);
#5893=AXIS2_PLACEMENT_3D('',#10827,#6635,#6636);
#5894=AXIS2_PLACEMENT_3D('',#10828,#6637,#6638);
#5895=AXIS2_PLACEMENT_3D('',#10829,#6639,#6640);
#5896=AXIS2_PLACEMENT_3D('',#10830,#6641,#6642);
#5897=AXIS2_PLACEMENT_3D('',#10831,#6643,#6644);
#5898=AXIS2_PLACEMENT_3D('',#10832,#6645,#6646);
#5899=AXIS2_PLACEMENT_3D('',#10833,#6647,#6648);
#5900=AXIS2_PLACEMENT_3D('',#10834,#6649,#6650);
#5901=AXIS2_PLACEMENT_3D('',#10843,#6655,#6656);
#5902=AXIS2_PLACEMENT_3D('',#10845,#6657,#6658);
#5903=AXIS2_PLACEMENT_3D('',#10849,#6661,#6662);
#5904=AXIS2_PLACEMENT_3D('',#10853,#6665,#6666);
#5905=AXIS2_PLACEMENT_3D('',#10855,#6667,#6668);
#5906=AXIS2_PLACEMENT_3D('',#10858,#6670,#6671);
#5907=AXIS2_PLACEMENT_3D('',#10860,#6673,#6674);
#5908=AXIS2_PLACEMENT_3D('',#10864,#6676,#6677);
#5909=AXIS2_PLACEMENT_3D('',#10866,#6679,#6680);
#5910=AXIS2_PLACEMENT_3D('',#10869,#6681,#6682);
#5911=AXIS2_PLACEMENT_3D('',#10873,#6684,#6685);
#5912=AXIS2_PLACEMENT_3D('',#10875,#6687,#6688);
#5913=AXIS2_PLACEMENT_3D('',#10878,#6690,#6691);
#5914=AXIS2_PLACEMENT_3D('',#10880,#6693,#6694);
#5915=AXIS2_PLACEMENT_3D('',#10885,#6699,#6700);
#5916=AXIS2_PLACEMENT_3D('',#10887,#6701,#6702);
#5917=AXIS2_PLACEMENT_3D('',#10889,#6703,#6704);
#5918=AXIS2_PLACEMENT_3D('',#10891,#6706,#6707);
#5919=AXIS2_PLACEMENT_3D('',#10892,#6708,#6709);
#5920=AXIS2_PLACEMENT_3D('',#10893,#6710,#6711);
#5921=AXIS2_PLACEMENT_3D('',#10894,#6712,#6713);
#5922=AXIS2_PLACEMENT_3D('',#10896,#6715,#6716);
#5923=AXIS2_PLACEMENT_3D('',#10897,#6717,#6718);
#5924=AXIS2_PLACEMENT_3D('',#10898,#6719,#6720);
#5925=AXIS2_PLACEMENT_3D('',#10899,#6721,#6722);
#5926=AXIS2_PLACEMENT_3D('',#10900,#6723,#6724);
#5927=AXIS2_PLACEMENT_3D('',#10902,#6726,#6727);
#5928=AXIS2_PLACEMENT_3D('',#10903,#6728,#6729);
#5929=AXIS2_PLACEMENT_3D('',#10906,#6731,#6732);
#5930=AXIS2_PLACEMENT_3D('',#10908,#6733,#6734);
#5931=AXIS2_PLACEMENT_3D('',#10910,#6736,#6737);
#5932=AXIS2_PLACEMENT_3D('',#10911,#6738,#6739);
#5933=AXIS2_PLACEMENT_3D('',#10913,#6740,#6741);
#5934=AXIS2_PLACEMENT_3D('',#10914,#6742,#6743);
#5935=AXIS2_PLACEMENT_3D('',#10915,#6744,#6745);
#5936=AXIS2_PLACEMENT_3D('',#10918,#6747,#6748);
#5937=AXIS2_PLACEMENT_3D('',#10919,#6749,#6750);
#5938=AXIS2_PLACEMENT_3D('',#10921,#6751,#6752);
#5939=AXIS2_PLACEMENT_3D('',#10922,#6753,#6754);
#5940=AXIS2_PLACEMENT_3D('',#10923,#6755,#6756);
#5941=AXIS2_PLACEMENT_3D('',#10925,#6757,#6758);
#5942=AXIS2_PLACEMENT_3D('',#10926,#6759,#6760);
#5943=AXIS2_PLACEMENT_3D('',#10927,#6761,#6762);
#5944=AXIS2_PLACEMENT_3D('',#10930,#6764,#6765);
#5945=AXIS2_PLACEMENT_3D('',#10931,#6766,#6767);
#5946=AXIS2_PLACEMENT_3D('',#10933,#6768,#6769);
#5947=AXIS2_PLACEMENT_3D('',#10934,#6770,#6771);
#5948=AXIS2_PLACEMENT_3D('',#10935,#6772,#6773);
#5949=AXIS2_PLACEMENT_3D('',#10937,#6775,#6776);
#5950=AXIS2_PLACEMENT_3D('',#10938,#6777,#6778);
#5951=AXIS2_PLACEMENT_3D('',#10947,#6783,#6784);
#5952=AXIS2_PLACEMENT_3D('',#10949,#6785,#6786);
#5953=AXIS2_PLACEMENT_3D('',#10951,#6787,#6788);
#5954=AXIS2_PLACEMENT_3D('',#10953,#6790,#6791);
#5955=AXIS2_PLACEMENT_3D('',#10959,#6795,#6796);
#5956=AXIS2_PLACEMENT_3D('',#10961,#6797,#6798);
#5957=AXIS2_PLACEMENT_3D('',#10963,#6799,#6800);
#5958=AXIS2_PLACEMENT_3D('',#10965,#6802,#6803);
#5959=AXIS2_PLACEMENT_3D('',#10971,#6807,#6808);
#5960=AXIS2_PLACEMENT_3D('',#10973,#6809,#6810);
#5961=AXIS2_PLACEMENT_3D('',#10975,#6811,#6812);
#5962=AXIS2_PLACEMENT_3D('',#10977,#6814,#6815);
#5963=AXIS2_PLACEMENT_3D('',#10983,#6819,#6820);
#5964=AXIS2_PLACEMENT_3D('',#10984,#6821,#6822);
#5965=AXIS2_PLACEMENT_3D('',#10985,#6823,#6824);
#5966=AXIS2_PLACEMENT_3D('',#10986,#6825,#6826);
#5967=AXIS2_PLACEMENT_3D('',#10995,#6831,#6832);
#5968=AXIS2_PLACEMENT_3D('',#11001,#6836,#6837);
#5969=AXIS2_PLACEMENT_3D('',#11007,#6841,#6842);
#5970=AXIS2_PLACEMENT_3D('',#11010,#6845,#6846);
#5971=AXIS2_PLACEMENT_3D('',#11019,#6851,#6852);
#5972=AXIS2_PLACEMENT_3D('',#11021,#6853,#6854);
#5973=AXIS2_PLACEMENT_3D('',#11023,#6855,#6856);
#5974=AXIS2_PLACEMENT_3D('',#11025,#6858,#6859);
#5975=AXIS2_PLACEMENT_3D('',#11031,#6863,#6864);
#5976=AXIS2_PLACEMENT_3D('',#11033,#6865,#6866);
#5977=AXIS2_PLACEMENT_3D('',#11035,#6867,#6868);
#5978=AXIS2_PLACEMENT_3D('',#11037,#6870,#6871);
#5979=AXIS2_PLACEMENT_3D('',#11043,#6875,#6876);
#5980=AXIS2_PLACEMENT_3D('',#11045,#6877,#6878);
#5981=AXIS2_PLACEMENT_3D('',#11047,#6879,#6880);
#5982=AXIS2_PLACEMENT_3D('',#11049,#6882,#6883);
#5983=AXIS2_PLACEMENT_3D('',#11055,#6887,#6888);
#5984=AXIS2_PLACEMENT_3D('',#11056,#6889,#6890);
#5985=AXIS2_PLACEMENT_3D('',#11057,#6891,#6892);
#5986=AXIS2_PLACEMENT_3D('',#11058,#6893,#6894);
#5987=AXIS2_PLACEMENT_3D('',#11065,#6897,#6898);
#5988=AXIS2_PLACEMENT_3D('',#11069,#6901,#6902);
#5989=AXIS2_PLACEMENT_3D('',#11075,#6906,#6907);
#5990=AXIS2_PLACEMENT_3D('',#11081,#6911,#6912);
#5991=AXIS2_PLACEMENT_3D('',#11085,#6915,#6916);
#5992=AXIS2_PLACEMENT_3D('',#11086,#6917,#6918);
#5993=AXIS2_PLACEMENT_3D('',#11090,#6920,#6921);
#5994=AXIS2_PLACEMENT_3D('',#11094,#6923,#6924);
#5995=AXIS2_PLACEMENT_3D('',#11096,#6926,#6927);
#5996=AXIS2_PLACEMENT_3D('',#11099,#6928,#6929);
#5997=AXIS2_PLACEMENT_3D('',#11101,#6930,#6931);
#5998=AXIS2_PLACEMENT_3D('',#11102,#6932,#6933);
#5999=AXIS2_PLACEMENT_3D('',#11103,#6934,#6935);
#6000=AXIS2_PLACEMENT_3D('',#11106,#6937,#6938);
#6001=AXIS2_PLACEMENT_3D('',#11108,#6940,#6941);
#6002=AXIS2_PLACEMENT_3D('',#11109,#6942,#6943);
#6003=AXIS2_PLACEMENT_3D('',#11110,#6944,#6945);
#6004=AXIS2_PLACEMENT_3D('',#11112,#6946,#6947);
#6005=AXIS2_PLACEMENT_3D('',#11113,#6948,#6949);
#6006=AXIS2_PLACEMENT_3D('',#11114,#6950,#6951);
#6007=AXIS2_PLACEMENT_3D('',#11118,#6953,#6954);
#6008=AXIS2_PLACEMENT_3D('',#11120,#6956,#6957);
#6009=AXIS2_PLACEMENT_3D('',#11122,#6958,#6959);
#6010=AXIS2_PLACEMENT_3D('',#11123,#6960,#6961);
#6011=AXIS2_PLACEMENT_3D('',#11124,#6962,#6963);
#6012=AXIS2_PLACEMENT_3D('',#11127,#6966,#6967);
#6013=AXIS2_PLACEMENT_3D('',#11128,#6968,#6969);
#6014=DIRECTION('axis',(0.,0.,1.));
#6015=DIRECTION('refdir',(1.,0.,0.));
#6016=DIRECTION('center_axis',(1.,0.,0.));
#6017=DIRECTION('ref_axis',(0.,0.,-1.));
#6018=DIRECTION('',(-1.47641732041261E-16,0.,-1.));
#6019=DIRECTION('',(0.,1.,0.));
#6020=DIRECTION('',(-1.47641732041261E-16,0.,-1.));
#6021=DIRECTION('',(0.,1.,0.));
#6022=DIRECTION('center_axis',(0.,0.,1.));
#6023=DIRECTION('ref_axis',(1.,0.,0.));
#6024=DIRECTION('',(1.,0.,0.));
#6025=DIRECTION('',(1.,0.,0.));
#6026=DIRECTION('',(0.,1.,0.));
#6027=DIRECTION('center_axis',(-1.,0.,0.));
#6028=DIRECTION('ref_axis',(0.,0.,1.));
#6029=DIRECTION('',(0.,0.,-1.));
#6030=DIRECTION('',(0.,0.,1.));
#6031=DIRECTION('',(0.,1.,0.));
#6032=DIRECTION('center_axis',(0.,0.,-1.));
#6033=DIRECTION('ref_axis',(-1.,0.,0.));
#6034=DIRECTION('',(1.,0.,0.));
#6035=DIRECTION('',(-1.,0.,0.));
#6036=DIRECTION('center_axis',(1.,0.,0.));
#6037=DIRECTION('ref_axis',(0.,0.,-1.));
#6038=DIRECTION('',(-1.47641732041261E-16,0.,-1.));
#6039=DIRECTION('',(0.,1.,0.));
#6040=DIRECTION('',(-1.47641732041261E-16,0.,-1.));
#6041=DIRECTION('',(0.,1.,0.));
#6042=DIRECTION('center_axis',(0.,0.,1.));
#6043=DIRECTION('ref_axis',(1.,0.,0.));
#6044=DIRECTION('',(-1.,0.,0.));
#6045=DIRECTION('',(1.,0.,0.));
#6046=DIRECTION('',(0.,1.,0.));
#6047=DIRECTION('center_axis',(-1.,0.,0.));
#6048=DIRECTION('ref_axis',(0.,0.,1.));
#6049=DIRECTION('',(0.,0.,-1.));
#6050=DIRECTION('',(0.,0.,1.));
#6051=DIRECTION('',(0.,1.,0.));
#6052=DIRECTION('center_axis',(0.,0.,-1.));
#6053=DIRECTION('ref_axis',(-1.,0.,0.));
#6054=DIRECTION('',(-1.,0.,0.));
#6055=DIRECTION('',(-1.,0.,0.));
#6056=DIRECTION('center_axis',(-1.,0.,0.));
#6057=DIRECTION('ref_axis',(0.,0.,1.));
#6058=DIRECTION('',(1.47641732041261E-16,0.,1.));
#6059=DIRECTION('',(0.,1.,0.));
#6060=DIRECTION('',(1.47641732041261E-16,0.,1.));
#6061=DIRECTION('',(0.,1.,0.));
#6062=DIRECTION('center_axis',(0.,0.,-1.));
#6063=DIRECTION('ref_axis',(-1.,0.,0.));
#6064=DIRECTION('',(1.,0.,0.));
#6065=DIRECTION('',(-1.,0.,0.));
#6066=DIRECTION('',(0.,1.,0.));
#6067=DIRECTION('center_axis',(1.,0.,0.));
#6068=DIRECTION('ref_axis',(0.,0.,-1.));
#6069=DIRECTION('',(0.,0.,1.));
#6070=DIRECTION('',(0.,0.,-1.));
#6071=DIRECTION('',(0.,1.,0.));
#6072=DIRECTION('center_axis',(0.,0.,1.));
#6073=DIRECTION('ref_axis',(1.,0.,0.));
#6074=DIRECTION('',(1.,0.,0.));
#6075=DIRECTION('',(1.,0.,0.));
#6076=DIRECTION('center_axis',(-1.,0.,0.));
#6077=DIRECTION('ref_axis',(0.,0.,1.));
#6078=DIRECTION('',(1.47641732041261E-16,0.,1.));
#6079=DIRECTION('',(0.,1.,0.));
#6080=DIRECTION('',(1.47641732041261E-16,0.,1.));
#6081=DIRECTION('',(0.,1.,0.));
#6082=DIRECTION('center_axis',(0.,0.,-1.));
#6083=DIRECTION('ref_axis',(-1.,0.,0.));
#6084=DIRECTION('',(-1.,0.,0.));
#6085=DIRECTION('',(-1.,0.,0.));
#6086=DIRECTION('',(0.,1.,0.));
#6087=DIRECTION('center_axis',(1.,0.,0.));
#6088=DIRECTION('ref_axis',(0.,0.,-1.));
#6089=DIRECTION('',(0.,0.,1.));
#6090=DIRECTION('',(0.,0.,-1.));
#6091=DIRECTION('',(0.,1.,0.));
#6092=DIRECTION('center_axis',(0.,0.,1.));
#6093=DIRECTION('ref_axis',(1.,0.,0.));
#6094=DIRECTION('',(-1.,0.,0.));
#6095=DIRECTION('',(1.,0.,0.));
#6096=DIRECTION('center_axis',(0.,1.,0.));
#6097=DIRECTION('ref_axis',(1.,0.,0.));
#6098=DIRECTION('',(1.,0.,0.));
#6099=DIRECTION('',(1.47641732041261E-16,0.,1.));
#6100=DIRECTION('',(-1.,0.,0.));
#6101=DIRECTION('',(-1.47641732041261E-16,0.,-1.));
#6102=DIRECTION('',(0.,0.,-1.));
#6103=DIRECTION('',(-1.,0.,0.));
#6104=DIRECTION('',(0.,0.,-1.));
#6105=DIRECTION('',(-1.,0.,0.));
#6106=DIRECTION('',(0.,0.,-1.));
#6107=DIRECTION('',(-1.,0.,0.));
#6108=DIRECTION('',(0.,0.,1.));
#6109=DIRECTION('',(1.,0.,0.));
#6110=DIRECTION('',(-1.,0.,0.));
#6111=DIRECTION('',(0.,0.,-1.));
#6112=DIRECTION('',(-1.,0.,0.));
#6113=DIRECTION('',(0.,0.,1.));
#6114=DIRECTION('',(1.,0.,0.));
#6115=DIRECTION('',(0.,0.,-1.));
#6116=DIRECTION('',(1.,0.,0.));
#6117=DIRECTION('',(1.,0.,0.));
#6118=DIRECTION('',(0.,0.,-1.));
#6119=DIRECTION('',(-1.,0.,0.));
#6120=DIRECTION('',(0.,0.,1.));
#6121=DIRECTION('',(-1.,0.,0.));
#6122=DIRECTION('',(0.,0.,-1.));
#6123=DIRECTION('',(-1.,0.,0.));
#6124=DIRECTION('',(0.,0.,1.));
#6125=DIRECTION('',(1.,0.,0.));
#6126=DIRECTION('',(0.,0.,-1.));
#6127=DIRECTION('',(1.,0.,0.));
#6128=DIRECTION('',(0.,0.,-1.));
#6129=DIRECTION('',(-1.,0.,0.));
#6130=DIRECTION('',(0.,0.,-1.));
#6131=DIRECTION('',(0.,0.,-1.));
#6132=DIRECTION('',(0.,0.,-1.));
#6133=DIRECTION('',(-1.,0.,0.));
#6134=DIRECTION('',(0.,0.,1.));
#6135=DIRECTION('',(1.,0.,0.));
#6136=DIRECTION('',(0.,0.,-1.));
#6137=DIRECTION('',(1.,0.,0.));
#6138=DIRECTION('',(1.,0.,0.));
#6139=DIRECTION('',(0.,0.,-1.));
#6140=DIRECTION('',(-1.,0.,0.));
#6141=DIRECTION('',(0.,0.,1.));
#6142=DIRECTION('',(-1.,0.,0.));
#6143=DIRECTION('',(1.,0.,0.));
#6144=DIRECTION('',(0.,0.,1.));
#6145=DIRECTION('',(0.,0.,-1.));
#6146=DIRECTION('',(-1.,0.,0.));
#6147=DIRECTION('',(0.,0.,1.));
#6148=DIRECTION('',(0.,0.,-1.));
#6149=DIRECTION('',(-1.,0.,0.));
#6150=DIRECTION('',(0.,0.,1.));
#6151=DIRECTION('',(0.,0.,-1.));
#6152=DIRECTION('',(-1.,0.,0.));
#6153=DIRECTION('',(0.,0.,1.));
#6154=DIRECTION('',(1.,0.,0.));
#6155=DIRECTION('',(0.,0.,-1.));
#6156=DIRECTION('',(1.,0.,0.));
#6157=DIRECTION('',(-1.,0.,0.));
#6158=DIRECTION('',(0.,0.,-1.));
#6159=DIRECTION('',(-1.,0.,0.));
#6160=DIRECTION('',(0.,0.,1.));
#6161=DIRECTION('',(1.,0.,0.));
#6162=DIRECTION('',(0.,1.,0.));
#6163=DIRECTION('',(0.,1.,0.));
#6164=DIRECTION('',(0.,1.,0.));
#6165=DIRECTION('',(0.,1.,0.));
#6166=DIRECTION('',(0.,1.,0.));
#6167=DIRECTION('',(0.,1.,0.));
#6168=DIRECTION('',(0.,1.,0.));
#6169=DIRECTION('',(0.,1.,0.));
#6170=DIRECTION('',(0.,1.,0.));
#6171=DIRECTION('',(0.,1.,0.));
#6172=DIRECTION('',(0.,1.,0.));
#6173=DIRECTION('',(0.,1.,0.));
#6174=DIRECTION('',(0.,1.,0.));
#6175=DIRECTION('center_axis',(0.,-1.,0.));
#6176=DIRECTION('ref_axis',(1.,0.,0.));
#6177=DIRECTION('',(0.,1.,0.));
#6178=DIRECTION('',(0.,1.,0.));
#6179=DIRECTION('',(0.,1.,0.));
#6180=DIRECTION('',(0.,1.,0.));
#6181=DIRECTION('',(0.,1.,0.));
#6182=DIRECTION('',(0.,1.,0.));
#6183=DIRECTION('',(0.,1.,0.));
#6184=DIRECTION('',(0.,1.,0.));
#6185=DIRECTION('',(0.,1.,0.));
#6186=DIRECTION('',(0.,1.,0.));
#6187=DIRECTION('',(0.,1.,0.));
#6188=DIRECTION('',(0.,1.,0.));
#6189=DIRECTION('',(0.,1.,0.));
#6190=DIRECTION('center_axis',(0.,-1.,0.));
#6191=DIRECTION('ref_axis',(1.,0.,0.));
#6192=DIRECTION('',(0.,1.,0.));
#6193=DIRECTION('',(0.,1.,0.));
#6194=DIRECTION('',(0.,1.,0.));
#6195=DIRECTION('',(0.,1.,0.));
#6196=DIRECTION('',(0.,1.,0.));
#6197=DIRECTION('',(0.,1.,0.));
#6198=DIRECTION('',(0.,1.,0.));
#6199=DIRECTION('',(0.,1.,0.));
#6200=DIRECTION('',(0.,1.,0.));
#6201=DIRECTION('',(0.,1.,0.));
#6202=DIRECTION('',(0.,1.,0.));
#6203=DIRECTION('',(0.,1.,0.));
#6204=DIRECTION('',(0.,1.,0.));
#6205=DIRECTION('center_axis',(0.,-1.,0.));
#6206=DIRECTION('ref_axis',(1.,0.,0.));
#6207=DIRECTION('',(0.,1.,0.));
#6208=DIRECTION('',(0.,1.,0.));
#6209=DIRECTION('',(0.,1.,0.));
#6210=DIRECTION('',(0.,1.,0.));
#6211=DIRECTION('center_axis',(0.,0.,1.));
#6212=DIRECTION('ref_axis',(1.,0.,0.));
#6213=DIRECTION('',(1.,0.,0.));
#6214=DIRECTION('',(1.,0.,0.));
#6215=DIRECTION('',(0.,1.,0.));
#6216=DIRECTION('',(0.,1.,0.));
#6217=DIRECTION('',(0.,1.,0.));
#6218=DIRECTION('',(0.,1.,0.));
#6219=DIRECTION('',(0.,1.,0.));
#6220=DIRECTION('',(0.,1.,0.));
#6221=DIRECTION('',(0.,1.,0.));
#6222=DIRECTION('',(0.,1.,0.));
#6223=DIRECTION('center_axis',(1.,0.,0.));
#6224=DIRECTION('ref_axis',(0.,0.,-1.));
#6225=DIRECTION('',(0.,1.,0.));
#6226=DIRECTION('',(0.,0.,-1.));
#6227=DIRECTION('',(0.,1.,0.));
#6228=DIRECTION('',(0.,1.,0.));
#6229=DIRECTION('center_axis',(0.,0.,-1.));
#6230=DIRECTION('ref_axis',(-1.,0.,0.));
#6231=DIRECTION('',(0.,1.,0.));
#6232=DIRECTION('',(-1.,0.,0.));
#6233=DIRECTION('center_axis',(1.,0.,0.));
#6234=DIRECTION('ref_axis',(0.,0.,-1.));
#6235=DIRECTION('',(0.,0.,-1.));
#6236=DIRECTION('center_axis',(0.,-1.,0.));
#6237=DIRECTION('ref_axis',(1.,0.,0.));
#6238=DIRECTION('',(0.,1.,0.));
#6239=DIRECTION('',(0.,1.,0.));
#6240=DIRECTION('',(0.,1.,0.));
#6241=DIRECTION('center_axis',(0.,0.,1.));
#6242=DIRECTION('ref_axis',(1.,0.,0.));
#6243=DIRECTION('',(1.,0.,0.));
#6244=DIRECTION('',(0.,1.,0.));
#6245=DIRECTION('',(1.,0.,0.));
#6246=DIRECTION('center_axis',(1.,0.,0.));
#6247=DIRECTION('ref_axis',(0.,0.,-1.));
#6248=DIRECTION('',(0.,0.,-1.));
#6249=DIRECTION('',(0.,1.,0.));
#6250=DIRECTION('',(0.,0.,-1.));
#6251=DIRECTION('center_axis',(0.,0.,-1.));
#6252=DIRECTION('ref_axis',(-1.,0.,0.));
#6253=DIRECTION('',(-1.,0.,0.));
#6254=DIRECTION('',(-1.,0.,0.));
#6255=DIRECTION('',(0.,1.,0.));
#6256=DIRECTION('',(0.,1.,0.));
#6257=DIRECTION('',(0.,1.,0.));
#6258=DIRECTION('',(0.,1.,0.));
#6259=DIRECTION('center_axis',(0.,0.,1.));
#6260=DIRECTION('ref_axis',(1.,0.,0.));
#6261=DIRECTION('',(0.,1.,0.));
#6262=DIRECTION('',(1.,0.,0.));
#6263=DIRECTION('center_axis',(-1.,0.,0.));
#6264=DIRECTION('ref_axis',(0.,0.,1.));
#6265=DIRECTION('',(0.,1.,0.));
#6266=DIRECTION('',(0.,0.,1.));
#6267=DIRECTION('center_axis',(0.,0.,-1.));
#6268=DIRECTION('ref_axis',(-1.,0.,0.));
#6269=DIRECTION('',(0.,1.,0.));
#6270=DIRECTION('',(-1.,0.,0.));
#6271=DIRECTION('center_axis',(1.,0.,0.));
#6272=DIRECTION('ref_axis',(0.,0.,-1.));
#6273=DIRECTION('',(0.,1.,0.));
#6274=DIRECTION('',(0.,0.,-1.));
#6275=DIRECTION('center_axis',(0.,0.,-1.));
#6276=DIRECTION('ref_axis',(-1.,0.,0.));
#6277=DIRECTION('',(-1.,0.,0.));
#6278=DIRECTION('center_axis',(0.,-1.,0.));
#6279=DIRECTION('ref_axis',(1.,0.,0.));
#6280=DIRECTION('',(0.,1.,0.));
#6281=DIRECTION('',(0.,1.,0.));
#6282=DIRECTION('',(0.,1.,0.));
#6283=DIRECTION('',(0.,1.,0.));
#6284=DIRECTION('',(0.,1.,0.));
#6285=DIRECTION('',(0.,1.,0.));
#6286=DIRECTION('',(0.,1.,0.));
#6287=DIRECTION('',(0.,1.,0.));
#6288=DIRECTION('center_axis',(1.,0.,0.));
#6289=DIRECTION('ref_axis',(0.,0.,-1.));
#6290=DIRECTION('',(0.,0.,-1.));
#6291=DIRECTION('',(0.,1.,0.));
#6292=DIRECTION('',(0.,0.,-1.));
#6293=DIRECTION('',(0.,1.,0.));
#6294=DIRECTION('',(0.,1.,0.));
#6295=DIRECTION('',(0.,1.,0.));
#6296=DIRECTION('',(0.,1.,0.));
#6297=DIRECTION('',(0.,1.,0.));
#6298=DIRECTION('',(0.,1.,0.));
#6299=DIRECTION('center_axis',(0.,0.,1.));
#6300=DIRECTION('ref_axis',(1.,0.,0.));
#6301=DIRECTION('',(0.,1.,0.));
#6302=DIRECTION('',(1.,0.,0.));
#6303=DIRECTION('center_axis',(1.,0.,0.));
#6304=DIRECTION('ref_axis',(0.,0.,-1.));
#6305=DIRECTION('',(0.,1.,0.));
#6306=DIRECTION('',(0.,0.,-1.));
#6307=DIRECTION('center_axis',(0.,0.,1.));
#6308=DIRECTION('ref_axis',(1.,0.,0.));
#6309=DIRECTION('',(0.,1.,0.));
#6310=DIRECTION('',(1.,0.,0.));
#6311=DIRECTION('center_axis',(-1.,0.,0.));
#6312=DIRECTION('ref_axis',(0.,0.,1.));
#6313=DIRECTION('',(0.,1.,0.));
#6314=DIRECTION('',(0.,0.,1.));
#6315=DIRECTION('center_axis',(0.,0.,-1.));
#6316=DIRECTION('ref_axis',(-1.,0.,0.));
#6317=DIRECTION('',(0.,1.,0.));
#6318=DIRECTION('',(-1.,0.,0.));
#6319=DIRECTION('center_axis',(1.,0.,0.));
#6320=DIRECTION('ref_axis',(0.,0.,-1.));
#6321=DIRECTION('',(0.,1.,0.));
#6322=DIRECTION('',(0.,0.,-1.));
#6323=DIRECTION('center_axis',(0.,0.,-1.));
#6324=DIRECTION('ref_axis',(-1.,0.,0.));
#6325=DIRECTION('',(0.,1.,0.));
#6326=DIRECTION('',(-1.,0.,0.));
#6327=DIRECTION('center_axis',(0.,-1.,0.));
#6328=DIRECTION('ref_axis',(1.,0.,0.));
#6329=DIRECTION('center_axis',(0.,0.,1.));
#6330=DIRECTION('ref_axis',(1.,0.,0.));
#6331=DIRECTION('',(0.,1.,0.));
#6332=DIRECTION('',(1.,0.,0.));
#6333=DIRECTION('',(0.,1.,0.));
#6334=DIRECTION('center_axis',(-1.,0.,0.));
#6335=DIRECTION('ref_axis',(0.,0.,1.));
#6336=DIRECTION('',(0.,1.,0.));
#6337=DIRECTION('',(0.,0.,1.));
#6338=DIRECTION('center_axis',(0.,0.,-1.));
#6339=DIRECTION('ref_axis',(-1.,0.,0.));
#6340=DIRECTION('',(0.,1.,0.));
#6341=DIRECTION('',(-1.,0.,0.));
#6342=DIRECTION('center_axis',(1.,0.,0.));
#6343=DIRECTION('ref_axis',(0.,0.,-1.));
#6344=DIRECTION('',(0.,0.,-1.));
#6345=DIRECTION('center_axis',(0.,1.,0.));
#6346=DIRECTION('ref_axis',(0.,0.,1.));
#6347=DIRECTION('',(0.,1.,0.));
#6348=DIRECTION('',(0.,1.,0.));
#6349=DIRECTION('',(0.,1.,0.));
#6350=DIRECTION('',(0.,1.,0.));
#6351=DIRECTION('',(0.,1.,0.));
#6352=DIRECTION('',(0.,1.,0.));
#6353=DIRECTION('',(0.,1.,0.));
#6354=DIRECTION('',(0.,1.,0.));
#6355=DIRECTION('center_axis',(1.,0.,0.));
#6356=DIRECTION('ref_axis',(0.,0.,-1.));
#6357=DIRECTION('',(0.,0.,-1.));
#6358=DIRECTION('',(0.,1.,0.));
#6359=DIRECTION('',(0.,0.,-1.));
#6360=DIRECTION('',(0.,1.,0.));
#6361=DIRECTION('',(0.,1.,0.));
#6362=DIRECTION('',(0.,1.,0.));
#6363=DIRECTION('',(0.,1.,0.));
#6364=DIRECTION('',(0.,1.,0.));
#6365=DIRECTION('',(0.,1.,0.));
#6366=DIRECTION('center_axis',(0.,0.,1.));
#6367=DIRECTION('ref_axis',(1.,0.,0.));
#6368=DIRECTION('',(0.,1.,0.));
#6369=DIRECTION('',(1.,0.,0.));
#6370=DIRECTION('center_axis',(1.,0.,0.));
#6371=DIRECTION('ref_axis',(0.,0.,-1.));
#6372=DIRECTION('',(0.,1.,0.));
#6373=DIRECTION('',(0.,0.,-1.));
#6374=DIRECTION('center_axis',(0.,0.,1.));
#6375=DIRECTION('ref_axis',(1.,0.,0.));
#6376=DIRECTION('',(0.,1.,0.));
#6377=DIRECTION('',(1.,0.,0.));
#6378=DIRECTION('center_axis',(-1.,0.,0.));
#6379=DIRECTION('ref_axis',(0.,0.,1.));
#6380=DIRECTION('',(0.,1.,0.));
#6381=DIRECTION('',(0.,0.,1.));
#6382=DIRECTION('center_axis',(0.,0.,-1.));
#6383=DIRECTION('ref_axis',(-1.,0.,0.));
#6384=DIRECTION('',(0.,1.,0.));
#6385=DIRECTION('',(-1.,0.,0.));
#6386=DIRECTION('center_axis',(1.,0.,0.));
#6387=DIRECTION('ref_axis',(0.,0.,-1.));
#6388=DIRECTION('',(0.,1.,0.));
#6389=DIRECTION('',(0.,0.,-1.));
#6390=DIRECTION('center_axis',(0.,0.,-1.));
#6391=DIRECTION('ref_axis',(-1.,0.,0.));
#6392=DIRECTION('',(0.,1.,0.));
#6393=DIRECTION('',(-1.,0.,0.));
#6394=DIRECTION('center_axis',(0.,-1.,0.));
#6395=DIRECTION('ref_axis',(1.,0.,0.));
#6396=DIRECTION('',(0.,1.,0.));
#6397=DIRECTION('',(0.,1.,0.));
#6398=DIRECTION('',(0.,1.,0.));
#6399=DIRECTION('',(0.,1.,0.));
#6400=DIRECTION('center_axis',(0.,0.,1.));
#6401=DIRECTION('ref_axis',(1.,0.,0.));
#6402=DIRECTION('',(1.,0.,0.));
#6403=DIRECTION('',(1.,0.,0.));
#6404=DIRECTION('',(0.,1.,0.));
#6405=DIRECTION('',(0.,1.,0.));
#6406=DIRECTION('',(0.,1.,0.));
#6407=DIRECTION('',(0.,1.,0.));
#6408=DIRECTION('',(0.,1.,0.));
#6409=DIRECTION('',(0.,1.,0.));
#6410=DIRECTION('',(0.,1.,0.));
#6411=DIRECTION('',(0.,1.,0.));
#6412=DIRECTION('center_axis',(1.,0.,0.));
#6413=DIRECTION('ref_axis',(0.,0.,-1.));
#6414=DIRECTION('',(0.,1.,0.));
#6415=DIRECTION('',(0.,0.,-1.));
#6416=DIRECTION('',(0.,1.,0.));
#6417=DIRECTION('',(0.,1.,0.));
#6418=DIRECTION('center_axis',(0.,0.,-1.));
#6419=DIRECTION('ref_axis',(-1.,0.,0.));
#6420=DIRECTION('',(0.,1.,0.));
#6421=DIRECTION('',(-1.,0.,0.));
#6422=DIRECTION('center_axis',(1.,0.,0.));
#6423=DIRECTION('ref_axis',(0.,0.,-1.));
#6424=DIRECTION('',(0.,0.,-1.));
#6425=DIRECTION('center_axis',(0.,-1.,0.));
#6426=DIRECTION('ref_axis',(1.,0.,0.));
#6427=DIRECTION('',(0.,1.,0.));
#6428=DIRECTION('',(0.,1.,0.));
#6429=DIRECTION('',(0.,1.,0.));
#6430=DIRECTION('',(0.,1.,0.));
#6431=DIRECTION('',(0.,1.,0.));
#6432=DIRECTION('',(0.,1.,0.));
#6433=DIRECTION('',(0.,1.,0.));
#6434=DIRECTION('',(0.,1.,0.));
#6435=DIRECTION('',(0.,1.,0.));
#6436=DIRECTION('',(0.,1.,0.));
#6437=DIRECTION('',(0.,1.,0.));
#6438=DIRECTION('',(0.,1.,0.));
#6439=DIRECTION('',(0.,1.,0.));
#6440=DIRECTION('center_axis',(0.,-1.,0.));
#6441=DIRECTION('ref_axis',(1.,0.,0.));
#6442=DIRECTION('',(0.,1.,0.));
#6443=DIRECTION('',(0.,1.,0.));
#6444=DIRECTION('',(0.,1.,0.));
#6445=DIRECTION('center_axis',(0.,0.,1.));
#6446=DIRECTION('ref_axis',(1.,0.,0.));
#6447=DIRECTION('',(0.,1.,0.));
#6448=DIRECTION('',(1.,0.,0.));
#6449=DIRECTION('center_axis',(1.,0.,0.));
#6450=DIRECTION('ref_axis',(0.,0.,-1.));
#6451=DIRECTION('',(0.,1.,0.));
#6452=DIRECTION('',(0.,0.,-1.));
#6453=DIRECTION('center_axis',(0.,0.,1.));
#6454=DIRECTION('ref_axis',(1.,0.,0.));
#6455=DIRECTION('',(0.,1.,0.));
#6456=DIRECTION('',(1.,0.,0.));
#6457=DIRECTION('center_axis',(-1.,0.,0.));
#6458=DIRECTION('ref_axis',(0.,0.,1.));
#6459=DIRECTION('',(0.,1.,0.));
#6460=DIRECTION('',(0.,0.,1.));
#6461=DIRECTION('center_axis',(0.,0.,-1.));
#6462=DIRECTION('ref_axis',(-1.,0.,0.));
#6463=DIRECTION('',(0.,1.,0.));
#6464=DIRECTION('',(-1.,0.,0.));
#6465=DIRECTION('center_axis',(1.,0.,0.));
#6466=DIRECTION('ref_axis',(0.,0.,-1.));
#6467=DIRECTION('',(0.,1.,0.));
#6468=DIRECTION('',(0.,0.,-1.));
#6469=DIRECTION('',(0.,1.,0.));
#6470=DIRECTION('',(0.,1.,0.));
#6471=DIRECTION('',(0.,1.,0.));
#6472=DIRECTION('center_axis',(1.,0.,0.));
#6473=DIRECTION('ref_axis',(0.,0.,-1.));
#6474=DIRECTION('',(0.,0.,-1.));
#6475=DIRECTION('center_axis',(0.,-1.,0.));
#6476=DIRECTION('ref_axis',(1.,0.,0.));
#6477=DIRECTION('',(0.,1.,0.));
#6478=DIRECTION('',(0.,1.,0.));
#6479=DIRECTION('',(0.,1.,0.));
#6480=DIRECTION('',(0.,1.,0.));
#6481=DIRECTION('',(0.,1.,0.));
#6482=DIRECTION('',(0.,1.,0.));
#6483=DIRECTION('',(0.,1.,0.));
#6484=DIRECTION('',(0.,1.,0.));
#6485=DIRECTION('center_axis',(-1.,0.,0.));
#6486=DIRECTION('ref_axis',(0.,0.,1.));
#6487=DIRECTION('',(0.,0.,1.));
#6488=DIRECTION('',(0.,1.,0.));
#6489=DIRECTION('',(0.,0.,1.));
#6490=DIRECTION('center_axis',(0.,0.,1.));
#6491=DIRECTION('ref_axis',(1.,0.,0.));
#6492=DIRECTION('',(0.,1.,0.));
#6493=DIRECTION('',(1.,0.,0.));
#6494=DIRECTION('',(0.,1.,0.));
#6495=DIRECTION('center_axis',(-1.,0.,0.));
#6496=DIRECTION('ref_axis',(0.,0.,1.));
#6497=DIRECTION('',(0.,1.,0.));
#6498=DIRECTION('',(0.,0.,1.));
#6499=DIRECTION('center_axis',(0.,0.,1.));
#6500=DIRECTION('ref_axis',(1.,0.,0.));
#6501=DIRECTION('',(0.,1.,0.));
#6502=DIRECTION('',(1.,0.,0.));
#6503=DIRECTION('',(0.,1.,0.));
#6504=DIRECTION('',(0.,1.,0.));
#6505=DIRECTION('',(0.,1.,0.));
#6506=DIRECTION('',(0.,1.,0.));
#6507=DIRECTION('',(0.,1.,0.));
#6508=DIRECTION('',(0.,1.,0.));
#6509=DIRECTION('center_axis',(0.,0.,-1.));
#6510=DIRECTION('ref_axis',(-1.,0.,0.));
#6511=DIRECTION('',(0.,1.,0.));
#6512=DIRECTION('',(-1.,0.,0.));
#6513=DIRECTION('center_axis',(-1.,0.,0.));
#6514=DIRECTION('ref_axis',(0.,0.,1.));
#6515=DIRECTION('',(0.,1.,0.));
#6516=DIRECTION('',(0.,0.,1.));
#6517=DIRECTION('center_axis',(0.,0.,-1.));
#6518=DIRECTION('ref_axis',(-1.,0.,0.));
#6519=DIRECTION('',(0.,1.,0.));
#6520=DIRECTION('',(-1.,0.,0.));
#6521=DIRECTION('center_axis',(1.,0.,0.));
#6522=DIRECTION('ref_axis',(0.,0.,-1.));
#6523=DIRECTION('',(0.,0.,-1.));
#6524=DIRECTION('center_axis',(0.,-1.,0.));
#6525=DIRECTION('ref_axis',(1.,0.,0.));
#6526=DIRECTION('',(0.,1.,0.));
#6527=DIRECTION('',(0.,1.,0.));
#6528=DIRECTION('',(0.,1.,0.));
#6529=DIRECTION('',(0.,1.,0.));
#6530=DIRECTION('',(0.,1.,0.));
#6531=DIRECTION('',(0.,1.,0.));
#6532=DIRECTION('center_axis',(0.,0.,1.));
#6533=DIRECTION('ref_axis',(1.,0.,0.));
#6534=DIRECTION('',(0.,1.,0.));
#6535=DIRECTION('',(1.,0.,0.));
#6536=DIRECTION('center_axis',(1.,0.,0.));
#6537=DIRECTION('ref_axis',(0.,0.,-1.));
#6538=DIRECTION('',(0.,1.,0.));
#6539=DIRECTION('',(0.,0.,-1.));
#6540=DIRECTION('center_axis',(0.,0.,1.));
#6541=DIRECTION('ref_axis',(1.,0.,0.));
#6542=DIRECTION('',(0.,1.,0.));
#6543=DIRECTION('',(1.,0.,0.));
#6544=DIRECTION('center_axis',(-1.,0.,0.));
#6545=DIRECTION('ref_axis',(0.,0.,1.));
#6546=DIRECTION('',(0.,1.,0.));
#6547=DIRECTION('',(0.,0.,1.));
#6548=DIRECTION('center_axis',(0.,0.,-1.));
#6549=DIRECTION('ref_axis',(-1.,0.,0.));
#6550=DIRECTION('',(0.,1.,0.));
#6551=DIRECTION('',(-1.,0.,0.));
#6552=DIRECTION('center_axis',(1.,0.,0.));
#6553=DIRECTION('ref_axis',(0.,0.,-1.));
#6554=DIRECTION('',(0.,1.,0.));
#6555=DIRECTION('',(0.,0.,-1.));
#6556=DIRECTION('',(0.,1.,0.));
#6557=DIRECTION('',(0.,1.,0.));
#6558=DIRECTION('',(0.,1.,0.));
#6559=DIRECTION('center_axis',(-1.,0.,0.));
#6560=DIRECTION('ref_axis',(0.,0.,1.));
#6561=DIRECTION('',(0.,1.,0.));
#6562=DIRECTION('',(0.,0.,1.));
#6563=DIRECTION('center_axis',(0.,0.,-1.));
#6564=DIRECTION('ref_axis',(-1.,0.,0.));
#6565=DIRECTION('',(0.,1.,0.));
#6566=DIRECTION('',(-1.,0.,0.));
#6567=DIRECTION('center_axis',(1.,0.,0.));
#6568=DIRECTION('ref_axis',(0.,0.,-1.));
#6569=DIRECTION('',(0.,1.,0.));
#6570=DIRECTION('',(0.,0.,-1.));
#6571=DIRECTION('',(0.,1.,0.));
#6572=DIRECTION('',(0.,1.,0.));
#6573=DIRECTION('',(0.,1.,0.));
#6574=DIRECTION('center_axis',(-1.,0.,0.));
#6575=DIRECTION('ref_axis',(0.,0.,1.));
#6576=DIRECTION('',(0.,1.,0.));
#6577=DIRECTION('',(0.,0.,1.));
#6578=DIRECTION('center_axis',(0.,0.,-1.));
#6579=DIRECTION('ref_axis',(-1.,0.,0.));
#6580=DIRECTION('',(0.,1.,0.));
#6581=DIRECTION('',(-1.,0.,0.));
#6582=DIRECTION('center_axis',(1.,0.,0.));
#6583=DIRECTION('ref_axis',(0.,0.,-1.));
#6584=DIRECTION('',(0.,0.,-1.));
#6585=DIRECTION('center_axis',(0.,-1.,0.));
#6586=DIRECTION('ref_axis',(1.,0.,0.));
#6587=DIRECTION('',(0.,1.,0.));
#6588=DIRECTION('',(0.,1.,0.));
#6589=DIRECTION('',(0.,1.,0.));
#6590=DIRECTION('center_axis',(0.,0.,1.));
#6591=DIRECTION('ref_axis',(1.,0.,0.));
#6592=DIRECTION('',(1.,0.,0.));
#6593=DIRECTION('',(0.,1.,0.));
#6594=DIRECTION('',(1.,0.,0.));
#6595=DIRECTION('center_axis',(1.,0.,0.));
#6596=DIRECTION('ref_axis',(0.,0.,-1.));
#6597=DIRECTION('',(0.,0.,-1.));
#6598=DIRECTION('',(0.,1.,0.));
#6599=DIRECTION('',(0.,0.,-1.));
#6600=DIRECTION('center_axis',(0.,0.,-1.));
#6601=DIRECTION('ref_axis',(-1.,0.,0.));
#6602=DIRECTION('',(-1.,0.,0.));
#6603=DIRECTION('',(-1.,0.,0.));
#6604=DIRECTION('',(0.,1.,0.));
#6605=DIRECTION('',(0.,1.,0.));
#6606=DIRECTION('',(0.,1.,0.));
#6607=DIRECTION('',(0.,1.,0.));
#6608=DIRECTION('center_axis',(0.,0.,1.));
#6609=DIRECTION('ref_axis',(1.,0.,0.));
#6610=DIRECTION('',(0.,1.,0.));
#6611=DIRECTION('',(1.,0.,0.));
#6612=DIRECTION('center_axis',(-1.,0.,0.));
#6613=DIRECTION('ref_axis',(0.,0.,1.));
#6614=DIRECTION('',(0.,1.,0.));
#6615=DIRECTION('',(0.,0.,1.));
#6616=DIRECTION('center_axis',(0.,0.,-1.));
#6617=DIRECTION('ref_axis',(-1.,0.,0.));
#6618=DIRECTION('',(0.,1.,0.));
#6619=DIRECTION('',(-1.,0.,0.));
#6620=DIRECTION('center_axis',(1.,0.,0.));
#6621=DIRECTION('ref_axis',(0.,0.,-1.));
#6622=DIRECTION('',(0.,1.,0.));
#6623=DIRECTION('',(0.,0.,-1.));
#6624=DIRECTION('center_axis',(0.,0.,-1.));
#6625=DIRECTION('ref_axis',(-1.,0.,0.));
#6626=DIRECTION('',(-1.,0.,0.));
#6627=DIRECTION('center_axis',(0.,-1.,0.));
#6628=DIRECTION('ref_axis',(1.,0.,0.));
#6629=DIRECTION('center_axis',(0.,1.,0.));
#6630=DIRECTION('ref_axis',(1.,0.,0.));
#6631=DIRECTION('center_axis',(0.,1.,0.));
#6632=DIRECTION('ref_axis',(1.,0.,0.));
#6633=DIRECTION('center_axis',(0.,1.,0.));
#6634=DIRECTION('ref_axis',(1.,0.,0.));
#6635=DIRECTION('center_axis',(0.,1.,0.));
#6636=DIRECTION('ref_axis',(1.,0.,0.));
#6637=DIRECTION('center_axis',(0.,1.,0.));
#6638=DIRECTION('ref_axis',(1.,0.,0.));
#6639=DIRECTION('center_axis',(0.,1.,0.));
#6640=DIRECTION('ref_axis',(1.,0.,0.));
#6641=DIRECTION('center_axis',(0.,1.,0.));
#6642=DIRECTION('ref_axis',(1.,0.,0.));
#6643=DIRECTION('center_axis',(0.,1.,0.));
#6644=DIRECTION('ref_axis',(1.,0.,0.));
#6645=DIRECTION('center_axis',(0.,1.,0.));
#6646=DIRECTION('ref_axis',(1.,0.,0.));
#6647=DIRECTION('center_axis',(0.,1.,0.));
#6648=DIRECTION('ref_axis',(1.,0.,0.));
#6649=DIRECTION('center_axis',(0.,-1.,0.));
#6650=DIRECTION('ref_axis',(0.,0.,-1.));
#6651=DIRECTION('',(1.47641732041261E-16,0.,1.));
#6652=DIRECTION('',(1.,0.,0.));
#6653=DIRECTION('',(0.,0.,-1.));
#6654=DIRECTION('',(-1.,0.,0.));
#6655=DIRECTION('center_axis',(0.,0.,-1.));
#6656=DIRECTION('ref_axis',(1.,0.,0.));
#6657=DIRECTION('center_axis',(0.,0.,1.));
#6658=DIRECTION('ref_axis',(-0.707106781186547,0.707106781186548,0.));
#6659=DIRECTION('',(1.,0.,0.));
#6660=DIRECTION('',(0.,-1.,0.));
#6661=DIRECTION('center_axis',(-1.,0.,0.));
#6662=DIRECTION('ref_axis',(0.,0.,-1.));
#6663=DIRECTION('',(0.,0.,-1.));
#6664=DIRECTION('',(0.,1.,0.));
#6665=DIRECTION('center_axis',(1.47641732041261E-16,0.,1.));
#6666=DIRECTION('ref_axis',(-0.707106781186547,0.707106781186548,0.));
#6667=DIRECTION('center_axis',(0.,0.,1.));
#6668=DIRECTION('ref_axis',(-0.707106781186547,0.707106781186548,0.));
#6669=DIRECTION('',(1.47641732041261E-16,0.,1.));
#6670=DIRECTION('center_axis',(-1.47641732041261E-16,0.,-1.));
#6671=DIRECTION('ref_axis',(-0.707106781186547,0.707106781186547,0.));
#6672=DIRECTION('',(-1.47641732041261E-16,0.,-1.));
#6673=DIRECTION('center_axis',(0.,0.,-1.));
#6674=DIRECTION('ref_axis',(1.,0.,0.));
#6675=DIRECTION('',(1.,0.,0.));
#6676=DIRECTION('center_axis',(0.,0.,-1.));
#6677=DIRECTION('ref_axis',(-0.707106781186547,0.707106781186548,0.));
#6678=DIRECTION('',(1.,0.,0.));
#6679=DIRECTION('center_axis',(0.,0.,1.));
#6680=DIRECTION('ref_axis',(-1.,0.,0.));
#6681=DIRECTION('center_axis',(0.,0.,-1.));
#6682=DIRECTION('ref_axis',(-0.707106781186547,0.707106781186548,0.));
#6683=DIRECTION('',(-1.,0.,0.));
#6684=DIRECTION('center_axis',(0.,0.,1.));
#6685=DIRECTION('ref_axis',(-0.707106781186547,0.707106781186548,0.));
#6686=DIRECTION('',(-1.,0.,0.));
#6687=DIRECTION('center_axis',(1.47641732041261E-16,0.,1.));
#6688=DIRECTION('ref_axis',(-0.707106781186547,0.707106781186548,0.));
#6689=DIRECTION('',(-1.47641732041261E-16,0.,-1.));
#6690=DIRECTION('center_axis',(1.47641732041261E-16,0.,1.));
#6691=DIRECTION('ref_axis',(-0.707106781186547,0.707106781186547,0.));
#6692=DIRECTION('',(1.47641732041261E-16,0.,1.));
#6693=DIRECTION('center_axis',(0.,1.,0.));
#6694=DIRECTION('ref_axis',(1.,0.,0.));
#6695=DIRECTION('',(-1.47641732041261E-16,0.,-1.));
#6696=DIRECTION('',(-1.,0.,0.));
#6697=DIRECTION('',(-1.47641732041261E-16,0.,-1.));
#6698=DIRECTION('',(1.,0.,0.));
#6699=DIRECTION('center_axis',(-1.47641732041261E-16,0.,-1.));
#6700=DIRECTION('ref_axis',(0.707106781186547,0.707106781186548,0.));
#6701=DIRECTION('center_axis',(-1.47641732041261E-16,0.,-1.));
#6702=DIRECTION('ref_axis',(0.707106781186547,0.707106781186548,0.));
#6703=DIRECTION('center_axis',(1.47641732041261E-16,0.,1.));
#6704=DIRECTION('ref_axis',(0.707106781186547,0.707106781186548,0.));
#6705=DIRECTION('',(1.47641732041261E-16,0.,1.));
#6706=DIRECTION('center_axis',(0.,1.,0.));
#6707=DIRECTION('ref_axis',(0.,0.,-1.));
#6708=DIRECTION('center_axis',(1.,0.,0.));
#6709=DIRECTION('ref_axis',(0.,0.707106781186547,0.707106781186548));
#6710=DIRECTION('center_axis',(1.,0.,0.));
#6711=DIRECTION('ref_axis',(0.,0.707106781186547,0.707106781186548));
#6712=DIRECTION('center_axis',(-1.,0.,0.));
#6713=DIRECTION('ref_axis',(0.,0.707106781186547,0.707106781186548));
#6714=DIRECTION('',(-1.,0.,0.));
#6715=DIRECTION('center_axis',(0.,1.,0.));
#6716=DIRECTION('ref_axis',(0.,0.,-1.));
#6717=DIRECTION('center_axis',(0.,1.,0.));
#6718=DIRECTION('ref_axis',(0.,0.,-1.));
#6719=DIRECTION('center_axis',(-1.,0.,0.));
#6720=DIRECTION('ref_axis',(0.,0.707106781186547,-0.707106781186548));
#6721=DIRECTION('center_axis',(-1.,0.,0.));
#6722=DIRECTION('ref_axis',(0.,0.707106781186547,-0.707106781186548));
#6723=DIRECTION('center_axis',(1.,0.,0.));
#6724=DIRECTION('ref_axis',(0.,0.707106781186547,-0.707106781186548));
#6725=DIRECTION('',(1.,0.,0.));
#6726=DIRECTION('center_axis',(0.,1.,0.));
#6727=DIRECTION('ref_axis',(0.,0.,-1.));
#6728=DIRECTION('center_axis',(1.47641732041261E-16,0.,1.));
#6729=DIRECTION('ref_axis',(-0.707106781186547,0.707106781186548,0.));
#6730=DIRECTION('',(1.47641732041261E-16,0.,1.));
#6731=DIRECTION('center_axis',(-1.47641732041261E-16,0.,-1.));
#6732=DIRECTION('ref_axis',(-0.707106781186548,0.707106781186548,0.));
#6733=DIRECTION('center_axis',(1.47641732041261E-16,0.,1.));
#6734=DIRECTION('ref_axis',(-0.707106781186548,0.707106781186548,0.));
#6735=DIRECTION('',(1.47641732041261E-16,0.,1.));
#6736=DIRECTION('center_axis',(0.,1.,0.));
#6737=DIRECTION('ref_axis',(1.,0.,0.));
#6738=DIRECTION('center_axis',(0.,1.,0.));
#6739=DIRECTION('ref_axis',(0.,0.,-1.));
#6740=DIRECTION('center_axis',(0.,1.,0.));
#6741=DIRECTION('ref_axis',(0.,0.,-1.));
#6742=DIRECTION('center_axis',(-1.,0.,0.));
#6743=DIRECTION('ref_axis',(0.,0.707106781186547,-0.707106781186548));
#6744=DIRECTION('center_axis',(-1.,0.,0.));
#6745=DIRECTION('ref_axis',(0.,0.707106781186547,-0.707106781186548));
#6746=DIRECTION('',(-1.,0.,0.));
#6747=DIRECTION('center_axis',(1.,0.,0.));
#6748=DIRECTION('ref_axis',(0.,0.707106781186547,-0.707106781186548));
#6749=DIRECTION('center_axis',(0.,1.,0.));
#6750=DIRECTION('ref_axis',(0.,0.,-1.));
#6751=DIRECTION('center_axis',(0.,1.,0.));
#6752=DIRECTION('ref_axis',(0.,0.,-1.));
#6753=DIRECTION('center_axis',(-1.47641732041261E-16,0.,-1.));
#6754=DIRECTION('ref_axis',(0.707106781186547,0.707106781186548,0.));
#6755=DIRECTION('center_axis',(0.,1.,0.));
#6756=DIRECTION('ref_axis',(0.,0.,-1.));
#6757=DIRECTION('center_axis',(0.,1.,0.));
#6758=DIRECTION('ref_axis',(0.,0.,-1.));
#6759=DIRECTION('center_axis',(-1.,0.,0.));
#6760=DIRECTION('ref_axis',(0.,0.707106781186547,0.707106781186548));
#6761=DIRECTION('center_axis',(1.,0.,0.));
#6762=DIRECTION('ref_axis',(0.,0.707106781186547,0.707106781186548));
#6763=DIRECTION('',(1.,0.,0.));
#6764=DIRECTION('center_axis',(1.,0.,0.));
#6765=DIRECTION('ref_axis',(0.,0.707106781186547,0.707106781186548));
#6766=DIRECTION('center_axis',(0.,1.,0.));
#6767=DIRECTION('ref_axis',(0.,0.,-1.));
#6768=DIRECTION('center_axis',(0.,1.,0.));
#6769=DIRECTION('ref_axis',(0.,0.,-1.));
#6770=DIRECTION('center_axis',(1.47641732041261E-16,0.,1.));
#6771=DIRECTION('ref_axis',(0.707106781186547,0.707106781186548,0.));
#6772=DIRECTION('center_axis',(-1.47641732041261E-16,0.,-1.));
#6773=DIRECTION('ref_axis',(0.707106781186547,0.707106781186548,0.));
#6774=DIRECTION('',(-1.47641732041261E-16,0.,-1.));
#6775=DIRECTION('center_axis',(0.,1.,0.));
#6776=DIRECTION('ref_axis',(0.,0.,1.));
#6777=DIRECTION('center_axis',(0.,0.,1.));
#6778=DIRECTION('ref_axis',(-1.,0.,0.));
#6779=DIRECTION('',(1.,0.,0.));
#6780=DIRECTION('',(0.,-1.,0.));
#6781=DIRECTION('',(-1.,0.,0.));
#6782=DIRECTION('',(0.,-1.,0.));
#6783=DIRECTION('center_axis',(0.,-1.,0.));
#6784=DIRECTION('ref_axis',(0.,0.,1.));
#6785=DIRECTION('center_axis',(0.,1.,0.));
#6786=DIRECTION('ref_axis',(0.,0.,1.));
#6787=DIRECTION('center_axis',(0.,-1.,0.));
#6788=DIRECTION('ref_axis',(0.,0.,1.));
#6789=DIRECTION('',(0.,-1.,0.));
#6790=DIRECTION('center_axis',(1.,0.,0.));
#6791=DIRECTION('ref_axis',(0.,0.,1.));
#6792=DIRECTION('',(0.,0.,-1.));
#6793=DIRECTION('',(0.,0.,1.));
#6794=DIRECTION('',(0.,-1.,0.));
#6795=DIRECTION('center_axis',(0.,-1.,0.));
#6796=DIRECTION('ref_axis',(1.,0.,0.));
#6797=DIRECTION('center_axis',(0.,1.,0.));
#6798=DIRECTION('ref_axis',(1.,0.,0.));
#6799=DIRECTION('center_axis',(0.,-1.,0.));
#6800=DIRECTION('ref_axis',(1.,0.,0.));
#6801=DIRECTION('',(0.,-1.,0.));
#6802=DIRECTION('center_axis',(6.83214169000102E-16,0.,-1.));
#6803=DIRECTION('ref_axis',(1.,0.,6.83214169000102E-16));
#6804=DIRECTION('',(-1.,0.,-6.83214169000102E-16));
#6805=DIRECTION('',(1.,0.,6.83214169000102E-16));
#6806=DIRECTION('',(0.,-1.,0.));
#6807=DIRECTION('center_axis',(0.,-1.,0.));
#6808=DIRECTION('ref_axis',(0.,0.,-1.));
#6809=DIRECTION('center_axis',(0.,1.,0.));
#6810=DIRECTION('ref_axis',(0.,0.,-1.));
#6811=DIRECTION('center_axis',(0.,-1.,0.));
#6812=DIRECTION('ref_axis',(0.,0.,-1.));
#6813=DIRECTION('',(0.,-1.,0.));
#6814=DIRECTION('center_axis',(-1.,0.,0.));
#6815=DIRECTION('ref_axis',(0.,0.,-1.));
#6816=DIRECTION('',(0.,0.,1.));
#6817=DIRECTION('',(0.,0.,-1.));
#6818=DIRECTION('',(0.,-1.,0.));
#6819=DIRECTION('center_axis',(0.,-1.,0.));
#6820=DIRECTION('ref_axis',(-1.,0.,0.));
#6821=DIRECTION('center_axis',(0.,1.,0.));
#6822=DIRECTION('ref_axis',(-1.,0.,0.));
#6823=DIRECTION('center_axis',(0.,-1.,0.));
#6824=DIRECTION('ref_axis',(-1.,0.,0.));
#6825=DIRECTION('center_axis',(0.,0.,-1.));
#6826=DIRECTION('ref_axis',(1.,0.,0.));
#6827=DIRECTION('',(-1.,0.,0.));
#6828=DIRECTION('',(0.,-1.,0.));
#6829=DIRECTION('',(1.,0.,0.));
#6830=DIRECTION('',(0.,-1.,0.));
#6831=DIRECTION('center_axis',(-1.,0.,0.));
#6832=DIRECTION('ref_axis',(0.,0.,-1.));
#6833=DIRECTION('',(0.,0.,1.));
#6834=DIRECTION('',(0.,0.,-1.));
#6835=DIRECTION('',(0.,-1.,0.));
#6836=DIRECTION('center_axis',(0.,0.,1.));
#6837=DIRECTION('ref_axis',(-1.,0.,0.));
#6838=DIRECTION('',(1.,0.,0.));
#6839=DIRECTION('',(-1.,0.,0.));
#6840=DIRECTION('',(0.,-1.,0.));
#6841=DIRECTION('center_axis',(1.,0.,0.));
#6842=DIRECTION('ref_axis',(0.,0.,1.));
#6843=DIRECTION('',(0.,0.,-1.));
#6844=DIRECTION('',(0.,0.,1.));
#6845=DIRECTION('center_axis',(0.,0.,1.));
#6846=DIRECTION('ref_axis',(-1.,0.,0.));
#6847=DIRECTION('',(1.,0.,0.));
#6848=DIRECTION('',(0.,-1.,0.));
#6849=DIRECTION('',(-1.,0.,0.));
#6850=DIRECTION('',(0.,-1.,0.));
#6851=DIRECTION('center_axis',(0.,-1.,0.));
#6852=DIRECTION('ref_axis',(0.,0.,1.));
#6853=DIRECTION('center_axis',(0.,1.,0.));
#6854=DIRECTION('ref_axis',(0.,0.,1.));
#6855=DIRECTION('center_axis',(0.,-1.,0.));
#6856=DIRECTION('ref_axis',(0.,0.,1.));
#6857=DIRECTION('',(0.,-1.,0.));
#6858=DIRECTION('center_axis',(1.,0.,0.));
#6859=DIRECTION('ref_axis',(0.,0.,1.));
#6860=DIRECTION('',(0.,0.,-1.));
#6861=DIRECTION('',(0.,0.,1.));
#6862=DIRECTION('',(0.,-1.,0.));
#6863=DIRECTION('center_axis',(0.,-1.,0.));
#6864=DIRECTION('ref_axis',(1.,0.,0.));
#6865=DIRECTION('center_axis',(0.,1.,0.));
#6866=DIRECTION('ref_axis',(1.,0.,0.));
#6867=DIRECTION('center_axis',(0.,-1.,0.));
#6868=DIRECTION('ref_axis',(1.,0.,0.));
#6869=DIRECTION('',(0.,-1.,0.));
#6870=DIRECTION('center_axis',(-6.83214169000102E-16,0.,-1.));
#6871=DIRECTION('ref_axis',(1.,0.,-6.83214169000102E-16));
#6872=DIRECTION('',(-1.,0.,6.83214169000102E-16));
#6873=DIRECTION('',(1.,0.,-6.83214169000102E-16));
#6874=DIRECTION('',(0.,-1.,0.));
#6875=DIRECTION('center_axis',(0.,-1.,0.));
#6876=DIRECTION('ref_axis',(0.,0.,-1.));
#6877=DIRECTION('center_axis',(0.,1.,0.));
#6878=DIRECTION('ref_axis',(0.,0.,-1.));
#6879=DIRECTION('center_axis',(0.,-1.,0.));
#6880=DIRECTION('ref_axis',(0.,0.,-1.));
#6881=DIRECTION('',(0.,-1.,0.));
#6882=DIRECTION('center_axis',(-1.,0.,1.36642833800021E-15));
#6883=DIRECTION('ref_axis',(-1.36642833800021E-15,0.,-1.));
#6884=DIRECTION('',(1.36642833800021E-15,0.,1.));
#6885=DIRECTION('',(-1.36642833800021E-15,0.,-1.));
#6886=DIRECTION('',(0.,-1.,0.));
#6887=DIRECTION('center_axis',(0.,-1.,0.));
#6888=DIRECTION('ref_axis',(-1.,0.,0.));
#6889=DIRECTION('center_axis',(0.,1.,0.));
#6890=DIRECTION('ref_axis',(-1.,0.,0.));
#6891=DIRECTION('center_axis',(0.,-1.,0.));
#6892=DIRECTION('ref_axis',(-1.,0.,0.));
#6893=DIRECTION('center_axis',(0.,0.,1.));
#6894=DIRECTION('ref_axis',(-1.,0.,0.));
#6895=DIRECTION('',(1.,0.,0.));
#6896=DIRECTION('',(0.,-1.,0.));
#6897=DIRECTION('center_axis',(0.,0.,1.));
#6898=DIRECTION('ref_axis',(-0.707106781186547,0.707106781186548,0.));
#6899=DIRECTION('',(-1.,0.,0.));
#6900=DIRECTION('',(0.,-1.,0.));
#6901=DIRECTION('center_axis',(-1.,0.,0.));
#6902=DIRECTION('ref_axis',(0.,0.,-1.));
#6903=DIRECTION('',(0.,0.,1.));
#6904=DIRECTION('',(0.,-1.,0.));
#6905=DIRECTION('',(-1.47641732041261E-16,0.,-1.));
#6906=DIRECTION('center_axis',(1.,0.,0.));
#6907=DIRECTION('ref_axis',(0.,0.,1.));
#6908=DIRECTION('',(0.,0.,-1.));
#6909=DIRECTION('',(0.,0.,1.));
#6910=DIRECTION('',(0.,-1.,0.));
#6911=DIRECTION('center_axis',(0.,0.,-1.));
#6912=DIRECTION('ref_axis',(1.,0.,0.));
#6913=DIRECTION('',(-1.,0.,0.));
#6914=DIRECTION('',(1.,0.,0.));
#6915=DIRECTION('center_axis',(0.,0.,-1.));
#6916=DIRECTION('ref_axis',(-0.707106781186547,0.707106781186548,0.));
#6917=DIRECTION('center_axis',(1.47641732041261E-16,0.,1.));
#6918=DIRECTION('ref_axis',(-0.707106781186547,0.707106781186548,0.));
#6919=DIRECTION('',(-1.47641732041261E-16,0.,-1.));
#6920=DIRECTION('center_axis',(-1.47641732041261E-16,0.,-1.));
#6921=DIRECTION('ref_axis',(-0.707106781186548,0.707106781186548,0.));
#6922=DIRECTION('',(1.47641732041261E-16,0.,1.));
#6923=DIRECTION('center_axis',(1.47641732041261E-16,0.,1.));
#6924=DIRECTION('ref_axis',(-0.707106781186548,0.707106781186548,0.));
#6925=DIRECTION('',(-1.47641732041261E-16,0.,-1.));
#6926=DIRECTION('center_axis',(0.,1.,0.));
#6927=DIRECTION('ref_axis',(0.,0.,-1.));
#6928=DIRECTION('center_axis',(0.,1.,0.));
#6929=DIRECTION('ref_axis',(0.,0.,-1.));
#6930=DIRECTION('center_axis',(1.,0.,0.));
#6931=DIRECTION('ref_axis',(0.,0.707106781186547,-0.707106781186548));
#6932=DIRECTION('center_axis',(-1.47641732041261E-16,0.,-1.));
#6933=DIRECTION('ref_axis',(0.707106781186547,0.707106781186548,0.));
#6934=DIRECTION('center_axis',(-1.,0.,0.));
#6935=DIRECTION('ref_axis',(0.,0.707106781186547,-0.707106781186548));
#6936=DIRECTION('',(-1.,0.,0.));
#6937=DIRECTION('center_axis',(-1.,0.,0.));
#6938=DIRECTION('ref_axis',(0.,0.707106781186547,-0.707106781186548));
#6939=DIRECTION('',(1.,0.,0.));
#6940=DIRECTION('center_axis',(0.,1.,0.));
#6941=DIRECTION('ref_axis',(0.,0.,-1.));
#6942=DIRECTION('center_axis',(0.,1.,0.));
#6943=DIRECTION('ref_axis',(0.,0.,-1.));
#6944=DIRECTION('center_axis',(0.,1.,0.));
#6945=DIRECTION('ref_axis',(0.,0.,-1.));
#6946=DIRECTION('center_axis',(0.,1.,0.));
#6947=DIRECTION('ref_axis',(0.,0.,-1.));
#6948=DIRECTION('center_axis',(-1.,0.,0.));
#6949=DIRECTION('ref_axis',(0.,0.707106781186547,0.707106781186548));
#6950=DIRECTION('center_axis',(1.,0.,0.));
#6951=DIRECTION('ref_axis',(0.,0.707106781186547,0.707106781186548));
#6952=DIRECTION('',(1.,0.,0.));
#6953=DIRECTION('center_axis',(1.,0.,0.));
#6954=DIRECTION('ref_axis',(0.,0.707106781186547,0.707106781186548));
#6955=DIRECTION('',(-1.,0.,0.));
#6956=DIRECTION('center_axis',(0.,1.,0.));
#6957=DIRECTION('ref_axis',(0.,0.,-1.));
#6958=DIRECTION('center_axis',(0.,1.,0.));
#6959=DIRECTION('ref_axis',(0.,0.,-1.));
#6960=DIRECTION('center_axis',(1.47641732041261E-16,0.,1.));
#6961=DIRECTION('ref_axis',(0.707106781186547,0.707106781186548,0.));
#6962=DIRECTION('center_axis',(-1.47641732041261E-16,0.,-1.));
#6963=DIRECTION('ref_axis',(0.707106781186547,0.707106781186548,0.));
#6964=DIRECTION('',(-1.47641732041261E-16,0.,-1.));
#6965=DIRECTION('',(1.47641732041261E-16,0.,1.));
#6966=DIRECTION('center_axis',(0.,1.,0.));
#6967=DIRECTION('ref_axis',(0.,0.,1.));
#6968=DIRECTION('center_axis',(0.,1.,0.));
#6969=DIRECTION('ref_axis',(0.,0.,1.));
#6970=CARTESIAN_POINT('',(0.,0.,0.));
#6971=CARTESIAN_POINT('Origin',(65.4288404274446,0.,94.0288404274446));
#6972=CARTESIAN_POINT('',(65.4288404274446,3.,94.0288404274446));
#6973=CARTESIAN_POINT('',(65.4288404274446,3.,88.4288404274446));
#6974=CARTESIAN_POINT('',(65.4288404274446,3.,86.9894202137223));
#6975=CARTESIAN_POINT('',(65.4288404274446,0.,88.4288404274446));
#6976=CARTESIAN_POINT('',(65.4288404274446,0.,88.4288404274446));
#6977=CARTESIAN_POINT('',(65.4288404274446,0.,94.0288404274446));
#6978=CARTESIAN_POINT('',(65.4288404274446,0.,86.9894202137223));
#6979=CARTESIAN_POINT('',(65.4288404274446,0.,94.0288404274446));
#6980=CARTESIAN_POINT('Origin',(61.4288404274446,0.,94.0288404274446));
#6981=CARTESIAN_POINT('',(61.4288404274446,3.,94.0288404274446));
#6982=CARTESIAN_POINT('',(12.2605797862777,3.,94.0288404274446));
#6983=CARTESIAN_POINT('',(61.4288404274446,0.,94.0288404274446));
#6984=CARTESIAN_POINT('',(12.2605797862777,0.,94.0288404274446));
#6985=CARTESIAN_POINT('',(61.4288404274446,0.,94.0288404274446));
#6986=CARTESIAN_POINT('Origin',(61.4288404274446,0.,88.4288404274446));
#6987=CARTESIAN_POINT('',(61.4288404274446,3.,88.4288404274446));
#6988=CARTESIAN_POINT('',(61.4288404274446,3.,80.1894202137223));
#6989=CARTESIAN_POINT('',(61.4288404274446,0.,88.4288404274446));
#6990=CARTESIAN_POINT('',(61.4288404274446,0.,80.1894202137223));
#6991=CARTESIAN_POINT('',(61.4288404274446,0.,88.4288404274446));
#6992=CARTESIAN_POINT('Origin',(65.4288404274446,0.,88.4288404274446));
#6993=CARTESIAN_POINT('',(49.0394202137223,3.,88.4288404274446));
#6994=CARTESIAN_POINT('',(49.0394202137223,0.,88.4288404274446));
#6995=CARTESIAN_POINT('Origin',(65.4288404274446,0.,55.4711595725554));
#6996=CARTESIAN_POINT('',(65.4288404274446,3.,55.4711595725554));
#6997=CARTESIAN_POINT('',(65.4288404274446,3.,49.8711595725554));
#6998=CARTESIAN_POINT('',(65.4288404274446,3.,86.9894202137223));
#6999=CARTESIAN_POINT('',(65.4288404274446,0.,49.8711595725554));
#7000=CARTESIAN_POINT('',(65.4288404274446,0.,49.8711595725554));
#7001=CARTESIAN_POINT('',(65.4288404274446,0.,55.4711595725554));
#7002=CARTESIAN_POINT('',(65.4288404274446,0.,86.9894202137223));
#7003=CARTESIAN_POINT('',(65.4288404274446,0.,55.4711595725554));
#7004=CARTESIAN_POINT('Origin',(61.4288404274446,0.,55.4711595725554));
#7005=CARTESIAN_POINT('',(61.4288404274446,3.,55.4711595725554));
#7006=CARTESIAN_POINT('',(47.0394202137223,3.,55.4711595725554));
#7007=CARTESIAN_POINT('',(61.4288404274446,0.,55.4711595725554));
#7008=CARTESIAN_POINT('',(47.0394202137223,0.,55.4711595725554));
#7009=CARTESIAN_POINT('',(61.4288404274446,0.,55.4711595725554));
#7010=CARTESIAN_POINT('Origin',(61.4288404274446,0.,49.8711595725554));
#7011=CARTESIAN_POINT('',(61.4288404274446,3.,49.8711595725554));
#7012=CARTESIAN_POINT('',(61.4288404274446,3.,60.9105797862777));
#7013=CARTESIAN_POINT('',(61.4288404274446,0.,49.8711595725554));
#7014=CARTESIAN_POINT('',(61.4288404274446,0.,60.9105797862777));
#7015=CARTESIAN_POINT('',(61.4288404274446,0.,49.8711595725554));
#7016=CARTESIAN_POINT('Origin',(65.4288404274446,0.,49.8711595725554));
#7017=CARTESIAN_POINT('',(53.0394202137223,3.,49.8711595725554));
#7018=CARTESIAN_POINT('',(53.0394202137223,0.,49.8711595725554));
#7019=CARTESIAN_POINT('Origin',(-0.128840427444556,0.,88.4288404274446));
#7020=CARTESIAN_POINT('',(-0.128840427444556,3.,88.4288404274446));
#7021=CARTESIAN_POINT('',(-0.128840427444556,3.,94.0288404274446));
#7022=CARTESIAN_POINT('',(-0.128840427444561,3.,56.9105797862777));
#7023=CARTESIAN_POINT('',(-0.128840427444556,0.,94.0288404274446));
#7024=CARTESIAN_POINT('',(-0.128840427444556,0.,94.0288404274446));
#7025=CARTESIAN_POINT('',(-0.128840427444556,0.,88.4288404274446));
#7026=CARTESIAN_POINT('',(-0.128840427444561,0.,56.9105797862777));
#7027=CARTESIAN_POINT('',(-0.128840427444556,0.,88.4288404274446));
#7028=CARTESIAN_POINT('Origin',(3.87115957255544,0.,88.4288404274446));
#7029=CARTESIAN_POINT('',(3.87115957255544,3.,88.4288404274446));
#7030=CARTESIAN_POINT('',(18.2605797862777,3.,88.4288404274446));
#7031=CARTESIAN_POINT('',(3.87115957255544,0.,88.4288404274446));
#7032=CARTESIAN_POINT('',(18.2605797862777,0.,88.4288404274446));
#7033=CARTESIAN_POINT('',(3.87115957255544,0.,88.4288404274446));
#7034=CARTESIAN_POINT('Origin',(3.87115957255544,0.,94.0288404274446));
#7035=CARTESIAN_POINT('',(3.87115957255544,3.,94.0288404274446));
#7036=CARTESIAN_POINT('',(3.87115957255544,3.,82.9894202137223));
#7037=CARTESIAN_POINT('',(3.87115957255544,0.,94.0288404274446));
#7038=CARTESIAN_POINT('',(3.87115957255544,0.,82.9894202137223));
#7039=CARTESIAN_POINT('',(3.87115957255544,0.,94.0288404274446));
#7040=CARTESIAN_POINT('Origin',(-0.128840427444556,0.,94.0288404274446));
#7041=CARTESIAN_POINT('',(12.2605797862777,3.,94.0288404274446));
#7042=CARTESIAN_POINT('',(12.2605797862777,0.,94.0288404274446));
#7043=CARTESIAN_POINT('Origin',(-0.128840427444562,0.,49.8711595725554));
#7044=CARTESIAN_POINT('',(-0.128840427444564,3.,49.8711595725554));
#7045=CARTESIAN_POINT('',(-0.128840427444562,3.,55.4711595725554));
#7046=CARTESIAN_POINT('',(-0.128840427444561,3.,56.9105797862777));
#7047=CARTESIAN_POINT('',(-0.128840427444562,0.,55.4711595725554));
#7048=CARTESIAN_POINT('',(-0.128840427444562,0.,55.4711595725554));
#7049=CARTESIAN_POINT('',(-0.128840427444562,0.,49.8711595725554));
#7050=CARTESIAN_POINT('',(-0.128840427444561,0.,56.9105797862777));
#7051=CARTESIAN_POINT('',(-0.128840427444562,0.,49.8711595725554));
#7052=CARTESIAN_POINT('Origin',(3.87115957255544,0.,49.8711595725554));
#7053=CARTESIAN_POINT('',(3.87115957255544,3.,49.8711595725554));
#7054=CARTESIAN_POINT('',(53.0394202137223,3.,49.8711595725554));
#7055=CARTESIAN_POINT('',(3.87115957255544,0.,49.8711595725554));
#7056=CARTESIAN_POINT('',(53.0394202137223,0.,49.8711595725554));
#7057=CARTESIAN_POINT('',(3.87115957255544,0.,49.8711595725554));
#7058=CARTESIAN_POINT('Origin',(3.87115957255544,0.,55.4711595725554));
#7059=CARTESIAN_POINT('',(3.87115957255544,3.,55.4711595725554));
#7060=CARTESIAN_POINT('',(3.87115957255544,3.,63.7105797862777));
#7061=CARTESIAN_POINT('',(3.87115957255544,0.,55.4711595725554));
#7062=CARTESIAN_POINT('',(3.87115957255544,0.,63.7105797862777));
#7063=CARTESIAN_POINT('',(3.87115957255544,0.,55.4711595725554));
#7064=CARTESIAN_POINT('Origin',(-0.128840427444562,0.,55.4711595725554));
#7065=CARTESIAN_POINT('',(16.2605797862777,3.,55.4711595725554));
#7066=CARTESIAN_POINT('',(16.2605797862777,0.,55.4711595725554));
#7067=CARTESIAN_POINT('Origin',(32.65,0.,71.95));
#7068=CARTESIAN_POINT('',(12.2605797862777,0.,94.0288404274446));
#7069=CARTESIAN_POINT('',(-0.128840427444561,0.,56.9105797862777));
#7070=CARTESIAN_POINT('',(53.0394202137223,0.,49.8711595725554));
#7071=CARTESIAN_POINT('',(65.4288404274446,0.,86.9894202137223));
#7072=CARTESIAN_POINT('',(9.62970741093159,0.,90.100419819355));
#7073=CARTESIAN_POINT('',(9.31694574654102,0.,89.2573234438896));
#7074=CARTESIAN_POINT('Ctrl Pts',(9.62970741093159,0.,90.100419819355));
#7075=CARTESIAN_POINT('Ctrl Pts',(9.61972586718536,0.,89.9350787232949));
#7076=CARTESIAN_POINT('Ctrl Pts',(9.60078391364169,0.,89.6213112901145));
#7077=CARTESIAN_POINT('Ctrl Pts',(9.40809595709072,0.,89.3742124766784));
#7078=CARTESIAN_POINT('Ctrl Pts',(9.31694574654102,0.,89.2573234438896));
#7079=CARTESIAN_POINT('',(8.46025116741657,0.,88.9476999640465));
#7080=CARTESIAN_POINT('Ctrl Pts',(9.31694574654102,0.,89.2573234438896));
#7081=CARTESIAN_POINT('Ctrl Pts',(9.19823463939095,0.,89.1671018960823));
#7082=CARTESIAN_POINT('Ctrl Pts',(8.94589322119519,0.,88.9753200664619));
#7083=CARTESIAN_POINT('Ctrl Pts',(8.62838912620139,0.,88.9572625371503));
#7084=CARTESIAN_POINT('Ctrl Pts',(8.46025116741657,0.,88.9476999640465));
#7085=CARTESIAN_POINT('',(7.61820085346699,0.,89.2479091882706));
#7086=CARTESIAN_POINT('Ctrl Pts',(8.46025116741657,0.,88.9476999640465));
#7087=CARTESIAN_POINT('Ctrl Pts',(8.29492401520437,0.,88.9568116525142));
#7088=CARTESIAN_POINT('Ctrl Pts',(7.98351106823615,0.,88.9739745789883));
#7089=CARTESIAN_POINT('Ctrl Pts',(7.73484955255612,0.,89.1604380075688));
#7090=CARTESIAN_POINT('Ctrl Pts',(7.61820085346699,0.,89.2479091882706));
#7091=CARTESIAN_POINT('',(7.31171555817127,0.,90.0627627968788));
#7092=CARTESIAN_POINT('Ctrl Pts',(7.61820085346699,0.,89.2479091882706));
#7093=CARTESIAN_POINT('Ctrl Pts',(7.52887265053116,0.,89.360913922833));
#7094=CARTESIAN_POINT('Ctrl Pts',(7.34059818487976,0.,89.5990907283275));
#7095=CARTESIAN_POINT('Ctrl Pts',(7.32166549453716,0.,89.9030298327241));
#7096=CARTESIAN_POINT('Ctrl Pts',(7.31171555817127,0.,90.0627627968788));
#7097=CARTESIAN_POINT('',(7.62970723211765,0.,90.8943527936935));
#7098=CARTESIAN_POINT('Ctrl Pts',(7.31171555817127,0.,90.0627627968788));
#7099=CARTESIAN_POINT('Ctrl Pts',(7.32179760044816,0.,90.2271254237074));
#7100=CARTESIAN_POINT('Ctrl Pts',(7.34091098439827,0.,90.5387216169537));
#7101=CARTESIAN_POINT('Ctrl Pts',(7.53703560255531,0.,90.7802345496654));
#7102=CARTESIAN_POINT('Ctrl Pts',(7.62970723211765,0.,90.8943527936935));
#7103=CARTESIAN_POINT('',(8.4895396977663,0.,91.1945620179176));
#7104=CARTESIAN_POINT('Ctrl Pts',(7.62970723211765,0.,90.8943527936935));
#7105=CARTESIAN_POINT('Ctrl Pts',(7.74985655625943,0.,90.9818304499922));
#7106=CARTESIAN_POINT('Ctrl Pts',(8.00533137730483,0.,91.1678351466312));
#7107=CARTESIAN_POINT('Ctrl Pts',(8.32186907785687,0.,91.1853070941845));
#7108=CARTESIAN_POINT('Ctrl Pts',(8.4895396977663,0.,91.1945620179176));
#7109=CARTESIAN_POINT('',(9.32636000216007,0.,90.8943527936935));
#7110=CARTESIAN_POINT('Ctrl Pts',(8.4895396977663,0.,91.1945620179176));
#7111=CARTESIAN_POINT('Ctrl Pts',(8.65413165092838,0.,91.185477626767));
#7112=CARTESIAN_POINT('Ctrl Pts',(8.96402686002978,0.,91.1683734534396));
#7113=CARTESIAN_POINT('Ctrl Pts',(9.21070015413852,0.,90.9818225395596));
#7114=CARTESIAN_POINT('Ctrl Pts',(9.32636000216007,0.,90.8943527936935));
#7115=CARTESIAN_POINT('Ctrl Pts',(9.32636000216007,0.,90.8943527936935));
#7116=CARTESIAN_POINT('Ctrl Pts',(9.4147957602582,0.,90.7830936410125));
#7117=CARTESIAN_POINT('Ctrl Pts',(9.59920787890527,0.,90.551088663546));
#7118=CARTESIAN_POINT('Ctrl Pts',(9.61926748811192,0.,90.2546827748169));
#7119=CARTESIAN_POINT('Ctrl Pts',(9.62970741093159,0.,90.100419819355));
#7120=CARTESIAN_POINT('',(16.1736405640841,0.,90.100419819355));
#7121=CARTESIAN_POINT('',(15.8608794957399,0.,89.2573234438896));
#7122=CARTESIAN_POINT('Ctrl Pts',(16.1736405640841,0.,90.100419819355));
#7123=CARTESIAN_POINT('Ctrl Pts',(16.1636589846674,0.,89.9350787476361));
#7124=CARTESIAN_POINT('Ctrl Pts',(16.1447169700719,0.,89.6213114706366));
#7125=CARTESIAN_POINT('Ctrl Pts',(15.9520294596548,0.,89.3742125036641));
#7126=CARTESIAN_POINT('Ctrl Pts',(15.8608794957399,0.,89.2573234438896));
#7127=CARTESIAN_POINT('',(15.004184320569,0.,88.9476999640465));
#7128=CARTESIAN_POINT('Ctrl Pts',(15.8608794957399,0.,89.2573234438896));
#7129=CARTESIAN_POINT('Ctrl Pts',(15.7421682858971,0.,89.1671018961108));
#7130=CARTESIAN_POINT('Ctrl Pts',(15.4898266466827,0.,88.9753200644784));
#7131=CARTESIAN_POINT('Ctrl Pts',(15.1723223746964,0.,88.9572625365236));
#7132=CARTESIAN_POINT('Ctrl Pts',(15.004184320569,0.,88.9476999640465));
#7133=CARTESIAN_POINT('',(14.1621340066195,0.,89.2479091882706));
#7134=CARTESIAN_POINT('Ctrl Pts',(15.004184320569,0.,88.9476999640465));
#7135=CARTESIAN_POINT('Ctrl Pts',(14.8388571683568,0.,88.9568116525142));
#7136=CARTESIAN_POINT('Ctrl Pts',(14.5274442213886,0.,88.9739745789883));
#7137=CARTESIAN_POINT('Ctrl Pts',(14.2787827057086,0.,89.1604380075688));
#7138=CARTESIAN_POINT('Ctrl Pts',(14.1621340066195,0.,89.2479091882706));
#7139=CARTESIAN_POINT('',(13.8556487113237,0.,90.0627627968788));
#7140=CARTESIAN_POINT('Ctrl Pts',(14.1621340066195,0.,89.2479091882706));
#7141=CARTESIAN_POINT('Ctrl Pts',(14.0728058036836,0.,89.360913922833));
#7142=CARTESIAN_POINT('Ctrl Pts',(13.8845313380322,0.,89.5990907283275));
#7143=CARTESIAN_POINT('Ctrl Pts',(13.8655986476896,0.,89.9030298327241));
#7144=CARTESIAN_POINT('Ctrl Pts',(13.8556487113237,0.,90.0627627968788));
#7145=CARTESIAN_POINT('',(14.1736400872469,0.,90.8943527936935));
#7146=CARTESIAN_POINT('Ctrl Pts',(13.8556487113237,0.,90.0627627968788));
#7147=CARTESIAN_POINT('Ctrl Pts',(13.8657306312608,0.,90.2271254270017));
#7148=CARTESIAN_POINT('Ctrl Pts',(13.8848437842087,0.,90.5387216416196));
#7149=CARTESIAN_POINT('Ctrl Pts',(14.0809684365227,0.,90.7802345533805));
#7150=CARTESIAN_POINT('Ctrl Pts',(14.1736400872469,0.,90.8943527936935));
#7151=CARTESIAN_POINT('',(15.0334728509188,0.,91.1945620179176));
#7152=CARTESIAN_POINT('Ctrl Pts',(14.1736400872469,0.,90.8943527936935));
#7153=CARTESIAN_POINT('Ctrl Pts',(14.2937893117509,0.,90.9818304475696));
#7154=CARTESIAN_POINT('Ctrl Pts',(14.549264162229,0.,91.1678353147373));
#7155=CARTESIAN_POINT('Ctrl Pts',(14.8658020115844,0.,91.1853071473224));
#7156=CARTESIAN_POINT('Ctrl Pts',(15.0334728509188,0.,91.1945620179176));
#7157=CARTESIAN_POINT('',(15.8702934533358,0.,90.8943527936935));
#7158=CARTESIAN_POINT('Ctrl Pts',(15.0334728509188,0.,91.1945620179176));
#7159=CARTESIAN_POINT('Ctrl Pts',(15.1980649093972,0.,91.1854776451254));
#7160=CARTESIAN_POINT('Ctrl Pts',(15.5079602280114,0.,91.1683735112634));
#7161=CARTESIAN_POINT('Ctrl Pts',(15.7546336043096,0.,90.9818225386936));
#7162=CARTESIAN_POINT('Ctrl Pts',(15.8702934533358,0.,90.8943527936935));
#7163=CARTESIAN_POINT('Ctrl Pts',(15.8702934533358,0.,90.8943527936935));
#7164=CARTESIAN_POINT('Ctrl Pts',(15.958729379087,0.,90.7830936626854));
#7165=CARTESIAN_POINT('Ctrl Pts',(16.1431417885215,0.,90.5510888044051));
#7166=CARTESIAN_POINT('Ctrl Pts',(16.163200902218,0.,90.254682793217));
#7167=CARTESIAN_POINT('Ctrl Pts',(16.1736405640841,0.,90.100419819355));
#7168=CARTESIAN_POINT('',(21.445607021451,0.,90.100419819355));
#7169=CARTESIAN_POINT('',(21.1328459531069,0.,89.2573234438896));
#7170=CARTESIAN_POINT('Ctrl Pts',(21.445607021451,0.,90.100419819355));
#7171=CARTESIAN_POINT('Ctrl Pts',(21.4356254420343,0.,89.9350787476361));
#7172=CARTESIAN_POINT('Ctrl Pts',(21.4166834274388,0.,89.6213114706366));
#7173=CARTESIAN_POINT('Ctrl Pts',(21.2239959170217,0.,89.3742125036641));
#7174=CARTESIAN_POINT('Ctrl Pts',(21.1328459531069,0.,89.2573234438896));
#7175=CARTESIAN_POINT('',(20.276150777936,0.,88.9476999640465));
#7176=CARTESIAN_POINT('Ctrl Pts',(21.1328459531069,0.,89.2573234438896));
#7177=CARTESIAN_POINT('Ctrl Pts',(21.014134743264,0.,89.1671018961108));
#7178=CARTESIAN_POINT('Ctrl Pts',(20.7617931040496,0.,88.9753200644784));
#7179=CARTESIAN_POINT('Ctrl Pts',(20.4442888320633,0.,88.9572625365236));
#7180=CARTESIAN_POINT('Ctrl Pts',(20.276150777936,0.,88.9476999640465));
#7181=CARTESIAN_POINT('',(19.4341016560793,0.,89.2479091882706));
#7182=CARTESIAN_POINT('Ctrl Pts',(20.276150777936,0.,88.9476999640465));
#7183=CARTESIAN_POINT('Ctrl Pts',(20.1108235861042,0.,88.9568115814137));
#7184=CARTESIAN_POINT('Ctrl Pts',(19.7994109106415,0.,88.9739743548854));
#7185=CARTESIAN_POINT('Ctrl Pts',(19.5507499486829,0.,89.1604380109052));
#7186=CARTESIAN_POINT('Ctrl Pts',(19.4341016560793,0.,89.2479091882706));
#7187=CARTESIAN_POINT('',(19.1276157647371,0.,90.0627627968788));
#7188=CARTESIAN_POINT('Ctrl Pts',(19.4341016560793,0.,89.2479091882706));
#7189=CARTESIAN_POINT('Ctrl Pts',(19.3447734959476,0.,89.360913930257));
#7190=CARTESIAN_POINT('Ctrl Pts',(19.1564990998247,0.,89.5990907775708));
#7191=CARTESIAN_POINT('Ctrl Pts',(19.1375659457835,0.,89.903029839301));
#7192=CARTESIAN_POINT('Ctrl Pts',(19.1276157647371,0.,90.0627627968788));
#7193=CARTESIAN_POINT('',(19.4456077367067,0.,90.8943527936935));
#7194=CARTESIAN_POINT('Ctrl Pts',(19.1276157647371,0.,90.0627627968788));
#7195=CARTESIAN_POINT('Ctrl Pts',(19.1376979293539,0.,90.2271254204132));
#7196=CARTESIAN_POINT('Ctrl Pts',(19.1568115443061,0.,90.5387215922876));
#7197=CARTESIAN_POINT('Ctrl Pts',(19.3529361283062,0.,90.7802345459503));
#7198=CARTESIAN_POINT('Ctrl Pts',(19.4456077367067,0.,90.8943527936935));
#7199=CARTESIAN_POINT('',(20.3054405003786,0.,91.1945620179176));
#7200=CARTESIAN_POINT('Ctrl Pts',(19.4456077367067,0.,90.8943527936935));
#7201=CARTESIAN_POINT('Ctrl Pts',(19.5657569612108,0.,90.9818304475696));
#7202=CARTESIAN_POINT('Ctrl Pts',(19.8212318116889,0.,91.1678353147373));
#7203=CARTESIAN_POINT('Ctrl Pts',(20.1377696610442,0.,91.1853071473224));
#7204=CARTESIAN_POINT('Ctrl Pts',(20.3054405003786,0.,91.1945620179176));
#7205=CARTESIAN_POINT('',(21.1422599107027,0.,90.8943527936935));
#7206=CARTESIAN_POINT('Ctrl Pts',(20.3054405003786,0.,91.1945620179176));
#7207=CARTESIAN_POINT('Ctrl Pts',(20.4700321375916,0.,91.1854775716917));
#7208=CARTESIAN_POINT('Ctrl Pts',(20.7799270181547,0.,91.168373279968));
#7209=CARTESIAN_POINT('Ctrl Pts',(21.0266000656949,0.,90.9818225421577));
#7210=CARTESIAN_POINT('Ctrl Pts',(21.1422599107027,0.,90.8943527936935));
#7211=CARTESIAN_POINT('Ctrl Pts',(21.1422599107027,0.,90.8943527936935));
#7212=CARTESIAN_POINT('Ctrl Pts',(21.2306952540656,0.,90.7830935916607));
#7213=CARTESIAN_POINT('Ctrl Pts',(21.4151066418049,0.,90.5510883427926));
#7214=CARTESIAN_POINT('Ctrl Pts',(21.435166803898,0.,90.2546827329176));
#7215=CARTESIAN_POINT('Ctrl Pts',(21.445607021451,0.,90.100419819355));
#7216=CARTESIAN_POINT('',(39.2039776593447,0.,90.9163191914558));
#7217=CARTESIAN_POINT('',(39.4602537900209,0.,90.1610890030861));
#7218=CARTESIAN_POINT('Ctrl Pts',(39.2039776593447,0.,90.9163191914558));
#7219=CARTESIAN_POINT('Ctrl Pts',(39.2786432511511,0.,90.8107517376087));
#7220=CARTESIAN_POINT('Ctrl Pts',(39.4381831456996,0.,90.5851830379298));
#7221=CARTESIAN_POINT('Ctrl Pts',(39.4525896257923,0.,90.3083582120906));
#7222=CARTESIAN_POINT('Ctrl Pts',(39.4602537900209,0.,90.1610890030861));
#7223=CARTESIAN_POINT('',(39.4602537900209,0.,89.8828464746475));
#7224=CARTESIAN_POINT('',(39.4602537900209,0.,81.055544501543));
#7225=CARTESIAN_POINT('',(38.0627632886171,0.,89.8828464746475));
#7226=CARTESIAN_POINT('',(36.0551268950105,0.,89.8828464746475));
#7227=CARTESIAN_POINT('',(38.6506295949221,0.,89.4163191318512));
#7228=CARTESIAN_POINT('Ctrl Pts',(38.0627632886171,0.,89.8828464746475));
#7229=CARTESIAN_POINT('Ctrl Pts',(38.1010614811492,0.,89.7469297976423));
#7230=CARTESIAN_POINT('Ctrl Pts',(38.1829731259587,0.,89.4562330875761));
#7231=CARTESIAN_POINT('Ctrl Pts',(38.4881432590042,0.,89.4301871585934));
#7232=CARTESIAN_POINT('Ctrl Pts',(38.6506295949221,0.,89.4163191318512));
#7233=CARTESIAN_POINT('',(39.2719674855471,0.,89.5836833119392));
#7234=CARTESIAN_POINT('Ctrl Pts',(38.6506295949221,0.,89.4163191318512));
#7235=CARTESIAN_POINT('Ctrl Pts',(38.763483346966,0.,89.4224194373642));
#7236=CARTESIAN_POINT('Ctrl Pts',(38.9826341257484,0.,89.4342656248393));
#7237=CARTESIAN_POINT('Ctrl Pts',(39.177466077453,0.,89.5348808446574));
#7238=CARTESIAN_POINT('Ctrl Pts',(39.2719674855471,0.,89.5836833119392));
#7239=CARTESIAN_POINT('',(39.2719674855471,0.,89.1066959500313));
#7240=CARTESIAN_POINT('',(39.2719674855471,0.,80.7668416559696));
#7241=CARTESIAN_POINT('',(38.5000015050173,0.,88.9476999640465));
#7242=CARTESIAN_POINT('Ctrl Pts',(39.2719674855471,0.,89.1066959500313));
#7243=CARTESIAN_POINT('Ctrl Pts',(39.1595447180482,0.,89.0604181991317));
#7244=CARTESIAN_POINT('Ctrl Pts',(38.9127806350744,0.,88.9588401378824));
#7245=CARTESIAN_POINT('Ctrl Pts',(38.6455079490566,0.,88.9516269239212));
#7246=CARTESIAN_POINT('Ctrl Pts',(38.5000015050173,0.,88.9476999640465));
#7247=CARTESIAN_POINT('',(37.6945615559816,0.,89.2353570461273));
#7248=CARTESIAN_POINT('Ctrl Pts',(38.5000015050173,0.,88.9476999640465));
#7249=CARTESIAN_POINT('Ctrl Pts',(38.3405810122905,0.,88.9560439443624));
#7250=CARTESIAN_POINT('Ctrl Pts',(38.0421584307761,0.,88.9716632170379));
#7251=CARTESIAN_POINT('Ctrl Pts',(37.8050187270852,0.,89.1515620625968));
#7252=CARTESIAN_POINT('Ctrl Pts',(37.6945615559816,0.,89.2353570461273));
#7253=CARTESIAN_POINT('',(37.4079514294863,0.,90.0376582145691));
#7254=CARTESIAN_POINT('Ctrl Pts',(37.6945615559816,0.,89.2353570461273));
#7255=CARTESIAN_POINT('Ctrl Pts',(37.6110645926028,0.,89.3457459443011));
#7256=CARTESIAN_POINT('Ctrl Pts',(37.4322472411664,0.,89.5821551453145));
#7257=CARTESIAN_POINT('Ctrl Pts',(37.4163993221471,0.,89.8792753176979));
#7258=CARTESIAN_POINT('Ctrl Pts',(37.4079514294863,0.,90.0376582145691));
#7259=CARTESIAN_POINT('',(37.7175737172365,0.,90.8828464150429));
#7260=CARTESIAN_POINT('Ctrl Pts',(37.4079514294863,0.,90.0376582145691));
#7261=CARTESIAN_POINT('Ctrl Pts',(37.4178132491812,0.,90.2030436746555));
#7262=CARTESIAN_POINT('Ctrl Pts',(37.4365220417096,0.,90.5167953306044));
#7263=CARTESIAN_POINT('Ctrl Pts',(37.6273400944166,0.,90.7653231324504));
#7264=CARTESIAN_POINT('Ctrl Pts',(37.7175737172365,0.,90.8828464150429));
#7265=CARTESIAN_POINT('',(38.4790802747011,0.,91.1945620179176));
#7266=CARTESIAN_POINT('Ctrl Pts',(37.7175737172365,0.,90.8828464150429));
#7267=CARTESIAN_POINT('Ctrl Pts',(37.8272952371929,0.,90.9737618550966));
#7268=CARTESIAN_POINT('Ctrl Pts',(38.048486951333,0.,91.1570416896749));
#7269=CARTESIAN_POINT('Ctrl Pts',(38.33479467972,0.,91.1819894985807));
#7270=CARTESIAN_POINT('Ctrl Pts',(38.4790802747011,0.,91.1945620179176));
#7271=CARTESIAN_POINT('Ctrl Pts',(38.4790802747011,0.,91.1945620179176));
#7272=CARTESIAN_POINT('Ctrl Pts',(38.6234477997626,0.,91.1860510766368));
#7273=CARTESIAN_POINT('Ctrl Pts',(38.8956837544563,0.,91.1700018701139));
#7274=CARTESIAN_POINT('Ctrl Pts',(39.105450727305,0.,90.9973930487182));
#7275=CARTESIAN_POINT('Ctrl Pts',(39.2039776593447,0.,90.9163191914558));
#7276=CARTESIAN_POINT('',(28.1140161305666,0.,90.3127628564835));
#7277=CARTESIAN_POINT('',(27.2447706013918,0.,90.0334742665291));
#7278=CARTESIAN_POINT('Ctrl Pts',(28.1140161305666,0.,90.3127628564835));
#7279=CARTESIAN_POINT('Ctrl Pts',(27.9912217059848,0.,90.2313960615146));
#7280=CARTESIAN_POINT('Ctrl Pts',(27.7285515224609,0.,90.057343933008));
#7281=CARTESIAN_POINT('Ctrl Pts',(27.4128737080377,0.,90.041768444565));
#7282=CARTESIAN_POINT('Ctrl Pts',(27.2447706013918,0.,90.0334742665291));
#7283=CARTESIAN_POINT('',(26.9225955754519,0.,90.0334742665291));
#7284=CARTESIAN_POINT('',(29.9473853006959,0.,90.0334742665291));
#7285=CARTESIAN_POINT('',(26.9225955754519,0.,89.0000012516975));
#7286=CARTESIAN_POINT('',(26.9225955754519,0.,80.9917371332645));
#7287=CARTESIAN_POINT('',(26.2468624860048,0.,89.0000012516975));
#7288=CARTESIAN_POINT('',(29.7862977877259,0.,89.0000012516975));
#7289=CARTESIAN_POINT('',(26.2468624860048,0.,92.0000013709068));
#7290=CARTESIAN_POINT('',(26.2468624860048,0.,80.4750006258488));
#7291=CARTESIAN_POINT('',(27.3054409772158,0.,92.0000013709068));
#7292=CARTESIAN_POINT('',(29.4484312430024,0.,92.0000013709068));
#7293=CARTESIAN_POINT('',(28.4393311291933,0.,91.0439345240593));
#7294=CARTESIAN_POINT('Ctrl Pts',(27.3054409772158,0.,92.0000013709068));
#7295=CARTESIAN_POINT('Ctrl Pts',(27.6356917047342,0.,91.9721650233533));
#7296=CARTESIAN_POINT('Ctrl Pts',(28.2542024746594,0.,91.9200316612661));
#7297=CARTESIAN_POINT('Ctrl Pts',(28.380479219669,0.,91.32244348629));
#7298=CARTESIAN_POINT('Ctrl Pts',(28.4393311291933,0.,91.0439345240593));
#7299=CARTESIAN_POINT('Ctrl Pts',(28.4393311291933,0.,91.0439345240593));
#7300=CARTESIAN_POINT('Ctrl Pts',(28.4266149108344,0.,90.9012261809651));
#7301=CARTESIAN_POINT('Ctrl Pts',(28.4015608489897,0.,90.620055824124));
#7302=CARTESIAN_POINT('Ctrl Pts',(28.2088944658565,0.,90.4141573295794));
#7303=CARTESIAN_POINT('Ctrl Pts',(28.1140161305666,0.,90.3127628564835));
#7304=CARTESIAN_POINT('',(32.970709875226,0.,89.2719677090645));
#7305=CARTESIAN_POINT('',(32.2719646245241,0.,88.9476999640465));
#7306=CARTESIAN_POINT('Ctrl Pts',(32.970709875226,0.,89.2719677090645));
#7307=CARTESIAN_POINT('Ctrl Pts',(32.8752201447857,0.,89.1773949630581));
#7308=CARTESIAN_POINT('Ctrl Pts',(32.6815159878088,0.,88.9855509401072));
#7309=CARTESIAN_POINT('Ctrl Pts',(32.4097559627739,0.,88.9604347199599));
#7310=CARTESIAN_POINT('Ctrl Pts',(32.2719646245241,0.,88.9476999640465));
#7311=CARTESIAN_POINT('',(31.673638895154,0.,89.2489552497864));
#7312=CARTESIAN_POINT('Ctrl Pts',(32.2719646245241,0.,88.9476999640465));
#7313=CARTESIAN_POINT('Ctrl Pts',(32.1490993663431,0.,88.9589269744951));
#7314=CARTESIAN_POINT('Ctrl Pts',(31.9094561648913,0.,88.9808247572081));
#7315=CARTESIAN_POINT('Ctrl Pts',(31.750902144418,0.,89.1611048853647));
#7316=CARTESIAN_POINT('Ctrl Pts',(31.673638895154,0.,89.2489552497864));
#7317=CARTESIAN_POINT('',(31.6652704030275,0.,89.2489552497864));
#7318=CARTESIAN_POINT('',(32.161819447577,0.,89.2489552497864));
#7319=CARTESIAN_POINT('',(31.6652704030275,0.,89.0000012516975));
#7320=CARTESIAN_POINT('',(31.6652704030275,0.,80.5994776248932));
#7321=CARTESIAN_POINT('',(31.0041833668947,0.,89.0000012516975));
#7322=CARTESIAN_POINT('',(32.1576352015138,0.,89.0000012516975));
#7323=CARTESIAN_POINT('',(31.0041833668947,0.,92.1715494990349));
#7324=CARTESIAN_POINT('',(31.0041833668947,0.,80.4750006258488));
#7325=CARTESIAN_POINT('',(31.6652704030275,0.,92.1715494990349));
#7326=CARTESIAN_POINT('',(31.8270916834474,0.,92.1715494990349));
#7327=CARTESIAN_POINT('',(31.6652704030275,0.,90.8200851082802));
#7328=CARTESIAN_POINT('',(31.6652704030275,0.,82.0607747495174));
#7329=CARTESIAN_POINT('',(31.673638895154,0.,90.8200851082802));
#7330=CARTESIAN_POINT('',(32.1576352015138,0.,90.8200851082802));
#7331=CARTESIAN_POINT('',(32.3702932149172,0.,91.1945620179176));
#7332=CARTESIAN_POINT('Ctrl Pts',(31.673638895154,0.,90.8200851082802));
#7333=CARTESIAN_POINT('Ctrl Pts',(31.7640852723014,0.,90.9293072570768));
#7334=CARTESIAN_POINT('Ctrl Pts',(31.9455254176222,0.,91.1484125786486));
#7335=CARTESIAN_POINT('Ctrl Pts',(32.2284194592645,0.,91.1791479627278));
#7336=CARTESIAN_POINT('Ctrl Pts',(32.3702932149172,0.,91.1945620179176));
#7337=CARTESIAN_POINT('',(33.0083680897951,0.,90.9100431203842));
#7338=CARTESIAN_POINT('Ctrl Pts',(32.3702932149172,0.,91.1945620179176));
#7339=CARTESIAN_POINT('Ctrl Pts',(32.4988275133748,0.,91.1846806748848));
#7340=CARTESIAN_POINT('Ctrl Pts',(32.7461945359073,0.,91.1656638176412));
#7341=CARTESIAN_POINT('Ctrl Pts',(32.9232921227102,0.,90.9929926692749));
#7342=CARTESIAN_POINT('Ctrl Pts',(33.0083680897951,0.,90.9100431203842));
#7343=CARTESIAN_POINT('',(33.2322169095278,0.,90.1318004727364));
#7344=CARTESIAN_POINT('Ctrl Pts',(33.0083680897951,0.,90.9100431203842));
#7345=CARTESIAN_POINT('Ctrl Pts',(33.0735374583708,0.,90.8005599092299));
#7346=CARTESIAN_POINT('Ctrl Pts',(33.2157575128179,0.,90.5616331159877));
#7347=CARTESIAN_POINT('Ctrl Pts',(33.2264331565123,0.,90.2828416008154));
#7348=CARTESIAN_POINT('Ctrl Pts',(33.2322169095278,0.,90.1318004727364));
#7349=CARTESIAN_POINT('Ctrl Pts',(33.2322169095278,0.,90.1318004727364));
#7350=CARTESIAN_POINT('Ctrl Pts',(33.224613026481,0.,89.9663871732737));
#7351=CARTESIAN_POINT('Ctrl Pts',(33.2103745768155,0.,89.6566468834878));
#7352=CARTESIAN_POINT('Ctrl Pts',(33.046888200735,0.,89.3942394293945));
#7353=CARTESIAN_POINT('Ctrl Pts',(32.970709875226,0.,89.2719677090645));
#7354=CARTESIAN_POINT('',(36.317992284894,0.,92.1715494990349));
#7355=CARTESIAN_POINT('',(36.9790793210268,0.,92.1715494990349));
#7356=CARTESIAN_POINT('',(34.483996142447,0.,92.1715494990349));
#7357=CARTESIAN_POINT('',(36.9790793210268,0.,89.0000012516975));
#7358=CARTESIAN_POINT('',(36.9790793210268,0.,82.0607747495174));
#7359=CARTESIAN_POINT('',(36.317992284894,0.,89.0000012516975));
#7360=CARTESIAN_POINT('',(34.8145396605134,0.,89.0000012516975));
#7361=CARTESIAN_POINT('',(36.317992284894,0.,80.4750006258488));
#7362=CARTESIAN_POINT('',(35.6276131421328,0.,89.2719677090645));
#7363=CARTESIAN_POINT('',(34.9288678914309,0.,88.9476999640465));
#7364=CARTESIAN_POINT('Ctrl Pts',(35.6276131421328,0.,89.2719677090645));
#7365=CARTESIAN_POINT('Ctrl Pts',(35.5321225973605,0.,89.1773949591172));
#7366=CARTESIAN_POINT('Ctrl Pts',(35.338417828774,0.,88.9855519584637));
#7367=CARTESIAN_POINT('Ctrl Pts',(35.0666582725176,0.,88.9604350184564));
#7368=CARTESIAN_POINT('Ctrl Pts',(34.9288678914309,0.,88.9476999640465));
#7369=CARTESIAN_POINT('',(34.3305421620607,0.,89.2489552497864));
#7370=CARTESIAN_POINT('Ctrl Pts',(34.9288678914309,0.,88.9476999640465));
#7371=CARTESIAN_POINT('Ctrl Pts',(34.8060026332498,0.,88.9589269744951));
#7372=CARTESIAN_POINT('Ctrl Pts',(34.566359431798,0.,88.9808247572081));
#7373=CARTESIAN_POINT('Ctrl Pts',(34.4078054113247,0.,89.1611048853647));
#7374=CARTESIAN_POINT('Ctrl Pts',(34.3305421620607,0.,89.2489552497864));
#7375=CARTESIAN_POINT('',(34.3221736699343,0.,89.2489552497864));
#7376=CARTESIAN_POINT('',(33.4902710810304,0.,89.2489552497864));
#7377=CARTESIAN_POINT('',(34.3221736699343,0.,89.0000012516975));
#7378=CARTESIAN_POINT('',(34.3221736699343,0.,80.5994776248932));
#7379=CARTESIAN_POINT('',(33.6610866338015,0.,89.0000012516975));
#7380=CARTESIAN_POINT('',(33.4860868349671,0.,89.0000012516975));
#7381=CARTESIAN_POINT('',(33.6610866338015,0.,92.1715494990349));
#7382=CARTESIAN_POINT('',(33.6610866338015,0.,80.4750006258488));
#7383=CARTESIAN_POINT('',(34.3221736699343,0.,92.1715494990349));
#7384=CARTESIAN_POINT('',(33.1555433169007,0.,92.1715494990349));
#7385=CARTESIAN_POINT('',(34.3221736699343,0.,90.8200851082802));
#7386=CARTESIAN_POINT('',(34.3221736699343,0.,82.0607747495174));
#7387=CARTESIAN_POINT('',(34.3305421620607,0.,90.8200851082802));
#7388=CARTESIAN_POINT('',(33.4860868349671,0.,90.8200851082802));
#7389=CARTESIAN_POINT('',(35.0271964818239,0.,91.1945620179176));
#7390=CARTESIAN_POINT('Ctrl Pts',(34.3305421620607,0.,90.8200851082802));
#7391=CARTESIAN_POINT('Ctrl Pts',(34.4209885392082,0.,90.9293072570768));
#7392=CARTESIAN_POINT('Ctrl Pts',(34.6024286845289,0.,91.1484125786486));
#7393=CARTESIAN_POINT('Ctrl Pts',(34.8853227261713,0.,91.1791479627278));
#7394=CARTESIAN_POINT('Ctrl Pts',(35.0271964818239,0.,91.1945620179176));
#7395=CARTESIAN_POINT('',(35.6652713567019,0.,90.9100431203842));
#7396=CARTESIAN_POINT('Ctrl Pts',(35.0271964818239,0.,91.1945620179176));
#7397=CARTESIAN_POINT('Ctrl Pts',(35.1557307802816,0.,91.1846806748848));
#7398=CARTESIAN_POINT('Ctrl Pts',(35.4030978028141,0.,91.1656638176412));
#7399=CARTESIAN_POINT('Ctrl Pts',(35.5801953896169,0.,90.9929926692749));
#7400=CARTESIAN_POINT('Ctrl Pts',(35.6652713567019,0.,90.9100431203842));
#7401=CARTESIAN_POINT('',(35.8891201764345,0.,90.1318004727364));
#7402=CARTESIAN_POINT('Ctrl Pts',(35.6652713567019,0.,90.9100431203842));
#7403=CARTESIAN_POINT('Ctrl Pts',(35.7304407252775,0.,90.8005599092299));
#7404=CARTESIAN_POINT('Ctrl Pts',(35.8726607797247,0.,90.5616331159877));
#7405=CARTESIAN_POINT('Ctrl Pts',(35.883336423419,0.,90.2828416008154));
#7406=CARTESIAN_POINT('Ctrl Pts',(35.8891201764345,0.,90.1318004727364));
#7407=CARTESIAN_POINT('Ctrl Pts',(35.8891201764345,0.,90.1318004727364));
#7408=CARTESIAN_POINT('Ctrl Pts',(35.8815162933877,0.,89.9663871732737));
#7409=CARTESIAN_POINT('Ctrl Pts',(35.8672778437222,0.,89.6566468834878));
#7410=CARTESIAN_POINT('Ctrl Pts',(35.7037914676417,0.,89.3942394293945));
#7411=CARTESIAN_POINT('Ctrl Pts',(35.6276131421328,0.,89.2719677090645));
#7412=CARTESIAN_POINT('',(30.3546047955751,0.,90.9163191914558));
#7413=CARTESIAN_POINT('',(30.6108809262514,0.,90.1610890030861));
#7414=CARTESIAN_POINT('Ctrl Pts',(30.3546047955751,0.,90.9163191914558));
#7415=CARTESIAN_POINT('Ctrl Pts',(30.4292703873815,0.,90.8107517376087));
#7416=CARTESIAN_POINT('Ctrl Pts',(30.58881028193,0.,90.5851830379298));
#7417=CARTESIAN_POINT('Ctrl Pts',(30.6032167620228,0.,90.3083582120906));
#7418=CARTESIAN_POINT('Ctrl Pts',(30.6108809262514,0.,90.1610890030861));
#7419=CARTESIAN_POINT('',(30.6108809262514,0.,89.8828464746475));
#7420=CARTESIAN_POINT('',(30.6108809262514,0.,81.055544501543));
#7421=CARTESIAN_POINT('',(29.2133904248476,0.,89.8828464746475));
#7422=CARTESIAN_POINT('',(31.6304404631257,0.,89.8828464746475));
#7423=CARTESIAN_POINT('',(29.8012567311525,0.,89.4163191318512));
#7424=CARTESIAN_POINT('Ctrl Pts',(29.2133904248476,0.,89.8828464746475));
#7425=CARTESIAN_POINT('Ctrl Pts',(29.2516886173796,0.,89.7469297976423));
#7426=CARTESIAN_POINT('Ctrl Pts',(29.3336002621892,0.,89.4562330875761));
#7427=CARTESIAN_POINT('Ctrl Pts',(29.6387703952347,0.,89.4301871585934));
#7428=CARTESIAN_POINT('Ctrl Pts',(29.8012567311525,0.,89.4163191318512));
#7429=CARTESIAN_POINT('',(30.4225946217775,0.,89.5836833119392));
#7430=CARTESIAN_POINT('Ctrl Pts',(29.8012567311525,0.,89.4163191318512));
#7431=CARTESIAN_POINT('Ctrl Pts',(29.9141104831964,0.,89.4224194373642));
#7432=CARTESIAN_POINT('Ctrl Pts',(30.1332612619789,0.,89.4342656248393));
#7433=CARTESIAN_POINT('Ctrl Pts',(30.3280932136834,0.,89.5348808446574));
#7434=CARTESIAN_POINT('Ctrl Pts',(30.4225946217775,0.,89.5836833119392));
#7435=CARTESIAN_POINT('',(30.4225946217775,0.,89.1066959500313));
#7436=CARTESIAN_POINT('',(30.4225946217775,0.,80.7668416559696));
#7437=CARTESIAN_POINT('',(29.6506286412477,0.,88.9476999640465));
#7438=CARTESIAN_POINT('Ctrl Pts',(30.4225946217775,0.,89.1066959500313));
#7439=CARTESIAN_POINT('Ctrl Pts',(30.3101718542787,0.,89.0604181991317));
#7440=CARTESIAN_POINT('Ctrl Pts',(30.0634077713049,0.,88.9588401378824));
#7441=CARTESIAN_POINT('Ctrl Pts',(29.7961350852871,0.,88.9516269239212));
#7442=CARTESIAN_POINT('Ctrl Pts',(29.6506286412477,0.,88.9476999640465));
#7443=CARTESIAN_POINT('',(28.8451886922121,0.,89.2353570461273));
#7444=CARTESIAN_POINT('Ctrl Pts',(29.6506286412477,0.,88.9476999640465));
#7445=CARTESIAN_POINT('Ctrl Pts',(29.4912081485209,0.,88.9560439443624));
#7446=CARTESIAN_POINT('Ctrl Pts',(29.1927855670066,0.,88.9716632170379));
#7447=CARTESIAN_POINT('Ctrl Pts',(28.9556458633157,0.,89.1515620625968));
#7448=CARTESIAN_POINT('Ctrl Pts',(28.8451886922121,0.,89.2353570461273));
#7449=CARTESIAN_POINT('',(28.5585785657167,0.,90.0376582145691));
#7450=CARTESIAN_POINT('Ctrl Pts',(28.8451886922121,0.,89.2353570461273));
#7451=CARTESIAN_POINT('Ctrl Pts',(28.7616917288333,0.,89.3457459443011));
#7452=CARTESIAN_POINT('Ctrl Pts',(28.5828743773968,0.,89.5821551453145));
#7453=CARTESIAN_POINT('Ctrl Pts',(28.5670264583776,0.,89.8792753176979));
#7454=CARTESIAN_POINT('Ctrl Pts',(28.5585785657167,0.,90.0376582145691));
#7455=CARTESIAN_POINT('',(28.868200853467,0.,90.8828464150429));
#7456=CARTESIAN_POINT('Ctrl Pts',(28.5585785657167,0.,90.0376582145691));
#7457=CARTESIAN_POINT('Ctrl Pts',(28.5684403854117,0.,90.2030436746555));
#7458=CARTESIAN_POINT('Ctrl Pts',(28.58714917794,0.,90.5167953306044));
#7459=CARTESIAN_POINT('Ctrl Pts',(28.7779672306471,0.,90.7653231324504));
#7460=CARTESIAN_POINT('Ctrl Pts',(28.868200853467,0.,90.8828464150429));
#7461=CARTESIAN_POINT('',(29.6297074109316,0.,91.1945620179176));
#7462=CARTESIAN_POINT('Ctrl Pts',(28.868200853467,0.,90.8828464150429));
#7463=CARTESIAN_POINT('Ctrl Pts',(28.9779231837778,0.,90.9737618571797));
#7464=CARTESIAN_POINT('Ctrl Pts',(29.1991153869687,0.,91.1570407475692));
#7465=CARTESIAN_POINT('Ctrl Pts',(29.485422740009,0.,91.1819892254748));
#7466=CARTESIAN_POINT('Ctrl Pts',(29.6297074109316,0.,91.1945620179176));
#7467=CARTESIAN_POINT('Ctrl Pts',(29.6297074109316,0.,91.1945620179176));
#7468=CARTESIAN_POINT('Ctrl Pts',(29.7740749359931,0.,91.1860510766368));
#7469=CARTESIAN_POINT('Ctrl Pts',(30.0463108906868,0.,91.1700018701139));
#7470=CARTESIAN_POINT('Ctrl Pts',(30.2560778635355,0.,90.9973930487182));
#7471=CARTESIAN_POINT('Ctrl Pts',(30.3546047955751,0.,90.9163191914558));
#7472=CARTESIAN_POINT('',(25.7531405240297,0.,90.100419819355));
#7473=CARTESIAN_POINT('',(25.4403782635927,0.,89.2573234438896));
#7474=CARTESIAN_POINT('Ctrl Pts',(25.7531405240297,0.,90.100419819355));
#7475=CARTESIAN_POINT('Ctrl Pts',(25.7431584547173,0.,89.9350787607133));
#7476=CARTESIAN_POINT('Ctrl Pts',(25.7242155140157,0.,89.6213115676214));
#7477=CARTESIAN_POINT('Ctrl Pts',(25.5315281426213,0.,89.3742125181621));
#7478=CARTESIAN_POINT('Ctrl Pts',(25.4403782635927,0.,89.2573234438896));
#7479=CARTESIAN_POINT('',(24.5836830884218,0.,88.9476999640465));
#7480=CARTESIAN_POINT('Ctrl Pts',(25.4403782635927,0.,89.2573234438896));
#7481=CARTESIAN_POINT('Ctrl Pts',(25.3216670537498,0.,89.1671018961108));
#7482=CARTESIAN_POINT('Ctrl Pts',(25.0693254145355,0.,88.9753200644784));
#7483=CARTESIAN_POINT('Ctrl Pts',(24.7518211425492,0.,88.9572625365236));
#7484=CARTESIAN_POINT('Ctrl Pts',(24.5836830884218,0.,88.9476999640465));
#7485=CARTESIAN_POINT('',(23.7416339665651,0.,89.2479091882706));
#7486=CARTESIAN_POINT('Ctrl Pts',(24.5836830884218,0.,88.9476999640465));
#7487=CARTESIAN_POINT('Ctrl Pts',(24.4183563571766,0.,88.956811725508));
#7488=CARTESIAN_POINT('Ctrl Pts',(24.1069438477971,0.,88.973974809059));
#7489=CARTESIAN_POINT('Ctrl Pts',(23.858282661689,0.,89.1604380041437));
#7490=CARTESIAN_POINT('Ctrl Pts',(23.7416339665651,0.,89.2479091882706));
#7491=CARTESIAN_POINT('',(23.435148075223,0.,90.0627627968788));
#7492=CARTESIAN_POINT('Ctrl Pts',(23.7416339665651,0.,89.2479091882706));
#7493=CARTESIAN_POINT('Ctrl Pts',(23.6523052273351,0.,89.3609138607566));
#7494=CARTESIAN_POINT('Ctrl Pts',(23.4640298043415,0.,89.5990903165751));
#7495=CARTESIAN_POINT('Ctrl Pts',(23.4450976969631,0.,89.9030297777305));
#7496=CARTESIAN_POINT('Ctrl Pts',(23.435148075223,0.,90.0627627968788));
#7497=CARTESIAN_POINT('',(23.7531400471926,0.,90.8943527936935));
#7498=CARTESIAN_POINT('Ctrl Pts',(23.435148075223,0.,90.0627627968788));
#7499=CARTESIAN_POINT('Ctrl Pts',(23.4452302398397,0.,90.2271254204132));
#7500=CARTESIAN_POINT('Ctrl Pts',(23.464343854792,0.,90.5387215922876));
#7501=CARTESIAN_POINT('Ctrl Pts',(23.6604684387921,0.,90.7802345459503));
#7502=CARTESIAN_POINT('Ctrl Pts',(23.7531400471926,0.,90.8943527936935));
#7503=CARTESIAN_POINT('',(24.6129728108644,0.,91.1945620179176));
#7504=CARTESIAN_POINT('Ctrl Pts',(23.7531400471926,0.,90.8943527936935));
#7505=CARTESIAN_POINT('Ctrl Pts',(23.8732892716966,0.,90.9818304475696));
#7506=CARTESIAN_POINT('Ctrl Pts',(24.1287641221747,0.,91.1678353147373));
#7507=CARTESIAN_POINT('Ctrl Pts',(24.4453019715301,0.,91.1853071473224));
#7508=CARTESIAN_POINT('Ctrl Pts',(24.6129728108644,0.,91.1945620179176));
#7509=CARTESIAN_POINT('',(25.4497934132814,0.,90.8943527936935));
#7510=CARTESIAN_POINT('Ctrl Pts',(24.6129728108644,0.,91.1945620179176));
#7511=CARTESIAN_POINT('Ctrl Pts',(24.7775644079576,0.,91.1854775002474));
#7512=CARTESIAN_POINT('Ctrl Pts',(25.0874595584749,0.,91.1683730549383));
#7513=CARTESIAN_POINT('Ctrl Pts',(25.334133161674,0.,90.9818225455279));
#7514=CARTESIAN_POINT('Ctrl Pts',(25.4497934132814,0.,90.8943527936935));
#7515=CARTESIAN_POINT('Ctrl Pts',(25.4497934132814,0.,90.8943527936935));
#7516=CARTESIAN_POINT('Ctrl Pts',(25.5382293390326,0.,90.7830936626854));
#7517=CARTESIAN_POINT('Ctrl Pts',(25.7226417484672,0.,90.5510888044051));
#7518=CARTESIAN_POINT('Ctrl Pts',(25.7427008621637,0.,90.254682793217));
#7519=CARTESIAN_POINT('Ctrl Pts',(25.7531405240297,0.,90.100419819355));
#7520=CARTESIAN_POINT('',(23.1087876111269,0.,91.1799176037312));
#7521=CARTESIAN_POINT('',(23.2719672471285,0.,91.1548130214214));
#7522=CARTESIAN_POINT('Ctrl Pts',(23.1087876111269,0.,91.1799176037312));
#7523=CARTESIAN_POINT('Ctrl Pts',(23.1400995376436,0.,91.1795068100881));
#7524=CARTESIAN_POINT('Ctrl Pts',(23.1957636834498,0.,91.1787765299749));
#7525=CARTESIAN_POINT('Ctrl Pts',(23.248775417668,0.,91.1621060872154));
#7526=CARTESIAN_POINT('Ctrl Pts',(23.2719672471285,0.,91.1548130214214));
#7527=CARTESIAN_POINT('',(23.2719672471285,0.,90.5460265278816));
#7528=CARTESIAN_POINT('',(23.2719672471285,0.,81.5524065107107));
#7529=CARTESIAN_POINT('',(22.9937244206667,0.,90.6108799576759));
#7530=CARTESIAN_POINT('Ctrl Pts',(23.2719672471285,0.,90.5460265278816));
#7531=CARTESIAN_POINT('Ctrl Pts',(23.2295487141492,0.,90.5649332472148));
#7532=CARTESIAN_POINT('Ctrl Pts',(23.1410543787987,0.,90.6043767980293));
#7533=CARTESIAN_POINT('Ctrl Pts',(23.044169089515,0.,90.6086533247562));
#7534=CARTESIAN_POINT('Ctrl Pts',(22.9937244206667,0.,90.6108799576759));
#7535=CARTESIAN_POINT('',(22.6569045335054,0.,90.4529300332069));
#7536=CARTESIAN_POINT('Ctrl Pts',(22.9937244206667,0.,90.6108799576759));
#7537=CARTESIAN_POINT('Ctrl Pts',(22.9263122596291,0.,90.6049263786947));
#7538=CARTESIAN_POINT('Ctrl Pts',(22.7945228893497,0.,90.5932872558306));
#7539=CARTESIAN_POINT('Ctrl Pts',(22.7020676072121,0.,90.4989919378978));
#7540=CARTESIAN_POINT('Ctrl Pts',(22.6569045335054,0.,90.4529300332069));
#7541=CARTESIAN_POINT('',(22.5355661660433,0.,90.023013651371));
#7542=CARTESIAN_POINT('Ctrl Pts',(22.6569045335054,0.,90.4529300332069));
#7543=CARTESIAN_POINT('Ctrl Pts',(22.6215791481208,0.,90.3922625618794));
#7544=CARTESIAN_POINT('Ctrl Pts',(22.5444810470875,0.,90.2598550372926));
#7545=CARTESIAN_POINT('Ctrl Pts',(22.5386989685368,0.,90.1062427242764));
#7546=CARTESIAN_POINT('Ctrl Pts',(22.5355661660433,0.,90.023013651371));
#7547=CARTESIAN_POINT('',(22.5355661660433,0.,89.0000012516975));
#7548=CARTESIAN_POINT('',(22.5355661660433,0.,80.9865068256855));
#7549=CARTESIAN_POINT('',(21.8744779378176,0.,89.0000012516975));
#7550=CARTESIAN_POINT('',(27.5927830830216,0.,89.0000012516975));
#7551=CARTESIAN_POINT('',(21.8744779378176,0.,91.1422607302666));
#7552=CARTESIAN_POINT('',(21.8744779378176,0.,80.4750006258488));
#7553=CARTESIAN_POINT('',(22.5355661660433,0.,91.1422607302666));
#7554=CARTESIAN_POINT('',(27.2622389689088,0.,91.1422607302666));
#7555=CARTESIAN_POINT('',(22.5355661660433,0.,90.7447710633278));
#7556=CARTESIAN_POINT('',(22.5355661660433,0.,81.5461303651333));
#7557=CARTESIAN_POINT('',(22.5439334660769,0.,90.7447710633278));
#7558=CARTESIAN_POINT('',(27.5927830830216,0.,90.7447710633278));
#7559=CARTESIAN_POINT('Ctrl Pts',(22.5439334660769,0.,90.7447710633278));
#7560=CARTESIAN_POINT('Ctrl Pts',(22.603652937052,0.,90.8716230849224));
#7561=CARTESIAN_POINT('Ctrl Pts',(22.7183140556083,0.,91.1151784019681));
#7562=CARTESIAN_POINT('Ctrl Pts',(22.9822963930552,0.,91.1589457853525));
#7563=CARTESIAN_POINT('Ctrl Pts',(23.1087876111269,0.,91.1799176037312));
#7564=CARTESIAN_POINT('',(18.0376578122377,0.,92.1715494990349));
#7565=CARTESIAN_POINT('',(18.6987460404634,0.,92.1715494990349));
#7566=CARTESIAN_POINT('',(25.3438289061189,0.,92.1715494990349));
#7567=CARTESIAN_POINT('',(18.6987460404634,0.,89.0000012516975));
#7568=CARTESIAN_POINT('',(18.6987460404634,0.,82.0607747495174));
#7569=CARTESIAN_POINT('',(18.0376578122377,0.,89.0000012516975));
#7570=CARTESIAN_POINT('',(25.6743730202317,0.,89.0000012516975));
#7571=CARTESIAN_POINT('',(18.0376578122377,0.,89.2949804663658));
#7572=CARTESIAN_POINT('',(18.0376578122377,0.,80.4750006258488));
#7573=CARTESIAN_POINT('',(18.0292905122042,0.,89.2949804663658));
#7574=CARTESIAN_POINT('',(25.3438289061189,0.,89.2949804663658));
#7575=CARTESIAN_POINT('',(17.3661101609468,0.,88.9476999640465));
#7576=CARTESIAN_POINT('Ctrl Pts',(18.0292905122042,0.,89.2949804663658));
#7577=CARTESIAN_POINT('Ctrl Pts',(17.9440231298745,0.,89.1936978188731));
#7578=CARTESIAN_POINT('Ctrl Pts',(17.7706753879318,0.,88.9877912018157));
#7579=CARTESIAN_POINT('Ctrl Pts',(17.5024162828507,0.,88.9612075044334));
#7580=CARTESIAN_POINT('Ctrl Pts',(17.3661101609468,0.,88.9476999640465));
#7581=CARTESIAN_POINT('',(16.7196667939425,0.,89.2311728000641));
#7582=CARTESIAN_POINT('Ctrl Pts',(17.3661101609468,0.,88.9476999640465));
#7583=CARTESIAN_POINT('Ctrl Pts',(17.2396155377715,0.,88.958532625216));
#7584=CARTESIAN_POINT('Ctrl Pts',(16.9916102898964,0.,88.9797711312574));
#7585=CARTESIAN_POINT('Ctrl Pts',(16.8090919757246,0.,89.1485025385286));
#7586=CARTESIAN_POINT('Ctrl Pts',(16.7196667939425,0.,89.2311728000641));
#7587=CARTESIAN_POINT('',(16.4748967438936,0.,90.023013651371));
#7588=CARTESIAN_POINT('Ctrl Pts',(16.7196667939425,0.,89.2311728000641));
#7589=CARTESIAN_POINT('Ctrl Pts',(16.6484060644041,0.,89.34112444338));
#7590=CARTESIAN_POINT('Ctrl Pts',(16.4929403766634,0.,89.5810000095867));
#7591=CARTESIAN_POINT('Ctrl Pts',(16.481236124076,0.,89.8677182872481));
#7592=CARTESIAN_POINT('Ctrl Pts',(16.4748967438936,0.,90.023013651371));
#7593=CARTESIAN_POINT('',(16.744771078229,0.,90.8744782209396));
#7594=CARTESIAN_POINT('Ctrl Pts',(16.4748967438936,0.,90.023013651371));
#7595=CARTESIAN_POINT('Ctrl Pts',(16.4829132518966,0.,90.1873073607776));
#7596=CARTESIAN_POINT('Ctrl Pts',(16.497967752399,0.,90.4958406685348));
#7597=CARTESIAN_POINT('Ctrl Pts',(16.6661470879038,0.,90.7538558786073));
#7598=CARTESIAN_POINT('Ctrl Pts',(16.744771078229,0.,90.8744782209396));
#7599=CARTESIAN_POINT('',(17.4518848210573,0.,91.1945620179176));
#7600=CARTESIAN_POINT('Ctrl Pts',(16.744771078229,0.,90.8744782209396));
#7601=CARTESIAN_POINT('Ctrl Pts',(16.8425943028479,0.,90.9678318324752));
#7602=CARTESIAN_POINT('Ctrl Pts',(17.0407201486311,0.,91.1569051666907));
#7603=CARTESIAN_POINT('Ctrl Pts',(17.3136912539478,0.,91.1819054475794));
#7604=CARTESIAN_POINT('Ctrl Pts',(17.4518848210573,0.,91.1945620179176));
#7605=CARTESIAN_POINT('',(18.0292905122042,0.,90.8974906802177));
#7606=CARTESIAN_POINT('Ctrl Pts',(17.4518848210573,0.,91.1945620179176));
#7607=CARTESIAN_POINT('Ctrl Pts',(17.5775068096627,0.,91.1855545549393));
#7608=CARTESIAN_POINT('Ctrl Pts',(17.8140961519147,0.,91.1685904090517));
#7609=CARTESIAN_POINT('Ctrl Pts',(17.9605835962886,0.,90.9840469740197));
#7610=CARTESIAN_POINT('Ctrl Pts',(18.0292905122042,0.,90.8974906802177));
#7611=CARTESIAN_POINT('',(18.0376578122377,0.,90.8974906802177));
#7612=CARTESIAN_POINT('',(25.3396452561021,0.,90.8974906802177));
#7613=CARTESIAN_POINT('',(18.0376578122377,0.,81.4237453401089));
#7614=CARTESIAN_POINT('',(12.7615071088076,0.,91.1945620179176));
#7615=CARTESIAN_POINT('',(13.4602511674166,0.,90.3326371312141));
#7616=CARTESIAN_POINT('Ctrl Pts',(12.7615071088076,0.,91.1945620179176));
#7617=CARTESIAN_POINT('Ctrl Pts',(12.9649344883151,0.,91.1480605181592));
#7618=CARTESIAN_POINT('Ctrl Pts',(13.408767699864,0.,91.0466046078014));
#7619=CARTESIAN_POINT('Ctrl Pts',(13.4421625681627,0.,90.5834879805881));
#7620=CARTESIAN_POINT('Ctrl Pts',(13.4602511674166,0.,90.3326371312141));
#7621=CARTESIAN_POINT('',(13.4602511674166,0.,89.0000012516975));
#7622=CARTESIAN_POINT('',(13.4602511674166,0.,81.1413185656071));
#7623=CARTESIAN_POINT('',(12.8012556582689,0.,89.0000012516975));
#7624=CARTESIAN_POINT('',(23.0551255837083,0.,89.0000012516975));
#7625=CARTESIAN_POINT('',(12.8012556582689,0.,90.2217587828636));
#7626=CARTESIAN_POINT('',(12.8012556582689,0.,80.4750006258488));
#7627=CARTESIAN_POINT('',(12.4581594020128,0.,90.6882858276367));
#7628=CARTESIAN_POINT('Ctrl Pts',(12.8012556582689,0.,90.2217587828636));
#7629=CARTESIAN_POINT('Ctrl Pts',(12.7953025669325,0.,90.3571823785863));
#7630=CARTESIAN_POINT('Ctrl Pts',(12.7846809306165,0.,90.598808132512));
#7631=CARTESIAN_POINT('Ctrl Pts',(12.5578560906001,0.,90.6609656385377));
#7632=CARTESIAN_POINT('Ctrl Pts',(12.4581594020128,0.,90.6882858276367));
#7633=CARTESIAN_POINT('',(12.1924687176943,0.,90.5481186509132));
#7634=CARTESIAN_POINT('Ctrl Pts',(12.4581594020128,0.,90.6882858276367));
#7635=CARTESIAN_POINT('Ctrl Pts',(12.4059931891113,0.,90.6820280588177));
#7636=CARTESIAN_POINT('Ctrl Pts',(12.2997088017855,0.,90.669278367246));
#7637=CARTESIAN_POINT('Ctrl Pts',(12.2286504189888,0.,90.5889966929479));
#7638=CARTESIAN_POINT('Ctrl Pts',(12.1924687176943,0.,90.5481186509132));
#7639=CARTESIAN_POINT('',(12.0899582654238,0.,90.1987460255623));
#7640=CARTESIAN_POINT('Ctrl Pts',(12.1924687176943,0.,90.5481186509132));
#7641=CARTESIAN_POINT('Ctrl Pts',(12.1625901947166,0.,90.4969278391286));
#7642=CARTESIAN_POINT('Ctrl Pts',(12.099686410769,0.,90.3891549158483));
#7643=CARTESIAN_POINT('Ctrl Pts',(12.0933073505633,0.,90.264297635068));
#7644=CARTESIAN_POINT('Ctrl Pts',(12.0899582654238,0.,90.1987460255623));
#7645=CARTESIAN_POINT('',(12.0899582654238,0.,89.0000012516975));
#7646=CARTESIAN_POINT('',(12.0899582654238,0.,81.0743730127811));
#7647=CARTESIAN_POINT('',(11.4288706332445,0.,89.0000012516975));
#7648=CARTESIAN_POINT('',(22.3699791327119,0.,89.0000012516975));
#7649=CARTESIAN_POINT('',(11.4288706332445,0.,90.2343109250069));
#7650=CARTESIAN_POINT('',(11.4288706332445,0.,80.4750006258488));
#7651=CARTESIAN_POINT('',(11.0920507460833,0.,90.6882858276367));
#7652=CARTESIAN_POINT('Ctrl Pts',(11.4288706332445,0.,90.2343109250069));
#7653=CARTESIAN_POINT('Ctrl Pts',(11.4227558764643,0.,90.3661275529));
#7654=CARTESIAN_POINT('Ctrl Pts',(11.4118129946526,0.,90.6020247163853));
#7655=CARTESIAN_POINT('Ctrl Pts',(11.1899425377612,0.,90.6618779112229));
#7656=CARTESIAN_POINT('Ctrl Pts',(11.0920507460833,0.,90.6882858276367));
#7657=CARTESIAN_POINT('',(10.8211303502321,0.,90.5543944239616));
#7658=CARTESIAN_POINT('Ctrl Pts',(11.0920507460833,0.,90.6882858276367));
#7659=CARTESIAN_POINT('Ctrl Pts',(11.0384417489513,0.,90.6827638972646));
#7660=CARTESIAN_POINT('Ctrl Pts',(10.9314958389762,0.,90.6717480622359));
#7661=CARTESIAN_POINT('Ctrl Pts',(10.8578563970444,0.,90.5934458997617));
#7662=CARTESIAN_POINT('Ctrl Pts',(10.8211303502321,0.,90.5543944239616));
#7663=CARTESIAN_POINT('',(10.719665363431,0.,90.190377831459));
#7664=CARTESIAN_POINT('Ctrl Pts',(10.8211303502321,0.,90.5543944239616));
#7665=CARTESIAN_POINT('Ctrl Pts',(10.7915920009264,0.,90.5029701996751));
#7666=CARTESIAN_POINT('Ctrl Pts',(10.7270740280614,0.,90.3906488687574));
#7667=CARTESIAN_POINT('Ctrl Pts',(10.7222699720764,0.,90.2607856176397));
#7668=CARTESIAN_POINT('Ctrl Pts',(10.719665363431,0.,90.190377831459));
#7669=CARTESIAN_POINT('',(10.719665363431,0.,89.0000012516975));
#7670=CARTESIAN_POINT('',(10.719665363431,0.,81.0701889157295));
#7671=CARTESIAN_POINT('',(10.0585777312517,0.,89.0000012516975));
#7672=CARTESIAN_POINT('',(21.6848326817155,0.,89.0000012516975));
#7673=CARTESIAN_POINT('',(10.0585777312517,0.,91.1422607302666));
#7674=CARTESIAN_POINT('',(10.0585777312517,0.,80.4750006258488));
#7675=CARTESIAN_POINT('',(10.719665363431,0.,91.1422607302666));
#7676=CARTESIAN_POINT('',(21.3542888656259,0.,91.1422607302666));
#7677=CARTESIAN_POINT('',(10.719665363431,0.,90.8075326681137));
#7678=CARTESIAN_POINT('',(10.719665363431,0.,81.5461303651333));
#7679=CARTESIAN_POINT('',(10.7280338555574,0.,90.8075326681137));
#7680=CARTESIAN_POINT('',(21.6848326817155,0.,90.8075326681137));
#7681=CARTESIAN_POINT('',(11.0156906396151,0.,91.0868212580681));
#7682=CARTESIAN_POINT('Ctrl Pts',(10.7280338555574,0.,90.8075326681137));
#7683=CARTESIAN_POINT('Ctrl Pts',(10.7661910566145,0.,90.8623703003718));
#7684=CARTESIAN_POINT('Ctrl Pts',(10.8439204429163,0.,90.9740791098121));
#7685=CARTESIAN_POINT('Ctrl Pts',(10.957743231463,0.,91.0487872137083));
#7686=CARTESIAN_POINT('Ctrl Pts',(11.0156906396151,0.,91.0868212580681));
#7687=CARTESIAN_POINT('',(11.4205027371645,0.,91.1945620179176));
#7688=CARTESIAN_POINT('Ctrl Pts',(11.0156906396151,0.,91.0868212580681));
#7689=CARTESIAN_POINT('Ctrl Pts',(11.0790836133543,0.,91.1182452552532));
#7690=CARTESIAN_POINT('Ctrl Pts',(11.2067147162833,0.,91.181512194515));
#7691=CARTESIAN_POINT('Ctrl Pts',(11.3489261620517,0.,91.1901929159392));
#7692=CARTESIAN_POINT('Ctrl Pts',(11.4205027371645,0.,91.1945620179176));
#7693=CARTESIAN_POINT('',(12.0418412238359,0.,90.7949802279472));
#7694=CARTESIAN_POINT('Ctrl Pts',(11.4205027371645,0.,91.1945620179176));
#7695=CARTESIAN_POINT('Ctrl Pts',(11.5594427818169,0.,91.1789479620168));
#7696=CARTESIAN_POINT('Ctrl Pts',(11.8331640719573,0.,91.1481872152775));
#7697=CARTESIAN_POINT('Ctrl Pts',(11.9729903257826,0.,90.9115172712099));
#7698=CARTESIAN_POINT('Ctrl Pts',(12.0418412238359,0.,90.7949802279472));
#7699=CARTESIAN_POINT('Ctrl Pts',(12.0418412238359,0.,90.7949802279472));
#7700=CARTESIAN_POINT('Ctrl Pts',(12.1333397184167,0.,90.9115242930797));
#7701=CARTESIAN_POINT('Ctrl Pts',(12.3170845176856,0.,91.1455649289598));
#7702=CARTESIAN_POINT('Ctrl Pts',(12.6129648508756,0.,91.1781854016716));
#7703=CARTESIAN_POINT('Ctrl Pts',(12.7615071088076,0.,91.1945620179176));
#7704=CARTESIAN_POINT('',(6.86715491116047,0.,90.3127628564835));
#7705=CARTESIAN_POINT('',(5.99790804088116,0.,90.0334742665291));
#7706=CARTESIAN_POINT('Ctrl Pts',(6.86715491116047,0.,90.3127628564835));
#7707=CARTESIAN_POINT('Ctrl Pts',(6.74436018176759,0.,90.2313960602673));
#7708=CARTESIAN_POINT('Ctrl Pts',(6.4816894733912,0.,90.0573440133588));
#7709=CARTESIAN_POINT('Ctrl Pts',(6.16601127862036,0.,90.0417684701848));
#7710=CARTESIAN_POINT('Ctrl Pts',(5.99790804088116,0.,90.0334742665291));
#7711=CARTESIAN_POINT('',(5.67573234438896,0.,90.0334742665291));
#7712=CARTESIAN_POINT('',(19.3239540204406,0.,90.0334742665291));
#7713=CARTESIAN_POINT('',(5.67573234438896,0.,89.0000012516975));
#7714=CARTESIAN_POINT('',(5.67573234438896,0.,80.9917371332645));
#7715=CARTESIAN_POINT('',(5.00000007450581,0.,89.0000012516975));
#7716=CARTESIAN_POINT('',(19.1628661721945,0.,89.0000012516975));
#7717=CARTESIAN_POINT('',(5.00000007450581,0.,92.0000013709068));
#7718=CARTESIAN_POINT('',(5.00000007450581,0.,80.4750006258488));
#7719=CARTESIAN_POINT('',(6.05857752263546,0.,92.0000013709068));
#7720=CARTESIAN_POINT('',(18.8250000372529,0.,92.0000013709068));
#7721=CARTESIAN_POINT('',(7.19246871769428,0.,91.0439345240593));
#7722=CARTESIAN_POINT('Ctrl Pts',(6.05857752263546,0.,92.0000013709068));
#7723=CARTESIAN_POINT('Ctrl Pts',(6.38882852966914,0.,91.9721650885076));
#7724=CARTESIAN_POINT('Ctrl Pts',(7.00733962998911,0.,91.9200318647207));
#7725=CARTESIAN_POINT('Ctrl Pts',(7.13361668482405,0.,91.3224434830201));
#7726=CARTESIAN_POINT('Ctrl Pts',(7.19246871769428,0.,91.0439345240593));
#7727=CARTESIAN_POINT('Ctrl Pts',(7.19246871769428,0.,91.0439345240593));
#7728=CARTESIAN_POINT('Ctrl Pts',(7.17975177603132,0.,90.9012262981443));
#7729=CARTESIAN_POINT('Ctrl Pts',(7.15469634709749,0.,90.6200568230103));
#7730=CARTESIAN_POINT('Ctrl Pts',(6.9620320116956,0.,90.4141574970889));
#7731=CARTESIAN_POINT('Ctrl Pts',(6.86715491116047,0.,90.3127628564835));
#7732=CARTESIAN_POINT('Ctrl Pts',(8.48117180168629,0.,89.4539761543274));
#7733=CARTESIAN_POINT('Ctrl Pts',(8.48117180168629,0.2,89.4539761543274));
#7734=CARTESIAN_POINT('Ctrl Pts',(8.61922242499661,0.,89.4905731303131));
#7735=CARTESIAN_POINT('Ctrl Pts',(8.61922242499661,0.2,89.4905731303131));
#7736=CARTESIAN_POINT('Ctrl Pts',(8.93080089897589,0.,89.5731720324872));
#7737=CARTESIAN_POINT('Ctrl Pts',(8.93080089897589,0.2,89.5731720324872));
#7738=CARTESIAN_POINT('Ctrl Pts',(8.94702906471801,0.,89.9037552109394));
#7739=CARTESIAN_POINT('Ctrl Pts',(8.94702906471801,0.2,89.9037552109394));
#7740=CARTESIAN_POINT('Ctrl Pts',(8.95606704056263,0.,90.0878673791885));
#7741=CARTESIAN_POINT('Ctrl Pts',(8.95606704056263,0.2,90.0878673791885));
#7742=CARTESIAN_POINT('',(8.48117180168629,0.,89.4539761543274));
#7743=CARTESIAN_POINT('',(8.95606704056263,0.,90.0878673791885));
#7744=CARTESIAN_POINT('Ctrl Pts',(8.48117180168629,0.,89.4539761543274));
#7745=CARTESIAN_POINT('Ctrl Pts',(8.61922242499661,0.,89.4905731303131));
#7746=CARTESIAN_POINT('Ctrl Pts',(8.93080089897589,0.,89.5731720324872));
#7747=CARTESIAN_POINT('Ctrl Pts',(8.94702906471801,0.,89.9037552109394));
#7748=CARTESIAN_POINT('Ctrl Pts',(8.95606704056263,0.,90.0878673791885));
#7749=CARTESIAN_POINT('',(8.48117180168629,0.2,89.4539761543274));
#7750=CARTESIAN_POINT('',(8.48117180168629,0.,89.4539761543274));
#7751=CARTESIAN_POINT('',(8.95606704056263,0.2,90.0878673791885));
#7752=CARTESIAN_POINT('Ctrl Pts',(8.48117180168629,0.2,89.4539761543274));
#7753=CARTESIAN_POINT('Ctrl Pts',(8.61922242499661,0.2,89.4905731303131));
#7754=CARTESIAN_POINT('Ctrl Pts',(8.93080089897589,0.2,89.5731720324872));
#7755=CARTESIAN_POINT('Ctrl Pts',(8.94702906471801,0.2,89.9037552109394));
#7756=CARTESIAN_POINT('Ctrl Pts',(8.95606704056263,0.2,90.0878673791885));
#7757=CARTESIAN_POINT('',(8.95606704056263,0.,90.0878673791885));
#7758=CARTESIAN_POINT('Ctrl Pts',(7.98326380550861,0.,90.0711309909821));
#7759=CARTESIAN_POINT('Ctrl Pts',(7.98326380550861,0.2,90.0711309909821));
#7760=CARTESIAN_POINT('Ctrl Pts',(7.99595198641463,0.,89.8915355993493));
#7761=CARTESIAN_POINT('Ctrl Pts',(7.99595198641463,0.2,89.8915355993493));
#7762=CARTESIAN_POINT('Ctrl Pts',(8.01933602139901,0.,89.5605452901725));
#7763=CARTESIAN_POINT('Ctrl Pts',(8.01933602139901,0.2,89.5605452901725));
#7764=CARTESIAN_POINT('Ctrl Pts',(8.33622625608826,0.,89.4874225051696));
#7765=CARTESIAN_POINT('Ctrl Pts',(8.33622625608826,0.2,89.4874225051696));
#7766=CARTESIAN_POINT('Ctrl Pts',(8.48117180168629,0.,89.4539761543274));
#7767=CARTESIAN_POINT('Ctrl Pts',(8.48117180168629,0.2,89.4539761543274));
#7768=CARTESIAN_POINT('',(7.98326380550861,0.,90.0711309909821));
#7769=CARTESIAN_POINT('Ctrl Pts',(7.98326380550861,0.,90.0711309909821));
#7770=CARTESIAN_POINT('Ctrl Pts',(7.99595198641463,0.,89.8915355993493));
#7771=CARTESIAN_POINT('Ctrl Pts',(8.01933602139901,0.,89.5605452901725));
#7772=CARTESIAN_POINT('Ctrl Pts',(8.33622625608826,0.,89.4874225051696));
#7773=CARTESIAN_POINT('Ctrl Pts',(8.48117180168629,0.,89.4539761543274));
#7774=CARTESIAN_POINT('',(7.98326380550861,0.2,90.0711309909821));
#7775=CARTESIAN_POINT('',(7.98326380550861,0.,90.0711309909821));
#7776=CARTESIAN_POINT('Ctrl Pts',(7.98326380550861,0.2,90.0711309909821));
#7777=CARTESIAN_POINT('Ctrl Pts',(7.99595198641463,0.2,89.8915355993493));
#7778=CARTESIAN_POINT('Ctrl Pts',(8.01933602139901,0.2,89.5605452901725));
#7779=CARTESIAN_POINT('Ctrl Pts',(8.33622625608826,0.2,89.4874225051696));
#7780=CARTESIAN_POINT('Ctrl Pts',(8.48117180168629,0.2,89.4539761543274));
#7781=CARTESIAN_POINT('Ctrl Pts',(8.11297066509724,0.,90.5271980166435));
#7782=CARTESIAN_POINT('Ctrl Pts',(8.11297066509724,0.2,90.5271980166435));
#7783=CARTESIAN_POINT('Ctrl Pts',(8.07522965106473,0.,90.4639505683785));
#7784=CARTESIAN_POINT('Ctrl Pts',(8.07522965106473,0.2,90.4639505683785));
#7785=CARTESIAN_POINT('Ctrl Pts',(7.99176943745154,0.,90.3240856050752));
#7786=CARTESIAN_POINT('Ctrl Pts',(7.99176943745154,0.2,90.3240856050752));
#7787=CARTESIAN_POINT('Ctrl Pts',(7.98627412019223,0.,90.1606567304219));
#7788=CARTESIAN_POINT('Ctrl Pts',(7.98627412019223,0.2,90.1606567304219));
#7789=CARTESIAN_POINT('Ctrl Pts',(7.98326380550861,0.,90.0711309909821));
#7790=CARTESIAN_POINT('Ctrl Pts',(7.98326380550861,0.2,90.0711309909821));
#7791=CARTESIAN_POINT('',(8.11297066509724,0.,90.5271980166435));
#7792=CARTESIAN_POINT('Ctrl Pts',(8.11297066509724,0.,90.5271980166435));
#7793=CARTESIAN_POINT('Ctrl Pts',(8.07522965106473,0.,90.4639505683785));
#7794=CARTESIAN_POINT('Ctrl Pts',(7.99176943745154,0.,90.3240856050752));
#7795=CARTESIAN_POINT('Ctrl Pts',(7.98627412019223,0.,90.1606567304219));
#7796=CARTESIAN_POINT('Ctrl Pts',(7.98326380550861,0.,90.0711309909821));
#7797=CARTESIAN_POINT('',(8.11297066509724,0.2,90.5271980166435));
#7798=CARTESIAN_POINT('',(8.11297066509724,0.,90.5271980166435));
#7799=CARTESIAN_POINT('Ctrl Pts',(8.11297066509724,0.2,90.5271980166435));
#7800=CARTESIAN_POINT('Ctrl Pts',(8.07522965106473,0.2,90.4639505683785));
#7801=CARTESIAN_POINT('Ctrl Pts',(7.99176943745154,0.2,90.3240856050752));
#7802=CARTESIAN_POINT('Ctrl Pts',(7.98627412019223,0.2,90.1606567304219));
#7803=CARTESIAN_POINT('Ctrl Pts',(7.98326380550861,0.2,90.0711309909821));
#7804=CARTESIAN_POINT('Ctrl Pts',(8.47698755562305,0.,90.6882858276367));
#7805=CARTESIAN_POINT('Ctrl Pts',(8.47698755562305,0.2,90.6882858276367));
#7806=CARTESIAN_POINT('Ctrl Pts',(8.40409624771961,0.,90.6826007143192));
#7807=CARTESIAN_POINT('Ctrl Pts',(8.40409624771961,0.2,90.6826007143192));
#7808=CARTESIAN_POINT('Ctrl Pts',(8.26340814302036,0.,90.6716278309858));
#7809=CARTESIAN_POINT('Ctrl Pts',(8.26340814302036,0.2,90.6716278309858));
#7810=CARTESIAN_POINT('Ctrl Pts',(8.16189113390859,0.,90.5741648651011));
#7811=CARTESIAN_POINT('Ctrl Pts',(8.16189113390859,0.2,90.5741648651011));
#7812=CARTESIAN_POINT('Ctrl Pts',(8.11297066509724,0.,90.5271980166435));
#7813=CARTESIAN_POINT('Ctrl Pts',(8.11297066509724,0.2,90.5271980166435));
#7814=CARTESIAN_POINT('',(8.47698755562305,0.,90.6882858276367));
#7815=CARTESIAN_POINT('Ctrl Pts',(8.47698755562305,0.,90.6882858276367));
#7816=CARTESIAN_POINT('Ctrl Pts',(8.40409624771961,0.,90.6826007143192));
#7817=CARTESIAN_POINT('Ctrl Pts',(8.26340814302036,0.,90.6716278309858));
#7818=CARTESIAN_POINT('Ctrl Pts',(8.16189113390859,0.,90.5741648651011));
#7819=CARTESIAN_POINT('Ctrl Pts',(8.11297066509724,0.,90.5271980166435));
#7820=CARTESIAN_POINT('',(8.47698755562305,0.2,90.6882858276367));
#7821=CARTESIAN_POINT('',(8.47698755562305,0.,90.6882858276367));
#7822=CARTESIAN_POINT('Ctrl Pts',(8.47698755562305,0.2,90.6882858276367));
#7823=CARTESIAN_POINT('Ctrl Pts',(8.40409624771961,0.2,90.6826007143192));
#7824=CARTESIAN_POINT('Ctrl Pts',(8.26340814302036,0.2,90.6716278309858));
#7825=CARTESIAN_POINT('Ctrl Pts',(8.16189113390859,0.2,90.5741648651011));
#7826=CARTESIAN_POINT('Ctrl Pts',(8.11297066509724,0.2,90.5271980166435));
#7827=CARTESIAN_POINT('Ctrl Pts',(8.95606704056263,0.,90.0878673791885));
#7828=CARTESIAN_POINT('Ctrl Pts',(8.95606704056263,0.2,90.0878673791885));
#7829=CARTESIAN_POINT('Ctrl Pts',(8.94430652894276,0.,90.2625491859056));
#7830=CARTESIAN_POINT('Ctrl Pts',(8.94430652894276,0.2,90.2625491859056));
#7831=CARTESIAN_POINT('Ctrl Pts',(8.92271795772836,0.,90.5832096083488));
#7832=CARTESIAN_POINT('Ctrl Pts',(8.92271795772836,0.2,90.5832096083488));
#7833=CARTESIAN_POINT('Ctrl Pts',(8.61642532607112,0.,90.6554148507516));
#7834=CARTESIAN_POINT('Ctrl Pts',(8.61642532607112,0.2,90.6554148507516));
#7835=CARTESIAN_POINT('Ctrl Pts',(8.47698755562305,0.,90.6882858276367));
#7836=CARTESIAN_POINT('Ctrl Pts',(8.47698755562305,0.2,90.6882858276367));
#7837=CARTESIAN_POINT('Ctrl Pts',(8.95606704056263,0.,90.0878673791885));
#7838=CARTESIAN_POINT('Ctrl Pts',(8.94430652894276,0.,90.2625491859056));
#7839=CARTESIAN_POINT('Ctrl Pts',(8.92271795772836,0.,90.5832096083488));
#7840=CARTESIAN_POINT('Ctrl Pts',(8.61642532607112,0.,90.6554148507516));
#7841=CARTESIAN_POINT('Ctrl Pts',(8.47698755562305,0.,90.6882858276367));
#7842=CARTESIAN_POINT('Ctrl Pts',(8.95606704056263,0.2,90.0878673791885));
#7843=CARTESIAN_POINT('Ctrl Pts',(8.94430652894276,0.2,90.2625491859056));
#7844=CARTESIAN_POINT('Ctrl Pts',(8.92271795772836,0.2,90.5832096083488));
#7845=CARTESIAN_POINT('Ctrl Pts',(8.61642532607112,0.2,90.6554148507516));
#7846=CARTESIAN_POINT('Ctrl Pts',(8.47698755562305,0.2,90.6882858276367));
#7847=CARTESIAN_POINT('Ctrl Pts',(9.62970741093159,0.,90.100419819355));
#7848=CARTESIAN_POINT('Ctrl Pts',(9.62970741093159,0.2,90.100419819355));
#7849=CARTESIAN_POINT('Ctrl Pts',(9.61972586718536,0.,89.9350787232949));
#7850=CARTESIAN_POINT('Ctrl Pts',(9.61972586718536,0.2,89.9350787232949));
#7851=CARTESIAN_POINT('Ctrl Pts',(9.60078391364169,0.,89.6213112901145));
#7852=CARTESIAN_POINT('Ctrl Pts',(9.60078391364169,0.2,89.6213112901145));
#7853=CARTESIAN_POINT('Ctrl Pts',(9.40809595709072,0.,89.3742124766784));
#7854=CARTESIAN_POINT('Ctrl Pts',(9.40809595709072,0.2,89.3742124766784));
#7855=CARTESIAN_POINT('Ctrl Pts',(9.31694574654102,0.,89.2573234438896));
#7856=CARTESIAN_POINT('Ctrl Pts',(9.31694574654102,0.2,89.2573234438896));
#7857=CARTESIAN_POINT('',(9.62970741093159,0.2,90.100419819355));
#7858=CARTESIAN_POINT('',(9.62970741093159,0.,90.100419819355));
#7859=CARTESIAN_POINT('',(9.31694574654102,0.2,89.2573234438896));
#7860=CARTESIAN_POINT('Ctrl Pts',(9.62970741093159,0.2,90.100419819355));
#7861=CARTESIAN_POINT('Ctrl Pts',(9.61972586718536,0.2,89.9350787232949));
#7862=CARTESIAN_POINT('Ctrl Pts',(9.60078391364169,0.2,89.6213112901145));
#7863=CARTESIAN_POINT('Ctrl Pts',(9.40809595709072,0.2,89.3742124766784));
#7864=CARTESIAN_POINT('Ctrl Pts',(9.31694574654102,0.2,89.2573234438896));
#7865=CARTESIAN_POINT('',(9.31694574654102,0.,89.2573234438896));
#7866=CARTESIAN_POINT('Ctrl Pts',(9.32636000216007,0.,90.8943527936935));
#7867=CARTESIAN_POINT('Ctrl Pts',(9.32636000216007,0.2,90.8943527936935));
#7868=CARTESIAN_POINT('Ctrl Pts',(9.4147957602582,0.,90.7830936410125));
#7869=CARTESIAN_POINT('Ctrl Pts',(9.4147957602582,0.2,90.7830936410125));
#7870=CARTESIAN_POINT('Ctrl Pts',(9.59920787890527,0.,90.551088663546));
#7871=CARTESIAN_POINT('Ctrl Pts',(9.59920787890527,0.2,90.551088663546));
#7872=CARTESIAN_POINT('Ctrl Pts',(9.61926748811192,0.,90.2546827748169));
#7873=CARTESIAN_POINT('Ctrl Pts',(9.61926748811192,0.2,90.2546827748169));
#7874=CARTESIAN_POINT('Ctrl Pts',(9.62970741093159,0.,90.100419819355));
#7875=CARTESIAN_POINT('Ctrl Pts',(9.62970741093159,0.2,90.100419819355));
#7876=CARTESIAN_POINT('',(9.32636000216007,0.2,90.8943527936935));
#7877=CARTESIAN_POINT('',(9.32636000216007,0.,90.8943527936935));
#7878=CARTESIAN_POINT('Ctrl Pts',(9.32636000216007,0.2,90.8943527936935));
#7879=CARTESIAN_POINT('Ctrl Pts',(9.4147957602582,0.2,90.7830936410125));
#7880=CARTESIAN_POINT('Ctrl Pts',(9.59920787890527,0.2,90.551088663546));
#7881=CARTESIAN_POINT('Ctrl Pts',(9.61926748811192,0.2,90.2546827748169));
#7882=CARTESIAN_POINT('Ctrl Pts',(9.62970741093159,0.2,90.100419819355));
#7883=CARTESIAN_POINT('Ctrl Pts',(8.4895396977663,0.,91.1945620179176));
#7884=CARTESIAN_POINT('Ctrl Pts',(8.4895396977663,0.2,91.1945620179176));
#7885=CARTESIAN_POINT('Ctrl Pts',(8.65413165092838,0.,91.185477626767));
#7886=CARTESIAN_POINT('Ctrl Pts',(8.65413165092838,0.2,91.185477626767));
#7887=CARTESIAN_POINT('Ctrl Pts',(8.96402686002978,0.,91.1683734534396));
#7888=CARTESIAN_POINT('Ctrl Pts',(8.96402686002978,0.2,91.1683734534396));
#7889=CARTESIAN_POINT('Ctrl Pts',(9.21070015413852,0.,90.9818225395596));
#7890=CARTESIAN_POINT('Ctrl Pts',(9.21070015413852,0.2,90.9818225395596));
#7891=CARTESIAN_POINT('Ctrl Pts',(9.32636000216007,0.,90.8943527936935));
#7892=CARTESIAN_POINT('Ctrl Pts',(9.32636000216007,0.2,90.8943527936935));
#7893=CARTESIAN_POINT('',(8.4895396977663,0.2,91.1945620179176));
#7894=CARTESIAN_POINT('',(8.4895396977663,0.,91.1945620179176));
#7895=CARTESIAN_POINT('Ctrl Pts',(8.4895396977663,0.2,91.1945620179176));
#7896=CARTESIAN_POINT('Ctrl Pts',(8.65413165092838,0.2,91.185477626767));
#7897=CARTESIAN_POINT('Ctrl Pts',(8.96402686002978,0.2,91.1683734534396));
#7898=CARTESIAN_POINT('Ctrl Pts',(9.21070015413852,0.2,90.9818225395596));
#7899=CARTESIAN_POINT('Ctrl Pts',(9.32636000216007,0.2,90.8943527936935));
#7900=CARTESIAN_POINT('Ctrl Pts',(7.62970723211765,0.,90.8943527936935));
#7901=CARTESIAN_POINT('Ctrl Pts',(7.62970723211765,0.2,90.8943527936935));
#7902=CARTESIAN_POINT('Ctrl Pts',(7.74985655625943,0.,90.9818304499922));
#7903=CARTESIAN_POINT('Ctrl Pts',(7.74985655625943,0.2,90.9818304499922));
#7904=CARTESIAN_POINT('Ctrl Pts',(8.00533137730483,0.,91.1678351466312));
#7905=CARTESIAN_POINT('Ctrl Pts',(8.00533137730483,0.2,91.1678351466312));
#7906=CARTESIAN_POINT('Ctrl Pts',(8.32186907785687,0.,91.1853070941845));
#7907=CARTESIAN_POINT('Ctrl Pts',(8.32186907785687,0.2,91.1853070941845));
#7908=CARTESIAN_POINT('Ctrl Pts',(8.4895396977663,0.,91.1945620179176));
#7909=CARTESIAN_POINT('Ctrl Pts',(8.4895396977663,0.2,91.1945620179176));
#7910=CARTESIAN_POINT('',(7.62970723211765,0.2,90.8943527936935));
#7911=CARTESIAN_POINT('',(7.62970723211765,0.,90.8943527936935));
#7912=CARTESIAN_POINT('Ctrl Pts',(7.62970723211765,0.2,90.8943527936935));
#7913=CARTESIAN_POINT('Ctrl Pts',(7.74985655625943,0.2,90.9818304499922));
#7914=CARTESIAN_POINT('Ctrl Pts',(8.00533137730483,0.2,91.1678351466312));
#7915=CARTESIAN_POINT('Ctrl Pts',(8.32186907785687,0.2,91.1853070941845));
#7916=CARTESIAN_POINT('Ctrl Pts',(8.4895396977663,0.2,91.1945620179176));
#7917=CARTESIAN_POINT('Ctrl Pts',(7.31171555817127,0.,90.0627627968788));
#7918=CARTESIAN_POINT('Ctrl Pts',(7.31171555817127,0.2,90.0627627968788));
#7919=CARTESIAN_POINT('Ctrl Pts',(7.32179760044816,0.,90.2271254237074));
#7920=CARTESIAN_POINT('Ctrl Pts',(7.32179760044816,0.2,90.2271254237074));
#7921=CARTESIAN_POINT('Ctrl Pts',(7.34091098439827,0.,90.5387216169537));
#7922=CARTESIAN_POINT('Ctrl Pts',(7.34091098439827,0.2,90.5387216169537));
#7923=CARTESIAN_POINT('Ctrl Pts',(7.53703560255531,0.,90.7802345496654));
#7924=CARTESIAN_POINT('Ctrl Pts',(7.53703560255531,0.2,90.7802345496654));
#7925=CARTESIAN_POINT('Ctrl Pts',(7.62970723211765,0.,90.8943527936935));
#7926=CARTESIAN_POINT('Ctrl Pts',(7.62970723211765,0.2,90.8943527936935));
#7927=CARTESIAN_POINT('',(7.31171555817127,0.2,90.0627627968788));
#7928=CARTESIAN_POINT('',(7.31171555817127,0.,90.0627627968788));
#7929=CARTESIAN_POINT('Ctrl Pts',(7.31171555817127,0.2,90.0627627968788));
#7930=CARTESIAN_POINT('Ctrl Pts',(7.32179760044816,0.2,90.2271254237074));
#7931=CARTESIAN_POINT('Ctrl Pts',(7.34091098439827,0.2,90.5387216169537));
#7932=CARTESIAN_POINT('Ctrl Pts',(7.53703560255531,0.2,90.7802345496654));
#7933=CARTESIAN_POINT('Ctrl Pts',(7.62970723211765,0.2,90.8943527936935));
#7934=CARTESIAN_POINT('Ctrl Pts',(7.61820085346699,0.,89.2479091882706));
#7935=CARTESIAN_POINT('Ctrl Pts',(7.61820085346699,0.2,89.2479091882706));
#7936=CARTESIAN_POINT('Ctrl Pts',(7.52887265053116,0.,89.360913922833));
#7937=CARTESIAN_POINT('Ctrl Pts',(7.52887265053116,0.2,89.360913922833));
#7938=CARTESIAN_POINT('Ctrl Pts',(7.34059818487976,0.,89.5990907283275));
#7939=CARTESIAN_POINT('Ctrl Pts',(7.34059818487976,0.2,89.5990907283275));
#7940=CARTESIAN_POINT('Ctrl Pts',(7.32166549453716,0.,89.9030298327241));
#7941=CARTESIAN_POINT('Ctrl Pts',(7.32166549453716,0.2,89.9030298327241));
#7942=CARTESIAN_POINT('Ctrl Pts',(7.31171555817127,0.,90.0627627968788));
#7943=CARTESIAN_POINT('Ctrl Pts',(7.31171555817127,0.2,90.0627627968788));
#7944=CARTESIAN_POINT('',(7.61820085346699,0.2,89.2479091882706));
#7945=CARTESIAN_POINT('',(7.61820085346699,0.,89.2479091882706));
#7946=CARTESIAN_POINT('Ctrl Pts',(7.61820085346699,0.2,89.2479091882706));
#7947=CARTESIAN_POINT('Ctrl Pts',(7.52887265053116,0.2,89.360913922833));
#7948=CARTESIAN_POINT('Ctrl Pts',(7.34059818487976,0.2,89.5990907283275));
#7949=CARTESIAN_POINT('Ctrl Pts',(7.32166549453716,0.2,89.9030298327241));
#7950=CARTESIAN_POINT('Ctrl Pts',(7.31171555817127,0.2,90.0627627968788));
#7951=CARTESIAN_POINT('Ctrl Pts',(8.46025116741657,0.,88.9476999640465));
#7952=CARTESIAN_POINT('Ctrl Pts',(8.46025116741657,0.2,88.9476999640465));
#7953=CARTESIAN_POINT('Ctrl Pts',(8.29492401520437,0.,88.9568116525142));
#7954=CARTESIAN_POINT('Ctrl Pts',(8.29492401520437,0.2,88.9568116525142));
#7955=CARTESIAN_POINT('Ctrl Pts',(7.98351106823615,0.,88.9739745789883));
#7956=CARTESIAN_POINT('Ctrl Pts',(7.98351106823615,0.2,88.9739745789883));
#7957=CARTESIAN_POINT('Ctrl Pts',(7.73484955255612,0.,89.1604380075688));
#7958=CARTESIAN_POINT('Ctrl Pts',(7.73484955255612,0.2,89.1604380075688));
#7959=CARTESIAN_POINT('Ctrl Pts',(7.61820085346699,0.,89.2479091882706));
#7960=CARTESIAN_POINT('Ctrl Pts',(7.61820085346699,0.2,89.2479091882706));
#7961=CARTESIAN_POINT('',(8.46025116741657,0.2,88.9476999640465));
#7962=CARTESIAN_POINT('',(8.46025116741657,0.,88.9476999640465));
#7963=CARTESIAN_POINT('Ctrl Pts',(8.46025116741657,0.2,88.9476999640465));
#7964=CARTESIAN_POINT('Ctrl Pts',(8.29492401520437,0.2,88.9568116525142));
#7965=CARTESIAN_POINT('Ctrl Pts',(7.98351106823615,0.2,88.9739745789883));
#7966=CARTESIAN_POINT('Ctrl Pts',(7.73484955255612,0.2,89.1604380075688));
#7967=CARTESIAN_POINT('Ctrl Pts',(7.61820085346699,0.2,89.2479091882706));
#7968=CARTESIAN_POINT('Ctrl Pts',(9.31694574654102,0.,89.2573234438896));
#7969=CARTESIAN_POINT('Ctrl Pts',(9.31694574654102,0.2,89.2573234438896));
#7970=CARTESIAN_POINT('Ctrl Pts',(9.19823463939095,0.,89.1671018960823));
#7971=CARTESIAN_POINT('Ctrl Pts',(9.19823463939095,0.2,89.1671018960823));
#7972=CARTESIAN_POINT('Ctrl Pts',(8.94589322119519,0.,88.9753200664619));
#7973=CARTESIAN_POINT('Ctrl Pts',(8.94589322119519,0.2,88.9753200664619));
#7974=CARTESIAN_POINT('Ctrl Pts',(8.62838912620139,0.,88.9572625371503));
#7975=CARTESIAN_POINT('Ctrl Pts',(8.62838912620139,0.2,88.9572625371503));
#7976=CARTESIAN_POINT('Ctrl Pts',(8.46025116741657,0.,88.9476999640465));
#7977=CARTESIAN_POINT('Ctrl Pts',(8.46025116741657,0.2,88.9476999640465));
#7978=CARTESIAN_POINT('Ctrl Pts',(9.31694574654102,0.2,89.2573234438896));
#7979=CARTESIAN_POINT('Ctrl Pts',(9.19823463939095,0.2,89.1671018960823));
#7980=CARTESIAN_POINT('Ctrl Pts',(8.94589322119519,0.2,88.9753200664619));
#7981=CARTESIAN_POINT('Ctrl Pts',(8.62838912620139,0.2,88.9572625371503));
#7982=CARTESIAN_POINT('Ctrl Pts',(8.46025116741657,0.2,88.9476999640465));
#7983=CARTESIAN_POINT('Origin',(22.2301269322634,0.2,90.5596247315407));
#7984=CARTESIAN_POINT('Ctrl Pts',(15.0251043587923,0.,89.4539761543274));
#7985=CARTESIAN_POINT('Ctrl Pts',(15.0251043587923,0.2,89.4539761543274));
#7986=CARTESIAN_POINT('Ctrl Pts',(15.1631546979799,0.,89.4905731928482));
#7987=CARTESIAN_POINT('Ctrl Pts',(15.1631546979799,0.2,89.4905731928482));
#7988=CARTESIAN_POINT('Ctrl Pts',(15.4747328242451,0.,89.5731723139823));
#7989=CARTESIAN_POINT('Ctrl Pts',(15.4747328242451,0.2,89.5731723139823));
#7990=CARTESIAN_POINT('Ctrl Pts',(15.490961391458,0.,89.9037552230008));
#7991=CARTESIAN_POINT('Ctrl Pts',(15.490961391458,0.2,89.9037552230008));
#7992=CARTESIAN_POINT('Ctrl Pts',(15.4999995976686,0.,90.0878673791885));
#7993=CARTESIAN_POINT('Ctrl Pts',(15.4999995976686,0.2,90.0878673791885));
#7994=CARTESIAN_POINT('',(15.0251043587923,0.,89.4539761543274));
#7995=CARTESIAN_POINT('',(15.4999995976686,0.,90.0878673791885));
#7996=CARTESIAN_POINT('Ctrl Pts',(15.0251043587923,0.,89.4539761543274));
#7997=CARTESIAN_POINT('Ctrl Pts',(15.1631546979799,0.,89.4905731928482));
#7998=CARTESIAN_POINT('Ctrl Pts',(15.4747328242451,0.,89.5731723139823));
#7999=CARTESIAN_POINT('Ctrl Pts',(15.490961391458,0.,89.9037552230008));
#8000=CARTESIAN_POINT('Ctrl Pts',(15.4999995976686,0.,90.0878673791885));
#8001=CARTESIAN_POINT('',(15.0251043587923,0.2,89.4539761543274));
#8002=CARTESIAN_POINT('',(15.0251043587923,0.,89.4539761543274));
#8003=CARTESIAN_POINT('',(15.4999995976686,0.2,90.0878673791885));
#8004=CARTESIAN_POINT('Ctrl Pts',(15.0251043587923,0.2,89.4539761543274));
#8005=CARTESIAN_POINT('Ctrl Pts',(15.1631546979799,0.2,89.4905731928482));
#8006=CARTESIAN_POINT('Ctrl Pts',(15.4747328242451,0.2,89.5731723139823));
#8007=CARTESIAN_POINT('Ctrl Pts',(15.490961391458,0.2,89.9037552230008));
#8008=CARTESIAN_POINT('Ctrl Pts',(15.4999995976686,0.2,90.0878673791885));
#8009=CARTESIAN_POINT('',(15.4999995976686,0.,90.0878673791885));
#8010=CARTESIAN_POINT('Ctrl Pts',(14.5271969586611,0.,90.0711309909821));
#8011=CARTESIAN_POINT('Ctrl Pts',(14.5271969586611,0.2,90.0711309909821));
#8012=CARTESIAN_POINT('Ctrl Pts',(14.5398851309281,0.,89.8915356061344));
#8013=CARTESIAN_POINT('Ctrl Pts',(14.5398851309281,0.2,89.8915356061344));
#8014=CARTESIAN_POINT('Ctrl Pts',(14.5632691354083,0.,89.5605455158737));
#8015=CARTESIAN_POINT('Ctrl Pts',(14.5632691354083,0.2,89.5605455158737));
#8016=CARTESIAN_POINT('Ctrl Pts',(14.8801590615511,0.,89.4874225590276));
#8017=CARTESIAN_POINT('Ctrl Pts',(14.8801590615511,0.2,89.4874225590276));
#8018=CARTESIAN_POINT('Ctrl Pts',(15.0251043587923,0.,89.4539761543274));
#8019=CARTESIAN_POINT('Ctrl Pts',(15.0251043587923,0.2,89.4539761543274));
#8020=CARTESIAN_POINT('',(14.5271969586611,0.,90.0711309909821));
#8021=CARTESIAN_POINT('Ctrl Pts',(14.5271969586611,0.,90.0711309909821));
#8022=CARTESIAN_POINT('Ctrl Pts',(14.5398851309281,0.,89.8915356061344));
#8023=CARTESIAN_POINT('Ctrl Pts',(14.5632691354083,0.,89.5605455158737));
#8024=CARTESIAN_POINT('Ctrl Pts',(14.8801590615511,0.,89.4874225590276));
#8025=CARTESIAN_POINT('Ctrl Pts',(15.0251043587923,0.,89.4539761543274));
#8026=CARTESIAN_POINT('',(14.5271969586611,0.2,90.0711309909821));
#8027=CARTESIAN_POINT('',(14.5271969586611,0.,90.0711309909821));
#8028=CARTESIAN_POINT('Ctrl Pts',(14.5271969586611,0.2,90.0711309909821));
#8029=CARTESIAN_POINT('Ctrl Pts',(14.5398851309281,0.2,89.8915356061344));
#8030=CARTESIAN_POINT('Ctrl Pts',(14.5632691354083,0.2,89.5605455158737));
#8031=CARTESIAN_POINT('Ctrl Pts',(14.8801590615511,0.2,89.4874225590276));
#8032=CARTESIAN_POINT('Ctrl Pts',(15.0251043587923,0.2,89.4539761543274));
#8033=CARTESIAN_POINT('Ctrl Pts',(14.6569038182497,0.,90.5271980166435));
#8034=CARTESIAN_POINT('Ctrl Pts',(14.6569038182497,0.2,90.5271980166435));
#8035=CARTESIAN_POINT('Ctrl Pts',(14.6191628042172,0.,90.4639505683785));
#8036=CARTESIAN_POINT('Ctrl Pts',(14.6191628042172,0.2,90.4639505683785));
#8037=CARTESIAN_POINT('Ctrl Pts',(14.535702590604,0.,90.3240856050752));
#8038=CARTESIAN_POINT('Ctrl Pts',(14.535702590604,0.2,90.3240856050752));
#8039=CARTESIAN_POINT('Ctrl Pts',(14.5302072733447,0.,90.1606567304219));
#8040=CARTESIAN_POINT('Ctrl Pts',(14.5302072733447,0.2,90.1606567304219));
#8041=CARTESIAN_POINT('Ctrl Pts',(14.5271969586611,0.,90.0711309909821));
#8042=CARTESIAN_POINT('Ctrl Pts',(14.5271969586611,0.2,90.0711309909821));
#8043=CARTESIAN_POINT('',(14.6569038182497,0.,90.5271980166435));
#8044=CARTESIAN_POINT('Ctrl Pts',(14.6569038182497,0.,90.5271980166435));
#8045=CARTESIAN_POINT('Ctrl Pts',(14.6191628042172,0.,90.4639505683785));
#8046=CARTESIAN_POINT('Ctrl Pts',(14.535702590604,0.,90.3240856050752));
#8047=CARTESIAN_POINT('Ctrl Pts',(14.5302072733447,0.,90.1606567304219));
#8048=CARTESIAN_POINT('Ctrl Pts',(14.5271969586611,0.,90.0711309909821));
#8049=CARTESIAN_POINT('',(14.6569038182497,0.2,90.5271980166435));
#8050=CARTESIAN_POINT('',(14.6569038182497,0.,90.5271980166435));
#8051=CARTESIAN_POINT('Ctrl Pts',(14.6569038182497,0.2,90.5271980166435));
#8052=CARTESIAN_POINT('Ctrl Pts',(14.6191628042172,0.2,90.4639505683785));
#8053=CARTESIAN_POINT('Ctrl Pts',(14.535702590604,0.2,90.3240856050752));
#8054=CARTESIAN_POINT('Ctrl Pts',(14.5302072733447,0.2,90.1606567304219));
#8055=CARTESIAN_POINT('Ctrl Pts',(14.5271969586611,0.2,90.0711309909821));
#8056=CARTESIAN_POINT('Ctrl Pts',(15.020921304822,0.,90.6882858276367));
#8057=CARTESIAN_POINT('Ctrl Pts',(15.020921304822,0.2,90.6882858276367));
#8058=CARTESIAN_POINT('Ctrl Pts',(14.9480297820435,0.,90.6826007555713));
#8059=CARTESIAN_POINT('Ctrl Pts',(14.9480297820435,0.2,90.6826007555713));
#8060=CARTESIAN_POINT('Ctrl Pts',(14.8073414497387,0.,90.6716279664537));
#8061=CARTESIAN_POINT('Ctrl Pts',(14.8073414497387,0.2,90.6716279664537));
#8062=CARTESIAN_POINT('Ctrl Pts',(14.7058242897906,0.,90.5741648638307));
#8063=CARTESIAN_POINT('Ctrl Pts',(14.7058242897906,0.2,90.5741648638307));
#8064=CARTESIAN_POINT('Ctrl Pts',(14.6569038182497,0.,90.5271980166435));
#8065=CARTESIAN_POINT('Ctrl Pts',(14.6569038182497,0.2,90.5271980166435));
#8066=CARTESIAN_POINT('',(15.020921304822,0.,90.6882858276367));
#8067=CARTESIAN_POINT('Ctrl Pts',(15.020921304822,0.,90.6882858276367));
#8068=CARTESIAN_POINT('Ctrl Pts',(14.9480297820435,0.,90.6826007555713));
#8069=CARTESIAN_POINT('Ctrl Pts',(14.8073414497387,0.,90.6716279664537));
#8070=CARTESIAN_POINT('Ctrl Pts',(14.7058242897906,0.,90.5741648638307));
#8071=CARTESIAN_POINT('Ctrl Pts',(14.6569038182497,0.,90.5271980166435));
#8072=CARTESIAN_POINT('',(15.020921304822,0.2,90.6882858276367));
#8073=CARTESIAN_POINT('',(15.020921304822,0.,90.6882858276367));
#8074=CARTESIAN_POINT('Ctrl Pts',(15.020921304822,0.2,90.6882858276367));
#8075=CARTESIAN_POINT('Ctrl Pts',(14.9480297820435,0.2,90.6826007555713));
#8076=CARTESIAN_POINT('Ctrl Pts',(14.8073414497387,0.2,90.6716279664537));
#8077=CARTESIAN_POINT('Ctrl Pts',(14.7058242897906,0.2,90.5741648638307));
#8078=CARTESIAN_POINT('Ctrl Pts',(14.6569038182497,0.2,90.5271980166435));
#8079=CARTESIAN_POINT('Ctrl Pts',(15.4999995976686,0.,90.0878673791885));
#8080=CARTESIAN_POINT('Ctrl Pts',(15.4999995976686,0.2,90.0878673791885));
#8081=CARTESIAN_POINT('Ctrl Pts',(15.4882393302832,0.,90.2625491803582));
#8082=CARTESIAN_POINT('Ctrl Pts',(15.4882393302832,0.2,90.2625491803582));
#8083=CARTESIAN_POINT('Ctrl Pts',(15.466651218055,0.,90.5832094344368));
#8084=CARTESIAN_POINT('Ctrl Pts',(15.466651218055,0.2,90.5832094344368));
#8085=CARTESIAN_POINT('Ctrl Pts',(15.1603588657758,0.,90.6554148096802));
#8086=CARTESIAN_POINT('Ctrl Pts',(15.1603588657758,0.2,90.6554148096802));
#8087=CARTESIAN_POINT('Ctrl Pts',(15.020921304822,0.,90.6882858276367));
#8088=CARTESIAN_POINT('Ctrl Pts',(15.020921304822,0.2,90.6882858276367));
#8089=CARTESIAN_POINT('Ctrl Pts',(15.4999995976686,0.,90.0878673791885));
#8090=CARTESIAN_POINT('Ctrl Pts',(15.4882393302832,0.,90.2625491803582));
#8091=CARTESIAN_POINT('Ctrl Pts',(15.466651218055,0.,90.5832094344368));
#8092=CARTESIAN_POINT('Ctrl Pts',(15.1603588657758,0.,90.6554148096802));
#8093=CARTESIAN_POINT('Ctrl Pts',(15.020921304822,0.,90.6882858276367));
#8094=CARTESIAN_POINT('Ctrl Pts',(15.4999995976686,0.2,90.0878673791885));
#8095=CARTESIAN_POINT('Ctrl Pts',(15.4882393302832,0.2,90.2625491803582));
#8096=CARTESIAN_POINT('Ctrl Pts',(15.466651218055,0.2,90.5832094344368));
#8097=CARTESIAN_POINT('Ctrl Pts',(15.1603588657758,0.2,90.6554148096802));
#8098=CARTESIAN_POINT('Ctrl Pts',(15.020921304822,0.2,90.6882858276367));
#8099=CARTESIAN_POINT('Ctrl Pts',(16.1736405640841,0.,90.100419819355));
#8100=CARTESIAN_POINT('Ctrl Pts',(16.1736405640841,0.2,90.100419819355));
#8101=CARTESIAN_POINT('Ctrl Pts',(16.1636589846674,0.,89.9350787476361));
#8102=CARTESIAN_POINT('Ctrl Pts',(16.1636589846674,0.2,89.9350787476361));
#8103=CARTESIAN_POINT('Ctrl Pts',(16.1447169700719,0.,89.6213114706366));
#8104=CARTESIAN_POINT('Ctrl Pts',(16.1447169700719,0.2,89.6213114706366));
#8105=CARTESIAN_POINT('Ctrl Pts',(15.9520294596548,0.,89.3742125036641));
#8106=CARTESIAN_POINT('Ctrl Pts',(15.9520294596548,0.2,89.3742125036641));
#8107=CARTESIAN_POINT('Ctrl Pts',(15.8608794957399,0.,89.2573234438896));
#8108=CARTESIAN_POINT('Ctrl Pts',(15.8608794957399,0.2,89.2573234438896));
#8109=CARTESIAN_POINT('',(16.1736405640841,0.2,90.100419819355));
#8110=CARTESIAN_POINT('',(16.1736405640841,0.,90.100419819355));
#8111=CARTESIAN_POINT('',(15.8608794957399,0.2,89.2573234438896));
#8112=CARTESIAN_POINT('Ctrl Pts',(16.1736405640841,0.2,90.100419819355));
#8113=CARTESIAN_POINT('Ctrl Pts',(16.1636589846674,0.2,89.9350787476361));
#8114=CARTESIAN_POINT('Ctrl Pts',(16.1447169700719,0.2,89.6213114706366));
#8115=CARTESIAN_POINT('Ctrl Pts',(15.9520294596548,0.2,89.3742125036641));
#8116=CARTESIAN_POINT('Ctrl Pts',(15.8608794957399,0.2,89.2573234438896));
#8117=CARTESIAN_POINT('',(15.8608794957399,0.,89.2573234438896));
#8118=CARTESIAN_POINT('Ctrl Pts',(15.8702934533358,0.,90.8943527936935));
#8119=CARTESIAN_POINT('Ctrl Pts',(15.8702934533358,0.2,90.8943527936935));
#8120=CARTESIAN_POINT('Ctrl Pts',(15.958729379087,0.,90.7830936626854));
#8121=CARTESIAN_POINT('Ctrl Pts',(15.958729379087,0.2,90.7830936626854));
#8122=CARTESIAN_POINT('Ctrl Pts',(16.1431417885215,0.,90.5510888044051));
#8123=CARTESIAN_POINT('Ctrl Pts',(16.1431417885215,0.2,90.5510888044051));
#8124=CARTESIAN_POINT('Ctrl Pts',(16.163200902218,0.,90.254682793217));
#8125=CARTESIAN_POINT('Ctrl Pts',(16.163200902218,0.2,90.254682793217));
#8126=CARTESIAN_POINT('Ctrl Pts',(16.1736405640841,0.,90.100419819355));
#8127=CARTESIAN_POINT('Ctrl Pts',(16.1736405640841,0.2,90.100419819355));
#8128=CARTESIAN_POINT('',(15.8702934533358,0.2,90.8943527936935));
#8129=CARTESIAN_POINT('',(15.8702934533358,0.,90.8943527936935));
#8130=CARTESIAN_POINT('Ctrl Pts',(15.8702934533358,0.2,90.8943527936935));
#8131=CARTESIAN_POINT('Ctrl Pts',(15.958729379087,0.2,90.7830936626854));
#8132=CARTESIAN_POINT('Ctrl Pts',(16.1431417885215,0.2,90.5510888044051));
#8133=CARTESIAN_POINT('Ctrl Pts',(16.163200902218,0.2,90.254682793217));
#8134=CARTESIAN_POINT('Ctrl Pts',(16.1736405640841,0.2,90.100419819355));
#8135=CARTESIAN_POINT('Ctrl Pts',(15.0334728509188,0.,91.1945620179176));
#8136=CARTESIAN_POINT('Ctrl Pts',(15.0334728509188,0.2,91.1945620179176));
#8137=CARTESIAN_POINT('Ctrl Pts',(15.1980649093972,0.,91.1854776451254));
#8138=CARTESIAN_POINT('Ctrl Pts',(15.1980649093972,0.2,91.1854776451254));
#8139=CARTESIAN_POINT('Ctrl Pts',(15.5079602280114,0.,91.1683735112634));
#8140=CARTESIAN_POINT('Ctrl Pts',(15.5079602280114,0.2,91.1683735112634));
#8141=CARTESIAN_POINT('Ctrl Pts',(15.7546336043096,0.,90.9818225386936));
#8142=CARTESIAN_POINT('Ctrl Pts',(15.7546336043096,0.2,90.9818225386936));
#8143=CARTESIAN_POINT('Ctrl Pts',(15.8702934533358,0.,90.8943527936935));
#8144=CARTESIAN_POINT('Ctrl Pts',(15.8702934533358,0.2,90.8943527936935));
#8145=CARTESIAN_POINT('',(15.0334728509188,0.2,91.1945620179176));
#8146=CARTESIAN_POINT('',(15.0334728509188,0.,91.1945620179176));
#8147=CARTESIAN_POINT('Ctrl Pts',(15.0334728509188,0.2,91.1945620179176));
#8148=CARTESIAN_POINT('Ctrl Pts',(15.1980649093972,0.2,91.1854776451254));
#8149=CARTESIAN_POINT('Ctrl Pts',(15.5079602280114,0.2,91.1683735112634));
#8150=CARTESIAN_POINT('Ctrl Pts',(15.7546336043096,0.2,90.9818225386936));
#8151=CARTESIAN_POINT('Ctrl Pts',(15.8702934533358,0.2,90.8943527936935));
#8152=CARTESIAN_POINT('Ctrl Pts',(14.1736400872469,0.,90.8943527936935));
#8153=CARTESIAN_POINT('Ctrl Pts',(14.1736400872469,0.2,90.8943527936935));
#8154=CARTESIAN_POINT('Ctrl Pts',(14.2937893117509,0.,90.9818304475696));
#8155=CARTESIAN_POINT('Ctrl Pts',(14.2937893117509,0.2,90.9818304475696));
#8156=CARTESIAN_POINT('Ctrl Pts',(14.549264162229,0.,91.1678353147373));
#8157=CARTESIAN_POINT('Ctrl Pts',(14.549264162229,0.2,91.1678353147373));
#8158=CARTESIAN_POINT('Ctrl Pts',(14.8658020115844,0.,91.1853071473224));
#8159=CARTESIAN_POINT('Ctrl Pts',(14.8658020115844,0.2,91.1853071473224));
#8160=CARTESIAN_POINT('Ctrl Pts',(15.0334728509188,0.,91.1945620179176));
#8161=CARTESIAN_POINT('Ctrl Pts',(15.0334728509188,0.2,91.1945620179176));
#8162=CARTESIAN_POINT('',(14.1736400872469,0.2,90.8943527936935));
#8163=CARTESIAN_POINT('',(14.1736400872469,0.,90.8943527936935));
#8164=CARTESIAN_POINT('Ctrl Pts',(14.1736400872469,0.2,90.8943527936935));
#8165=CARTESIAN_POINT('Ctrl Pts',(14.2937893117509,0.2,90.9818304475696));
#8166=CARTESIAN_POINT('Ctrl Pts',(14.549264162229,0.2,91.1678353147373));
#8167=CARTESIAN_POINT('Ctrl Pts',(14.8658020115844,0.2,91.1853071473224));
#8168=CARTESIAN_POINT('Ctrl Pts',(15.0334728509188,0.2,91.1945620179176));
#8169=CARTESIAN_POINT('Ctrl Pts',(13.8556487113237,0.,90.0627627968788));
#8170=CARTESIAN_POINT('Ctrl Pts',(13.8556487113237,0.2,90.0627627968788));
#8171=CARTESIAN_POINT('Ctrl Pts',(13.8657306312608,0.,90.2271254270017));
#8172=CARTESIAN_POINT('Ctrl Pts',(13.8657306312608,0.2,90.2271254270017));
#8173=CARTESIAN_POINT('Ctrl Pts',(13.8848437842087,0.,90.5387216416196));
#8174=CARTESIAN_POINT('Ctrl Pts',(13.8848437842087,0.2,90.5387216416196));
#8175=CARTESIAN_POINT('Ctrl Pts',(14.0809684365227,0.,90.7802345533805));
#8176=CARTESIAN_POINT('Ctrl Pts',(14.0809684365227,0.2,90.7802345533805));
#8177=CARTESIAN_POINT('Ctrl Pts',(14.1736400872469,0.,90.8943527936935));
#8178=CARTESIAN_POINT('Ctrl Pts',(14.1736400872469,0.2,90.8943527936935));
#8179=CARTESIAN_POINT('',(13.8556487113237,0.2,90.0627627968788));
#8180=CARTESIAN_POINT('',(13.8556487113237,0.,90.0627627968788));
#8181=CARTESIAN_POINT('Ctrl Pts',(13.8556487113237,0.2,90.0627627968788));
#8182=CARTESIAN_POINT('Ctrl Pts',(13.8657306312608,0.2,90.2271254270017));
#8183=CARTESIAN_POINT('Ctrl Pts',(13.8848437842087,0.2,90.5387216416196));
#8184=CARTESIAN_POINT('Ctrl Pts',(14.0809684365227,0.2,90.7802345533805));
#8185=CARTESIAN_POINT('Ctrl Pts',(14.1736400872469,0.2,90.8943527936935));
#8186=CARTESIAN_POINT('Ctrl Pts',(14.1621340066195,0.,89.2479091882706));
#8187=CARTESIAN_POINT('Ctrl Pts',(14.1621340066195,0.2,89.2479091882706));
#8188=CARTESIAN_POINT('Ctrl Pts',(14.0728058036836,0.,89.360913922833));
#8189=CARTESIAN_POINT('Ctrl Pts',(14.0728058036836,0.2,89.360913922833));
#8190=CARTESIAN_POINT('Ctrl Pts',(13.8845313380322,0.,89.5990907283275));
#8191=CARTESIAN_POINT('Ctrl Pts',(13.8845313380322,0.2,89.5990907283275));
#8192=CARTESIAN_POINT('Ctrl Pts',(13.8655986476896,0.,89.9030298327241));
#8193=CARTESIAN_POINT('Ctrl Pts',(13.8655986476896,0.2,89.9030298327241));
#8194=CARTESIAN_POINT('Ctrl Pts',(13.8556487113237,0.,90.0627627968788));
#8195=CARTESIAN_POINT('Ctrl Pts',(13.8556487113237,0.2,90.0627627968788));
#8196=CARTESIAN_POINT('',(14.1621340066195,0.2,89.2479091882706));
#8197=CARTESIAN_POINT('',(14.1621340066195,0.,89.2479091882706));
#8198=CARTESIAN_POINT('Ctrl Pts',(14.1621340066195,0.2,89.2479091882706));
#8199=CARTESIAN_POINT('Ctrl Pts',(14.0728058036836,0.2,89.360913922833));
#8200=CARTESIAN_POINT('Ctrl Pts',(13.8845313380322,0.2,89.5990907283275));
#8201=CARTESIAN_POINT('Ctrl Pts',(13.8655986476896,0.2,89.9030298327241));
#8202=CARTESIAN_POINT('Ctrl Pts',(13.8556487113237,0.2,90.0627627968788));
#8203=CARTESIAN_POINT('Ctrl Pts',(15.004184320569,0.,88.9476999640465));
#8204=CARTESIAN_POINT('Ctrl Pts',(15.004184320569,0.2,88.9476999640465));
#8205=CARTESIAN_POINT('Ctrl Pts',(14.8388571683568,0.,88.9568116525142));
#8206=CARTESIAN_POINT('Ctrl Pts',(14.8388571683568,0.2,88.9568116525142));
#8207=CARTESIAN_POINT('Ctrl Pts',(14.5274442213886,0.,88.9739745789883));
#8208=CARTESIAN_POINT('Ctrl Pts',(14.5274442213886,0.2,88.9739745789883));
#8209=CARTESIAN_POINT('Ctrl Pts',(14.2787827057086,0.,89.1604380075688));
#8210=CARTESIAN_POINT('Ctrl Pts',(14.2787827057086,0.2,89.1604380075688));
#8211=CARTESIAN_POINT('Ctrl Pts',(14.1621340066195,0.,89.2479091882706));
#8212=CARTESIAN_POINT('Ctrl Pts',(14.1621340066195,0.2,89.2479091882706));
#8213=CARTESIAN_POINT('',(15.004184320569,0.2,88.9476999640465));
#8214=CARTESIAN_POINT('',(15.004184320569,0.,88.9476999640465));
#8215=CARTESIAN_POINT('Ctrl Pts',(15.004184320569,0.2,88.9476999640465));
#8216=CARTESIAN_POINT('Ctrl Pts',(14.8388571683568,0.2,88.9568116525142));
#8217=CARTESIAN_POINT('Ctrl Pts',(14.5274442213886,0.2,88.9739745789883));
#8218=CARTESIAN_POINT('Ctrl Pts',(14.2787827057086,0.2,89.1604380075688));
#8219=CARTESIAN_POINT('Ctrl Pts',(14.1621340066195,0.2,89.2479091882706));
#8220=CARTESIAN_POINT('Ctrl Pts',(15.8608794957399,0.,89.2573234438896));
#8221=CARTESIAN_POINT('Ctrl Pts',(15.8608794957399,0.2,89.2573234438896));
#8222=CARTESIAN_POINT('Ctrl Pts',(15.7421682858971,0.,89.1671018961108));
#8223=CARTESIAN_POINT('Ctrl Pts',(15.7421682858971,0.2,89.1671018961108));
#8224=CARTESIAN_POINT('Ctrl Pts',(15.4898266466827,0.,88.9753200644784));
#8225=CARTESIAN_POINT('Ctrl Pts',(15.4898266466827,0.2,88.9753200644784));
#8226=CARTESIAN_POINT('Ctrl Pts',(15.1723223746964,0.,88.9572625365236));
#8227=CARTESIAN_POINT('Ctrl Pts',(15.1723223746964,0.2,88.9572625365236));
#8228=CARTESIAN_POINT('Ctrl Pts',(15.004184320569,0.,88.9476999640465));
#8229=CARTESIAN_POINT('Ctrl Pts',(15.004184320569,0.2,88.9476999640465));
#8230=CARTESIAN_POINT('Ctrl Pts',(15.8608794957399,0.2,89.2573234438896));
#8231=CARTESIAN_POINT('Ctrl Pts',(15.7421682858971,0.2,89.1671018961108));
#8232=CARTESIAN_POINT('Ctrl Pts',(15.4898266466827,0.2,88.9753200644784));
#8233=CARTESIAN_POINT('Ctrl Pts',(15.1723223746964,0.2,88.9572625365236));
#8234=CARTESIAN_POINT('Ctrl Pts',(15.004184320569,0.2,88.9476999640465));
#8235=CARTESIAN_POINT('Origin',(22.2301269322634,0.2,90.5596247315407));
#8236=CARTESIAN_POINT('Ctrl Pts',(20.2970720082521,0.,89.4539761543274));
#8237=CARTESIAN_POINT('Ctrl Pts',(20.2970720082521,0.2,89.4539761543274));
#8238=CARTESIAN_POINT('Ctrl Pts',(20.4351223474398,0.,89.4905731928482));
#8239=CARTESIAN_POINT('Ctrl Pts',(20.4351223474398,0.2,89.4905731928482));
#8240=CARTESIAN_POINT('Ctrl Pts',(20.7467004737049,0.,89.5731723139823));
#8241=CARTESIAN_POINT('Ctrl Pts',(20.7467004737049,0.2,89.5731723139823));
#8242=CARTESIAN_POINT('Ctrl Pts',(20.7629290409179,0.,89.9037552230008));
#8243=CARTESIAN_POINT('Ctrl Pts',(20.7629290409179,0.2,89.9037552230008));
#8244=CARTESIAN_POINT('Ctrl Pts',(20.7719672471285,0.,90.0878673791885));
#8245=CARTESIAN_POINT('Ctrl Pts',(20.7719672471285,0.2,90.0878673791885));
#8246=CARTESIAN_POINT('',(20.2970720082521,0.,89.4539761543274));
#8247=CARTESIAN_POINT('',(20.7719672471285,0.,90.0878673791885));
#8248=CARTESIAN_POINT('Ctrl Pts',(20.2970720082521,0.,89.4539761543274));
#8249=CARTESIAN_POINT('Ctrl Pts',(20.4351223474398,0.,89.4905731928482));
#8250=CARTESIAN_POINT('Ctrl Pts',(20.7467004737049,0.,89.5731723139823));
#8251=CARTESIAN_POINT('Ctrl Pts',(20.7629290409179,0.,89.9037552230008));
#8252=CARTESIAN_POINT('Ctrl Pts',(20.7719672471285,0.,90.0878673791885));
#8253=CARTESIAN_POINT('',(20.2970720082521,0.2,89.4539761543274));
#8254=CARTESIAN_POINT('',(20.2970720082521,0.,89.4539761543274));
#8255=CARTESIAN_POINT('',(20.7719672471285,0.2,90.0878673791885));
#8256=CARTESIAN_POINT('Ctrl Pts',(20.2970720082521,0.2,89.4539761543274));
#8257=CARTESIAN_POINT('Ctrl Pts',(20.4351223474398,0.2,89.4905731928482));
#8258=CARTESIAN_POINT('Ctrl Pts',(20.7467004737049,0.2,89.5731723139823));
#8259=CARTESIAN_POINT('Ctrl Pts',(20.7629290409179,0.2,89.9037552230008));
#8260=CARTESIAN_POINT('Ctrl Pts',(20.7719672471285,0.2,90.0878673791885));
#8261=CARTESIAN_POINT('',(20.7719672471285,0.,90.0878673791885));
#8262=CARTESIAN_POINT('Ctrl Pts',(19.799163416028,0.,90.0711309909821));
#8263=CARTESIAN_POINT('Ctrl Pts',(19.799163416028,0.2,90.0711309909821));
#8264=CARTESIAN_POINT('Ctrl Pts',(19.8118516055731,0.,89.8915355925643));
#8265=CARTESIAN_POINT('Ctrl Pts',(19.8118516055731,0.2,89.8915355925643));
#8266=CARTESIAN_POINT('Ctrl Pts',(19.8352356710617,0.,89.5605450644715));
#8267=CARTESIAN_POINT('Ctrl Pts',(19.8352356710617,0.2,89.5605450644715));
#8268=CARTESIAN_POINT('Ctrl Pts',(20.1521262142973,0.,89.4874224513115));
#8269=CARTESIAN_POINT('Ctrl Pts',(20.1521262142973,0.2,89.4874224513115));
#8270=CARTESIAN_POINT('Ctrl Pts',(20.2970720082521,0.,89.4539761543274));
#8271=CARTESIAN_POINT('Ctrl Pts',(20.2970720082521,0.2,89.4539761543274));
#8272=CARTESIAN_POINT('',(19.799163416028,0.,90.0711309909821));
#8273=CARTESIAN_POINT('Ctrl Pts',(19.799163416028,0.,90.0711309909821));
#8274=CARTESIAN_POINT('Ctrl Pts',(19.8118516055731,0.,89.8915355925643));
#8275=CARTESIAN_POINT('Ctrl Pts',(19.8352356710617,0.,89.5605450644715));
#8276=CARTESIAN_POINT('Ctrl Pts',(20.1521262142973,0.,89.4874224513115));
#8277=CARTESIAN_POINT('Ctrl Pts',(20.2970720082521,0.,89.4539761543274));
#8278=CARTESIAN_POINT('',(19.799163416028,0.2,90.0711309909821));
#8279=CARTESIAN_POINT('',(19.799163416028,0.,90.0711309909821));
#8280=CARTESIAN_POINT('Ctrl Pts',(19.799163416028,0.2,90.0711309909821));
#8281=CARTESIAN_POINT('Ctrl Pts',(19.8118516055731,0.2,89.8915355925643));
#8282=CARTESIAN_POINT('Ctrl Pts',(19.8352356710617,0.2,89.5605450644715));
#8283=CARTESIAN_POINT('Ctrl Pts',(20.1521262142973,0.2,89.4874224513115));
#8284=CARTESIAN_POINT('Ctrl Pts',(20.2970720082521,0.2,89.4539761543274));
#8285=CARTESIAN_POINT('Ctrl Pts',(19.9288714677095,0.,90.5271980166435));
#8286=CARTESIAN_POINT('Ctrl Pts',(19.9288714677095,0.2,90.5271980166435));
#8287=CARTESIAN_POINT('Ctrl Pts',(19.8911302463094,0.,90.4639505846203));
#8288=CARTESIAN_POINT('Ctrl Pts',(19.8911302463094,0.2,90.4639505846203));
#8289=CARTESIAN_POINT('Ctrl Pts',(19.8076696174241,0.,90.3240857297957));
#8290=CARTESIAN_POINT('Ctrl Pts',(19.8076696174241,0.2,90.3240857297957));
#8291=CARTESIAN_POINT('Ctrl Pts',(19.8021739314196,0.,90.1606567497917));
#8292=CARTESIAN_POINT('Ctrl Pts',(19.8021739314196,0.2,90.1606567497917));
#8293=CARTESIAN_POINT('Ctrl Pts',(19.799163416028,0.,90.0711309909821));
#8294=CARTESIAN_POINT('Ctrl Pts',(19.799163416028,0.2,90.0711309909821));
#8295=CARTESIAN_POINT('',(19.9288714677095,0.,90.5271980166435));
#8296=CARTESIAN_POINT('Ctrl Pts',(19.9288714677095,0.,90.5271980166435));
#8297=CARTESIAN_POINT('Ctrl Pts',(19.8911302463094,0.,90.4639505846203));
#8298=CARTESIAN_POINT('Ctrl Pts',(19.8076696174241,0.,90.3240857297957));
#8299=CARTESIAN_POINT('Ctrl Pts',(19.8021739314196,0.,90.1606567497917));
#8300=CARTESIAN_POINT('Ctrl Pts',(19.799163416028,0.,90.0711309909821));
#8301=CARTESIAN_POINT('',(19.9288714677095,0.2,90.5271980166435));
#8302=CARTESIAN_POINT('',(19.9288714677095,0.,90.5271980166435));
#8303=CARTESIAN_POINT('Ctrl Pts',(19.9288714677095,0.2,90.5271980166435));
#8304=CARTESIAN_POINT('Ctrl Pts',(19.8911302463094,0.2,90.4639505846203));
#8305=CARTESIAN_POINT('Ctrl Pts',(19.8076696174241,0.2,90.3240857297957));
#8306=CARTESIAN_POINT('Ctrl Pts',(19.8021739314196,0.2,90.1606567497917));
#8307=CARTESIAN_POINT('Ctrl Pts',(19.799163416028,0.2,90.0711309909821));
#8308=CARTESIAN_POINT('Ctrl Pts',(20.2928877621889,0.,90.6882858276367));
#8309=CARTESIAN_POINT('Ctrl Pts',(20.2928877621889,0.2,90.6882858276367));
#8310=CARTESIAN_POINT('Ctrl Pts',(20.2199966691605,0.,90.6826006730671));
#8311=CARTESIAN_POINT('Ctrl Pts',(20.2199966691605,0.2,90.6826006730671));
#8312=CARTESIAN_POINT('Ctrl Pts',(20.0793087920668,0.,90.6716276955178));
#8313=CARTESIAN_POINT('Ctrl Pts',(20.0793087920668,0.2,90.6716276955178));
#8314=CARTESIAN_POINT('Ctrl Pts',(19.9777919337913,0.,90.5741648663715));
#8315=CARTESIAN_POINT('Ctrl Pts',(19.9777919337913,0.2,90.5741648663715));
#8316=CARTESIAN_POINT('Ctrl Pts',(19.9288714677095,0.,90.5271980166435));
#8317=CARTESIAN_POINT('Ctrl Pts',(19.9288714677095,0.2,90.5271980166435));
#8318=CARTESIAN_POINT('',(20.2928877621889,0.,90.6882858276367));
#8319=CARTESIAN_POINT('Ctrl Pts',(20.2928877621889,0.,90.6882858276367));
#8320=CARTESIAN_POINT('Ctrl Pts',(20.2199966691605,0.,90.6826006730671));
#8321=CARTESIAN_POINT('Ctrl Pts',(20.0793087920668,0.,90.6716276955178));
#8322=CARTESIAN_POINT('Ctrl Pts',(19.9777919337913,0.,90.5741648663715));
#8323=CARTESIAN_POINT('Ctrl Pts',(19.9288714677095,0.,90.5271980166435));
#8324=CARTESIAN_POINT('',(20.2928877621889,0.2,90.6882858276367));
#8325=CARTESIAN_POINT('',(20.2928877621889,0.,90.6882858276367));
#8326=CARTESIAN_POINT('Ctrl Pts',(20.2928877621889,0.2,90.6882858276367));
#8327=CARTESIAN_POINT('Ctrl Pts',(20.2199966691605,0.2,90.6826006730671));
#8328=CARTESIAN_POINT('Ctrl Pts',(20.0793087920668,0.2,90.6716276955178));
#8329=CARTESIAN_POINT('Ctrl Pts',(19.9777919337913,0.2,90.5741648663715));
#8330=CARTESIAN_POINT('Ctrl Pts',(19.9288714677095,0.2,90.5271980166435));
#8331=CARTESIAN_POINT('Ctrl Pts',(20.7719672471285,0.,90.0878673791885));
#8332=CARTESIAN_POINT('Ctrl Pts',(20.7719672471285,0.2,90.0878673791885));
#8333=CARTESIAN_POINT('Ctrl Pts',(20.7602065082457,0.,90.2625491769917));
#8334=CARTESIAN_POINT('Ctrl Pts',(20.7602065082457,0.2,90.2625491769917));
#8335=CARTESIAN_POINT('Ctrl Pts',(20.7386175369613,0.,90.5832093288991));
#8336=CARTESIAN_POINT('Ctrl Pts',(20.7386175369613,0.2,90.5832093288991));
#8337=CARTESIAN_POINT('Ctrl Pts',(20.4323252455048,0.,90.6554147847563));
#8338=CARTESIAN_POINT('Ctrl Pts',(20.4323252455048,0.2,90.6554147847563));
#8339=CARTESIAN_POINT('Ctrl Pts',(20.2928877621889,0.,90.6882858276367));
#8340=CARTESIAN_POINT('Ctrl Pts',(20.2928877621889,0.2,90.6882858276367));
#8341=CARTESIAN_POINT('Ctrl Pts',(20.7719672471285,0.,90.0878673791885));
#8342=CARTESIAN_POINT('Ctrl Pts',(20.7602065082457,0.,90.2625491769917));
#8343=CARTESIAN_POINT('Ctrl Pts',(20.7386175369613,0.,90.5832093288991));
#8344=CARTESIAN_POINT('Ctrl Pts',(20.4323252455048,0.,90.6554147847563));
#8345=CARTESIAN_POINT('Ctrl Pts',(20.2928877621889,0.,90.6882858276367));
#8346=CARTESIAN_POINT('Ctrl Pts',(20.7719672471285,0.2,90.0878673791885));
#8347=CARTESIAN_POINT('Ctrl Pts',(20.7602065082457,0.2,90.2625491769917));
#8348=CARTESIAN_POINT('Ctrl Pts',(20.7386175369613,0.2,90.5832093288991));
#8349=CARTESIAN_POINT('Ctrl Pts',(20.4323252455048,0.2,90.6554147847563));
#8350=CARTESIAN_POINT('Ctrl Pts',(20.2928877621889,0.2,90.6882858276367));
#8351=CARTESIAN_POINT('Ctrl Pts',(21.445607021451,0.,90.100419819355));
#8352=CARTESIAN_POINT('Ctrl Pts',(21.445607021451,0.2,90.100419819355));
#8353=CARTESIAN_POINT('Ctrl Pts',(21.4356254420343,0.,89.9350787476361));
#8354=CARTESIAN_POINT('Ctrl Pts',(21.4356254420343,0.2,89.9350787476361));
#8355=CARTESIAN_POINT('Ctrl Pts',(21.4166834274388,0.,89.6213114706366));
#8356=CARTESIAN_POINT('Ctrl Pts',(21.4166834274388,0.2,89.6213114706366));
#8357=CARTESIAN_POINT('Ctrl Pts',(21.2239959170217,0.,89.3742125036641));
#8358=CARTESIAN_POINT('Ctrl Pts',(21.2239959170217,0.2,89.3742125036641));
#8359=CARTESIAN_POINT('Ctrl Pts',(21.1328459531069,0.,89.2573234438896));
#8360=CARTESIAN_POINT('Ctrl Pts',(21.1328459531069,0.2,89.2573234438896));
#8361=CARTESIAN_POINT('',(21.445607021451,0.2,90.100419819355));
#8362=CARTESIAN_POINT('',(21.445607021451,0.,90.100419819355));
#8363=CARTESIAN_POINT('',(21.1328459531069,0.2,89.2573234438896));
#8364=CARTESIAN_POINT('Ctrl Pts',(21.445607021451,0.2,90.100419819355));
#8365=CARTESIAN_POINT('Ctrl Pts',(21.4356254420343,0.2,89.9350787476361));
#8366=CARTESIAN_POINT('Ctrl Pts',(21.4166834274388,0.2,89.6213114706366));
#8367=CARTESIAN_POINT('Ctrl Pts',(21.2239959170217,0.2,89.3742125036641));
#8368=CARTESIAN_POINT('Ctrl Pts',(21.1328459531069,0.2,89.2573234438896));
#8369=CARTESIAN_POINT('',(21.1328459531069,0.,89.2573234438896));
#8370=CARTESIAN_POINT('Ctrl Pts',(21.1422599107027,0.,90.8943527936935));
#8371=CARTESIAN_POINT('Ctrl Pts',(21.1422599107027,0.2,90.8943527936935));
#8372=CARTESIAN_POINT('Ctrl Pts',(21.2306952540656,0.,90.7830935916607));
#8373=CARTESIAN_POINT('Ctrl Pts',(21.2306952540656,0.2,90.7830935916607));
#8374=CARTESIAN_POINT('Ctrl Pts',(21.4151066418049,0.,90.5510883427926));
#8375=CARTESIAN_POINT('Ctrl Pts',(21.4151066418049,0.2,90.5510883427926));
#8376=CARTESIAN_POINT('Ctrl Pts',(21.435166803898,0.,90.2546827329176));
#8377=CARTESIAN_POINT('Ctrl Pts',(21.435166803898,0.2,90.2546827329176));
#8378=CARTESIAN_POINT('Ctrl Pts',(21.445607021451,0.,90.100419819355));
#8379=CARTESIAN_POINT('Ctrl Pts',(21.445607021451,0.2,90.100419819355));
#8380=CARTESIAN_POINT('',(21.1422599107027,0.2,90.8943527936935));
#8381=CARTESIAN_POINT('',(21.1422599107027,0.,90.8943527936935));
#8382=CARTESIAN_POINT('Ctrl Pts',(21.1422599107027,0.2,90.8943527936935));
#8383=CARTESIAN_POINT('Ctrl Pts',(21.2306952540656,0.2,90.7830935916607));
#8384=CARTESIAN_POINT('Ctrl Pts',(21.4151066418049,0.2,90.5510883427926));
#8385=CARTESIAN_POINT('Ctrl Pts',(21.435166803898,0.2,90.2546827329176));
#8386=CARTESIAN_POINT('Ctrl Pts',(21.445607021451,0.2,90.100419819355));
#8387=CARTESIAN_POINT('Ctrl Pts',(20.3054405003786,0.,91.1945620179176));
#8388=CARTESIAN_POINT('Ctrl Pts',(20.3054405003786,0.2,91.1945620179176));
#8389=CARTESIAN_POINT('Ctrl Pts',(20.4700321375916,0.,91.1854775716917));
#8390=CARTESIAN_POINT('Ctrl Pts',(20.4700321375916,0.2,91.1854775716917));
#8391=CARTESIAN_POINT('Ctrl Pts',(20.7799270181547,0.,91.168373279968));
#8392=CARTESIAN_POINT('Ctrl Pts',(20.7799270181547,0.2,91.168373279968));
#8393=CARTESIAN_POINT('Ctrl Pts',(21.0266000656949,0.,90.9818225421577));
#8394=CARTESIAN_POINT('Ctrl Pts',(21.0266000656949,0.2,90.9818225421577));
#8395=CARTESIAN_POINT('Ctrl Pts',(21.1422599107027,0.,90.8943527936935));
#8396=CARTESIAN_POINT('Ctrl Pts',(21.1422599107027,0.2,90.8943527936935));
#8397=CARTESIAN_POINT('',(20.3054405003786,0.2,91.1945620179176));
#8398=CARTESIAN_POINT('',(20.3054405003786,0.,91.1945620179176));
#8399=CARTESIAN_POINT('Ctrl Pts',(20.3054405003786,0.2,91.1945620179176));
#8400=CARTESIAN_POINT('Ctrl Pts',(20.4700321375916,0.2,91.1854775716917));
#8401=CARTESIAN_POINT('Ctrl Pts',(20.7799270181547,0.2,91.168373279968));
#8402=CARTESIAN_POINT('Ctrl Pts',(21.0266000656949,0.2,90.9818225421577));
#8403=CARTESIAN_POINT('Ctrl Pts',(21.1422599107027,0.2,90.8943527936935));
#8404=CARTESIAN_POINT('Ctrl Pts',(19.4456077367067,0.,90.8943527936935));
#8405=CARTESIAN_POINT('Ctrl Pts',(19.4456077367067,0.2,90.8943527936935));
#8406=CARTESIAN_POINT('Ctrl Pts',(19.5657569612108,0.,90.9818304475696));
#8407=CARTESIAN_POINT('Ctrl Pts',(19.5657569612108,0.2,90.9818304475696));
#8408=CARTESIAN_POINT('Ctrl Pts',(19.8212318116889,0.,91.1678353147373));
#8409=CARTESIAN_POINT('Ctrl Pts',(19.8212318116889,0.2,91.1678353147373));
#8410=CARTESIAN_POINT('Ctrl Pts',(20.1377696610442,0.,91.1853071473224));
#8411=CARTESIAN_POINT('Ctrl Pts',(20.1377696610442,0.2,91.1853071473224));
#8412=CARTESIAN_POINT('Ctrl Pts',(20.3054405003786,0.,91.1945620179176));
#8413=CARTESIAN_POINT('Ctrl Pts',(20.3054405003786,0.2,91.1945620179176));
#8414=CARTESIAN_POINT('',(19.4456077367067,0.2,90.8943527936935));
#8415=CARTESIAN_POINT('',(19.4456077367067,0.,90.8943527936935));
#8416=CARTESIAN_POINT('Ctrl Pts',(19.4456077367067,0.2,90.8943527936935));
#8417=CARTESIAN_POINT('Ctrl Pts',(19.5657569612108,0.2,90.9818304475696));
#8418=CARTESIAN_POINT('Ctrl Pts',(19.8212318116889,0.2,91.1678353147373));
#8419=CARTESIAN_POINT('Ctrl Pts',(20.1377696610442,0.2,91.1853071473224));
#8420=CARTESIAN_POINT('Ctrl Pts',(20.3054405003786,0.2,91.1945620179176));
#8421=CARTESIAN_POINT('Ctrl Pts',(19.1276157647371,0.,90.0627627968788));
#8422=CARTESIAN_POINT('Ctrl Pts',(19.1276157647371,0.2,90.0627627968788));
#8423=CARTESIAN_POINT('Ctrl Pts',(19.1376979293539,0.,90.2271254204132));
#8424=CARTESIAN_POINT('Ctrl Pts',(19.1376979293539,0.2,90.2271254204132));
#8425=CARTESIAN_POINT('Ctrl Pts',(19.1568115443061,0.,90.5387215922876));
#8426=CARTESIAN_POINT('Ctrl Pts',(19.1568115443061,0.2,90.5387215922876));
#8427=CARTESIAN_POINT('Ctrl Pts',(19.3529361283062,0.,90.7802345459503));
#8428=CARTESIAN_POINT('Ctrl Pts',(19.3529361283062,0.2,90.7802345459503));
#8429=CARTESIAN_POINT('Ctrl Pts',(19.4456077367067,0.,90.8943527936935));
#8430=CARTESIAN_POINT('Ctrl Pts',(19.4456077367067,0.2,90.8943527936935));
#8431=CARTESIAN_POINT('',(19.1276157647371,0.2,90.0627627968788));
#8432=CARTESIAN_POINT('',(19.1276157647371,0.,90.0627627968788));
#8433=CARTESIAN_POINT('Ctrl Pts',(19.1276157647371,0.2,90.0627627968788));
#8434=CARTESIAN_POINT('Ctrl Pts',(19.1376979293539,0.2,90.2271254204132));
#8435=CARTESIAN_POINT('Ctrl Pts',(19.1568115443061,0.2,90.5387215922876));
#8436=CARTESIAN_POINT('Ctrl Pts',(19.3529361283062,0.2,90.7802345459503));
#8437=CARTESIAN_POINT('Ctrl Pts',(19.4456077367067,0.2,90.8943527936935));
#8438=CARTESIAN_POINT('Ctrl Pts',(19.4341016560793,0.,89.2479091882706));
#8439=CARTESIAN_POINT('Ctrl Pts',(19.4341016560793,0.2,89.2479091882706));
#8440=CARTESIAN_POINT('Ctrl Pts',(19.3447734959476,0.,89.360913930257));
#8441=CARTESIAN_POINT('Ctrl Pts',(19.3447734959476,0.2,89.360913930257));
#8442=CARTESIAN_POINT('Ctrl Pts',(19.1564990998247,0.,89.5990907775708));
#8443=CARTESIAN_POINT('Ctrl Pts',(19.1564990998247,0.2,89.5990907775708));
#8444=CARTESIAN_POINT('Ctrl Pts',(19.1375659457835,0.,89.903029839301));
#8445=CARTESIAN_POINT('Ctrl Pts',(19.1375659457835,0.2,89.903029839301));
#8446=CARTESIAN_POINT('Ctrl Pts',(19.1276157647371,0.,90.0627627968788));
#8447=CARTESIAN_POINT('Ctrl Pts',(19.1276157647371,0.2,90.0627627968788));
#8448=CARTESIAN_POINT('',(19.4341016560793,0.2,89.2479091882706));
#8449=CARTESIAN_POINT('',(19.4341016560793,0.,89.2479091882706));
#8450=CARTESIAN_POINT('Ctrl Pts',(19.4341016560793,0.2,89.2479091882706));
#8451=CARTESIAN_POINT('Ctrl Pts',(19.3447734959476,0.2,89.360913930257));
#8452=CARTESIAN_POINT('Ctrl Pts',(19.1564990998247,0.2,89.5990907775708));
#8453=CARTESIAN_POINT('Ctrl Pts',(19.1375659457835,0.2,89.903029839301));
#8454=CARTESIAN_POINT('Ctrl Pts',(19.1276157647371,0.2,90.0627627968788));
#8455=CARTESIAN_POINT('Ctrl Pts',(20.276150777936,0.,88.9476999640465));
#8456=CARTESIAN_POINT('Ctrl Pts',(20.276150777936,0.2,88.9476999640465));
#8457=CARTESIAN_POINT('Ctrl Pts',(20.1108235861042,0.,88.9568115814137));
#8458=CARTESIAN_POINT('Ctrl Pts',(20.1108235861042,0.2,88.9568115814137));
#8459=CARTESIAN_POINT('Ctrl Pts',(19.7994109106415,0.,88.9739743548854));
#8460=CARTESIAN_POINT('Ctrl Pts',(19.7994109106415,0.2,88.9739743548854));
#8461=CARTESIAN_POINT('Ctrl Pts',(19.5507499486829,0.,89.1604380109052));
#8462=CARTESIAN_POINT('Ctrl Pts',(19.5507499486829,0.2,89.1604380109052));
#8463=CARTESIAN_POINT('Ctrl Pts',(19.4341016560793,0.,89.2479091882706));
#8464=CARTESIAN_POINT('Ctrl Pts',(19.4341016560793,0.2,89.2479091882706));
#8465=CARTESIAN_POINT('',(20.276150777936,0.2,88.9476999640465));
#8466=CARTESIAN_POINT('',(20.276150777936,0.,88.9476999640465));
#8467=CARTESIAN_POINT('Ctrl Pts',(20.276150777936,0.2,88.9476999640465));
#8468=CARTESIAN_POINT('Ctrl Pts',(20.1108235861042,0.2,88.9568115814137));
#8469=CARTESIAN_POINT('Ctrl Pts',(19.7994109106415,0.2,88.9739743548854));
#8470=CARTESIAN_POINT('Ctrl Pts',(19.5507499486829,0.2,89.1604380109052));
#8471=CARTESIAN_POINT('Ctrl Pts',(19.4341016560793,0.2,89.2479091882706));
#8472=CARTESIAN_POINT('Ctrl Pts',(21.1328459531069,0.,89.2573234438896));
#8473=CARTESIAN_POINT('Ctrl Pts',(21.1328459531069,0.2,89.2573234438896));
#8474=CARTESIAN_POINT('Ctrl Pts',(21.014134743264,0.,89.1671018961108));
#8475=CARTESIAN_POINT('Ctrl Pts',(21.014134743264,0.2,89.1671018961108));
#8476=CARTESIAN_POINT('Ctrl Pts',(20.7617931040496,0.,88.9753200644784));
#8477=CARTESIAN_POINT('Ctrl Pts',(20.7617931040496,0.2,88.9753200644784));
#8478=CARTESIAN_POINT('Ctrl Pts',(20.4442888320633,0.,88.9572625365236));
#8479=CARTESIAN_POINT('Ctrl Pts',(20.4442888320633,0.2,88.9572625365236));
#8480=CARTESIAN_POINT('Ctrl Pts',(20.276150777936,0.,88.9476999640465));
#8481=CARTESIAN_POINT('Ctrl Pts',(20.276150777936,0.2,88.9476999640465));
#8482=CARTESIAN_POINT('Ctrl Pts',(21.1328459531069,0.2,89.2573234438896));
#8483=CARTESIAN_POINT('Ctrl Pts',(21.014134743264,0.2,89.1671018961108));
#8484=CARTESIAN_POINT('Ctrl Pts',(20.7617931040496,0.2,88.9753200644784));
#8485=CARTESIAN_POINT('Ctrl Pts',(20.4442888320633,0.2,88.9572625365236));
#8486=CARTESIAN_POINT('Ctrl Pts',(20.276150777936,0.2,88.9476999640465));
#8487=CARTESIAN_POINT('Origin',(22.2301269322634,0.2,90.5596247315407));
#8488=CARTESIAN_POINT('Ctrl Pts',(38.19979198277,0.,90.6171560287476));
#8489=CARTESIAN_POINT('Ctrl Pts',(38.19979198277,0.2,90.6171560287476));
#8490=CARTESIAN_POINT('Ctrl Pts',(38.1647619197188,0.,90.5695229407217));
#8491=CARTESIAN_POINT('Ctrl Pts',(38.1647619197188,0.2,90.5695229407217));
#8492=CARTESIAN_POINT('Ctrl Pts',(38.0923632382601,0.,90.4710768499502));
#8493=CARTESIAN_POINT('Ctrl Pts',(38.0923632382601,0.2,90.4710768499502));
#8494=CARTESIAN_POINT('Ctrl Pts',(38.0700803614265,0.,90.3507903021087));
#8495=CARTESIAN_POINT('Ctrl Pts',(38.0700803614265,0.2,90.3507903021087));
#8496=CARTESIAN_POINT('Ctrl Pts',(38.0585790425539,0.,90.2887043356895));
#8497=CARTESIAN_POINT('Ctrl Pts',(38.0585790425539,0.2,90.2887043356895));
#8498=CARTESIAN_POINT('',(38.19979198277,0.,90.6171560287476));
#8499=CARTESIAN_POINT('',(38.0585790425539,0.,90.2887043356895));
#8500=CARTESIAN_POINT('Ctrl Pts',(38.19979198277,0.,90.6171560287476));
#8501=CARTESIAN_POINT('Ctrl Pts',(38.1647619197188,0.,90.5695229407217));
#8502=CARTESIAN_POINT('Ctrl Pts',(38.0923632382601,0.,90.4710768499502));
#8503=CARTESIAN_POINT('Ctrl Pts',(38.0700803614265,0.,90.3507903021087));
#8504=CARTESIAN_POINT('Ctrl Pts',(38.0585790425539,0.,90.2887043356895));
#8505=CARTESIAN_POINT('',(38.19979198277,0.2,90.6171560287476));
#8506=CARTESIAN_POINT('',(38.19979198277,0.,90.6171560287476));
#8507=CARTESIAN_POINT('',(38.0585790425539,0.2,90.2887043356895));
#8508=CARTESIAN_POINT('Ctrl Pts',(38.19979198277,0.2,90.6171560287476));
#8509=CARTESIAN_POINT('Ctrl Pts',(38.1647619197188,0.2,90.5695229407217));
#8510=CARTESIAN_POINT('Ctrl Pts',(38.0923632382601,0.2,90.4710768499502));
#8511=CARTESIAN_POINT('Ctrl Pts',(38.0700803614265,0.2,90.3507903021087));
#8512=CARTESIAN_POINT('Ctrl Pts',(38.0585790425539,0.2,90.2887043356895));
#8513=CARTESIAN_POINT('',(38.0585790425539,0.,90.2887043356895));
#8514=CARTESIAN_POINT('Ctrl Pts',(38.4748960286379,0.,90.748955309391));
#8515=CARTESIAN_POINT('Ctrl Pts',(38.4748960286379,0.2,90.748955309391));
#8516=CARTESIAN_POINT('Ctrl Pts',(38.4231668964121,0.,90.7428635983446));
#8517=CARTESIAN_POINT('Ctrl Pts',(38.4231668964121,0.2,90.7428635983446));
#8518=CARTESIAN_POINT('Ctrl Pts',(38.3166731036334,0.,90.7303227072464));
#8519=CARTESIAN_POINT('Ctrl Pts',(38.3166731036334,0.2,90.7303227072464));
#8520=CARTESIAN_POINT('Ctrl Pts',(38.2394857462712,0.,90.6555883379124));
#8521=CARTESIAN_POINT('Ctrl Pts',(38.2394857462712,0.2,90.6555883379124));
#8522=CARTESIAN_POINT('Ctrl Pts',(38.19979198277,0.,90.6171560287476));
#8523=CARTESIAN_POINT('Ctrl Pts',(38.19979198277,0.2,90.6171560287476));
#8524=CARTESIAN_POINT('',(38.4748960286379,0.,90.748955309391));
#8525=CARTESIAN_POINT('Ctrl Pts',(38.4748960286379,0.,90.748955309391));
#8526=CARTESIAN_POINT('Ctrl Pts',(38.4231668964121,0.,90.7428635983446));
#8527=CARTESIAN_POINT('Ctrl Pts',(38.3166731036334,0.,90.7303227072464));
#8528=CARTESIAN_POINT('Ctrl Pts',(38.2394857462712,0.,90.6555883379124));
#8529=CARTESIAN_POINT('Ctrl Pts',(38.19979198277,0.,90.6171560287476));
#8530=CARTESIAN_POINT('',(38.4748960286379,0.2,90.748955309391));
#8531=CARTESIAN_POINT('',(38.4748960286379,0.,90.748955309391));
#8532=CARTESIAN_POINT('Ctrl Pts',(38.4748960286379,0.2,90.748955309391));
#8533=CARTESIAN_POINT('Ctrl Pts',(38.4231668964121,0.2,90.7428635983446));
#8534=CARTESIAN_POINT('Ctrl Pts',(38.3166731036334,0.2,90.7303227072464));
#8535=CARTESIAN_POINT('Ctrl Pts',(38.2394857462712,0.2,90.6555883379124));
#8536=CARTESIAN_POINT('Ctrl Pts',(38.19979198277,0.2,90.6171560287476));
#8537=CARTESIAN_POINT('Ctrl Pts',(38.8472820073366,0.,90.2887043356895));
#8538=CARTESIAN_POINT('Ctrl Pts',(38.8472820073366,0.2,90.2887043356895));
#8539=CARTESIAN_POINT('Ctrl Pts',(38.8377025375893,0.,90.4226482188325));
#8540=CARTESIAN_POINT('Ctrl Pts',(38.8377025375893,0.2,90.4226482188325));
#8541=CARTESIAN_POINT('Ctrl Pts',(38.8200296085828,0.,90.6697580067538));
#8542=CARTESIAN_POINT('Ctrl Pts',(38.8200296085828,0.2,90.6697580067538));
#8543=CARTESIAN_POINT('Ctrl Pts',(38.5833056566957,0.,90.7240787090803));
#8544=CARTESIAN_POINT('Ctrl Pts',(38.5833056566957,0.2,90.7240787090803));
#8545=CARTESIAN_POINT('Ctrl Pts',(38.4748960286379,0.,90.748955309391));
#8546=CARTESIAN_POINT('Ctrl Pts',(38.4748960286379,0.2,90.748955309391));
#8547=CARTESIAN_POINT('',(38.8472820073366,0.,90.2887043356895));
#8548=CARTESIAN_POINT('Ctrl Pts',(38.8472820073366,0.,90.2887043356895));
#8549=CARTESIAN_POINT('Ctrl Pts',(38.8377025375893,0.,90.4226482188325));
#8550=CARTESIAN_POINT('Ctrl Pts',(38.8200296085828,0.,90.6697580067538));
#8551=CARTESIAN_POINT('Ctrl Pts',(38.5833056566957,0.,90.7240787090803));
#8552=CARTESIAN_POINT('Ctrl Pts',(38.4748960286379,0.,90.748955309391));
#8553=CARTESIAN_POINT('',(38.8472820073366,0.2,90.2887043356895));
#8554=CARTESIAN_POINT('',(38.8472820073366,0.,90.2887043356895));
#8555=CARTESIAN_POINT('Ctrl Pts',(38.8472820073366,0.2,90.2887043356895));
#8556=CARTESIAN_POINT('Ctrl Pts',(38.8377025375893,0.2,90.4226482188325));
#8557=CARTESIAN_POINT('Ctrl Pts',(38.8200296085828,0.2,90.6697580067538));
#8558=CARTESIAN_POINT('Ctrl Pts',(38.5833056566957,0.2,90.7240787090803));
#8559=CARTESIAN_POINT('Ctrl Pts',(38.4748960286379,0.2,90.748955309391));
#8560=CARTESIAN_POINT('Origin',(38.0585790425539,0.,90.2887043356895));
#8561=CARTESIAN_POINT('',(35.3542895212769,0.,90.2887043356895));
#8562=CARTESIAN_POINT('',(38.0585790425539,0.2,90.2887043356895));
#8563=CARTESIAN_POINT('Ctrl Pts',(39.2039776593447,0.,90.9163191914558));
#8564=CARTESIAN_POINT('Ctrl Pts',(39.2039776593447,0.2,90.9163191914558));
#8565=CARTESIAN_POINT('Ctrl Pts',(39.2786432511511,0.,90.8107517376087));
#8566=CARTESIAN_POINT('Ctrl Pts',(39.2786432511511,0.2,90.8107517376087));
#8567=CARTESIAN_POINT('Ctrl Pts',(39.4381831456996,0.,90.5851830379298));
#8568=CARTESIAN_POINT('Ctrl Pts',(39.4381831456996,0.2,90.5851830379298));
#8569=CARTESIAN_POINT('Ctrl Pts',(39.4525896257923,0.,90.3083582120906));
#8570=CARTESIAN_POINT('Ctrl Pts',(39.4525896257923,0.2,90.3083582120906));
#8571=CARTESIAN_POINT('Ctrl Pts',(39.4602537900209,0.,90.1610890030861));
#8572=CARTESIAN_POINT('Ctrl Pts',(39.4602537900209,0.2,90.1610890030861));
#8573=CARTESIAN_POINT('',(39.2039776593447,0.2,90.9163191914558));
#8574=CARTESIAN_POINT('',(39.2039776593447,0.,90.9163191914558));
#8575=CARTESIAN_POINT('',(39.4602537900209,0.2,90.1610890030861));
#8576=CARTESIAN_POINT('Ctrl Pts',(39.2039776593447,0.2,90.9163191914558));
#8577=CARTESIAN_POINT('Ctrl Pts',(39.2786432511511,0.2,90.8107517376087));
#8578=CARTESIAN_POINT('Ctrl Pts',(39.4381831456996,0.2,90.5851830379298));
#8579=CARTESIAN_POINT('Ctrl Pts',(39.4525896257923,0.2,90.3083582120906));
#8580=CARTESIAN_POINT('Ctrl Pts',(39.4602537900209,0.2,90.1610890030861));
#8581=CARTESIAN_POINT('',(39.4602537900209,0.,90.1610890030861));
#8582=CARTESIAN_POINT('Ctrl Pts',(38.4790802747011,0.,91.1945620179176));
#8583=CARTESIAN_POINT('Ctrl Pts',(38.4790802747011,0.2,91.1945620179176));
#8584=CARTESIAN_POINT('Ctrl Pts',(38.6234477997626,0.,91.1860510766368));
#8585=CARTESIAN_POINT('Ctrl Pts',(38.6234477997626,0.2,91.1860510766368));
#8586=CARTESIAN_POINT('Ctrl Pts',(38.8956837544563,0.,91.1700018701139));
#8587=CARTESIAN_POINT('Ctrl Pts',(38.8956837544563,0.2,91.1700018701139));
#8588=CARTESIAN_POINT('Ctrl Pts',(39.105450727305,0.,90.9973930487182));
#8589=CARTESIAN_POINT('Ctrl Pts',(39.105450727305,0.2,90.9973930487182));
#8590=CARTESIAN_POINT('Ctrl Pts',(39.2039776593447,0.,90.9163191914558));
#8591=CARTESIAN_POINT('Ctrl Pts',(39.2039776593447,0.2,90.9163191914558));
#8592=CARTESIAN_POINT('',(38.4790802747011,0.2,91.1945620179176));
#8593=CARTESIAN_POINT('',(38.4790802747011,0.,91.1945620179176));
#8594=CARTESIAN_POINT('Ctrl Pts',(38.4790802747011,0.2,91.1945620179176));
#8595=CARTESIAN_POINT('Ctrl Pts',(38.6234477997626,0.2,91.1860510766368));
#8596=CARTESIAN_POINT('Ctrl Pts',(38.8956837544563,0.2,91.1700018701139));
#8597=CARTESIAN_POINT('Ctrl Pts',(39.105450727305,0.2,90.9973930487182));
#8598=CARTESIAN_POINT('Ctrl Pts',(39.2039776593447,0.2,90.9163191914558));
#8599=CARTESIAN_POINT('Ctrl Pts',(37.7175737172365,0.,90.8828464150429));
#8600=CARTESIAN_POINT('Ctrl Pts',(37.7175737172365,0.2,90.8828464150429));
#8601=CARTESIAN_POINT('Ctrl Pts',(37.8272952371929,0.,90.9737618550966));
#8602=CARTESIAN_POINT('Ctrl Pts',(37.8272952371929,0.2,90.9737618550966));
#8603=CARTESIAN_POINT('Ctrl Pts',(38.048486951333,0.,91.1570416896749));
#8604=CARTESIAN_POINT('Ctrl Pts',(38.048486951333,0.2,91.1570416896749));
#8605=CARTESIAN_POINT('Ctrl Pts',(38.33479467972,0.,91.1819894985807));
#8606=CARTESIAN_POINT('Ctrl Pts',(38.33479467972,0.2,91.1819894985807));
#8607=CARTESIAN_POINT('Ctrl Pts',(38.4790802747011,0.,91.1945620179176));
#8608=CARTESIAN_POINT('Ctrl Pts',(38.4790802747011,0.2,91.1945620179176));
#8609=CARTESIAN_POINT('',(37.7175737172365,0.2,90.8828464150429));
#8610=CARTESIAN_POINT('',(37.7175737172365,0.,90.8828464150429));
#8611=CARTESIAN_POINT('Ctrl Pts',(37.7175737172365,0.2,90.8828464150429));
#8612=CARTESIAN_POINT('Ctrl Pts',(37.8272952371929,0.2,90.9737618550966));
#8613=CARTESIAN_POINT('Ctrl Pts',(38.048486951333,0.2,91.1570416896749));
#8614=CARTESIAN_POINT('Ctrl Pts',(38.33479467972,0.2,91.1819894985807));
#8615=CARTESIAN_POINT('Ctrl Pts',(38.4790802747011,0.2,91.1945620179176));
#8616=CARTESIAN_POINT('Ctrl Pts',(37.4079514294863,0.,90.0376582145691));
#8617=CARTESIAN_POINT('Ctrl Pts',(37.4079514294863,0.2,90.0376582145691));
#8618=CARTESIAN_POINT('Ctrl Pts',(37.4178132491812,0.,90.2030436746555));
#8619=CARTESIAN_POINT('Ctrl Pts',(37.4178132491812,0.2,90.2030436746555));
#8620=CARTESIAN_POINT('Ctrl Pts',(37.4365220417096,0.,90.5167953306044));
#8621=CARTESIAN_POINT('Ctrl Pts',(37.4365220417096,0.2,90.5167953306044));
#8622=CARTESIAN_POINT('Ctrl Pts',(37.6273400944166,0.,90.7653231324504));
#8623=CARTESIAN_POINT('Ctrl Pts',(37.6273400944166,0.2,90.7653231324504));
#8624=CARTESIAN_POINT('Ctrl Pts',(37.7175737172365,0.,90.8828464150429));
#8625=CARTESIAN_POINT('Ctrl Pts',(37.7175737172365,0.2,90.8828464150429));
#8626=CARTESIAN_POINT('',(37.4079514294863,0.2,90.0376582145691));
#8627=CARTESIAN_POINT('',(37.4079514294863,0.,90.0376582145691));
#8628=CARTESIAN_POINT('Ctrl Pts',(37.4079514294863,0.2,90.0376582145691));
#8629=CARTESIAN_POINT('Ctrl Pts',(37.4178132491812,0.2,90.2030436746555));
#8630=CARTESIAN_POINT('Ctrl Pts',(37.4365220417096,0.2,90.5167953306044));
#8631=CARTESIAN_POINT('Ctrl Pts',(37.6273400944166,0.2,90.7653231324504));
#8632=CARTESIAN_POINT('Ctrl Pts',(37.7175737172365,0.2,90.8828464150429));
#8633=CARTESIAN_POINT('Ctrl Pts',(37.6945615559816,0.,89.2353570461273));
#8634=CARTESIAN_POINT('Ctrl Pts',(37.6945615559816,0.2,89.2353570461273));
#8635=CARTESIAN_POINT('Ctrl Pts',(37.6110645926028,0.,89.3457459443011));
#8636=CARTESIAN_POINT('Ctrl Pts',(37.6110645926028,0.2,89.3457459443011));
#8637=CARTESIAN_POINT('Ctrl Pts',(37.4322472411664,0.,89.5821551453145));
#8638=CARTESIAN_POINT('Ctrl Pts',(37.4322472411664,0.2,89.5821551453145));
#8639=CARTESIAN_POINT('Ctrl Pts',(37.4163993221471,0.,89.8792753176979));
#8640=CARTESIAN_POINT('Ctrl Pts',(37.4163993221471,0.2,89.8792753176979));
#8641=CARTESIAN_POINT('Ctrl Pts',(37.4079514294863,0.,90.0376582145691));
#8642=CARTESIAN_POINT('Ctrl Pts',(37.4079514294863,0.2,90.0376582145691));
#8643=CARTESIAN_POINT('',(37.6945615559816,0.2,89.2353570461273));
#8644=CARTESIAN_POINT('',(37.6945615559816,0.,89.2353570461273));
#8645=CARTESIAN_POINT('Ctrl Pts',(37.6945615559816,0.2,89.2353570461273));
#8646=CARTESIAN_POINT('Ctrl Pts',(37.6110645926028,0.2,89.3457459443011));
#8647=CARTESIAN_POINT('Ctrl Pts',(37.4322472411664,0.2,89.5821551453145));
#8648=CARTESIAN_POINT('Ctrl Pts',(37.4163993221471,0.2,89.8792753176979));
#8649=CARTESIAN_POINT('Ctrl Pts',(37.4079514294863,0.2,90.0376582145691));
#8650=CARTESIAN_POINT('Ctrl Pts',(38.5000015050173,0.,88.9476999640465));
#8651=CARTESIAN_POINT('Ctrl Pts',(38.5000015050173,0.2,88.9476999640465));
#8652=CARTESIAN_POINT('Ctrl Pts',(38.3405810122905,0.,88.9560439443624));
#8653=CARTESIAN_POINT('Ctrl Pts',(38.3405810122905,0.2,88.9560439443624));
#8654=CARTESIAN_POINT('Ctrl Pts',(38.0421584307761,0.,88.9716632170379));
#8655=CARTESIAN_POINT('Ctrl Pts',(38.0421584307761,0.2,88.9716632170379));
#8656=CARTESIAN_POINT('Ctrl Pts',(37.8050187270852,0.,89.1515620625968));
#8657=CARTESIAN_POINT('Ctrl Pts',(37.8050187270852,0.2,89.1515620625968));
#8658=CARTESIAN_POINT('Ctrl Pts',(37.6945615559816,0.,89.2353570461273));
#8659=CARTESIAN_POINT('Ctrl Pts',(37.6945615559816,0.2,89.2353570461273));
#8660=CARTESIAN_POINT('',(38.5000015050173,0.2,88.9476999640465));
#8661=CARTESIAN_POINT('',(38.5000015050173,0.,88.9476999640465));
#8662=CARTESIAN_POINT('Ctrl Pts',(38.5000015050173,0.2,88.9476999640465));
#8663=CARTESIAN_POINT('Ctrl Pts',(38.3405810122905,0.2,88.9560439443624));
#8664=CARTESIAN_POINT('Ctrl Pts',(38.0421584307761,0.2,88.9716632170379));
#8665=CARTESIAN_POINT('Ctrl Pts',(37.8050187270852,0.2,89.1515620625968));
#8666=CARTESIAN_POINT('Ctrl Pts',(37.6945615559816,0.2,89.2353570461273));
#8667=CARTESIAN_POINT('Ctrl Pts',(39.2719674855471,0.,89.1066959500313));
#8668=CARTESIAN_POINT('Ctrl Pts',(39.2719674855471,0.2,89.1066959500313));
#8669=CARTESIAN_POINT('Ctrl Pts',(39.1595447180482,0.,89.0604181991317));
#8670=CARTESIAN_POINT('Ctrl Pts',(39.1595447180482,0.2,89.0604181991317));
#8671=CARTESIAN_POINT('Ctrl Pts',(38.9127806350744,0.,88.9588401378824));
#8672=CARTESIAN_POINT('Ctrl Pts',(38.9127806350744,0.2,88.9588401378824));
#8673=CARTESIAN_POINT('Ctrl Pts',(38.6455079490566,0.,88.9516269239212));
#8674=CARTESIAN_POINT('Ctrl Pts',(38.6455079490566,0.2,88.9516269239212));
#8675=CARTESIAN_POINT('Ctrl Pts',(38.5000015050173,0.,88.9476999640465));
#8676=CARTESIAN_POINT('Ctrl Pts',(38.5000015050173,0.2,88.9476999640465));
#8677=CARTESIAN_POINT('',(39.2719674855471,0.2,89.1066959500313));
#8678=CARTESIAN_POINT('',(39.2719674855471,0.,89.1066959500313));
#8679=CARTESIAN_POINT('Ctrl Pts',(39.2719674855471,0.2,89.1066959500313));
#8680=CARTESIAN_POINT('Ctrl Pts',(39.1595447180482,0.2,89.0604181991317));
#8681=CARTESIAN_POINT('Ctrl Pts',(38.9127806350744,0.2,88.9588401378824));
#8682=CARTESIAN_POINT('Ctrl Pts',(38.6455079490566,0.2,88.9516269239212));
#8683=CARTESIAN_POINT('Ctrl Pts',(38.5000015050173,0.2,88.9476999640465));
#8684=CARTESIAN_POINT('Origin',(39.2719674855471,0.,89.5836833119392));
#8685=CARTESIAN_POINT('',(39.2719674855471,0.2,89.5836833119392));
#8686=CARTESIAN_POINT('',(39.2719674855471,0.,89.5836833119392));
#8687=CARTESIAN_POINT('',(39.2719674855471,0.2,89.5836833119392));
#8688=CARTESIAN_POINT('Ctrl Pts',(38.6506295949221,0.,89.4163191318512));
#8689=CARTESIAN_POINT('Ctrl Pts',(38.6506295949221,0.2,89.4163191318512));
#8690=CARTESIAN_POINT('Ctrl Pts',(38.763483346966,0.,89.4224194373642));
#8691=CARTESIAN_POINT('Ctrl Pts',(38.763483346966,0.2,89.4224194373642));
#8692=CARTESIAN_POINT('Ctrl Pts',(38.9826341257484,0.,89.4342656248393));
#8693=CARTESIAN_POINT('Ctrl Pts',(38.9826341257484,0.2,89.4342656248393));
#8694=CARTESIAN_POINT('Ctrl Pts',(39.177466077453,0.,89.5348808446574));
#8695=CARTESIAN_POINT('Ctrl Pts',(39.177466077453,0.2,89.5348808446574));
#8696=CARTESIAN_POINT('Ctrl Pts',(39.2719674855471,0.,89.5836833119392));
#8697=CARTESIAN_POINT('Ctrl Pts',(39.2719674855471,0.2,89.5836833119392));
#8698=CARTESIAN_POINT('',(38.6506295949221,0.2,89.4163191318512));
#8699=CARTESIAN_POINT('',(38.6506295949221,0.,89.4163191318512));
#8700=CARTESIAN_POINT('Ctrl Pts',(38.6506295949221,0.2,89.4163191318512));
#8701=CARTESIAN_POINT('Ctrl Pts',(38.763483346966,0.2,89.4224194373642));
#8702=CARTESIAN_POINT('Ctrl Pts',(38.9826341257484,0.2,89.4342656248393));
#8703=CARTESIAN_POINT('Ctrl Pts',(39.177466077453,0.2,89.5348808446574));
#8704=CARTESIAN_POINT('Ctrl Pts',(39.2719674855471,0.2,89.5836833119392));
#8705=CARTESIAN_POINT('Ctrl Pts',(38.0627632886171,0.,89.8828464746475));
#8706=CARTESIAN_POINT('Ctrl Pts',(38.0627632886171,0.2,89.8828464746475));
#8707=CARTESIAN_POINT('Ctrl Pts',(38.1010614811492,0.,89.7469297976423));
#8708=CARTESIAN_POINT('Ctrl Pts',(38.1010614811492,0.2,89.7469297976423));
#8709=CARTESIAN_POINT('Ctrl Pts',(38.1829731259587,0.,89.4562330875761));
#8710=CARTESIAN_POINT('Ctrl Pts',(38.1829731259587,0.2,89.4562330875761));
#8711=CARTESIAN_POINT('Ctrl Pts',(38.4881432590042,0.,89.4301871585934));
#8712=CARTESIAN_POINT('Ctrl Pts',(38.4881432590042,0.2,89.4301871585934));
#8713=CARTESIAN_POINT('Ctrl Pts',(38.6506295949221,0.,89.4163191318512));
#8714=CARTESIAN_POINT('Ctrl Pts',(38.6506295949221,0.2,89.4163191318512));
#8715=CARTESIAN_POINT('',(38.0627632886171,0.2,89.8828464746475));
#8716=CARTESIAN_POINT('',(38.0627632886171,0.,89.8828464746475));
#8717=CARTESIAN_POINT('Ctrl Pts',(38.0627632886171,0.2,89.8828464746475));
#8718=CARTESIAN_POINT('Ctrl Pts',(38.1010614811492,0.2,89.7469297976423));
#8719=CARTESIAN_POINT('Ctrl Pts',(38.1829731259587,0.2,89.4562330875761));
#8720=CARTESIAN_POINT('Ctrl Pts',(38.4881432590042,0.2,89.4301871585934));
#8721=CARTESIAN_POINT('Ctrl Pts',(38.6506295949221,0.2,89.4163191318512));
#8722=CARTESIAN_POINT('Origin',(39.4602537900209,0.,89.8828464746475));
#8723=CARTESIAN_POINT('',(39.4602537900209,0.2,89.8828464746475));
#8724=CARTESIAN_POINT('',(39.4602537900209,0.,89.8828464746475));
#8725=CARTESIAN_POINT('',(39.4602537900209,0.2,89.8828464746475));
#8726=CARTESIAN_POINT('Origin',(39.4602537900209,0.,90.1610890030861));
#8727=CARTESIAN_POINT('',(39.4602537900209,0.2,90.1610890030861));
#8728=CARTESIAN_POINT('Origin',(22.2301269322634,0.2,90.5596247315407));
#8729=CARTESIAN_POINT('Ctrl Pts',(27.7280331403017,0.,91.0188296437263));
#8730=CARTESIAN_POINT('Ctrl Pts',(27.7280331403017,0.2,91.0188296437263));
#8731=CARTESIAN_POINT('Ctrl Pts',(27.7004796392789,0.,91.1535417211972));
#8732=CARTESIAN_POINT('Ctrl Pts',(27.7004796392789,0.2,91.1535417211972));
#8733=CARTESIAN_POINT('Ctrl Pts',(27.6417513748688,0.,91.4406706235604));
#8734=CARTESIAN_POINT('Ctrl Pts',(27.6417513748688,0.2,91.4406706235604));
#8735=CARTESIAN_POINT('Ctrl Pts',(27.3455286018762,0.,91.4671283284885));
#8736=CARTESIAN_POINT('Ctrl Pts',(27.3455286018762,0.2,91.4671283284885));
#8737=CARTESIAN_POINT('Ctrl Pts',(27.1882844716311,0.,91.4811728894711));
#8738=CARTESIAN_POINT('Ctrl Pts',(27.1882844716311,0.2,91.4811728894711));
#8739=CARTESIAN_POINT('',(27.7280331403017,0.,91.0188296437263));
#8740=CARTESIAN_POINT('',(27.1882844716311,0.,91.4811728894711));
#8741=CARTESIAN_POINT('Ctrl Pts',(27.7280331403017,0.,91.0188296437263));
#8742=CARTESIAN_POINT('Ctrl Pts',(27.7004796392789,0.,91.1535417211972));
#8743=CARTESIAN_POINT('Ctrl Pts',(27.6417513748688,0.,91.4406706235604));
#8744=CARTESIAN_POINT('Ctrl Pts',(27.3455286018762,0.,91.4671283284885));
#8745=CARTESIAN_POINT('Ctrl Pts',(27.1882844716311,0.,91.4811728894711));
#8746=CARTESIAN_POINT('',(27.7280331403017,0.2,91.0188296437263));
#8747=CARTESIAN_POINT('',(27.7280331403017,0.,91.0188296437263));
#8748=CARTESIAN_POINT('',(27.1882844716311,0.2,91.4811728894711));
#8749=CARTESIAN_POINT('Ctrl Pts',(27.7280331403017,0.2,91.0188296437263));
#8750=CARTESIAN_POINT('Ctrl Pts',(27.7004796392789,0.2,91.1535417211972));
#8751=CARTESIAN_POINT('Ctrl Pts',(27.6417513748688,0.2,91.4406706235604));
#8752=CARTESIAN_POINT('Ctrl Pts',(27.3455286018762,0.2,91.4671283284885));
#8753=CARTESIAN_POINT('Ctrl Pts',(27.1882844716311,0.2,91.4811728894711));
#8754=CARTESIAN_POINT('',(27.1882844716311,0.,91.4811728894711));
#8755=CARTESIAN_POINT('Ctrl Pts',(27.1882844716311,0.,90.5460265278816));
#8756=CARTESIAN_POINT('Ctrl Pts',(27.1882844716311,0.2,90.5460265278816));
#8757=CARTESIAN_POINT('Ctrl Pts',(27.3455784307068,0.,90.5612173343476));
#8758=CARTESIAN_POINT('Ctrl Pts',(27.3455784307068,0.2,90.5612173343476));
#8759=CARTESIAN_POINT('Ctrl Pts',(27.6443868003583,0.,90.5900750231011));
#8760=CARTESIAN_POINT('Ctrl Pts',(27.6443868003583,0.2,90.5900750231011));
#8761=CARTESIAN_POINT('Ctrl Pts',(27.7011502193504,0.,90.8810330995909));
#8762=CARTESIAN_POINT('Ctrl Pts',(27.7011502193504,0.2,90.8810330995909));
#8763=CARTESIAN_POINT('Ctrl Pts',(27.7280331403017,0.,91.0188296437263));
#8764=CARTESIAN_POINT('Ctrl Pts',(27.7280331403017,0.2,91.0188296437263));
#8765=CARTESIAN_POINT('',(27.1882844716311,0.,90.5460265278816));
#8766=CARTESIAN_POINT('Ctrl Pts',(27.1882844716311,0.,90.5460265278816));
#8767=CARTESIAN_POINT('Ctrl Pts',(27.3455784307068,0.,90.5612173343476));
#8768=CARTESIAN_POINT('Ctrl Pts',(27.6443868003583,0.,90.5900750231011));
#8769=CARTESIAN_POINT('Ctrl Pts',(27.7011502193504,0.,90.8810330995909));
#8770=CARTESIAN_POINT('Ctrl Pts',(27.7280331403017,0.,91.0188296437263));
#8771=CARTESIAN_POINT('',(27.1882844716311,0.2,90.5460265278816));
#8772=CARTESIAN_POINT('',(27.1882844716311,0.,90.5460265278816));
#8773=CARTESIAN_POINT('Ctrl Pts',(27.1882844716311,0.2,90.5460265278816));
#8774=CARTESIAN_POINT('Ctrl Pts',(27.3455784307068,0.2,90.5612173343476));
#8775=CARTESIAN_POINT('Ctrl Pts',(27.6443868003583,0.2,90.5900750231011));
#8776=CARTESIAN_POINT('Ctrl Pts',(27.7011502193504,0.2,90.8810330995909));
#8777=CARTESIAN_POINT('Ctrl Pts',(27.7280331403017,0.2,91.0188296437263));
#8778=CARTESIAN_POINT('Origin',(26.9225955754519,0.,90.5460265278816));
#8779=CARTESIAN_POINT('',(26.9225955754519,0.,90.5460265278816));
#8780=CARTESIAN_POINT('',(29.7862977877259,0.,90.5460265278816));
#8781=CARTESIAN_POINT('',(26.9225955754519,0.2,90.5460265278816));
#8782=CARTESIAN_POINT('',(26.9225955754519,0.,90.5460265278816));
#8783=CARTESIAN_POINT('',(26.9225955754519,0.2,90.5460265278816));
#8784=CARTESIAN_POINT('Origin',(26.9225955754519,0.,91.4811728894711));
#8785=CARTESIAN_POINT('',(26.9225955754519,0.,91.4811728894711));
#8786=CARTESIAN_POINT('',(26.9225955754519,0.,81.7155864447355));
#8787=CARTESIAN_POINT('',(26.9225955754519,0.2,91.4811728894711));
#8788=CARTESIAN_POINT('',(26.9225955754519,0.,91.4811728894711));
#8789=CARTESIAN_POINT('',(26.9225955754519,0.2,91.4811728894711));
#8790=CARTESIAN_POINT('Origin',(27.1882844716311,0.,91.4811728894711));
#8791=CARTESIAN_POINT('',(29.9191422358155,0.,91.4811728894711));
#8792=CARTESIAN_POINT('',(27.1882844716311,0.2,91.4811728894711));
#8793=CARTESIAN_POINT('Ctrl Pts',(28.1140161305666,0.,90.3127628564835));
#8794=CARTESIAN_POINT('Ctrl Pts',(28.1140161305666,0.2,90.3127628564835));
#8795=CARTESIAN_POINT('Ctrl Pts',(27.9912217059848,0.,90.2313960615146));
#8796=CARTESIAN_POINT('Ctrl Pts',(27.9912217059848,0.2,90.2313960615146));
#8797=CARTESIAN_POINT('Ctrl Pts',(27.7285515224609,0.,90.057343933008));
#8798=CARTESIAN_POINT('Ctrl Pts',(27.7285515224609,0.2,90.057343933008));
#8799=CARTESIAN_POINT('Ctrl Pts',(27.4128737080377,0.,90.041768444565));
#8800=CARTESIAN_POINT('Ctrl Pts',(27.4128737080377,0.2,90.041768444565));
#8801=CARTESIAN_POINT('Ctrl Pts',(27.2447706013918,0.,90.0334742665291));
#8802=CARTESIAN_POINT('Ctrl Pts',(27.2447706013918,0.2,90.0334742665291));
#8803=CARTESIAN_POINT('',(28.1140161305666,0.2,90.3127628564835));
#8804=CARTESIAN_POINT('',(28.1140161305666,0.,90.3127628564835));
#8805=CARTESIAN_POINT('',(27.2447706013918,0.2,90.0334742665291));
#8806=CARTESIAN_POINT('Ctrl Pts',(28.1140161305666,0.2,90.3127628564835));
#8807=CARTESIAN_POINT('Ctrl Pts',(27.9912217059848,0.2,90.2313960615146));
#8808=CARTESIAN_POINT('Ctrl Pts',(27.7285515224609,0.2,90.057343933008));
#8809=CARTESIAN_POINT('Ctrl Pts',(27.4128737080377,0.2,90.041768444565));
#8810=CARTESIAN_POINT('Ctrl Pts',(27.2447706013918,0.2,90.0334742665291));
#8811=CARTESIAN_POINT('',(27.2447706013918,0.,90.0334742665291));
#8812=CARTESIAN_POINT('Ctrl Pts',(28.4393311291933,0.,91.0439345240593));
#8813=CARTESIAN_POINT('Ctrl Pts',(28.4393311291933,0.2,91.0439345240593));
#8814=CARTESIAN_POINT('Ctrl Pts',(28.4266149108344,0.,90.9012261809651));
#8815=CARTESIAN_POINT('Ctrl Pts',(28.4266149108344,0.2,90.9012261809651));
#8816=CARTESIAN_POINT('Ctrl Pts',(28.4015608489897,0.,90.620055824124));
#8817=CARTESIAN_POINT('Ctrl Pts',(28.4015608489897,0.2,90.620055824124));
#8818=CARTESIAN_POINT('Ctrl Pts',(28.2088944658565,0.,90.4141573295794));
#8819=CARTESIAN_POINT('Ctrl Pts',(28.2088944658565,0.2,90.4141573295794));
#8820=CARTESIAN_POINT('Ctrl Pts',(28.1140161305666,0.,90.3127628564835));
#8821=CARTESIAN_POINT('Ctrl Pts',(28.1140161305666,0.2,90.3127628564835));
#8822=CARTESIAN_POINT('',(28.4393311291933,0.2,91.0439345240593));
#8823=CARTESIAN_POINT('',(28.4393311291933,0.,91.0439345240593));
#8824=CARTESIAN_POINT('Ctrl Pts',(28.4393311291933,0.2,91.0439345240593));
#8825=CARTESIAN_POINT('Ctrl Pts',(28.4266149108344,0.2,90.9012261809651));
#8826=CARTESIAN_POINT('Ctrl Pts',(28.4015608489897,0.2,90.620055824124));
#8827=CARTESIAN_POINT('Ctrl Pts',(28.2088944658565,0.2,90.4141573295794));
#8828=CARTESIAN_POINT('Ctrl Pts',(28.1140161305666,0.2,90.3127628564835));
#8829=CARTESIAN_POINT('Ctrl Pts',(27.3054409772158,0.,92.0000013709068));
#8830=CARTESIAN_POINT('Ctrl Pts',(27.3054409772158,0.2,92.0000013709068));
#8831=CARTESIAN_POINT('Ctrl Pts',(27.6356917047342,0.,91.9721650233533));
#8832=CARTESIAN_POINT('Ctrl Pts',(27.6356917047342,0.2,91.9721650233533));
#8833=CARTESIAN_POINT('Ctrl Pts',(28.2542024746594,0.,91.9200316612661));
#8834=CARTESIAN_POINT('Ctrl Pts',(28.2542024746594,0.2,91.9200316612661));
#8835=CARTESIAN_POINT('Ctrl Pts',(28.380479219669,0.,91.32244348629));
#8836=CARTESIAN_POINT('Ctrl Pts',(28.380479219669,0.2,91.32244348629));
#8837=CARTESIAN_POINT('Ctrl Pts',(28.4393311291933,0.,91.0439345240593));
#8838=CARTESIAN_POINT('Ctrl Pts',(28.4393311291933,0.2,91.0439345240593));
#8839=CARTESIAN_POINT('',(27.3054409772158,0.2,92.0000013709068));
#8840=CARTESIAN_POINT('',(27.3054409772158,0.,92.0000013709068));
#8841=CARTESIAN_POINT('Ctrl Pts',(27.3054409772158,0.2,92.0000013709068));
#8842=CARTESIAN_POINT('Ctrl Pts',(27.6356917047342,0.2,91.9721650233533));
#8843=CARTESIAN_POINT('Ctrl Pts',(28.2542024746594,0.2,91.9200316612661));
#8844=CARTESIAN_POINT('Ctrl Pts',(28.380479219669,0.2,91.32244348629));
#8845=CARTESIAN_POINT('Ctrl Pts',(28.4393311291933,0.2,91.0439345240593));
#8846=CARTESIAN_POINT('Origin',(26.2468624860048,0.,92.0000013709068));
#8847=CARTESIAN_POINT('',(26.2468624860048,0.2,92.0000013709068));
#8848=CARTESIAN_POINT('',(26.2468624860048,0.,92.0000013709068));
#8849=CARTESIAN_POINT('',(26.2468624860048,0.2,92.0000013709068));
#8850=CARTESIAN_POINT('Origin',(26.2468624860048,0.,89.0000012516975));
#8851=CARTESIAN_POINT('',(26.2468624860048,0.2,89.0000012516975));
#8852=CARTESIAN_POINT('',(26.2468624860048,0.,89.0000012516975));
#8853=CARTESIAN_POINT('',(26.2468624860048,0.2,89.0000012516975));
#8854=CARTESIAN_POINT('Origin',(26.9225955754519,0.,89.0000012516975));
#8855=CARTESIAN_POINT('',(26.9225955754519,0.2,89.0000012516975));
#8856=CARTESIAN_POINT('',(26.9225955754519,0.,89.0000012516975));
#8857=CARTESIAN_POINT('',(26.9225955754519,0.2,89.0000012516975));
#8858=CARTESIAN_POINT('Origin',(26.9225955754519,0.,90.0334742665291));
#8859=CARTESIAN_POINT('',(26.9225955754519,0.2,90.0334742665291));
#8860=CARTESIAN_POINT('',(26.9225955754519,0.,90.0334742665291));
#8861=CARTESIAN_POINT('',(26.9225955754519,0.2,90.0334742665291));
#8862=CARTESIAN_POINT('Origin',(27.2447706013918,0.,90.0334742665291));
#8863=CARTESIAN_POINT('',(27.2447706013918,0.2,90.0334742665291));
#8864=CARTESIAN_POINT('Origin',(22.2301269322634,0.2,90.5596247315407));
#8865=CARTESIAN_POINT('Ctrl Pts',(32.1150613576174,0.,90.6882858276367));
#8866=CARTESIAN_POINT('Ctrl Pts',(32.1150613576174,0.2,90.6882858276367));
#8867=CARTESIAN_POINT('Ctrl Pts',(32.0516732786598,0.,90.6821275505154));
#8868=CARTESIAN_POINT('Ctrl Pts',(32.0516732786598,0.2,90.6821275505154));
#8869=CARTESIAN_POINT('Ctrl Pts',(31.9250540868845,0.,90.6698262458433));
#8870=CARTESIAN_POINT('Ctrl Pts',(31.9250540868845,0.2,90.6698262458433));
#8871=CARTESIAN_POINT('Ctrl Pts',(31.8320225842184,0.,90.5830730059805));
#8872=CARTESIAN_POINT('Ctrl Pts',(31.8320225842184,0.2,90.5830730059805));
#8873=CARTESIAN_POINT('Ctrl Pts',(31.7855644971132,0.,90.5397501587868));
#8874=CARTESIAN_POINT('Ctrl Pts',(31.7855644971132,0.2,90.5397501587868));
#8875=CARTESIAN_POINT('',(32.1150613576174,0.,90.6882858276367));
#8876=CARTESIAN_POINT('',(31.7855644971132,0.,90.5397501587868));
#8877=CARTESIAN_POINT('Ctrl Pts',(32.1150613576174,0.,90.6882858276367));
#8878=CARTESIAN_POINT('Ctrl Pts',(32.0516732786598,0.,90.6821275505154));
#8879=CARTESIAN_POINT('Ctrl Pts',(31.9250540868845,0.,90.6698262458433));
#8880=CARTESIAN_POINT('Ctrl Pts',(31.8320225842184,0.,90.5830730059805));
#8881=CARTESIAN_POINT('Ctrl Pts',(31.7855644971132,0.,90.5397501587868));
#8882=CARTESIAN_POINT('',(32.1150613576174,0.2,90.6882858276367));
#8883=CARTESIAN_POINT('',(32.1150613576174,0.,90.6882858276367));
#8884=CARTESIAN_POINT('',(31.7855644971132,0.2,90.5397501587868));
#8885=CARTESIAN_POINT('Ctrl Pts',(32.1150613576174,0.2,90.6882858276367));
#8886=CARTESIAN_POINT('Ctrl Pts',(32.0516732786598,0.2,90.6821275505154));
#8887=CARTESIAN_POINT('Ctrl Pts',(31.9250540868845,0.2,90.6698262458433));
#8888=CARTESIAN_POINT('Ctrl Pts',(31.8320225842184,0.2,90.5830730059805));
#8889=CARTESIAN_POINT('Ctrl Pts',(31.7855644971132,0.2,90.5397501587868));
#8890=CARTESIAN_POINT('',(31.7855644971132,0.,90.5397501587868));
#8891=CARTESIAN_POINT('Ctrl Pts',(32.4403763562441,0.,90.538704097271));
#8892=CARTESIAN_POINT('Ctrl Pts',(32.4403763562441,0.2,90.538704097271));
#8893=CARTESIAN_POINT('Ctrl Pts',(32.3971867855631,0.,90.582318133224));
#8894=CARTESIAN_POINT('Ctrl Pts',(32.3971867855631,0.2,90.582318133224));
#8895=CARTESIAN_POINT('Ctrl Pts',(32.3077594390248,0.,90.672624367938));
#8896=CARTESIAN_POINT('Ctrl Pts',(32.3077594390248,0.2,90.672624367938));
#8897=CARTESIAN_POINT('Ctrl Pts',(32.1807372700326,0.,90.6829480440534));
#8898=CARTESIAN_POINT('Ctrl Pts',(32.1807372700326,0.2,90.6829480440534));
#8899=CARTESIAN_POINT('Ctrl Pts',(32.1150613576174,0.,90.6882858276367));
#8900=CARTESIAN_POINT('Ctrl Pts',(32.1150613576174,0.2,90.6882858276367));
#8901=CARTESIAN_POINT('',(32.4403763562441,0.,90.538704097271));
#8902=CARTESIAN_POINT('Ctrl Pts',(32.4403763562441,0.,90.538704097271));
#8903=CARTESIAN_POINT('Ctrl Pts',(32.3971867855631,0.,90.582318133224));
#8904=CARTESIAN_POINT('Ctrl Pts',(32.3077594390248,0.,90.672624367938));
#8905=CARTESIAN_POINT('Ctrl Pts',(32.1807372700326,0.,90.6829480440534));
#8906=CARTESIAN_POINT('Ctrl Pts',(32.1150613576174,0.,90.6882858276367));
#8907=CARTESIAN_POINT('',(32.4403763562441,0.2,90.538704097271));
#8908=CARTESIAN_POINT('',(32.4403763562441,0.,90.538704097271));
#8909=CARTESIAN_POINT('Ctrl Pts',(32.4403763562441,0.2,90.538704097271));
#8910=CARTESIAN_POINT('Ctrl Pts',(32.3971867855631,0.2,90.582318133224));
#8911=CARTESIAN_POINT('Ctrl Pts',(32.3077594390248,0.2,90.672624367938));
#8912=CARTESIAN_POINT('Ctrl Pts',(32.1807372700326,0.2,90.6829480440534));
#8913=CARTESIAN_POINT('Ctrl Pts',(32.1150613576174,0.2,90.6882858276367));
#8914=CARTESIAN_POINT('Ctrl Pts',(32.554392889142,0.,90.1234322786331));
#8915=CARTESIAN_POINT('Ctrl Pts',(32.554392889142,0.2,90.1234322786331));
#8916=CARTESIAN_POINT('Ctrl Pts',(32.5516671010541,0.,90.2042918200013));
#8917=CARTESIAN_POINT('Ctrl Pts',(32.5516671010541,0.2,90.2042918200013));
#8918=CARTESIAN_POINT('Ctrl Pts',(32.5466769243863,0.,90.3523236492161));
#8919=CARTESIAN_POINT('Ctrl Pts',(32.5466769243863,0.2,90.3523236492161));
#8920=CARTESIAN_POINT('Ctrl Pts',(32.4735562621818,0.,90.4805286251812));
#8921=CARTESIAN_POINT('Ctrl Pts',(32.4735562621818,0.2,90.4805286251812));
#8922=CARTESIAN_POINT('Ctrl Pts',(32.4403763562441,0.,90.538704097271));
#8923=CARTESIAN_POINT('Ctrl Pts',(32.4403763562441,0.2,90.538704097271));
#8924=CARTESIAN_POINT('',(32.554392889142,0.,90.1234322786331));
#8925=CARTESIAN_POINT('Ctrl Pts',(32.554392889142,0.,90.1234322786331));
#8926=CARTESIAN_POINT('Ctrl Pts',(32.5516671010541,0.,90.2042918200013));
#8927=CARTESIAN_POINT('Ctrl Pts',(32.5466769243863,0.,90.3523236492161));
#8928=CARTESIAN_POINT('Ctrl Pts',(32.4735562621818,0.,90.4805286251812));
#8929=CARTESIAN_POINT('Ctrl Pts',(32.4403763562441,0.,90.538704097271));
#8930=CARTESIAN_POINT('',(32.554392889142,0.2,90.1234322786331));
#8931=CARTESIAN_POINT('',(32.554392889142,0.,90.1234322786331));
#8932=CARTESIAN_POINT('Ctrl Pts',(32.554392889142,0.2,90.1234322786331));
#8933=CARTESIAN_POINT('Ctrl Pts',(32.5516671010541,0.2,90.2042918200013));
#8934=CARTESIAN_POINT('Ctrl Pts',(32.5466769243863,0.2,90.3523236492161));
#8935=CARTESIAN_POINT('Ctrl Pts',(32.4735562621818,0.2,90.4805286251812));
#8936=CARTESIAN_POINT('Ctrl Pts',(32.4403763562441,0.2,90.538704097271));
#8937=CARTESIAN_POINT('Ctrl Pts',(32.4299145489931,0.,89.6286621689796));
#8938=CARTESIAN_POINT('Ctrl Pts',(32.4299145489931,0.2,89.6286621689796));
#8939=CARTESIAN_POINT('Ctrl Pts',(32.4661160738265,0.,89.6976399311008));
#8940=CARTESIAN_POINT('Ctrl Pts',(32.4661160738265,0.2,89.6976399311008));
#8941=CARTESIAN_POINT('Ctrl Pts',(32.547095833604,0.,89.8519373711194));
#8942=CARTESIAN_POINT('Ctrl Pts',(32.547095833604,0.2,89.8519373711194));
#8943=CARTESIAN_POINT('Ctrl Pts',(32.5517946506125,0.,90.0267619811964));
#8944=CARTESIAN_POINT('Ctrl Pts',(32.5517946506125,0.2,90.0267619811964));
#8945=CARTESIAN_POINT('Ctrl Pts',(32.554392889142,0.,90.1234322786331));
#8946=CARTESIAN_POINT('Ctrl Pts',(32.554392889142,0.2,90.1234322786331));
#8947=CARTESIAN_POINT('',(32.4299145489931,0.,89.6286621689796));
#8948=CARTESIAN_POINT('Ctrl Pts',(32.4299145489931,0.,89.6286621689796));
#8949=CARTESIAN_POINT('Ctrl Pts',(32.4661160738265,0.,89.6976399311008));
#8950=CARTESIAN_POINT('Ctrl Pts',(32.547095833604,0.,89.8519373711194));
#8951=CARTESIAN_POINT('Ctrl Pts',(32.5517946506125,0.,90.0267619811964));
#8952=CARTESIAN_POINT('Ctrl Pts',(32.554392889142,0.,90.1234322786331));
#8953=CARTESIAN_POINT('',(32.4299145489931,0.2,89.6286621689796));
#8954=CARTESIAN_POINT('',(32.4299145489931,0.,89.6286621689796));
#8955=CARTESIAN_POINT('Ctrl Pts',(32.4299145489931,0.2,89.6286621689796));
#8956=CARTESIAN_POINT('Ctrl Pts',(32.4661160738265,0.2,89.6976399311008));
#8957=CARTESIAN_POINT('Ctrl Pts',(32.547095833604,0.2,89.8519373711194));
#8958=CARTESIAN_POINT('Ctrl Pts',(32.5517946506125,0.2,90.0267619811964));
#8959=CARTESIAN_POINT('Ctrl Pts',(32.554392889142,0.2,90.1234322786331));
#8960=CARTESIAN_POINT('Ctrl Pts',(32.0794964581728,0.,89.4539761543274));
#8961=CARTESIAN_POINT('Ctrl Pts',(32.0794964581728,0.2,89.4539761543274));
#8962=CARTESIAN_POINT('Ctrl Pts',(32.1502503695515,0.,89.4607954727422));
#8963=CARTESIAN_POINT('Ctrl Pts',(32.1502503695515,0.2,89.4607954727422));
#8964=CARTESIAN_POINT('Ctrl Pts',(32.2896104565136,0.,89.4742271090828));
#8965=CARTESIAN_POINT('Ctrl Pts',(32.2896104565136,0.2,89.4742271090828));
#8966=CARTESIAN_POINT('Ctrl Pts',(32.3836295069584,0.,89.5777154495174));
#8967=CARTESIAN_POINT('Ctrl Pts',(32.3836295069584,0.2,89.5777154495174));
#8968=CARTESIAN_POINT('Ctrl Pts',(32.4299145489931,0.,89.6286621689796));
#8969=CARTESIAN_POINT('Ctrl Pts',(32.4299145489931,0.2,89.6286621689796));
#8970=CARTESIAN_POINT('',(32.0794964581728,0.,89.4539761543274));
#8971=CARTESIAN_POINT('Ctrl Pts',(32.0794964581728,0.,89.4539761543274));
#8972=CARTESIAN_POINT('Ctrl Pts',(32.1502503695515,0.,89.4607954727422));
#8973=CARTESIAN_POINT('Ctrl Pts',(32.2896104565136,0.,89.4742271090828));
#8974=CARTESIAN_POINT('Ctrl Pts',(32.3836295069584,0.,89.5777154495174));
#8975=CARTESIAN_POINT('Ctrl Pts',(32.4299145489931,0.,89.6286621689796));
#8976=CARTESIAN_POINT('',(32.0794964581728,0.2,89.4539761543274));
#8977=CARTESIAN_POINT('',(32.0794964581728,0.,89.4539761543274));
#8978=CARTESIAN_POINT('Ctrl Pts',(32.0794964581728,0.2,89.4539761543274));
#8979=CARTESIAN_POINT('Ctrl Pts',(32.1502503695515,0.2,89.4607954727422));
#8980=CARTESIAN_POINT('Ctrl Pts',(32.2896104565136,0.2,89.4742271090828));
#8981=CARTESIAN_POINT('Ctrl Pts',(32.3836295069584,0.2,89.5777154495174));
#8982=CARTESIAN_POINT('Ctrl Pts',(32.4299145489931,0.2,89.6286621689796));
#8983=CARTESIAN_POINT('Ctrl Pts',(31.7740584164858,0.,89.5899593830109));
#8984=CARTESIAN_POINT('Ctrl Pts',(31.7740584164858,0.2,89.5899593830109));
#8985=CARTESIAN_POINT('Ctrl Pts',(31.8168507654599,0.,89.5502983871115));
#8986=CARTESIAN_POINT('Ctrl Pts',(31.8168507654599,0.2,89.5502983871115));
#8987=CARTESIAN_POINT('Ctrl Pts',(31.9031540543318,0.,89.470310387665));
#8988=CARTESIAN_POINT('Ctrl Pts',(31.9031540543318,0.2,89.470310387665));
#8989=CARTESIAN_POINT('Ctrl Pts',(32.0203902738379,0.,89.4594510383348));
#8990=CARTESIAN_POINT('Ctrl Pts',(32.0203902738379,0.2,89.4594510383348));
#8991=CARTESIAN_POINT('Ctrl Pts',(32.0794964581728,0.,89.4539761543274));
#8992=CARTESIAN_POINT('Ctrl Pts',(32.0794964581728,0.2,89.4539761543274));
#8993=CARTESIAN_POINT('',(31.7740584164858,0.,89.5899593830109));
#8994=CARTESIAN_POINT('Ctrl Pts',(31.7740584164858,0.,89.5899593830109));
#8995=CARTESIAN_POINT('Ctrl Pts',(31.8168507654599,0.,89.5502983871115));
#8996=CARTESIAN_POINT('Ctrl Pts',(31.9031540543318,0.,89.470310387665));
#8997=CARTESIAN_POINT('Ctrl Pts',(32.0203902738379,0.,89.4594510383348));
#8998=CARTESIAN_POINT('Ctrl Pts',(32.0794964581728,0.,89.4539761543274));
#8999=CARTESIAN_POINT('',(31.7740584164858,0.2,89.5899593830109));
#9000=CARTESIAN_POINT('',(31.7740584164858,0.,89.5899593830109));
#9001=CARTESIAN_POINT('Ctrl Pts',(31.7740584164858,0.2,89.5899593830109));
#9002=CARTESIAN_POINT('Ctrl Pts',(31.8168507654599,0.2,89.5502983871115));
#9003=CARTESIAN_POINT('Ctrl Pts',(31.9031540543318,0.2,89.470310387665));
#9004=CARTESIAN_POINT('Ctrl Pts',(32.0203902738379,0.2,89.4594510383348));
#9005=CARTESIAN_POINT('Ctrl Pts',(32.0794964581728,0.2,89.4539761543274));
#9006=CARTESIAN_POINT('Ctrl Pts',(31.6548109799623,0.,89.933055639267));
#9007=CARTESIAN_POINT('Ctrl Pts',(31.6548109799623,0.2,89.933055639267));
#9008=CARTESIAN_POINT('Ctrl Pts',(31.658995488612,0.,89.8679008156225));
#9009=CARTESIAN_POINT('Ctrl Pts',(31.658995488612,0.2,89.8679008156225));
#9010=CARTESIAN_POINT('Ctrl Pts',(31.6670636614261,0.,89.7422754624829));
#9011=CARTESIAN_POINT('Ctrl Pts',(31.6670636614261,0.2,89.7422754624829));
#9012=CARTESIAN_POINT('Ctrl Pts',(31.7392912341061,0.,89.639453406446));
#9013=CARTESIAN_POINT('Ctrl Pts',(31.7392912341061,0.2,89.639453406446));
#9014=CARTESIAN_POINT('Ctrl Pts',(31.7740584164858,0.,89.5899593830109));
#9015=CARTESIAN_POINT('Ctrl Pts',(31.7740584164858,0.2,89.5899593830109));
#9016=CARTESIAN_POINT('',(31.6548109799623,0.,89.933055639267));
#9017=CARTESIAN_POINT('Ctrl Pts',(31.6548109799623,0.,89.933055639267));
#9018=CARTESIAN_POINT('Ctrl Pts',(31.658995488612,0.,89.8679008156225));
#9019=CARTESIAN_POINT('Ctrl Pts',(31.6670636614261,0.,89.7422754624829));
#9020=CARTESIAN_POINT('Ctrl Pts',(31.7392912341061,0.,89.639453406446));
#9021=CARTESIAN_POINT('Ctrl Pts',(31.7740584164858,0.,89.5899593830109));
#9022=CARTESIAN_POINT('',(31.6548109799623,0.2,89.933055639267));
#9023=CARTESIAN_POINT('',(31.6548109799623,0.,89.933055639267));
#9024=CARTESIAN_POINT('Ctrl Pts',(31.6548109799623,0.2,89.933055639267));
#9025=CARTESIAN_POINT('Ctrl Pts',(31.658995488612,0.2,89.8679008156225));
#9026=CARTESIAN_POINT('Ctrl Pts',(31.6670636614261,0.2,89.7422754624829));
#9027=CARTESIAN_POINT('Ctrl Pts',(31.7392912341061,0.2,89.639453406446));
#9028=CARTESIAN_POINT('Ctrl Pts',(31.7740584164858,0.2,89.5899593830109));
#9029=CARTESIAN_POINT('Origin',(31.6548109799623,0.,90.1527211070061));
#9030=CARTESIAN_POINT('',(31.6548109799623,0.,90.1527211070061));
#9031=CARTESIAN_POINT('',(31.6548109799623,0.,81.051360553503));
#9032=CARTESIAN_POINT('',(31.6548109799623,0.2,90.1527211070061));
#9033=CARTESIAN_POINT('',(31.6548109799623,0.,90.1527211070061));
#9034=CARTESIAN_POINT('',(31.6548109799623,0.2,90.1527211070061));
#9035=CARTESIAN_POINT('Ctrl Pts',(31.7855644971132,0.,90.5397501587868));
#9036=CARTESIAN_POINT('Ctrl Pts',(31.7855644971132,0.2,90.5397501587868));
#9037=CARTESIAN_POINT('Ctrl Pts',(31.7474559033646,0.,90.4846314185428));
#9038=CARTESIAN_POINT('Ctrl Pts',(31.7474559033646,0.2,90.4846314185428));
#9039=CARTESIAN_POINT('Ctrl Pts',(31.6671176641808,0.,90.3684334143225));
#9040=CARTESIAN_POINT('Ctrl Pts',(31.6671176641808,0.2,90.3684334143225));
#9041=CARTESIAN_POINT('Ctrl Pts',(31.6590511356332,0.,90.2270428127473));
#9042=CARTESIAN_POINT('Ctrl Pts',(31.6590511356332,0.2,90.2270428127473));
#9043=CARTESIAN_POINT('Ctrl Pts',(31.6548109799623,0.,90.1527211070061));
#9044=CARTESIAN_POINT('Ctrl Pts',(31.6548109799623,0.2,90.1527211070061));
#9045=CARTESIAN_POINT('Ctrl Pts',(31.7855644971132,0.,90.5397501587868));
#9046=CARTESIAN_POINT('Ctrl Pts',(31.7474559033646,0.,90.4846314185428));
#9047=CARTESIAN_POINT('Ctrl Pts',(31.6671176641808,0.,90.3684334143225));
#9048=CARTESIAN_POINT('Ctrl Pts',(31.6590511356332,0.,90.2270428127473));
#9049=CARTESIAN_POINT('Ctrl Pts',(31.6548109799623,0.,90.1527211070061));
#9050=CARTESIAN_POINT('Ctrl Pts',(31.7855644971132,0.2,90.5397501587868));
#9051=CARTESIAN_POINT('Ctrl Pts',(31.7474559033646,0.2,90.4846314185428));
#9052=CARTESIAN_POINT('Ctrl Pts',(31.6671176641808,0.2,90.3684334143225));
#9053=CARTESIAN_POINT('Ctrl Pts',(31.6590511356332,0.2,90.2270428127473));
#9054=CARTESIAN_POINT('Ctrl Pts',(31.6548109799623,0.2,90.1527211070061));
#9055=CARTESIAN_POINT('Ctrl Pts',(32.970709875226,0.,89.2719677090645));
#9056=CARTESIAN_POINT('Ctrl Pts',(32.970709875226,0.2,89.2719677090645));
#9057=CARTESIAN_POINT('Ctrl Pts',(32.8752201447857,0.,89.1773949630581));
#9058=CARTESIAN_POINT('Ctrl Pts',(32.8752201447857,0.2,89.1773949630581));
#9059=CARTESIAN_POINT('Ctrl Pts',(32.6815159878088,0.,88.9855509401072));
#9060=CARTESIAN_POINT('Ctrl Pts',(32.6815159878088,0.2,88.9855509401072));
#9061=CARTESIAN_POINT('Ctrl Pts',(32.4097559627739,0.,88.9604347199599));
#9062=CARTESIAN_POINT('Ctrl Pts',(32.4097559627739,0.2,88.9604347199599));
#9063=CARTESIAN_POINT('Ctrl Pts',(32.2719646245241,0.,88.9476999640465));
#9064=CARTESIAN_POINT('Ctrl Pts',(32.2719646245241,0.2,88.9476999640465));
#9065=CARTESIAN_POINT('',(32.970709875226,0.2,89.2719677090645));
#9066=CARTESIAN_POINT('',(32.970709875226,0.,89.2719677090645));
#9067=CARTESIAN_POINT('',(32.2719646245241,0.2,88.9476999640465));
#9068=CARTESIAN_POINT('Ctrl Pts',(32.970709875226,0.2,89.2719677090645));
#9069=CARTESIAN_POINT('Ctrl Pts',(32.8752201447857,0.2,89.1773949630581));
#9070=CARTESIAN_POINT('Ctrl Pts',(32.6815159878088,0.2,88.9855509401072));
#9071=CARTESIAN_POINT('Ctrl Pts',(32.4097559627739,0.2,88.9604347199599));
#9072=CARTESIAN_POINT('Ctrl Pts',(32.2719646245241,0.2,88.9476999640465));
#9073=CARTESIAN_POINT('',(32.2719646245241,0.,88.9476999640465));
#9074=CARTESIAN_POINT('Ctrl Pts',(33.2322169095278,0.,90.1318004727364));
#9075=CARTESIAN_POINT('Ctrl Pts',(33.2322169095278,0.2,90.1318004727364));
#9076=CARTESIAN_POINT('Ctrl Pts',(33.224613026481,0.,89.9663871732737));
#9077=CARTESIAN_POINT('Ctrl Pts',(33.224613026481,0.2,89.9663871732737));
#9078=CARTESIAN_POINT('Ctrl Pts',(33.2103745768155,0.,89.6566468834878));
#9079=CARTESIAN_POINT('Ctrl Pts',(33.2103745768155,0.2,89.6566468834878));
#9080=CARTESIAN_POINT('Ctrl Pts',(33.046888200735,0.,89.3942394293945));
#9081=CARTESIAN_POINT('Ctrl Pts',(33.046888200735,0.2,89.3942394293945));
#9082=CARTESIAN_POINT('Ctrl Pts',(32.970709875226,0.,89.2719677090645));
#9083=CARTESIAN_POINT('Ctrl Pts',(32.970709875226,0.2,89.2719677090645));
#9084=CARTESIAN_POINT('',(33.2322169095278,0.2,90.1318004727364));
#9085=CARTESIAN_POINT('',(33.2322169095278,0.,90.1318004727364));
#9086=CARTESIAN_POINT('Ctrl Pts',(33.2322169095278,0.2,90.1318004727364));
#9087=CARTESIAN_POINT('Ctrl Pts',(33.224613026481,0.2,89.9663871732737));
#9088=CARTESIAN_POINT('Ctrl Pts',(33.2103745768155,0.2,89.6566468834878));
#9089=CARTESIAN_POINT('Ctrl Pts',(33.046888200735,0.2,89.3942394293945));
#9090=CARTESIAN_POINT('Ctrl Pts',(32.970709875226,0.2,89.2719677090645));
#9091=CARTESIAN_POINT('Ctrl Pts',(33.0083680897951,0.,90.9100431203842));
#9092=CARTESIAN_POINT('Ctrl Pts',(33.0083680897951,0.2,90.9100431203842));
#9093=CARTESIAN_POINT('Ctrl Pts',(33.0735374583708,0.,90.8005599092299));
#9094=CARTESIAN_POINT('Ctrl Pts',(33.0735374583708,0.2,90.8005599092299));
#9095=CARTESIAN_POINT('Ctrl Pts',(33.2157575128179,0.,90.5616331159877));
#9096=CARTESIAN_POINT('Ctrl Pts',(33.2157575128179,0.2,90.5616331159877));
#9097=CARTESIAN_POINT('Ctrl Pts',(33.2264331565123,0.,90.2828416008154));
#9098=CARTESIAN_POINT('Ctrl Pts',(33.2264331565123,0.2,90.2828416008154));
#9099=CARTESIAN_POINT('Ctrl Pts',(33.2322169095278,0.,90.1318004727364));
#9100=CARTESIAN_POINT('Ctrl Pts',(33.2322169095278,0.2,90.1318004727364));
#9101=CARTESIAN_POINT('',(33.0083680897951,0.2,90.9100431203842));
#9102=CARTESIAN_POINT('',(33.0083680897951,0.,90.9100431203842));
#9103=CARTESIAN_POINT('Ctrl Pts',(33.0083680897951,0.2,90.9100431203842));
#9104=CARTESIAN_POINT('Ctrl Pts',(33.0735374583708,0.2,90.8005599092299));
#9105=CARTESIAN_POINT('Ctrl Pts',(33.2157575128179,0.2,90.5616331159877));
#9106=CARTESIAN_POINT('Ctrl Pts',(33.2264331565123,0.2,90.2828416008154));
#9107=CARTESIAN_POINT('Ctrl Pts',(33.2322169095278,0.2,90.1318004727364));
#9108=CARTESIAN_POINT('Ctrl Pts',(32.3702932149172,0.,91.1945620179176));
#9109=CARTESIAN_POINT('Ctrl Pts',(32.3702932149172,0.2,91.1945620179176));
#9110=CARTESIAN_POINT('Ctrl Pts',(32.4988275133748,0.,91.1846806748848));
#9111=CARTESIAN_POINT('Ctrl Pts',(32.4988275133748,0.2,91.1846806748848));
#9112=CARTESIAN_POINT('Ctrl Pts',(32.7461945359073,0.,91.1656638176412));
#9113=CARTESIAN_POINT('Ctrl Pts',(32.7461945359073,0.2,91.1656638176412));
#9114=CARTESIAN_POINT('Ctrl Pts',(32.9232921227102,0.,90.9929926692749));
#9115=CARTESIAN_POINT('Ctrl Pts',(32.9232921227102,0.2,90.9929926692749));
#9116=CARTESIAN_POINT('Ctrl Pts',(33.0083680897951,0.,90.9100431203842));
#9117=CARTESIAN_POINT('Ctrl Pts',(33.0083680897951,0.2,90.9100431203842));
#9118=CARTESIAN_POINT('',(32.3702932149172,0.2,91.1945620179176));
#9119=CARTESIAN_POINT('',(32.3702932149172,0.,91.1945620179176));
#9120=CARTESIAN_POINT('Ctrl Pts',(32.3702932149172,0.2,91.1945620179176));
#9121=CARTESIAN_POINT('Ctrl Pts',(32.4988275133748,0.2,91.1846806748848));
#9122=CARTESIAN_POINT('Ctrl Pts',(32.7461945359073,0.2,91.1656638176412));
#9123=CARTESIAN_POINT('Ctrl Pts',(32.9232921227102,0.2,90.9929926692749));
#9124=CARTESIAN_POINT('Ctrl Pts',(33.0083680897951,0.2,90.9100431203842));
#9125=CARTESIAN_POINT('Ctrl Pts',(31.673638895154,0.,90.8200851082802));
#9126=CARTESIAN_POINT('Ctrl Pts',(31.673638895154,0.2,90.8200851082802));
#9127=CARTESIAN_POINT('Ctrl Pts',(31.7640852723014,0.,90.9293072570768));
#9128=CARTESIAN_POINT('Ctrl Pts',(31.7640852723014,0.2,90.9293072570768));
#9129=CARTESIAN_POINT('Ctrl Pts',(31.9455254176222,0.,91.1484125786486));
#9130=CARTESIAN_POINT('Ctrl Pts',(31.9455254176222,0.2,91.1484125786486));
#9131=CARTESIAN_POINT('Ctrl Pts',(32.2284194592645,0.,91.1791479627278));
#9132=CARTESIAN_POINT('Ctrl Pts',(32.2284194592645,0.2,91.1791479627278));
#9133=CARTESIAN_POINT('Ctrl Pts',(32.3702932149172,0.,91.1945620179176));
#9134=CARTESIAN_POINT('Ctrl Pts',(32.3702932149172,0.2,91.1945620179176));
#9135=CARTESIAN_POINT('',(31.673638895154,0.2,90.8200851082802));
#9136=CARTESIAN_POINT('',(31.673638895154,0.,90.8200851082802));
#9137=CARTESIAN_POINT('Ctrl Pts',(31.673638895154,0.2,90.8200851082802));
#9138=CARTESIAN_POINT('Ctrl Pts',(31.7640852723014,0.2,90.9293072570768));
#9139=CARTESIAN_POINT('Ctrl Pts',(31.9455254176222,0.2,91.1484125786486));
#9140=CARTESIAN_POINT('Ctrl Pts',(32.2284194592645,0.2,91.1791479627278));
#9141=CARTESIAN_POINT('Ctrl Pts',(32.3702932149172,0.2,91.1945620179176));
#9142=CARTESIAN_POINT('Origin',(31.6652704030275,0.,90.8200851082802));
#9143=CARTESIAN_POINT('',(31.6652704030275,0.2,90.8200851082802));
#9144=CARTESIAN_POINT('',(31.6652704030275,0.,90.8200851082802));
#9145=CARTESIAN_POINT('',(31.6652704030275,0.2,90.8200851082802));
#9146=CARTESIAN_POINT('Origin',(31.6652704030275,0.,92.1715494990349));
#9147=CARTESIAN_POINT('',(31.6652704030275,0.2,92.1715494990349));
#9148=CARTESIAN_POINT('',(31.6652704030275,0.,92.1715494990349));
#9149=CARTESIAN_POINT('',(31.6652704030275,0.2,92.1715494990349));
#9150=CARTESIAN_POINT('Origin',(31.0041833668947,0.,92.1715494990349));
#9151=CARTESIAN_POINT('',(31.0041833668947,0.2,92.1715494990349));
#9152=CARTESIAN_POINT('',(31.0041833668947,0.,92.1715494990349));
#9153=CARTESIAN_POINT('',(31.0041833668947,0.2,92.1715494990349));
#9154=CARTESIAN_POINT('Origin',(31.0041833668947,0.,89.0000012516975));
#9155=CARTESIAN_POINT('',(31.0041833668947,0.2,89.0000012516975));
#9156=CARTESIAN_POINT('',(31.0041833668947,0.,89.0000012516975));
#9157=CARTESIAN_POINT('',(31.0041833668947,0.2,89.0000012516975));
#9158=CARTESIAN_POINT('Origin',(31.6652704030275,0.,89.0000012516975));
#9159=CARTESIAN_POINT('',(31.6652704030275,0.2,89.0000012516975));
#9160=CARTESIAN_POINT('',(31.6652704030275,0.,89.0000012516975));
#9161=CARTESIAN_POINT('',(31.6652704030275,0.2,89.0000012516975));
#9162=CARTESIAN_POINT('Origin',(31.6652704030275,0.,89.2489552497864));
#9163=CARTESIAN_POINT('',(31.6652704030275,0.2,89.2489552497864));
#9164=CARTESIAN_POINT('',(31.6652704030275,0.,89.2489552497864));
#9165=CARTESIAN_POINT('',(31.6652704030275,0.2,89.2489552497864));
#9166=CARTESIAN_POINT('Origin',(31.673638895154,0.,89.2489552497864));
#9167=CARTESIAN_POINT('',(31.673638895154,0.2,89.2489552497864));
#9168=CARTESIAN_POINT('',(31.673638895154,0.,89.2489552497864));
#9169=CARTESIAN_POINT('',(31.673638895154,0.2,89.2489552497864));
#9170=CARTESIAN_POINT('Ctrl Pts',(32.2719646245241,0.,88.9476999640465));
#9171=CARTESIAN_POINT('Ctrl Pts',(32.2719646245241,0.2,88.9476999640465));
#9172=CARTESIAN_POINT('Ctrl Pts',(32.1490993663431,0.,88.9589269744951));
#9173=CARTESIAN_POINT('Ctrl Pts',(32.1490993663431,0.2,88.9589269744951));
#9174=CARTESIAN_POINT('Ctrl Pts',(31.9094561648913,0.,88.9808247572081));
#9175=CARTESIAN_POINT('Ctrl Pts',(31.9094561648913,0.2,88.9808247572081));
#9176=CARTESIAN_POINT('Ctrl Pts',(31.750902144418,0.,89.1611048853647));
#9177=CARTESIAN_POINT('Ctrl Pts',(31.750902144418,0.2,89.1611048853647));
#9178=CARTESIAN_POINT('Ctrl Pts',(31.673638895154,0.,89.2489552497864));
#9179=CARTESIAN_POINT('Ctrl Pts',(31.673638895154,0.2,89.2489552497864));
#9180=CARTESIAN_POINT('Ctrl Pts',(32.2719646245241,0.2,88.9476999640465));
#9181=CARTESIAN_POINT('Ctrl Pts',(32.1490993663431,0.2,88.9589269744951));
#9182=CARTESIAN_POINT('Ctrl Pts',(31.9094561648913,0.2,88.9808247572081));
#9183=CARTESIAN_POINT('Ctrl Pts',(31.750902144418,0.2,89.1611048853647));
#9184=CARTESIAN_POINT('Ctrl Pts',(31.673638895154,0.2,89.2489552497864));
#9185=CARTESIAN_POINT('Origin',(22.2301269322634,0.2,90.5596247315407));
#9186=CARTESIAN_POINT('Origin',(36.317992284894,0.,92.1715494990349));
#9187=CARTESIAN_POINT('',(36.317992284894,0.2,92.1715494990349));
#9188=CARTESIAN_POINT('',(36.317992284894,0.,92.1715494990349));
#9189=CARTESIAN_POINT('',(36.9790793210268,0.2,92.1715494990349));
#9190=CARTESIAN_POINT('',(36.317992284894,0.2,92.1715494990349));
#9191=CARTESIAN_POINT('',(36.9790793210268,0.,92.1715494990349));
#9192=CARTESIAN_POINT('Origin',(36.317992284894,0.,89.0000012516975));
#9193=CARTESIAN_POINT('',(36.317992284894,0.2,89.0000012516975));
#9194=CARTESIAN_POINT('',(36.317992284894,0.,89.0000012516975));
#9195=CARTESIAN_POINT('',(36.317992284894,0.2,89.0000012516975));
#9196=CARTESIAN_POINT('Origin',(36.9790793210268,0.,89.0000012516975));
#9197=CARTESIAN_POINT('',(36.9790793210268,0.2,89.0000012516975));
#9198=CARTESIAN_POINT('',(36.9790793210268,0.,89.0000012516975));
#9199=CARTESIAN_POINT('',(36.9790793210268,0.2,89.0000012516975));
#9200=CARTESIAN_POINT('Origin',(36.9790793210268,0.,92.1715494990349));
#9201=CARTESIAN_POINT('',(36.9790793210268,0.2,92.1715494990349));
#9202=CARTESIAN_POINT('Origin',(22.2301269322634,0.2,90.5596247315407));
#9203=CARTESIAN_POINT('Ctrl Pts',(34.7719646245241,0.,90.6882858276367));
#9204=CARTESIAN_POINT('Ctrl Pts',(34.7719646245241,0.2,90.6882858276367));
#9205=CARTESIAN_POINT('Ctrl Pts',(34.7085774879374,0.,90.6821272662515));
#9206=CARTESIAN_POINT('Ctrl Pts',(34.7085774879374,0.2,90.6821272662515));
#9207=CARTESIAN_POINT('Ctrl Pts',(34.5819587318154,0.,90.6698252531918));
#9208=CARTESIAN_POINT('Ctrl Pts',(34.5819587318154,0.2,90.6698252531918));
#9209=CARTESIAN_POINT('Ctrl Pts',(34.488926665003,0.,90.583073006329));
#9210=CARTESIAN_POINT('Ctrl Pts',(34.488926665003,0.2,90.583073006329));
#9211=CARTESIAN_POINT('Ctrl Pts',(34.44246776402,0.,90.5397501587868));
#9212=CARTESIAN_POINT('Ctrl Pts',(34.44246776402,0.2,90.5397501587868));
#9213=CARTESIAN_POINT('',(34.7719646245241,0.,90.6882858276367));
#9214=CARTESIAN_POINT('',(34.44246776402,0.,90.5397501587868));
#9215=CARTESIAN_POINT('Ctrl Pts',(34.7719646245241,0.,90.6882858276367));
#9216=CARTESIAN_POINT('Ctrl Pts',(34.7085774879374,0.,90.6821272662515));
#9217=CARTESIAN_POINT('Ctrl Pts',(34.5819587318154,0.,90.6698252531918));
#9218=CARTESIAN_POINT('Ctrl Pts',(34.488926665003,0.,90.583073006329));
#9219=CARTESIAN_POINT('Ctrl Pts',(34.44246776402,0.,90.5397501587868));
#9220=CARTESIAN_POINT('',(34.7719646245241,0.2,90.6882858276367));
#9221=CARTESIAN_POINT('',(34.7719646245241,0.,90.6882858276367));
#9222=CARTESIAN_POINT('',(34.44246776402,0.2,90.5397501587868));
#9223=CARTESIAN_POINT('Ctrl Pts',(34.7719646245241,0.2,90.6882858276367));
#9224=CARTESIAN_POINT('Ctrl Pts',(34.7085774879374,0.2,90.6821272662515));
#9225=CARTESIAN_POINT('Ctrl Pts',(34.5819587318154,0.2,90.6698252531918));
#9226=CARTESIAN_POINT('Ctrl Pts',(34.488926665003,0.2,90.583073006329));
#9227=CARTESIAN_POINT('Ctrl Pts',(34.44246776402,0.2,90.5397501587868));
#9228=CARTESIAN_POINT('',(34.44246776402,0.,90.5397501587868));
#9229=CARTESIAN_POINT('Ctrl Pts',(35.0972796231508,0.,90.538704097271));
#9230=CARTESIAN_POINT('Ctrl Pts',(35.0972796231508,0.2,90.538704097271));
#9231=CARTESIAN_POINT('Ctrl Pts',(35.0540900524699,0.,90.582318133224));
#9232=CARTESIAN_POINT('Ctrl Pts',(35.0540900524699,0.2,90.582318133224));
#9233=CARTESIAN_POINT('Ctrl Pts',(34.9646627059315,0.,90.672624367938));
#9234=CARTESIAN_POINT('Ctrl Pts',(34.9646627059315,0.2,90.672624367938));
#9235=CARTESIAN_POINT('Ctrl Pts',(34.8376405369394,0.,90.6829480440534));
#9236=CARTESIAN_POINT('Ctrl Pts',(34.8376405369394,0.2,90.6829480440534));
#9237=CARTESIAN_POINT('Ctrl Pts',(34.7719646245241,0.,90.6882858276367));
#9238=CARTESIAN_POINT('Ctrl Pts',(34.7719646245241,0.2,90.6882858276367));
#9239=CARTESIAN_POINT('',(35.0972796231508,0.,90.538704097271));
#9240=CARTESIAN_POINT('Ctrl Pts',(35.0972796231508,0.,90.538704097271));
#9241=CARTESIAN_POINT('Ctrl Pts',(35.0540900524699,0.,90.582318133224));
#9242=CARTESIAN_POINT('Ctrl Pts',(34.9646627059315,0.,90.672624367938));
#9243=CARTESIAN_POINT('Ctrl Pts',(34.8376405369394,0.,90.6829480440534));
#9244=CARTESIAN_POINT('Ctrl Pts',(34.7719646245241,0.,90.6882858276367));
#9245=CARTESIAN_POINT('',(35.0972796231508,0.2,90.538704097271));
#9246=CARTESIAN_POINT('',(35.0972796231508,0.,90.538704097271));
#9247=CARTESIAN_POINT('Ctrl Pts',(35.0972796231508,0.2,90.538704097271));
#9248=CARTESIAN_POINT('Ctrl Pts',(35.0540900524699,0.2,90.582318133224));
#9249=CARTESIAN_POINT('Ctrl Pts',(34.9646627059315,0.2,90.672624367938));
#9250=CARTESIAN_POINT('Ctrl Pts',(34.8376405369394,0.2,90.6829480440534));
#9251=CARTESIAN_POINT('Ctrl Pts',(34.7719646245241,0.2,90.6882858276367));
#9252=CARTESIAN_POINT('Ctrl Pts',(35.2112961560488,0.,90.1234322786331));
#9253=CARTESIAN_POINT('Ctrl Pts',(35.2112961560488,0.2,90.1234322786331));
#9254=CARTESIAN_POINT('Ctrl Pts',(35.2085715614263,0.,90.2042919394543));
#9255=CARTESIAN_POINT('Ctrl Pts',(35.2085715614263,0.2,90.2042919394543));
#9256=CARTESIAN_POINT('Ctrl Pts',(35.2035835551944,0.,90.352324416935));
#9257=CARTESIAN_POINT('Ctrl Pts',(35.2035835551944,0.2,90.352324416935));
#9258=CARTESIAN_POINT('Ctrl Pts',(35.1304606588028,0.,90.4805287250233));
#9259=CARTESIAN_POINT('Ctrl Pts',(35.1304606588028,0.2,90.4805287250233));
#9260=CARTESIAN_POINT('Ctrl Pts',(35.0972796231508,0.,90.538704097271));
#9261=CARTESIAN_POINT('Ctrl Pts',(35.0972796231508,0.2,90.538704097271));
#9262=CARTESIAN_POINT('',(35.2112961560488,0.,90.1234322786331));
#9263=CARTESIAN_POINT('Ctrl Pts',(35.2112961560488,0.,90.1234322786331));
#9264=CARTESIAN_POINT('Ctrl Pts',(35.2085715614263,0.,90.2042919394543));
#9265=CARTESIAN_POINT('Ctrl Pts',(35.2035835551944,0.,90.352324416935));
#9266=CARTESIAN_POINT('Ctrl Pts',(35.1304606588028,0.,90.4805287250233));
#9267=CARTESIAN_POINT('Ctrl Pts',(35.0972796231508,0.,90.538704097271));
#9268=CARTESIAN_POINT('',(35.2112961560488,0.2,90.1234322786331));
#9269=CARTESIAN_POINT('',(35.2112961560488,0.,90.1234322786331));
#9270=CARTESIAN_POINT('Ctrl Pts',(35.2112961560488,0.2,90.1234322786331));
#9271=CARTESIAN_POINT('Ctrl Pts',(35.2085715614263,0.2,90.2042919394543));
#9272=CARTESIAN_POINT('Ctrl Pts',(35.2035835551944,0.2,90.352324416935));
#9273=CARTESIAN_POINT('Ctrl Pts',(35.1304606588028,0.2,90.4805287250233));
#9274=CARTESIAN_POINT('Ctrl Pts',(35.0972796231508,0.2,90.538704097271));
#9275=CARTESIAN_POINT('Ctrl Pts',(35.0868178158998,0.,89.6286621689796));
#9276=CARTESIAN_POINT('Ctrl Pts',(35.0868178158998,0.2,89.6286621689796));
#9277=CARTESIAN_POINT('Ctrl Pts',(35.1230182199904,0.,89.697640021952));
#9278=CARTESIAN_POINT('Ctrl Pts',(35.1230182199904,0.2,89.697640021952));
#9279=CARTESIAN_POINT('Ctrl Pts',(35.203995700698,0.,89.8519380995191));
#9280=CARTESIAN_POINT('Ctrl Pts',(35.203995700698,0.2,89.8519380995191));
#9281=CARTESIAN_POINT('Ctrl Pts',(35.2086967031499,0.,90.0267620988965));
#9282=CARTESIAN_POINT('Ctrl Pts',(35.2086967031499,0.2,90.0267620988965));
#9283=CARTESIAN_POINT('Ctrl Pts',(35.2112961560488,0.,90.1234322786331));
#9284=CARTESIAN_POINT('Ctrl Pts',(35.2112961560488,0.2,90.1234322786331));
#9285=CARTESIAN_POINT('',(35.0868178158998,0.,89.6286621689796));
#9286=CARTESIAN_POINT('Ctrl Pts',(35.0868178158998,0.,89.6286621689796));
#9287=CARTESIAN_POINT('Ctrl Pts',(35.1230182199904,0.,89.697640021952));
#9288=CARTESIAN_POINT('Ctrl Pts',(35.203995700698,0.,89.8519380995191));
#9289=CARTESIAN_POINT('Ctrl Pts',(35.2086967031499,0.,90.0267620988965));
#9290=CARTESIAN_POINT('Ctrl Pts',(35.2112961560488,0.,90.1234322786331));
#9291=CARTESIAN_POINT('',(35.0868178158998,0.2,89.6286621689796));
#9292=CARTESIAN_POINT('',(35.0868178158998,0.,89.6286621689796));
#9293=CARTESIAN_POINT('Ctrl Pts',(35.0868178158998,0.2,89.6286621689796));
#9294=CARTESIAN_POINT('Ctrl Pts',(35.1230182199904,0.2,89.697640021952));
#9295=CARTESIAN_POINT('Ctrl Pts',(35.203995700698,0.2,89.8519380995191));
#9296=CARTESIAN_POINT('Ctrl Pts',(35.2086967031499,0.2,90.0267620988965));
#9297=CARTESIAN_POINT('Ctrl Pts',(35.2112961560488,0.2,90.1234322786331));
#9298=CARTESIAN_POINT('Ctrl Pts',(34.7363997250795,0.,89.4539761543274));
#9299=CARTESIAN_POINT('Ctrl Pts',(34.7363997250795,0.2,89.4539761543274));
#9300=CARTESIAN_POINT('Ctrl Pts',(34.8071546137375,0.,89.4607951623055));
#9301=CARTESIAN_POINT('Ctrl Pts',(34.8071546137375,0.2,89.4607951623055));
#9302=CARTESIAN_POINT('Ctrl Pts',(34.9465152283384,0.,89.4742260525356));
#9303=CARTESIAN_POINT('Ctrl Pts',(34.9465152283384,0.2,89.4742260525356));
#9304=CARTESIAN_POINT('Ctrl Pts',(35.0405335910288,0.,89.5777154539836));
#9305=CARTESIAN_POINT('Ctrl Pts',(35.0405335910288,0.2,89.5777154539836));
#9306=CARTESIAN_POINT('Ctrl Pts',(35.0868178158998,0.,89.6286621689796));
#9307=CARTESIAN_POINT('Ctrl Pts',(35.0868178158998,0.2,89.6286621689796));
#9308=CARTESIAN_POINT('',(34.7363997250795,0.,89.4539761543274));
#9309=CARTESIAN_POINT('Ctrl Pts',(34.7363997250795,0.,89.4539761543274));
#9310=CARTESIAN_POINT('Ctrl Pts',(34.8071546137375,0.,89.4607951623055));
#9311=CARTESIAN_POINT('Ctrl Pts',(34.9465152283384,0.,89.4742260525356));
#9312=CARTESIAN_POINT('Ctrl Pts',(35.0405335910288,0.,89.5777154539836));
#9313=CARTESIAN_POINT('Ctrl Pts',(35.0868178158998,0.,89.6286621689796));
#9314=CARTESIAN_POINT('',(34.7363997250795,0.2,89.4539761543274));
#9315=CARTESIAN_POINT('',(34.7363997250795,0.,89.4539761543274));
#9316=CARTESIAN_POINT('Ctrl Pts',(34.7363997250795,0.2,89.4539761543274));
#9317=CARTESIAN_POINT('Ctrl Pts',(34.8071546137375,0.2,89.4607951623055));
#9318=CARTESIAN_POINT('Ctrl Pts',(34.9465152283384,0.2,89.4742260525356));
#9319=CARTESIAN_POINT('Ctrl Pts',(35.0405335910288,0.2,89.5777154539836));
#9320=CARTESIAN_POINT('Ctrl Pts',(35.0868178158998,0.2,89.6286621689796));
#9321=CARTESIAN_POINT('Ctrl Pts',(34.4309616833925,0.,89.5899593830109));
#9322=CARTESIAN_POINT('Ctrl Pts',(34.4309616833925,0.2,89.5899593830109));
#9323=CARTESIAN_POINT('Ctrl Pts',(34.4737548454509,0.,89.5502983848072));
#9324=CARTESIAN_POINT('Ctrl Pts',(34.4737548454509,0.2,89.5502983848072));
#9325=CARTESIAN_POINT('Ctrl Pts',(34.5600586973961,0.,89.4703113786519));
#9326=CARTESIAN_POINT('Ctrl Pts',(34.5600586973961,0.2,89.4703113786519));
#9327=CARTESIAN_POINT('Ctrl Pts',(34.6772944841598,0.,89.4594513258281));
#9328=CARTESIAN_POINT('Ctrl Pts',(34.6772944841598,0.2,89.4594513258281));
#9329=CARTESIAN_POINT('Ctrl Pts',(34.7363997250795,0.,89.4539761543274));
#9330=CARTESIAN_POINT('Ctrl Pts',(34.7363997250795,0.2,89.4539761543274));
#9331=CARTESIAN_POINT('',(34.4309616833925,0.,89.5899593830109));
#9332=CARTESIAN_POINT('Ctrl Pts',(34.4309616833925,0.,89.5899593830109));
#9333=CARTESIAN_POINT('Ctrl Pts',(34.4737548454509,0.,89.5502983848072));
#9334=CARTESIAN_POINT('Ctrl Pts',(34.5600586973961,0.,89.4703113786519));
#9335=CARTESIAN_POINT('Ctrl Pts',(34.6772944841598,0.,89.4594513258281));
#9336=CARTESIAN_POINT('Ctrl Pts',(34.7363997250795,0.,89.4539761543274));
#9337=CARTESIAN_POINT('',(34.4309616833925,0.2,89.5899593830109));
#9338=CARTESIAN_POINT('',(34.4309616833925,0.,89.5899593830109));
#9339=CARTESIAN_POINT('Ctrl Pts',(34.4309616833925,0.2,89.5899593830109));
#9340=CARTESIAN_POINT('Ctrl Pts',(34.4737548454509,0.2,89.5502983848072));
#9341=CARTESIAN_POINT('Ctrl Pts',(34.5600586973961,0.2,89.4703113786519));
#9342=CARTESIAN_POINT('Ctrl Pts',(34.6772944841598,0.2,89.4594513258281));
#9343=CARTESIAN_POINT('Ctrl Pts',(34.7363997250795,0.2,89.4539761543274));
#9344=CARTESIAN_POINT('Ctrl Pts',(34.3117142468691,0.,89.933055639267));
#9345=CARTESIAN_POINT('Ctrl Pts',(34.3117142468691,0.2,89.933055639267));
#9346=CARTESIAN_POINT('Ctrl Pts',(34.3158987555188,0.,89.8679008156225));
#9347=CARTESIAN_POINT('Ctrl Pts',(34.3158987555188,0.2,89.8679008156225));
#9348=CARTESIAN_POINT('Ctrl Pts',(34.3239669283329,0.,89.7422754624829));
#9349=CARTESIAN_POINT('Ctrl Pts',(34.3239669283329,0.2,89.7422754624829));
#9350=CARTESIAN_POINT('Ctrl Pts',(34.3961945010129,0.,89.639453406446));
#9351=CARTESIAN_POINT('Ctrl Pts',(34.3961945010129,0.2,89.639453406446));
#9352=CARTESIAN_POINT('Ctrl Pts',(34.4309616833925,0.,89.5899593830109));
#9353=CARTESIAN_POINT('Ctrl Pts',(34.4309616833925,0.2,89.5899593830109));
#9354=CARTESIAN_POINT('',(34.3117142468691,0.,89.933055639267));
#9355=CARTESIAN_POINT('Ctrl Pts',(34.3117142468691,0.,89.933055639267));
#9356=CARTESIAN_POINT('Ctrl Pts',(34.3158987555188,0.,89.8679008156225));
#9357=CARTESIAN_POINT('Ctrl Pts',(34.3239669283329,0.,89.7422754624829));
#9358=CARTESIAN_POINT('Ctrl Pts',(34.3961945010129,0.,89.639453406446));
#9359=CARTESIAN_POINT('Ctrl Pts',(34.4309616833925,0.,89.5899593830109));
#9360=CARTESIAN_POINT('',(34.3117142468691,0.2,89.933055639267));
#9361=CARTESIAN_POINT('',(34.3117142468691,0.,89.933055639267));
#9362=CARTESIAN_POINT('Ctrl Pts',(34.3117142468691,0.2,89.933055639267));
#9363=CARTESIAN_POINT('Ctrl Pts',(34.3158987555188,0.2,89.8679008156225));
#9364=CARTESIAN_POINT('Ctrl Pts',(34.3239669283329,0.2,89.7422754624829));
#9365=CARTESIAN_POINT('Ctrl Pts',(34.3961945010129,0.2,89.639453406446));
#9366=CARTESIAN_POINT('Ctrl Pts',(34.4309616833925,0.2,89.5899593830109));
#9367=CARTESIAN_POINT('Origin',(34.3117142468691,0.,90.1527211070061));
#9368=CARTESIAN_POINT('',(34.3117142468691,0.,90.1527211070061));
#9369=CARTESIAN_POINT('',(34.3117142468691,0.,81.051360553503));
#9370=CARTESIAN_POINT('',(34.3117142468691,0.2,90.1527211070061));
#9371=CARTESIAN_POINT('',(34.3117142468691,0.,90.1527211070061));
#9372=CARTESIAN_POINT('',(34.3117142468691,0.2,90.1527211070061));
#9373=CARTESIAN_POINT('Ctrl Pts',(34.44246776402,0.,90.5397501587868));
#9374=CARTESIAN_POINT('Ctrl Pts',(34.44246776402,0.2,90.5397501587868));
#9375=CARTESIAN_POINT('Ctrl Pts',(34.4043580129979,0.,90.4846315440094));
#9376=CARTESIAN_POINT('Ctrl Pts',(34.4043580129979,0.2,90.4846315440094));
#9377=CARTESIAN_POINT('Ctrl Pts',(34.3240176571262,0.,90.3684342714583));
#9378=CARTESIAN_POINT('Ctrl Pts',(34.3240176571262,0.2,90.3684342714583));
#9379=CARTESIAN_POINT('Ctrl Pts',(34.3159532644456,0.,90.227042931321));
#9380=CARTESIAN_POINT('Ctrl Pts',(34.3159532644456,0.2,90.227042931321));
#9381=CARTESIAN_POINT('Ctrl Pts',(34.3117142468691,0.,90.1527211070061));
#9382=CARTESIAN_POINT('Ctrl Pts',(34.3117142468691,0.2,90.1527211070061));
#9383=CARTESIAN_POINT('Ctrl Pts',(34.44246776402,0.,90.5397501587868));
#9384=CARTESIAN_POINT('Ctrl Pts',(34.4043580129979,0.,90.4846315440094));
#9385=CARTESIAN_POINT('Ctrl Pts',(34.3240176571262,0.,90.3684342714583));
#9386=CARTESIAN_POINT('Ctrl Pts',(34.3159532644456,0.,90.227042931321));
#9387=CARTESIAN_POINT('Ctrl Pts',(34.3117142468691,0.,90.1527211070061));
#9388=CARTESIAN_POINT('Ctrl Pts',(34.44246776402,0.2,90.5397501587868));
#9389=CARTESIAN_POINT('Ctrl Pts',(34.4043580129979,0.2,90.4846315440094));
#9390=CARTESIAN_POINT('Ctrl Pts',(34.3240176571262,0.2,90.3684342714583));
#9391=CARTESIAN_POINT('Ctrl Pts',(34.3159532644456,0.2,90.227042931321));
#9392=CARTESIAN_POINT('Ctrl Pts',(34.3117142468691,0.2,90.1527211070061));
#9393=CARTESIAN_POINT('Ctrl Pts',(35.6276131421328,0.,89.2719677090645));
#9394=CARTESIAN_POINT('Ctrl Pts',(35.6276131421328,0.2,89.2719677090645));
#9395=CARTESIAN_POINT('Ctrl Pts',(35.5321225973605,0.,89.1773949591172));
#9396=CARTESIAN_POINT('Ctrl Pts',(35.5321225973605,0.2,89.1773949591172));
#9397=CARTESIAN_POINT('Ctrl Pts',(35.338417828774,0.,88.9855519584637));
#9398=CARTESIAN_POINT('Ctrl Pts',(35.338417828774,0.2,88.9855519584637));
#9399=CARTESIAN_POINT('Ctrl Pts',(35.0666582725176,0.,88.9604350184564));
#9400=CARTESIAN_POINT('Ctrl Pts',(35.0666582725176,0.2,88.9604350184564));
#9401=CARTESIAN_POINT('Ctrl Pts',(34.9288678914309,0.,88.9476999640465));
#9402=CARTESIAN_POINT('Ctrl Pts',(34.9288678914309,0.2,88.9476999640465));
#9403=CARTESIAN_POINT('',(35.6276131421328,0.2,89.2719677090645));
#9404=CARTESIAN_POINT('',(35.6276131421328,0.,89.2719677090645));
#9405=CARTESIAN_POINT('',(34.9288678914309,0.2,88.9476999640465));
#9406=CARTESIAN_POINT('Ctrl Pts',(35.6276131421328,0.2,89.2719677090645));
#9407=CARTESIAN_POINT('Ctrl Pts',(35.5321225973605,0.2,89.1773949591172));
#9408=CARTESIAN_POINT('Ctrl Pts',(35.338417828774,0.2,88.9855519584637));
#9409=CARTESIAN_POINT('Ctrl Pts',(35.0666582725176,0.2,88.9604350184564));
#9410=CARTESIAN_POINT('Ctrl Pts',(34.9288678914309,0.2,88.9476999640465));
#9411=CARTESIAN_POINT('',(34.9288678914309,0.,88.9476999640465));
#9412=CARTESIAN_POINT('Ctrl Pts',(35.8891201764345,0.,90.1318004727364));
#9413=CARTESIAN_POINT('Ctrl Pts',(35.8891201764345,0.2,90.1318004727364));
#9414=CARTESIAN_POINT('Ctrl Pts',(35.8815162933877,0.,89.9663871732737));
#9415=CARTESIAN_POINT('Ctrl Pts',(35.8815162933877,0.2,89.9663871732737));
#9416=CARTESIAN_POINT('Ctrl Pts',(35.8672778437222,0.,89.6566468834878));
#9417=CARTESIAN_POINT('Ctrl Pts',(35.8672778437222,0.2,89.6566468834878));
#9418=CARTESIAN_POINT('Ctrl Pts',(35.7037914676417,0.,89.3942394293945));
#9419=CARTESIAN_POINT('Ctrl Pts',(35.7037914676417,0.2,89.3942394293945));
#9420=CARTESIAN_POINT('Ctrl Pts',(35.6276131421328,0.,89.2719677090645));
#9421=CARTESIAN_POINT('Ctrl Pts',(35.6276131421328,0.2,89.2719677090645));
#9422=CARTESIAN_POINT('',(35.8891201764345,0.2,90.1318004727364));
#9423=CARTESIAN_POINT('',(35.8891201764345,0.,90.1318004727364));
#9424=CARTESIAN_POINT('Ctrl Pts',(35.8891201764345,0.2,90.1318004727364));
#9425=CARTESIAN_POINT('Ctrl Pts',(35.8815162933877,0.2,89.9663871732737));
#9426=CARTESIAN_POINT('Ctrl Pts',(35.8672778437222,0.2,89.6566468834878));
#9427=CARTESIAN_POINT('Ctrl Pts',(35.7037914676417,0.2,89.3942394293945));
#9428=CARTESIAN_POINT('Ctrl Pts',(35.6276131421328,0.2,89.2719677090645));
#9429=CARTESIAN_POINT('Ctrl Pts',(35.6652713567019,0.,90.9100431203842));
#9430=CARTESIAN_POINT('Ctrl Pts',(35.6652713567019,0.2,90.9100431203842));
#9431=CARTESIAN_POINT('Ctrl Pts',(35.7304407252775,0.,90.8005599092299));
#9432=CARTESIAN_POINT('Ctrl Pts',(35.7304407252775,0.2,90.8005599092299));
#9433=CARTESIAN_POINT('Ctrl Pts',(35.8726607797247,0.,90.5616331159877));
#9434=CARTESIAN_POINT('Ctrl Pts',(35.8726607797247,0.2,90.5616331159877));
#9435=CARTESIAN_POINT('Ctrl Pts',(35.883336423419,0.,90.2828416008154));
#9436=CARTESIAN_POINT('Ctrl Pts',(35.883336423419,0.2,90.2828416008154));
#9437=CARTESIAN_POINT('Ctrl Pts',(35.8891201764345,0.,90.1318004727364));
#9438=CARTESIAN_POINT('Ctrl Pts',(35.8891201764345,0.2,90.1318004727364));
#9439=CARTESIAN_POINT('',(35.6652713567019,0.2,90.9100431203842));
#9440=CARTESIAN_POINT('',(35.6652713567019,0.,90.9100431203842));
#9441=CARTESIAN_POINT('Ctrl Pts',(35.6652713567019,0.2,90.9100431203842));
#9442=CARTESIAN_POINT('Ctrl Pts',(35.7304407252775,0.2,90.8005599092299));
#9443=CARTESIAN_POINT('Ctrl Pts',(35.8726607797247,0.2,90.5616331159877));
#9444=CARTESIAN_POINT('Ctrl Pts',(35.883336423419,0.2,90.2828416008154));
#9445=CARTESIAN_POINT('Ctrl Pts',(35.8891201764345,0.2,90.1318004727364));
#9446=CARTESIAN_POINT('Ctrl Pts',(35.0271964818239,0.,91.1945620179176));
#9447=CARTESIAN_POINT('Ctrl Pts',(35.0271964818239,0.2,91.1945620179176));
#9448=CARTESIAN_POINT('Ctrl Pts',(35.1557307802816,0.,91.1846806748848));
#9449=CARTESIAN_POINT('Ctrl Pts',(35.1557307802816,0.2,91.1846806748848));
#9450=CARTESIAN_POINT('Ctrl Pts',(35.4030978028141,0.,91.1656638176412));
#9451=CARTESIAN_POINT('Ctrl Pts',(35.4030978028141,0.2,91.1656638176412));
#9452=CARTESIAN_POINT('Ctrl Pts',(35.5801953896169,0.,90.9929926692749));
#9453=CARTESIAN_POINT('Ctrl Pts',(35.5801953896169,0.2,90.9929926692749));
#9454=CARTESIAN_POINT('Ctrl Pts',(35.6652713567019,0.,90.9100431203842));
#9455=CARTESIAN_POINT('Ctrl Pts',(35.6652713567019,0.2,90.9100431203842));
#9456=CARTESIAN_POINT('',(35.0271964818239,0.2,91.1945620179176));
#9457=CARTESIAN_POINT('',(35.0271964818239,0.,91.1945620179176));
#9458=CARTESIAN_POINT('Ctrl Pts',(35.0271964818239,0.2,91.1945620179176));
#9459=CARTESIAN_POINT('Ctrl Pts',(35.1557307802816,0.2,91.1846806748848));
#9460=CARTESIAN_POINT('Ctrl Pts',(35.4030978028141,0.2,91.1656638176412));
#9461=CARTESIAN_POINT('Ctrl Pts',(35.5801953896169,0.2,90.9929926692749));
#9462=CARTESIAN_POINT('Ctrl Pts',(35.6652713567019,0.2,90.9100431203842));
#9463=CARTESIAN_POINT('Ctrl Pts',(34.3305421620607,0.,90.8200851082802));
#9464=CARTESIAN_POINT('Ctrl Pts',(34.3305421620607,0.2,90.8200851082802));
#9465=CARTESIAN_POINT('Ctrl Pts',(34.4209885392082,0.,90.9293072570768));
#9466=CARTESIAN_POINT('Ctrl Pts',(34.4209885392082,0.2,90.9293072570768));
#9467=CARTESIAN_POINT('Ctrl Pts',(34.6024286845289,0.,91.1484125786486));
#9468=CARTESIAN_POINT('Ctrl Pts',(34.6024286845289,0.2,91.1484125786486));
#9469=CARTESIAN_POINT('Ctrl Pts',(34.8853227261713,0.,91.1791479627278));
#9470=CARTESIAN_POINT('Ctrl Pts',(34.8853227261713,0.2,91.1791479627278));
#9471=CARTESIAN_POINT('Ctrl Pts',(35.0271964818239,0.,91.1945620179176));
#9472=CARTESIAN_POINT('Ctrl Pts',(35.0271964818239,0.2,91.1945620179176));
#9473=CARTESIAN_POINT('',(34.3305421620607,0.2,90.8200851082802));
#9474=CARTESIAN_POINT('',(34.3305421620607,0.,90.8200851082802));
#9475=CARTESIAN_POINT('Ctrl Pts',(34.3305421620607,0.2,90.8200851082802));
#9476=CARTESIAN_POINT('Ctrl Pts',(34.4209885392082,0.2,90.9293072570768));
#9477=CARTESIAN_POINT('Ctrl Pts',(34.6024286845289,0.2,91.1484125786486));
#9478=CARTESIAN_POINT('Ctrl Pts',(34.8853227261713,0.2,91.1791479627278));
#9479=CARTESIAN_POINT('Ctrl Pts',(35.0271964818239,0.2,91.1945620179176));
#9480=CARTESIAN_POINT('Origin',(34.3221736699343,0.,90.8200851082802));
#9481=CARTESIAN_POINT('',(34.3221736699343,0.2,90.8200851082802));
#9482=CARTESIAN_POINT('',(34.3221736699343,0.,90.8200851082802));
#9483=CARTESIAN_POINT('',(34.3221736699343,0.2,90.8200851082802));
#9484=CARTESIAN_POINT('Origin',(34.3221736699343,0.,92.1715494990349));
#9485=CARTESIAN_POINT('',(34.3221736699343,0.2,92.1715494990349));
#9486=CARTESIAN_POINT('',(34.3221736699343,0.,92.1715494990349));
#9487=CARTESIAN_POINT('',(34.3221736699343,0.2,92.1715494990349));
#9488=CARTESIAN_POINT('Origin',(33.6610866338015,0.,92.1715494990349));
#9489=CARTESIAN_POINT('',(33.6610866338015,0.2,92.1715494990349));
#9490=CARTESIAN_POINT('',(33.6610866338015,0.,92.1715494990349));
#9491=CARTESIAN_POINT('',(33.6610866338015,0.2,92.1715494990349));
#9492=CARTESIAN_POINT('Origin',(33.6610866338015,0.,89.0000012516975));
#9493=CARTESIAN_POINT('',(33.6610866338015,0.2,89.0000012516975));
#9494=CARTESIAN_POINT('',(33.6610866338015,0.,89.0000012516975));
#9495=CARTESIAN_POINT('',(33.6610866338015,0.2,89.0000012516975));
#9496=CARTESIAN_POINT('Origin',(34.3221736699343,0.,89.0000012516975));
#9497=CARTESIAN_POINT('',(34.3221736699343,0.2,89.0000012516975));
#9498=CARTESIAN_POINT('',(34.3221736699343,0.,89.0000012516975));
#9499=CARTESIAN_POINT('',(34.3221736699343,0.2,89.0000012516975));
#9500=CARTESIAN_POINT('Origin',(34.3221736699343,0.,89.2489552497864));
#9501=CARTESIAN_POINT('',(34.3221736699343,0.2,89.2489552497864));
#9502=CARTESIAN_POINT('',(34.3221736699343,0.,89.2489552497864));
#9503=CARTESIAN_POINT('',(34.3221736699343,0.2,89.2489552497864));
#9504=CARTESIAN_POINT('Origin',(34.3305421620607,0.,89.2489552497864));
#9505=CARTESIAN_POINT('',(34.3305421620607,0.2,89.2489552497864));
#9506=CARTESIAN_POINT('',(34.3305421620607,0.,89.2489552497864));
#9507=CARTESIAN_POINT('',(34.3305421620607,0.2,89.2489552497864));
#9508=CARTESIAN_POINT('Ctrl Pts',(34.9288678914309,0.,88.9476999640465));
#9509=CARTESIAN_POINT('Ctrl Pts',(34.9288678914309,0.2,88.9476999640465));
#9510=CARTESIAN_POINT('Ctrl Pts',(34.8060026332498,0.,88.9589269744951));
#9511=CARTESIAN_POINT('Ctrl Pts',(34.8060026332498,0.2,88.9589269744951));
#9512=CARTESIAN_POINT('Ctrl Pts',(34.566359431798,0.,88.9808247572081));
#9513=CARTESIAN_POINT('Ctrl Pts',(34.566359431798,0.2,88.9808247572081));
#9514=CARTESIAN_POINT('Ctrl Pts',(34.4078054113247,0.,89.1611048853647));
#9515=CARTESIAN_POINT('Ctrl Pts',(34.4078054113247,0.2,89.1611048853647));
#9516=CARTESIAN_POINT('Ctrl Pts',(34.3305421620607,0.,89.2489552497864));
#9517=CARTESIAN_POINT('Ctrl Pts',(34.3305421620607,0.2,89.2489552497864));
#9518=CARTESIAN_POINT('Ctrl Pts',(34.9288678914309,0.2,88.9476999640465));
#9519=CARTESIAN_POINT('Ctrl Pts',(34.8060026332498,0.2,88.9589269744951));
#9520=CARTESIAN_POINT('Ctrl Pts',(34.566359431798,0.2,88.9808247572081));
#9521=CARTESIAN_POINT('Ctrl Pts',(34.4078054113247,0.2,89.1611048853647));
#9522=CARTESIAN_POINT('Ctrl Pts',(34.3305421620607,0.2,89.2489552497864));
#9523=CARTESIAN_POINT('Origin',(22.2301269322634,0.2,90.5596247315407));
#9524=CARTESIAN_POINT('Ctrl Pts',(29.3504191190004,0.,90.6171560287476));
#9525=CARTESIAN_POINT('Ctrl Pts',(29.3504191190004,0.2,90.6171560287476));
#9526=CARTESIAN_POINT('Ctrl Pts',(29.3153890559492,0.,90.5695229407217));
#9527=CARTESIAN_POINT('Ctrl Pts',(29.3153890559492,0.2,90.5695229407217));
#9528=CARTESIAN_POINT('Ctrl Pts',(29.2429903744906,0.,90.4710768499502));
#9529=CARTESIAN_POINT('Ctrl Pts',(29.2429903744906,0.2,90.4710768499502));
#9530=CARTESIAN_POINT('Ctrl Pts',(29.220707497657,0.,90.3507903021087));
#9531=CARTESIAN_POINT('Ctrl Pts',(29.220707497657,0.2,90.3507903021087));
#9532=CARTESIAN_POINT('Ctrl Pts',(29.2092061787844,0.,90.2887043356895));
#9533=CARTESIAN_POINT('Ctrl Pts',(29.2092061787844,0.2,90.2887043356895));
#9534=CARTESIAN_POINT('',(29.3504191190004,0.,90.6171560287476));
#9535=CARTESIAN_POINT('',(29.2092061787844,0.,90.2887043356895));
#9536=CARTESIAN_POINT('Ctrl Pts',(29.3504191190004,0.,90.6171560287476));
#9537=CARTESIAN_POINT('Ctrl Pts',(29.3153890559492,0.,90.5695229407217));
#9538=CARTESIAN_POINT('Ctrl Pts',(29.2429903744906,0.,90.4710768499502));
#9539=CARTESIAN_POINT('Ctrl Pts',(29.220707497657,0.,90.3507903021087));
#9540=CARTESIAN_POINT('Ctrl Pts',(29.2092061787844,0.,90.2887043356895));
#9541=CARTESIAN_POINT('',(29.3504191190004,0.2,90.6171560287476));
#9542=CARTESIAN_POINT('',(29.3504191190004,0.,90.6171560287476));
#9543=CARTESIAN_POINT('',(29.2092061787844,0.2,90.2887043356895));
#9544=CARTESIAN_POINT('Ctrl Pts',(29.3504191190004,0.2,90.6171560287476));
#9545=CARTESIAN_POINT('Ctrl Pts',(29.3153890559492,0.2,90.5695229407217));
#9546=CARTESIAN_POINT('Ctrl Pts',(29.2429903744906,0.2,90.4710768499502));
#9547=CARTESIAN_POINT('Ctrl Pts',(29.220707497657,0.2,90.3507903021087));
#9548=CARTESIAN_POINT('Ctrl Pts',(29.2092061787844,0.2,90.2887043356895));
#9549=CARTESIAN_POINT('',(29.2092061787844,0.,90.2887043356895));
#9550=CARTESIAN_POINT('Ctrl Pts',(29.6255231648684,0.,90.748955309391));
#9551=CARTESIAN_POINT('Ctrl Pts',(29.6255231648684,0.2,90.748955309391));
#9552=CARTESIAN_POINT('Ctrl Pts',(29.5737940326425,0.,90.7428635983446));
#9553=CARTESIAN_POINT('Ctrl Pts',(29.5737940326425,0.2,90.7428635983446));
#9554=CARTESIAN_POINT('Ctrl Pts',(29.4673002398639,0.,90.7303227072464));
#9555=CARTESIAN_POINT('Ctrl Pts',(29.4673002398639,0.2,90.7303227072464));
#9556=CARTESIAN_POINT('Ctrl Pts',(29.3901128825017,0.,90.6555883379124));
#9557=CARTESIAN_POINT('Ctrl Pts',(29.3901128825017,0.2,90.6555883379124));
#9558=CARTESIAN_POINT('Ctrl Pts',(29.3504191190004,0.,90.6171560287476));
#9559=CARTESIAN_POINT('Ctrl Pts',(29.3504191190004,0.2,90.6171560287476));
#9560=CARTESIAN_POINT('',(29.6255231648684,0.,90.748955309391));
#9561=CARTESIAN_POINT('Ctrl Pts',(29.6255231648684,0.,90.748955309391));
#9562=CARTESIAN_POINT('Ctrl Pts',(29.5737940326425,0.,90.7428635983446));
#9563=CARTESIAN_POINT('Ctrl Pts',(29.4673002398639,0.,90.7303227072464));
#9564=CARTESIAN_POINT('Ctrl Pts',(29.3901128825017,0.,90.6555883379124));
#9565=CARTESIAN_POINT('Ctrl Pts',(29.3504191190004,0.,90.6171560287476));
#9566=CARTESIAN_POINT('',(29.6255231648684,0.2,90.748955309391));
#9567=CARTESIAN_POINT('',(29.6255231648684,0.,90.748955309391));
#9568=CARTESIAN_POINT('Ctrl Pts',(29.6255231648684,0.2,90.748955309391));
#9569=CARTESIAN_POINT('Ctrl Pts',(29.5737940326425,0.2,90.7428635983446));
#9570=CARTESIAN_POINT('Ctrl Pts',(29.4673002398639,0.2,90.7303227072464));
#9571=CARTESIAN_POINT('Ctrl Pts',(29.3901128825017,0.2,90.6555883379124));
#9572=CARTESIAN_POINT('Ctrl Pts',(29.3504191190004,0.2,90.6171560287476));
#9573=CARTESIAN_POINT('Ctrl Pts',(29.9979091435671,0.,90.2887043356895));
#9574=CARTESIAN_POINT('Ctrl Pts',(29.9979091435671,0.2,90.2887043356895));
#9575=CARTESIAN_POINT('Ctrl Pts',(29.9883296738198,0.,90.4226482188325));
#9576=CARTESIAN_POINT('Ctrl Pts',(29.9883296738198,0.2,90.4226482188325));
#9577=CARTESIAN_POINT('Ctrl Pts',(29.9706567448132,0.,90.6697580067538));
#9578=CARTESIAN_POINT('Ctrl Pts',(29.9706567448132,0.2,90.6697580067538));
#9579=CARTESIAN_POINT('Ctrl Pts',(29.7339327929262,0.,90.7240787090803));
#9580=CARTESIAN_POINT('Ctrl Pts',(29.7339327929262,0.2,90.7240787090803));
#9581=CARTESIAN_POINT('Ctrl Pts',(29.6255231648684,0.,90.748955309391));
#9582=CARTESIAN_POINT('Ctrl Pts',(29.6255231648684,0.2,90.748955309391));
#9583=CARTESIAN_POINT('',(29.9979091435671,0.,90.2887043356895));
#9584=CARTESIAN_POINT('Ctrl Pts',(29.9979091435671,0.,90.2887043356895));
#9585=CARTESIAN_POINT('Ctrl Pts',(29.9883296738198,0.,90.4226482188325));
#9586=CARTESIAN_POINT('Ctrl Pts',(29.9706567448132,0.,90.6697580067538));
#9587=CARTESIAN_POINT('Ctrl Pts',(29.7339327929262,0.,90.7240787090803));
#9588=CARTESIAN_POINT('Ctrl Pts',(29.6255231648684,0.,90.748955309391));
#9589=CARTESIAN_POINT('',(29.9979091435671,0.2,90.2887043356895));
#9590=CARTESIAN_POINT('',(29.9979091435671,0.,90.2887043356895));
#9591=CARTESIAN_POINT('Ctrl Pts',(29.9979091435671,0.2,90.2887043356895));
#9592=CARTESIAN_POINT('Ctrl Pts',(29.9883296738198,0.2,90.4226482188325));
#9593=CARTESIAN_POINT('Ctrl Pts',(29.9706567448132,0.2,90.6697580067538));
#9594=CARTESIAN_POINT('Ctrl Pts',(29.7339327929262,0.2,90.7240787090803));
#9595=CARTESIAN_POINT('Ctrl Pts',(29.6255231648684,0.2,90.748955309391));
#9596=CARTESIAN_POINT('Origin',(29.2092061787844,0.,90.2887043356895));
#9597=CARTESIAN_POINT('',(30.9296030893922,0.,90.2887043356895));
#9598=CARTESIAN_POINT('',(29.2092061787844,0.2,90.2887043356895));
#9599=CARTESIAN_POINT('Ctrl Pts',(30.3546047955751,0.,90.9163191914558));
#9600=CARTESIAN_POINT('Ctrl Pts',(30.3546047955751,0.2,90.9163191914558));
#9601=CARTESIAN_POINT('Ctrl Pts',(30.4292703873815,0.,90.8107517376087));
#9602=CARTESIAN_POINT('Ctrl Pts',(30.4292703873815,0.2,90.8107517376087));
#9603=CARTESIAN_POINT('Ctrl Pts',(30.58881028193,0.,90.5851830379298));
#9604=CARTESIAN_POINT('Ctrl Pts',(30.58881028193,0.2,90.5851830379298));
#9605=CARTESIAN_POINT('Ctrl Pts',(30.6032167620228,0.,90.3083582120906));
#9606=CARTESIAN_POINT('Ctrl Pts',(30.6032167620228,0.2,90.3083582120906));
#9607=CARTESIAN_POINT('Ctrl Pts',(30.6108809262514,0.,90.1610890030861));
#9608=CARTESIAN_POINT('Ctrl Pts',(30.6108809262514,0.2,90.1610890030861));
#9609=CARTESIAN_POINT('',(30.3546047955751,0.2,90.9163191914558));
#9610=CARTESIAN_POINT('',(30.3546047955751,0.,90.9163191914558));
#9611=CARTESIAN_POINT('',(30.6108809262514,0.2,90.1610890030861));
#9612=CARTESIAN_POINT('Ctrl Pts',(30.3546047955751,0.2,90.9163191914558));
#9613=CARTESIAN_POINT('Ctrl Pts',(30.4292703873815,0.2,90.8107517376087));
#9614=CARTESIAN_POINT('Ctrl Pts',(30.58881028193,0.2,90.5851830379298));
#9615=CARTESIAN_POINT('Ctrl Pts',(30.6032167620228,0.2,90.3083582120906));
#9616=CARTESIAN_POINT('Ctrl Pts',(30.6108809262514,0.2,90.1610890030861));
#9617=CARTESIAN_POINT('',(30.6108809262514,0.,90.1610890030861));
#9618=CARTESIAN_POINT('Ctrl Pts',(29.6297074109316,0.,91.1945620179176));
#9619=CARTESIAN_POINT('Ctrl Pts',(29.6297074109316,0.2,91.1945620179176));
#9620=CARTESIAN_POINT('Ctrl Pts',(29.7740749359931,0.,91.1860510766368));
#9621=CARTESIAN_POINT('Ctrl Pts',(29.7740749359931,0.2,91.1860510766368));
#9622=CARTESIAN_POINT('Ctrl Pts',(30.0463108906868,0.,91.1700018701139));
#9623=CARTESIAN_POINT('Ctrl Pts',(30.0463108906868,0.2,91.1700018701139));
#9624=CARTESIAN_POINT('Ctrl Pts',(30.2560778635355,0.,90.9973930487182));
#9625=CARTESIAN_POINT('Ctrl Pts',(30.2560778635355,0.2,90.9973930487182));
#9626=CARTESIAN_POINT('Ctrl Pts',(30.3546047955751,0.,90.9163191914558));
#9627=CARTESIAN_POINT('Ctrl Pts',(30.3546047955751,0.2,90.9163191914558));
#9628=CARTESIAN_POINT('',(29.6297074109316,0.2,91.1945620179176));
#9629=CARTESIAN_POINT('',(29.6297074109316,0.,91.1945620179176));
#9630=CARTESIAN_POINT('Ctrl Pts',(29.6297074109316,0.2,91.1945620179176));
#9631=CARTESIAN_POINT('Ctrl Pts',(29.7740749359931,0.2,91.1860510766368));
#9632=CARTESIAN_POINT('Ctrl Pts',(30.0463108906868,0.2,91.1700018701139));
#9633=CARTESIAN_POINT('Ctrl Pts',(30.2560778635355,0.2,90.9973930487182));
#9634=CARTESIAN_POINT('Ctrl Pts',(30.3546047955751,0.2,90.9163191914558));
#9635=CARTESIAN_POINT('Ctrl Pts',(28.868200853467,0.,90.8828464150429));
#9636=CARTESIAN_POINT('Ctrl Pts',(28.868200853467,0.2,90.8828464150429));
#9637=CARTESIAN_POINT('Ctrl Pts',(28.9779231837778,0.,90.9737618571797));
#9638=CARTESIAN_POINT('Ctrl Pts',(28.9779231837778,0.2,90.9737618571797));
#9639=CARTESIAN_POINT('Ctrl Pts',(29.1991153869687,0.,91.1570407475692));
#9640=CARTESIAN_POINT('Ctrl Pts',(29.1991153869687,0.2,91.1570407475692));
#9641=CARTESIAN_POINT('Ctrl Pts',(29.485422740009,0.,91.1819892254748));
#9642=CARTESIAN_POINT('Ctrl Pts',(29.485422740009,0.2,91.1819892254748));
#9643=CARTESIAN_POINT('Ctrl Pts',(29.6297074109316,0.,91.1945620179176));
#9644=CARTESIAN_POINT('Ctrl Pts',(29.6297074109316,0.2,91.1945620179176));
#9645=CARTESIAN_POINT('',(28.868200853467,0.2,90.8828464150429));
#9646=CARTESIAN_POINT('',(28.868200853467,0.,90.8828464150429));
#9647=CARTESIAN_POINT('Ctrl Pts',(28.868200853467,0.2,90.8828464150429));
#9648=CARTESIAN_POINT('Ctrl Pts',(28.9779231837778,0.2,90.9737618571797));
#9649=CARTESIAN_POINT('Ctrl Pts',(29.1991153869687,0.2,91.1570407475692));
#9650=CARTESIAN_POINT('Ctrl Pts',(29.485422740009,0.2,91.1819892254748));
#9651=CARTESIAN_POINT('Ctrl Pts',(29.6297074109316,0.2,91.1945620179176));
#9652=CARTESIAN_POINT('Ctrl Pts',(28.5585785657167,0.,90.0376582145691));
#9653=CARTESIAN_POINT('Ctrl Pts',(28.5585785657167,0.2,90.0376582145691));
#9654=CARTESIAN_POINT('Ctrl Pts',(28.5684403854117,0.,90.2030436746555));
#9655=CARTESIAN_POINT('Ctrl Pts',(28.5684403854117,0.2,90.2030436746555));
#9656=CARTESIAN_POINT('Ctrl Pts',(28.58714917794,0.,90.5167953306044));
#9657=CARTESIAN_POINT('Ctrl Pts',(28.58714917794,0.2,90.5167953306044));
#9658=CARTESIAN_POINT('Ctrl Pts',(28.7779672306471,0.,90.7653231324504));
#9659=CARTESIAN_POINT('Ctrl Pts',(28.7779672306471,0.2,90.7653231324504));
#9660=CARTESIAN_POINT('Ctrl Pts',(28.868200853467,0.,90.8828464150429));
#9661=CARTESIAN_POINT('Ctrl Pts',(28.868200853467,0.2,90.8828464150429));
#9662=CARTESIAN_POINT('',(28.5585785657167,0.2,90.0376582145691));
#9663=CARTESIAN_POINT('',(28.5585785657167,0.,90.0376582145691));
#9664=CARTESIAN_POINT('Ctrl Pts',(28.5585785657167,0.2,90.0376582145691));
#9665=CARTESIAN_POINT('Ctrl Pts',(28.5684403854117,0.2,90.2030436746555));
#9666=CARTESIAN_POINT('Ctrl Pts',(28.58714917794,0.2,90.5167953306044));
#9667=CARTESIAN_POINT('Ctrl Pts',(28.7779672306471,0.2,90.7653231324504));
#9668=CARTESIAN_POINT('Ctrl Pts',(28.868200853467,0.2,90.8828464150429));
#9669=CARTESIAN_POINT('Ctrl Pts',(28.8451886922121,0.,89.2353570461273));
#9670=CARTESIAN_POINT('Ctrl Pts',(28.8451886922121,0.2,89.2353570461273));
#9671=CARTESIAN_POINT('Ctrl Pts',(28.7616917288333,0.,89.3457459443011));
#9672=CARTESIAN_POINT('Ctrl Pts',(28.7616917288333,0.2,89.3457459443011));
#9673=CARTESIAN_POINT('Ctrl Pts',(28.5828743773968,0.,89.5821551453145));
#9674=CARTESIAN_POINT('Ctrl Pts',(28.5828743773968,0.2,89.5821551453145));
#9675=CARTESIAN_POINT('Ctrl Pts',(28.5670264583776,0.,89.8792753176979));
#9676=CARTESIAN_POINT('Ctrl Pts',(28.5670264583776,0.2,89.8792753176979));
#9677=CARTESIAN_POINT('Ctrl Pts',(28.5585785657167,0.,90.0376582145691));
#9678=CARTESIAN_POINT('Ctrl Pts',(28.5585785657167,0.2,90.0376582145691));
#9679=CARTESIAN_POINT('',(28.8451886922121,0.2,89.2353570461273));
#9680=CARTESIAN_POINT('',(28.8451886922121,0.,89.2353570461273));
#9681=CARTESIAN_POINT('Ctrl Pts',(28.8451886922121,0.2,89.2353570461273));
#9682=CARTESIAN_POINT('Ctrl Pts',(28.7616917288333,0.2,89.3457459443011));
#9683=CARTESIAN_POINT('Ctrl Pts',(28.5828743773968,0.2,89.5821551453145));
#9684=CARTESIAN_POINT('Ctrl Pts',(28.5670264583776,0.2,89.8792753176979));
#9685=CARTESIAN_POINT('Ctrl Pts',(28.5585785657167,0.2,90.0376582145691));
#9686=CARTESIAN_POINT('Ctrl Pts',(29.6506286412477,0.,88.9476999640465));
#9687=CARTESIAN_POINT('Ctrl Pts',(29.6506286412477,0.2,88.9476999640465));
#9688=CARTESIAN_POINT('Ctrl Pts',(29.4912081485209,0.,88.9560439443624));
#9689=CARTESIAN_POINT('Ctrl Pts',(29.4912081485209,0.2,88.9560439443624));
#9690=CARTESIAN_POINT('Ctrl Pts',(29.1927855670066,0.,88.9716632170379));
#9691=CARTESIAN_POINT('Ctrl Pts',(29.1927855670066,0.2,88.9716632170379));
#9692=CARTESIAN_POINT('Ctrl Pts',(28.9556458633157,0.,89.1515620625968));
#9693=CARTESIAN_POINT('Ctrl Pts',(28.9556458633157,0.2,89.1515620625968));
#9694=CARTESIAN_POINT('Ctrl Pts',(28.8451886922121,0.,89.2353570461273));
#9695=CARTESIAN_POINT('Ctrl Pts',(28.8451886922121,0.2,89.2353570461273));
#9696=CARTESIAN_POINT('',(29.6506286412477,0.2,88.9476999640465));
#9697=CARTESIAN_POINT('',(29.6506286412477,0.,88.9476999640465));
#9698=CARTESIAN_POINT('Ctrl Pts',(29.6506286412477,0.2,88.9476999640465));
#9699=CARTESIAN_POINT('Ctrl Pts',(29.4912081485209,0.2,88.9560439443624));
#9700=CARTESIAN_POINT('Ctrl Pts',(29.1927855670066,0.2,88.9716632170379));
#9701=CARTESIAN_POINT('Ctrl Pts',(28.9556458633157,0.2,89.1515620625968));
#9702=CARTESIAN_POINT('Ctrl Pts',(28.8451886922121,0.2,89.2353570461273));
#9703=CARTESIAN_POINT('Ctrl Pts',(30.4225946217775,0.,89.1066959500313));
#9704=CARTESIAN_POINT('Ctrl Pts',(30.4225946217775,0.2,89.1066959500313));
#9705=CARTESIAN_POINT('Ctrl Pts',(30.3101718542787,0.,89.0604181991317));
#9706=CARTESIAN_POINT('Ctrl Pts',(30.3101718542787,0.2,89.0604181991317));
#9707=CARTESIAN_POINT('Ctrl Pts',(30.0634077713049,0.,88.9588401378824));
#9708=CARTESIAN_POINT('Ctrl Pts',(30.0634077713049,0.2,88.9588401378824));
#9709=CARTESIAN_POINT('Ctrl Pts',(29.7961350852871,0.,88.9516269239212));
#9710=CARTESIAN_POINT('Ctrl Pts',(29.7961350852871,0.2,88.9516269239212));
#9711=CARTESIAN_POINT('Ctrl Pts',(29.6506286412477,0.,88.9476999640465));
#9712=CARTESIAN_POINT('Ctrl Pts',(29.6506286412477,0.2,88.9476999640465));
#9713=CARTESIAN_POINT('',(30.4225946217775,0.2,89.1066959500313));
#9714=CARTESIAN_POINT('',(30.4225946217775,0.,89.1066959500313));
#9715=CARTESIAN_POINT('Ctrl Pts',(30.4225946217775,0.2,89.1066959500313));
#9716=CARTESIAN_POINT('Ctrl Pts',(30.3101718542787,0.2,89.0604181991317));
#9717=CARTESIAN_POINT('Ctrl Pts',(30.0634077713049,0.2,88.9588401378824));
#9718=CARTESIAN_POINT('Ctrl Pts',(29.7961350852871,0.2,88.9516269239212));
#9719=CARTESIAN_POINT('Ctrl Pts',(29.6506286412477,0.2,88.9476999640465));
#9720=CARTESIAN_POINT('Origin',(30.4225946217775,0.,89.5836833119392));
#9721=CARTESIAN_POINT('',(30.4225946217775,0.2,89.5836833119392));
#9722=CARTESIAN_POINT('',(30.4225946217775,0.,89.5836833119392));
#9723=CARTESIAN_POINT('',(30.4225946217775,0.2,89.5836833119392));
#9724=CARTESIAN_POINT('Ctrl Pts',(29.8012567311525,0.,89.4163191318512));
#9725=CARTESIAN_POINT('Ctrl Pts',(29.8012567311525,0.2,89.4163191318512));
#9726=CARTESIAN_POINT('Ctrl Pts',(29.9141104831964,0.,89.4224194373642));
#9727=CARTESIAN_POINT('Ctrl Pts',(29.9141104831964,0.2,89.4224194373642));
#9728=CARTESIAN_POINT('Ctrl Pts',(30.1332612619789,0.,89.4342656248393));
#9729=CARTESIAN_POINT('Ctrl Pts',(30.1332612619789,0.2,89.4342656248393));
#9730=CARTESIAN_POINT('Ctrl Pts',(30.3280932136834,0.,89.5348808446574));
#9731=CARTESIAN_POINT('Ctrl Pts',(30.3280932136834,0.2,89.5348808446574));
#9732=CARTESIAN_POINT('Ctrl Pts',(30.4225946217775,0.,89.5836833119392));
#9733=CARTESIAN_POINT('Ctrl Pts',(30.4225946217775,0.2,89.5836833119392));
#9734=CARTESIAN_POINT('',(29.8012567311525,0.2,89.4163191318512));
#9735=CARTESIAN_POINT('',(29.8012567311525,0.,89.4163191318512));
#9736=CARTESIAN_POINT('Ctrl Pts',(29.8012567311525,0.2,89.4163191318512));
#9737=CARTESIAN_POINT('Ctrl Pts',(29.9141104831964,0.2,89.4224194373642));
#9738=CARTESIAN_POINT('Ctrl Pts',(30.1332612619789,0.2,89.4342656248393));
#9739=CARTESIAN_POINT('Ctrl Pts',(30.3280932136834,0.2,89.5348808446574));
#9740=CARTESIAN_POINT('Ctrl Pts',(30.4225946217775,0.2,89.5836833119392));
#9741=CARTESIAN_POINT('Ctrl Pts',(29.2133904248476,0.,89.8828464746475));
#9742=CARTESIAN_POINT('Ctrl Pts',(29.2133904248476,0.2,89.8828464746475));
#9743=CARTESIAN_POINT('Ctrl Pts',(29.2516886173796,0.,89.7469297976423));
#9744=CARTESIAN_POINT('Ctrl Pts',(29.2516886173796,0.2,89.7469297976423));
#9745=CARTESIAN_POINT('Ctrl Pts',(29.3336002621892,0.,89.4562330875761));
#9746=CARTESIAN_POINT('Ctrl Pts',(29.3336002621892,0.2,89.4562330875761));
#9747=CARTESIAN_POINT('Ctrl Pts',(29.6387703952347,0.,89.4301871585934));
#9748=CARTESIAN_POINT('Ctrl Pts',(29.6387703952347,0.2,89.4301871585934));
#9749=CARTESIAN_POINT('Ctrl Pts',(29.8012567311525,0.,89.4163191318512));
#9750=CARTESIAN_POINT('Ctrl Pts',(29.8012567311525,0.2,89.4163191318512));
#9751=CARTESIAN_POINT('',(29.2133904248476,0.2,89.8828464746475));
#9752=CARTESIAN_POINT('',(29.2133904248476,0.,89.8828464746475));
#9753=CARTESIAN_POINT('Ctrl Pts',(29.2133904248476,0.2,89.8828464746475));
#9754=CARTESIAN_POINT('Ctrl Pts',(29.2516886173796,0.2,89.7469297976423));
#9755=CARTESIAN_POINT('Ctrl Pts',(29.3336002621892,0.2,89.4562330875761));
#9756=CARTESIAN_POINT('Ctrl Pts',(29.6387703952347,0.2,89.4301871585934));
#9757=CARTESIAN_POINT('Ctrl Pts',(29.8012567311525,0.2,89.4163191318512));
#9758=CARTESIAN_POINT('Origin',(30.6108809262514,0.,89.8828464746475));
#9759=CARTESIAN_POINT('',(30.6108809262514,0.2,89.8828464746475));
#9760=CARTESIAN_POINT('',(30.6108809262514,0.,89.8828464746475));
#9761=CARTESIAN_POINT('',(30.6108809262514,0.2,89.8828464746475));
#9762=CARTESIAN_POINT('Origin',(30.6108809262514,0.,90.1610890030861));
#9763=CARTESIAN_POINT('',(30.6108809262514,0.2,90.1610890030861));
#9764=CARTESIAN_POINT('Origin',(22.2301269322634,0.2,90.5596247315407));
#9765=CARTESIAN_POINT('Ctrl Pts',(24.604604318738,0.,89.4539761543274));
#9766=CARTESIAN_POINT('Ctrl Pts',(24.604604318738,0.2,89.4539761543274));
#9767=CARTESIAN_POINT('Ctrl Pts',(24.7426557221515,0.,89.4905729644964));
#9768=CARTESIAN_POINT('Ctrl Pts',(24.7426557221515,0.2,89.4905729644964));
#9769=CARTESIAN_POINT('Ctrl Pts',(25.0542351784506,0.,89.5731712860839));
#9770=CARTESIAN_POINT('Ctrl Pts',(25.0542351784506,0.2,89.5731712860839));
#9771=CARTESIAN_POINT('Ctrl Pts',(25.0704629894125,0.,89.9037551789581));
#9772=CARTESIAN_POINT('Ctrl Pts',(25.0704629894125,0.2,89.9037551789581));
#9773=CARTESIAN_POINT('Ctrl Pts',(25.0795007497072,0.,90.0878673791885));
#9774=CARTESIAN_POINT('Ctrl Pts',(25.0795007497072,0.2,90.0878673791885));
#9775=CARTESIAN_POINT('',(24.604604318738,0.,89.4539761543274));
#9776=CARTESIAN_POINT('',(25.0795007497072,0.,90.0878673791885));
#9777=CARTESIAN_POINT('Ctrl Pts',(24.604604318738,0.,89.4539761543274));
#9778=CARTESIAN_POINT('Ctrl Pts',(24.7426557221515,0.,89.4905729644964));
#9779=CARTESIAN_POINT('Ctrl Pts',(25.0542351784506,0.,89.5731712860839));
#9780=CARTESIAN_POINT('Ctrl Pts',(25.0704629894125,0.,89.9037551789581));
#9781=CARTESIAN_POINT('Ctrl Pts',(25.0795007497072,0.,90.0878673791885));
#9782=CARTESIAN_POINT('',(24.604604318738,0.2,89.4539761543274));
#9783=CARTESIAN_POINT('',(24.604604318738,0.,89.4539761543274));
#9784=CARTESIAN_POINT('',(25.0795007497072,0.2,90.0878673791885));
#9785=CARTESIAN_POINT('Ctrl Pts',(24.604604318738,0.2,89.4539761543274));
#9786=CARTESIAN_POINT('Ctrl Pts',(24.7426557221515,0.2,89.4905729644964));
#9787=CARTESIAN_POINT('Ctrl Pts',(25.0542351784506,0.2,89.5731712860839));
#9788=CARTESIAN_POINT('Ctrl Pts',(25.0704629894125,0.2,89.9037551789581));
#9789=CARTESIAN_POINT('Ctrl Pts',(25.0795007497072,0.2,90.0878673791885));
#9790=CARTESIAN_POINT('',(25.0795007497072,0.,90.0878673791885));
#9791=CARTESIAN_POINT('Ctrl Pts',(24.1066957265139,0.,90.0711309909821));
#9792=CARTESIAN_POINT('Ctrl Pts',(24.1066957265139,0.2,90.0711309909821));
#9793=CARTESIAN_POINT('Ctrl Pts',(24.1193839160589,0.,89.8915355925643));
#9794=CARTESIAN_POINT('Ctrl Pts',(24.1193839160589,0.2,89.8915355925643));
#9795=CARTESIAN_POINT('Ctrl Pts',(24.1427679815475,0.,89.5605450644715));
#9796=CARTESIAN_POINT('Ctrl Pts',(24.1427679815475,0.2,89.5605450644715));
#9797=CARTESIAN_POINT('Ctrl Pts',(24.4596585247831,0.,89.4874224513115));
#9798=CARTESIAN_POINT('Ctrl Pts',(24.4596585247831,0.2,89.4874224513115));
#9799=CARTESIAN_POINT('Ctrl Pts',(24.604604318738,0.,89.4539761543274));
#9800=CARTESIAN_POINT('Ctrl Pts',(24.604604318738,0.2,89.4539761543274));
#9801=CARTESIAN_POINT('',(24.1066957265139,0.,90.0711309909821));
#9802=CARTESIAN_POINT('Ctrl Pts',(24.1066957265139,0.,90.0711309909821));
#9803=CARTESIAN_POINT('Ctrl Pts',(24.1193839160589,0.,89.8915355925643));
#9804=CARTESIAN_POINT('Ctrl Pts',(24.1427679815475,0.,89.5605450644715));
#9805=CARTESIAN_POINT('Ctrl Pts',(24.4596585247831,0.,89.4874224513115));
#9806=CARTESIAN_POINT('Ctrl Pts',(24.604604318738,0.,89.4539761543274));
#9807=CARTESIAN_POINT('',(24.1066957265139,0.2,90.0711309909821));
#9808=CARTESIAN_POINT('',(24.1066957265139,0.,90.0711309909821));
#9809=CARTESIAN_POINT('Ctrl Pts',(24.1066957265139,0.2,90.0711309909821));
#9810=CARTESIAN_POINT('Ctrl Pts',(24.1193839160589,0.2,89.8915355925643));
#9811=CARTESIAN_POINT('Ctrl Pts',(24.1427679815475,0.2,89.5605450644715));
#9812=CARTESIAN_POINT('Ctrl Pts',(24.4596585247831,0.2,89.4874224513115));
#9813=CARTESIAN_POINT('Ctrl Pts',(24.604604318738,0.2,89.4539761543274));
#9814=CARTESIAN_POINT('Ctrl Pts',(24.2364037781954,0.,90.5271980166435));
#9815=CARTESIAN_POINT('Ctrl Pts',(24.2364037781954,0.2,90.5271980166435));
#9816=CARTESIAN_POINT('Ctrl Pts',(24.1986625567952,0.,90.4639505846203));
#9817=CARTESIAN_POINT('Ctrl Pts',(24.1986625567952,0.2,90.4639505846203));
#9818=CARTESIAN_POINT('Ctrl Pts',(24.1152019279099,0.,90.3240857297957));
#9819=CARTESIAN_POINT('Ctrl Pts',(24.1152019279099,0.2,90.3240857297957));
#9820=CARTESIAN_POINT('Ctrl Pts',(24.1097062419054,0.,90.1606567497917));
#9821=CARTESIAN_POINT('Ctrl Pts',(24.1097062419054,0.2,90.1606567497917));
#9822=CARTESIAN_POINT('Ctrl Pts',(24.1066957265139,0.,90.0711309909821));
#9823=CARTESIAN_POINT('Ctrl Pts',(24.1066957265139,0.2,90.0711309909821));
#9824=CARTESIAN_POINT('',(24.2364037781954,0.,90.5271980166435));
#9825=CARTESIAN_POINT('Ctrl Pts',(24.2364037781954,0.,90.5271980166435));
#9826=CARTESIAN_POINT('Ctrl Pts',(24.1986625567952,0.,90.4639505846203));
#9827=CARTESIAN_POINT('Ctrl Pts',(24.1152019279099,0.,90.3240857297957));
#9828=CARTESIAN_POINT('Ctrl Pts',(24.1097062419054,0.,90.1606567497917));
#9829=CARTESIAN_POINT('Ctrl Pts',(24.1066957265139,0.,90.0711309909821));
#9830=CARTESIAN_POINT('',(24.2364037781954,0.2,90.5271980166435));
#9831=CARTESIAN_POINT('',(24.2364037781954,0.,90.5271980166435));
#9832=CARTESIAN_POINT('Ctrl Pts',(24.2364037781954,0.2,90.5271980166435));
#9833=CARTESIAN_POINT('Ctrl Pts',(24.1986625567952,0.2,90.4639505846203));
#9834=CARTESIAN_POINT('Ctrl Pts',(24.1152019279099,0.2,90.3240857297957));
#9835=CARTESIAN_POINT('Ctrl Pts',(24.1097062419054,0.2,90.1606567497917));
#9836=CARTESIAN_POINT('Ctrl Pts',(24.1066957265139,0.2,90.0711309909821));
#9837=CARTESIAN_POINT('Ctrl Pts',(24.6004200726748,0.,90.6882858276367));
#9838=CARTESIAN_POINT('Ctrl Pts',(24.6004200726748,0.2,90.6882858276367));
#9839=CARTESIAN_POINT('Ctrl Pts',(24.5275289796463,0.,90.6826006730671));
#9840=CARTESIAN_POINT('Ctrl Pts',(24.5275289796463,0.2,90.6826006730671));
#9841=CARTESIAN_POINT('Ctrl Pts',(24.3868411025527,0.,90.6716276955178));
#9842=CARTESIAN_POINT('Ctrl Pts',(24.3868411025527,0.2,90.6716276955178));
#9843=CARTESIAN_POINT('Ctrl Pts',(24.2853242442772,0.,90.5741648663715));
#9844=CARTESIAN_POINT('Ctrl Pts',(24.2853242442772,0.2,90.5741648663715));
#9845=CARTESIAN_POINT('Ctrl Pts',(24.2364037781954,0.,90.5271980166435));
#9846=CARTESIAN_POINT('Ctrl Pts',(24.2364037781954,0.2,90.5271980166435));
#9847=CARTESIAN_POINT('',(24.6004200726748,0.,90.6882858276367));
#9848=CARTESIAN_POINT('Ctrl Pts',(24.6004200726748,0.,90.6882858276367));
#9849=CARTESIAN_POINT('Ctrl Pts',(24.5275289796463,0.,90.6826006730671));
#9850=CARTESIAN_POINT('Ctrl Pts',(24.3868411025527,0.,90.6716276955178));
#9851=CARTESIAN_POINT('Ctrl Pts',(24.2853242442772,0.,90.5741648663715));
#9852=CARTESIAN_POINT('Ctrl Pts',(24.2364037781954,0.,90.5271980166435));
#9853=CARTESIAN_POINT('',(24.6004200726748,0.2,90.6882858276367));
#9854=CARTESIAN_POINT('',(24.6004200726748,0.,90.6882858276367));
#9855=CARTESIAN_POINT('Ctrl Pts',(24.6004200726748,0.2,90.6882858276367));
#9856=CARTESIAN_POINT('Ctrl Pts',(24.5275289796463,0.2,90.6826006730671));
#9857=CARTESIAN_POINT('Ctrl Pts',(24.3868411025527,0.2,90.6716276955178));
#9858=CARTESIAN_POINT('Ctrl Pts',(24.2853242442772,0.2,90.5741648663715));
#9859=CARTESIAN_POINT('Ctrl Pts',(24.2364037781954,0.2,90.5271980166435));
#9860=CARTESIAN_POINT('Ctrl Pts',(25.0795007497072,0.,90.0878673791885));
#9861=CARTESIAN_POINT('Ctrl Pts',(25.0795007497072,0.2,90.0878673791885));
#9862=CARTESIAN_POINT('Ctrl Pts',(25.0677404483785,0.,90.2625492092805));
#9863=CARTESIAN_POINT('Ctrl Pts',(25.0677404483785,0.2,90.2625492092805));
#9864=CARTESIAN_POINT('Ctrl Pts',(25.0461522183187,0.,90.5832103411589));
#9865=CARTESIAN_POINT('Ctrl Pts',(25.0461522183187,0.2,90.5832103411589));
#9866=CARTESIAN_POINT('Ctrl Pts',(24.739858626882,0.,90.6554150238136));
#9867=CARTESIAN_POINT('Ctrl Pts',(24.739858626882,0.2,90.6554150238136));
#9868=CARTESIAN_POINT('Ctrl Pts',(24.6004200726748,0.,90.6882858276367));
#9869=CARTESIAN_POINT('Ctrl Pts',(24.6004200726748,0.2,90.6882858276367));
#9870=CARTESIAN_POINT('Ctrl Pts',(25.0795007497072,0.,90.0878673791885));
#9871=CARTESIAN_POINT('Ctrl Pts',(25.0677404483785,0.,90.2625492092805));
#9872=CARTESIAN_POINT('Ctrl Pts',(25.0461522183187,0.,90.5832103411589));
#9873=CARTESIAN_POINT('Ctrl Pts',(24.739858626882,0.,90.6554150238136));
#9874=CARTESIAN_POINT('Ctrl Pts',(24.6004200726748,0.,90.6882858276367));
#9875=CARTESIAN_POINT('Ctrl Pts',(25.0795007497072,0.2,90.0878673791885));
#9876=CARTESIAN_POINT('Ctrl Pts',(25.0677404483785,0.2,90.2625492092805));
#9877=CARTESIAN_POINT('Ctrl Pts',(25.0461522183187,0.2,90.5832103411589));
#9878=CARTESIAN_POINT('Ctrl Pts',(24.739858626882,0.2,90.6554150238136));
#9879=CARTESIAN_POINT('Ctrl Pts',(24.6004200726748,0.2,90.6882858276367));
#9880=CARTESIAN_POINT('Ctrl Pts',(25.7531405240297,0.,90.100419819355));
#9881=CARTESIAN_POINT('Ctrl Pts',(25.7531405240297,0.2,90.100419819355));
#9882=CARTESIAN_POINT('Ctrl Pts',(25.7431584547173,0.,89.9350787607133));
#9883=CARTESIAN_POINT('Ctrl Pts',(25.7431584547173,0.2,89.9350787607133));
#9884=CARTESIAN_POINT('Ctrl Pts',(25.7242155140157,0.,89.6213115676214));
#9885=CARTESIAN_POINT('Ctrl Pts',(25.7242155140157,0.2,89.6213115676214));
#9886=CARTESIAN_POINT('Ctrl Pts',(25.5315281426213,0.,89.3742125181621));
#9887=CARTESIAN_POINT('Ctrl Pts',(25.5315281426213,0.2,89.3742125181621));
#9888=CARTESIAN_POINT('Ctrl Pts',(25.4403782635927,0.,89.2573234438896));
#9889=CARTESIAN_POINT('Ctrl Pts',(25.4403782635927,0.2,89.2573234438896));
#9890=CARTESIAN_POINT('',(25.7531405240297,0.2,90.100419819355));
#9891=CARTESIAN_POINT('',(25.7531405240297,0.,90.100419819355));
#9892=CARTESIAN_POINT('',(25.4403782635927,0.2,89.2573234438896));
#9893=CARTESIAN_POINT('Ctrl Pts',(25.7531405240297,0.2,90.100419819355));
#9894=CARTESIAN_POINT('Ctrl Pts',(25.7431584547173,0.2,89.9350787607133));
#9895=CARTESIAN_POINT('Ctrl Pts',(25.7242155140157,0.2,89.6213115676214));
#9896=CARTESIAN_POINT('Ctrl Pts',(25.5315281426213,0.2,89.3742125181621));
#9897=CARTESIAN_POINT('Ctrl Pts',(25.4403782635927,0.2,89.2573234438896));
#9898=CARTESIAN_POINT('',(25.4403782635927,0.,89.2573234438896));
#9899=CARTESIAN_POINT('Ctrl Pts',(25.4497934132814,0.,90.8943527936935));
#9900=CARTESIAN_POINT('Ctrl Pts',(25.4497934132814,0.2,90.8943527936935));
#9901=CARTESIAN_POINT('Ctrl Pts',(25.5382293390326,0.,90.7830936626854));
#9902=CARTESIAN_POINT('Ctrl Pts',(25.5382293390326,0.2,90.7830936626854));
#9903=CARTESIAN_POINT('Ctrl Pts',(25.7226417484672,0.,90.5510888044051));
#9904=CARTESIAN_POINT('Ctrl Pts',(25.7226417484672,0.2,90.5510888044051));
#9905=CARTESIAN_POINT('Ctrl Pts',(25.7427008621637,0.,90.254682793217));
#9906=CARTESIAN_POINT('Ctrl Pts',(25.7427008621637,0.2,90.254682793217));
#9907=CARTESIAN_POINT('Ctrl Pts',(25.7531405240297,0.,90.100419819355));
#9908=CARTESIAN_POINT('Ctrl Pts',(25.7531405240297,0.2,90.100419819355));
#9909=CARTESIAN_POINT('',(25.4497934132814,0.2,90.8943527936935));
#9910=CARTESIAN_POINT('',(25.4497934132814,0.,90.8943527936935));
#9911=CARTESIAN_POINT('Ctrl Pts',(25.4497934132814,0.2,90.8943527936935));
#9912=CARTESIAN_POINT('Ctrl Pts',(25.5382293390326,0.2,90.7830936626854));
#9913=CARTESIAN_POINT('Ctrl Pts',(25.7226417484672,0.2,90.5510888044051));
#9914=CARTESIAN_POINT('Ctrl Pts',(25.7427008621637,0.2,90.254682793217));
#9915=CARTESIAN_POINT('Ctrl Pts',(25.7531405240297,0.2,90.100419819355));
#9916=CARTESIAN_POINT('Ctrl Pts',(24.6129728108644,0.,91.1945620179176));
#9917=CARTESIAN_POINT('Ctrl Pts',(24.6129728108644,0.2,91.1945620179176));
#9918=CARTESIAN_POINT('Ctrl Pts',(24.7775644079576,0.,91.1854775002474));
#9919=CARTESIAN_POINT('Ctrl Pts',(24.7775644079576,0.2,91.1854775002474));
#9920=CARTESIAN_POINT('Ctrl Pts',(25.0874595584749,0.,91.1683730549383));
#9921=CARTESIAN_POINT('Ctrl Pts',(25.0874595584749,0.2,91.1683730549383));
#9922=CARTESIAN_POINT('Ctrl Pts',(25.334133161674,0.,90.9818225455279));
#9923=CARTESIAN_POINT('Ctrl Pts',(25.334133161674,0.2,90.9818225455279));
#9924=CARTESIAN_POINT('Ctrl Pts',(25.4497934132814,0.,90.8943527936935));
#9925=CARTESIAN_POINT('Ctrl Pts',(25.4497934132814,0.2,90.8943527936935));
#9926=CARTESIAN_POINT('',(24.6129728108644,0.2,91.1945620179176));
#9927=CARTESIAN_POINT('',(24.6129728108644,0.,91.1945620179176));
#9928=CARTESIAN_POINT('Ctrl Pts',(24.6129728108644,0.2,91.1945620179176));
#9929=CARTESIAN_POINT('Ctrl Pts',(24.7775644079576,0.2,91.1854775002474));
#9930=CARTESIAN_POINT('Ctrl Pts',(25.0874595584749,0.2,91.1683730549383));
#9931=CARTESIAN_POINT('Ctrl Pts',(25.334133161674,0.2,90.9818225455279));
#9932=CARTESIAN_POINT('Ctrl Pts',(25.4497934132814,0.2,90.8943527936935));
#9933=CARTESIAN_POINT('Ctrl Pts',(23.7531400471926,0.,90.8943527936935));
#9934=CARTESIAN_POINT('Ctrl Pts',(23.7531400471926,0.2,90.8943527936935));
#9935=CARTESIAN_POINT('Ctrl Pts',(23.8732892716966,0.,90.9818304475696));
#9936=CARTESIAN_POINT('Ctrl Pts',(23.8732892716966,0.2,90.9818304475696));
#9937=CARTESIAN_POINT('Ctrl Pts',(24.1287641221747,0.,91.1678353147373));
#9938=CARTESIAN_POINT('Ctrl Pts',(24.1287641221747,0.2,91.1678353147373));
#9939=CARTESIAN_POINT('Ctrl Pts',(24.4453019715301,0.,91.1853071473224));
#9940=CARTESIAN_POINT('Ctrl Pts',(24.4453019715301,0.2,91.1853071473224));
#9941=CARTESIAN_POINT('Ctrl Pts',(24.6129728108644,0.,91.1945620179176));
#9942=CARTESIAN_POINT('Ctrl Pts',(24.6129728108644,0.2,91.1945620179176));
#9943=CARTESIAN_POINT('',(23.7531400471926,0.2,90.8943527936935));
#9944=CARTESIAN_POINT('',(23.7531400471926,0.,90.8943527936935));
#9945=CARTESIAN_POINT('Ctrl Pts',(23.7531400471926,0.2,90.8943527936935));
#9946=CARTESIAN_POINT('Ctrl Pts',(23.8732892716966,0.2,90.9818304475696));
#9947=CARTESIAN_POINT('Ctrl Pts',(24.1287641221747,0.2,91.1678353147373));
#9948=CARTESIAN_POINT('Ctrl Pts',(24.4453019715301,0.2,91.1853071473224));
#9949=CARTESIAN_POINT('Ctrl Pts',(24.6129728108644,0.2,91.1945620179176));
#9950=CARTESIAN_POINT('Ctrl Pts',(23.435148075223,0.,90.0627627968788));
#9951=CARTESIAN_POINT('Ctrl Pts',(23.435148075223,0.2,90.0627627968788));
#9952=CARTESIAN_POINT('Ctrl Pts',(23.4452302398397,0.,90.2271254204132));
#9953=CARTESIAN_POINT('Ctrl Pts',(23.4452302398397,0.2,90.2271254204132));
#9954=CARTESIAN_POINT('Ctrl Pts',(23.464343854792,0.,90.5387215922876));
#9955=CARTESIAN_POINT('Ctrl Pts',(23.464343854792,0.2,90.5387215922876));
#9956=CARTESIAN_POINT('Ctrl Pts',(23.6604684387921,0.,90.7802345459503));
#9957=CARTESIAN_POINT('Ctrl Pts',(23.6604684387921,0.2,90.7802345459503));
#9958=CARTESIAN_POINT('Ctrl Pts',(23.7531400471926,0.,90.8943527936935));
#9959=CARTESIAN_POINT('Ctrl Pts',(23.7531400471926,0.2,90.8943527936935));
#9960=CARTESIAN_POINT('',(23.435148075223,0.2,90.0627627968788));
#9961=CARTESIAN_POINT('',(23.435148075223,0.,90.0627627968788));
#9962=CARTESIAN_POINT('Ctrl Pts',(23.435148075223,0.2,90.0627627968788));
#9963=CARTESIAN_POINT('Ctrl Pts',(23.4452302398397,0.2,90.2271254204132));
#9964=CARTESIAN_POINT('Ctrl Pts',(23.464343854792,0.2,90.5387215922876));
#9965=CARTESIAN_POINT('Ctrl Pts',(23.6604684387921,0.2,90.7802345459503));
#9966=CARTESIAN_POINT('Ctrl Pts',(23.7531400471926,0.2,90.8943527936935));
#9967=CARTESIAN_POINT('Ctrl Pts',(23.7416339665651,0.,89.2479091882706));
#9968=CARTESIAN_POINT('Ctrl Pts',(23.7416339665651,0.2,89.2479091882706));
#9969=CARTESIAN_POINT('Ctrl Pts',(23.6523052273351,0.,89.3609138607566));
#9970=CARTESIAN_POINT('Ctrl Pts',(23.6523052273351,0.2,89.3609138607566));
#9971=CARTESIAN_POINT('Ctrl Pts',(23.4640298043415,0.,89.5990903165751));
#9972=CARTESIAN_POINT('Ctrl Pts',(23.4640298043415,0.2,89.5990903165751));
#9973=CARTESIAN_POINT('Ctrl Pts',(23.4450976969631,0.,89.9030297777305));
#9974=CARTESIAN_POINT('Ctrl Pts',(23.4450976969631,0.2,89.9030297777305));
#9975=CARTESIAN_POINT('Ctrl Pts',(23.435148075223,0.,90.0627627968788));
#9976=CARTESIAN_POINT('Ctrl Pts',(23.435148075223,0.2,90.0627627968788));
#9977=CARTESIAN_POINT('',(23.7416339665651,0.2,89.2479091882706));
#9978=CARTESIAN_POINT('',(23.7416339665651,0.,89.2479091882706));
#9979=CARTESIAN_POINT('Ctrl Pts',(23.7416339665651,0.2,89.2479091882706));
#9980=CARTESIAN_POINT('Ctrl Pts',(23.6523052273351,0.2,89.3609138607566));
#9981=CARTESIAN_POINT('Ctrl Pts',(23.4640298043415,0.2,89.5990903165751));
#9982=CARTESIAN_POINT('Ctrl Pts',(23.4450976969631,0.2,89.9030297777305));
#9983=CARTESIAN_POINT('Ctrl Pts',(23.435148075223,0.2,90.0627627968788));
#9984=CARTESIAN_POINT('Ctrl Pts',(24.5836830884218,0.,88.9476999640465));
#9985=CARTESIAN_POINT('Ctrl Pts',(24.5836830884218,0.2,88.9476999640465));
#9986=CARTESIAN_POINT('Ctrl Pts',(24.4183563571766,0.,88.956811725508));
#9987=CARTESIAN_POINT('Ctrl Pts',(24.4183563571766,0.2,88.956811725508));
#9988=CARTESIAN_POINT('Ctrl Pts',(24.1069438477971,0.,88.973974809059));
#9989=CARTESIAN_POINT('Ctrl Pts',(24.1069438477971,0.2,88.973974809059));
#9990=CARTESIAN_POINT('Ctrl Pts',(23.858282661689,0.,89.1604380041437));
#9991=CARTESIAN_POINT('Ctrl Pts',(23.858282661689,0.2,89.1604380041437));
#9992=CARTESIAN_POINT('Ctrl Pts',(23.7416339665651,0.,89.2479091882706));
#9993=CARTESIAN_POINT('Ctrl Pts',(23.7416339665651,0.2,89.2479091882706));
#9994=CARTESIAN_POINT('',(24.5836830884218,0.2,88.9476999640465));
#9995=CARTESIAN_POINT('',(24.5836830884218,0.,88.9476999640465));
#9996=CARTESIAN_POINT('Ctrl Pts',(24.5836830884218,0.2,88.9476999640465));
#9997=CARTESIAN_POINT('Ctrl Pts',(24.4183563571766,0.2,88.956811725508));
#9998=CARTESIAN_POINT('Ctrl Pts',(24.1069438477971,0.2,88.973974809059));
#9999=CARTESIAN_POINT('Ctrl Pts',(23.858282661689,0.2,89.1604380041437));
#10000=CARTESIAN_POINT('Ctrl Pts',(23.7416339665651,0.2,89.2479091882706));
#10001=CARTESIAN_POINT('Ctrl Pts',(25.4403782635927,0.,89.2573234438896));
#10002=CARTESIAN_POINT('Ctrl Pts',(25.4403782635927,0.2,89.2573234438896));
#10003=CARTESIAN_POINT('Ctrl Pts',(25.3216670537498,0.,89.1671018961108));
#10004=CARTESIAN_POINT('Ctrl Pts',(25.3216670537498,0.2,89.1671018961108));
#10005=CARTESIAN_POINT('Ctrl Pts',(25.0693254145355,0.,88.9753200644784));
#10006=CARTESIAN_POINT('Ctrl Pts',(25.0693254145355,0.2,88.9753200644784));
#10007=CARTESIAN_POINT('Ctrl Pts',(24.7518211425492,0.,88.9572625365236));
#10008=CARTESIAN_POINT('Ctrl Pts',(24.7518211425492,0.2,88.9572625365236));
#10009=CARTESIAN_POINT('Ctrl Pts',(24.5836830884218,0.,88.9476999640465));
#10010=CARTESIAN_POINT('Ctrl Pts',(24.5836830884218,0.2,88.9476999640465));
#10011=CARTESIAN_POINT('Ctrl Pts',(25.4403782635927,0.2,89.2573234438896));
#10012=CARTESIAN_POINT('Ctrl Pts',(25.3216670537498,0.2,89.1671018961108));
#10013=CARTESIAN_POINT('Ctrl Pts',(25.0693254145355,0.2,88.9753200644784));
#10014=CARTESIAN_POINT('Ctrl Pts',(24.7518211425492,0.2,88.9572625365236));
#10015=CARTESIAN_POINT('Ctrl Pts',(24.5836830884218,0.2,88.9476999640465));
#10016=CARTESIAN_POINT('Origin',(22.2301269322634,0.2,90.5596247315407));
#10017=CARTESIAN_POINT('Ctrl Pts',(23.1087876111269,0.,91.1799176037312));
#10018=CARTESIAN_POINT('Ctrl Pts',(23.1087876111269,0.2,91.1799176037312));
#10019=CARTESIAN_POINT('Ctrl Pts',(23.1400995376436,0.,91.1795068100881));
#10020=CARTESIAN_POINT('Ctrl Pts',(23.1400995376436,0.2,91.1795068100881));
#10021=CARTESIAN_POINT('Ctrl Pts',(23.1957636834498,0.,91.1787765299749));
#10022=CARTESIAN_POINT('Ctrl Pts',(23.1957636834498,0.2,91.1787765299749));
#10023=CARTESIAN_POINT('Ctrl Pts',(23.248775417668,0.,91.1621060872154));
#10024=CARTESIAN_POINT('Ctrl Pts',(23.248775417668,0.2,91.1621060872154));
#10025=CARTESIAN_POINT('Ctrl Pts',(23.2719672471285,0.,91.1548130214214));
#10026=CARTESIAN_POINT('Ctrl Pts',(23.2719672471285,0.2,91.1548130214214));
#10027=CARTESIAN_POINT('',(23.1087876111269,0.2,91.1799176037312));
#10028=CARTESIAN_POINT('',(23.1087876111269,0.,91.1799176037312));
#10029=CARTESIAN_POINT('',(23.2719672471285,0.2,91.1548130214214));
#10030=CARTESIAN_POINT('Ctrl Pts',(23.1087876111269,0.2,91.1799176037312));
#10031=CARTESIAN_POINT('Ctrl Pts',(23.1400995376436,0.2,91.1795068100881));
#10032=CARTESIAN_POINT('Ctrl Pts',(23.1957636834498,0.2,91.1787765299749));
#10033=CARTESIAN_POINT('Ctrl Pts',(23.248775417668,0.2,91.1621060872154));
#10034=CARTESIAN_POINT('Ctrl Pts',(23.2719672471285,0.2,91.1548130214214));
#10035=CARTESIAN_POINT('',(23.2719672471285,0.,91.1548130214214));
#10036=CARTESIAN_POINT('Ctrl Pts',(22.5439334660769,0.,90.7447710633278));
#10037=CARTESIAN_POINT('Ctrl Pts',(22.5439334660769,0.2,90.7447710633278));
#10038=CARTESIAN_POINT('Ctrl Pts',(22.603652937052,0.,90.8716230849224));
#10039=CARTESIAN_POINT('Ctrl Pts',(22.603652937052,0.2,90.8716230849224));
#10040=CARTESIAN_POINT('Ctrl Pts',(22.7183140556083,0.,91.1151784019681));
#10041=CARTESIAN_POINT('Ctrl Pts',(22.7183140556083,0.2,91.1151784019681));
#10042=CARTESIAN_POINT('Ctrl Pts',(22.9822963930552,0.,91.1589457853525));
#10043=CARTESIAN_POINT('Ctrl Pts',(22.9822963930552,0.2,91.1589457853525));
#10044=CARTESIAN_POINT('Ctrl Pts',(23.1087876111269,0.,91.1799176037312));
#10045=CARTESIAN_POINT('Ctrl Pts',(23.1087876111269,0.2,91.1799176037312));
#10046=CARTESIAN_POINT('',(22.5439334660769,0.2,90.7447710633278));
#10047=CARTESIAN_POINT('',(22.5439334660769,0.,90.7447710633278));
#10048=CARTESIAN_POINT('Ctrl Pts',(22.5439334660769,0.2,90.7447710633278));
#10049=CARTESIAN_POINT('Ctrl Pts',(22.603652937052,0.2,90.8716230849224));
#10050=CARTESIAN_POINT('Ctrl Pts',(22.7183140556083,0.2,91.1151784019681));
#10051=CARTESIAN_POINT('Ctrl Pts',(22.9822963930552,0.2,91.1589457853525));
#10052=CARTESIAN_POINT('Ctrl Pts',(23.1087876111269,0.2,91.1799176037312));
#10053=CARTESIAN_POINT('Origin',(22.5355661660433,0.,90.7447710633278));
#10054=CARTESIAN_POINT('',(22.5355661660433,0.2,90.7447710633278));
#10055=CARTESIAN_POINT('',(22.5355661660433,0.,90.7447710633278));
#10056=CARTESIAN_POINT('',(22.5355661660433,0.2,90.7447710633278));
#10057=CARTESIAN_POINT('Origin',(22.5355661660433,0.,91.1422607302666));
#10058=CARTESIAN_POINT('',(22.5355661660433,0.2,91.1422607302666));
#10059=CARTESIAN_POINT('',(22.5355661660433,0.,91.1422607302666));
#10060=CARTESIAN_POINT('',(22.5355661660433,0.2,91.1422607302666));
#10061=CARTESIAN_POINT('Origin',(21.8744779378176,0.,91.1422607302666));
#10062=CARTESIAN_POINT('',(21.8744779378176,0.2,91.1422607302666));
#10063=CARTESIAN_POINT('',(21.8744779378176,0.,91.1422607302666));
#10064=CARTESIAN_POINT('',(21.8744779378176,0.2,91.1422607302666));
#10065=CARTESIAN_POINT('Origin',(21.8744779378176,0.,89.0000012516975));
#10066=CARTESIAN_POINT('',(21.8744779378176,0.2,89.0000012516975));
#10067=CARTESIAN_POINT('',(21.8744779378176,0.,89.0000012516975));
#10068=CARTESIAN_POINT('',(21.8744779378176,0.2,89.0000012516975));
#10069=CARTESIAN_POINT('Origin',(22.5355661660433,0.,89.0000012516975));
#10070=CARTESIAN_POINT('',(22.5355661660433,0.2,89.0000012516975));
#10071=CARTESIAN_POINT('',(22.5355661660433,0.,89.0000012516975));
#10072=CARTESIAN_POINT('',(22.5355661660433,0.2,89.0000012516975));
#10073=CARTESIAN_POINT('Origin',(22.5355661660433,0.,90.023013651371));
#10074=CARTESIAN_POINT('',(22.5355661660433,0.2,90.023013651371));
#10075=CARTESIAN_POINT('',(22.5355661660433,0.,90.023013651371));
#10076=CARTESIAN_POINT('',(22.5355661660433,0.2,90.023013651371));
#10077=CARTESIAN_POINT('Ctrl Pts',(22.6569045335054,0.,90.4529300332069));
#10078=CARTESIAN_POINT('Ctrl Pts',(22.6569045335054,0.2,90.4529300332069));
#10079=CARTESIAN_POINT('Ctrl Pts',(22.6215791481208,0.,90.3922625618794));
#10080=CARTESIAN_POINT('Ctrl Pts',(22.6215791481208,0.2,90.3922625618794));
#10081=CARTESIAN_POINT('Ctrl Pts',(22.5444810470875,0.,90.2598550372926));
#10082=CARTESIAN_POINT('Ctrl Pts',(22.5444810470875,0.2,90.2598550372926));
#10083=CARTESIAN_POINT('Ctrl Pts',(22.5386989685368,0.,90.1062427242764));
#10084=CARTESIAN_POINT('Ctrl Pts',(22.5386989685368,0.2,90.1062427242764));
#10085=CARTESIAN_POINT('Ctrl Pts',(22.5355661660433,0.,90.023013651371));
#10086=CARTESIAN_POINT('Ctrl Pts',(22.5355661660433,0.2,90.023013651371));
#10087=CARTESIAN_POINT('',(22.6569045335054,0.2,90.4529300332069));
#10088=CARTESIAN_POINT('',(22.6569045335054,0.,90.4529300332069));
#10089=CARTESIAN_POINT('Ctrl Pts',(22.6569045335054,0.2,90.4529300332069));
#10090=CARTESIAN_POINT('Ctrl Pts',(22.6215791481208,0.2,90.3922625618794));
#10091=CARTESIAN_POINT('Ctrl Pts',(22.5444810470875,0.2,90.2598550372926));
#10092=CARTESIAN_POINT('Ctrl Pts',(22.5386989685368,0.2,90.1062427242764));
#10093=CARTESIAN_POINT('Ctrl Pts',(22.5355661660433,0.2,90.023013651371));
#10094=CARTESIAN_POINT('Ctrl Pts',(22.9937244206667,0.,90.6108799576759));
#10095=CARTESIAN_POINT('Ctrl Pts',(22.9937244206667,0.2,90.6108799576759));
#10096=CARTESIAN_POINT('Ctrl Pts',(22.9263122596291,0.,90.6049263786947));
#10097=CARTESIAN_POINT('Ctrl Pts',(22.9263122596291,0.2,90.6049263786947));
#10098=CARTESIAN_POINT('Ctrl Pts',(22.7945228893497,0.,90.5932872558306));
#10099=CARTESIAN_POINT('Ctrl Pts',(22.7945228893497,0.2,90.5932872558306));
#10100=CARTESIAN_POINT('Ctrl Pts',(22.7020676072121,0.,90.4989919378978));
#10101=CARTESIAN_POINT('Ctrl Pts',(22.7020676072121,0.2,90.4989919378978));
#10102=CARTESIAN_POINT('Ctrl Pts',(22.6569045335054,0.,90.4529300332069));
#10103=CARTESIAN_POINT('Ctrl Pts',(22.6569045335054,0.2,90.4529300332069));
#10104=CARTESIAN_POINT('',(22.9937244206667,0.2,90.6108799576759));
#10105=CARTESIAN_POINT('',(22.9937244206667,0.,90.6108799576759));
#10106=CARTESIAN_POINT('Ctrl Pts',(22.9937244206667,0.2,90.6108799576759));
#10107=CARTESIAN_POINT('Ctrl Pts',(22.9263122596291,0.2,90.6049263786947));
#10108=CARTESIAN_POINT('Ctrl Pts',(22.7945228893497,0.2,90.5932872558306));
#10109=CARTESIAN_POINT('Ctrl Pts',(22.7020676072121,0.2,90.4989919378978));
#10110=CARTESIAN_POINT('Ctrl Pts',(22.6569045335054,0.2,90.4529300332069));
#10111=CARTESIAN_POINT('Ctrl Pts',(23.2719672471285,0.,90.5460265278816));
#10112=CARTESIAN_POINT('Ctrl Pts',(23.2719672471285,0.2,90.5460265278816));
#10113=CARTESIAN_POINT('Ctrl Pts',(23.2295487141492,0.,90.5649332472148));
#10114=CARTESIAN_POINT('Ctrl Pts',(23.2295487141492,0.2,90.5649332472148));
#10115=CARTESIAN_POINT('Ctrl Pts',(23.1410543787987,0.,90.6043767980293));
#10116=CARTESIAN_POINT('Ctrl Pts',(23.1410543787987,0.2,90.6043767980293));
#10117=CARTESIAN_POINT('Ctrl Pts',(23.044169089515,0.,90.6086533247562));
#10118=CARTESIAN_POINT('Ctrl Pts',(23.044169089515,0.2,90.6086533247562));
#10119=CARTESIAN_POINT('Ctrl Pts',(22.9937244206667,0.,90.6108799576759));
#10120=CARTESIAN_POINT('Ctrl Pts',(22.9937244206667,0.2,90.6108799576759));
#10121=CARTESIAN_POINT('',(23.2719672471285,0.2,90.5460265278816));
#10122=CARTESIAN_POINT('',(23.2719672471285,0.,90.5460265278816));
#10123=CARTESIAN_POINT('Ctrl Pts',(23.2719672471285,0.2,90.5460265278816));
#10124=CARTESIAN_POINT('Ctrl Pts',(23.2295487141492,0.2,90.5649332472148));
#10125=CARTESIAN_POINT('Ctrl Pts',(23.1410543787987,0.2,90.6043767980293));
#10126=CARTESIAN_POINT('Ctrl Pts',(23.044169089515,0.2,90.6086533247562));
#10127=CARTESIAN_POINT('Ctrl Pts',(22.9937244206667,0.2,90.6108799576759));
#10128=CARTESIAN_POINT('Origin',(23.2719672471285,0.,91.1548130214214));
#10129=CARTESIAN_POINT('',(23.2719672471285,0.2,91.1548130214214));
#10130=CARTESIAN_POINT('Origin',(22.2301269322634,0.2,90.5596247315407));
#10131=CARTESIAN_POINT('Ctrl Pts',(17.5962353497744,0.,89.4539761543274));
#10132=CARTESIAN_POINT('Ctrl Pts',(17.5962353497744,0.2,89.4539761543274));
#10133=CARTESIAN_POINT('Ctrl Pts',(17.6602070208508,0.,89.4608423014213));
#10134=CARTESIAN_POINT('Ctrl Pts',(17.6602070208508,0.2,89.4608423014213));
#10135=CARTESIAN_POINT('Ctrl Pts',(17.7888958843855,0.,89.4746546132073));
#10136=CARTESIAN_POINT('Ctrl Pts',(17.7888958843855,0.2,89.4746546132073));
#10137=CARTESIAN_POINT('Ctrl Pts',(17.8785530135492,0.,89.568080436201));
#10138=CARTESIAN_POINT('Ctrl Pts',(17.8785530135492,0.2,89.568080436201));
#10139=CARTESIAN_POINT('Ctrl Pts',(17.9236412793398,0.,89.6150639653206));
#10140=CARTESIAN_POINT('Ctrl Pts',(17.9236412793398,0.2,89.6150639653206));
#10141=CARTESIAN_POINT('',(17.5962353497744,0.,89.4539761543274));
#10142=CARTESIAN_POINT('',(17.9236412793398,0.,89.6150639653206));
#10143=CARTESIAN_POINT('Ctrl Pts',(17.5962353497744,0.,89.4539761543274));
#10144=CARTESIAN_POINT('Ctrl Pts',(17.6602070208508,0.,89.4608423014213));
#10145=CARTESIAN_POINT('Ctrl Pts',(17.7888958843855,0.,89.4746546132073));
#10146=CARTESIAN_POINT('Ctrl Pts',(17.8785530135492,0.,89.568080436201));
#10147=CARTESIAN_POINT('Ctrl Pts',(17.9236412793398,0.,89.6150639653206));
#10148=CARTESIAN_POINT('',(17.5962353497744,0.2,89.4539761543274));
#10149=CARTESIAN_POINT('',(17.5962353497744,0.,89.4539761543274));
#10150=CARTESIAN_POINT('',(17.9236412793398,0.2,89.6150639653206));
#10151=CARTESIAN_POINT('Ctrl Pts',(17.5962353497744,0.2,89.4539761543274));
#10152=CARTESIAN_POINT('Ctrl Pts',(17.6602070208508,0.2,89.4608423014213));
#10153=CARTESIAN_POINT('Ctrl Pts',(17.7888958843855,0.2,89.4746546132073));
#10154=CARTESIAN_POINT('Ctrl Pts',(17.8785530135492,0.2,89.568080436201));
#10155=CARTESIAN_POINT('Ctrl Pts',(17.9236412793398,0.2,89.6150639653206));
#10156=CARTESIAN_POINT('',(17.9236412793398,0.,89.6150639653206));
#10157=CARTESIAN_POINT('Ctrl Pts',(17.265691831708,0.,89.6066957712173));
#10158=CARTESIAN_POINT('Ctrl Pts',(17.265691831708,0.2,89.6066957712173));
#10159=CARTESIAN_POINT('Ctrl Pts',(17.3101277262838,0.,89.5621605604718));
#10160=CARTESIAN_POINT('Ctrl Pts',(17.3101277262838,0.2,89.5621605604718));
#10161=CARTESIAN_POINT('Ctrl Pts',(17.4013051860782,0.,89.4707793150631));
#10162=CARTESIAN_POINT('Ctrl Pts',(17.4013051860782,0.2,89.4707793150631));
#10163=CARTESIAN_POINT('Ctrl Pts',(17.5301723758038,0.,89.4596708438986));
#10164=CARTESIAN_POINT('Ctrl Pts',(17.5301723758038,0.2,89.4596708438986));
#10165=CARTESIAN_POINT('Ctrl Pts',(17.5962353497744,0.,89.4539761543274));
#10166=CARTESIAN_POINT('Ctrl Pts',(17.5962353497744,0.2,89.4539761543274));
#10167=CARTESIAN_POINT('',(17.265691831708,0.,89.6066957712173));
#10168=CARTESIAN_POINT('Ctrl Pts',(17.265691831708,0.,89.6066957712173));
#10169=CARTESIAN_POINT('Ctrl Pts',(17.3101277262838,0.,89.5621605604718));
#10170=CARTESIAN_POINT('Ctrl Pts',(17.4013051860782,0.,89.4707793150631));
#10171=CARTESIAN_POINT('Ctrl Pts',(17.5301723758038,0.,89.4596708438986));
#10172=CARTESIAN_POINT('Ctrl Pts',(17.5962353497744,0.,89.4539761543274));
#10173=CARTESIAN_POINT('',(17.265691831708,0.2,89.6066957712173));
#10174=CARTESIAN_POINT('',(17.265691831708,0.,89.6066957712173));
#10175=CARTESIAN_POINT('Ctrl Pts',(17.265691831708,0.2,89.6066957712173));
#10176=CARTESIAN_POINT('Ctrl Pts',(17.3101277262838,0.2,89.5621605604718));
#10177=CARTESIAN_POINT('Ctrl Pts',(17.4013051860782,0.2,89.4707793150631));
#10178=CARTESIAN_POINT('Ctrl Pts',(17.5301723758038,0.2,89.4596708438986));
#10179=CARTESIAN_POINT('Ctrl Pts',(17.5962353497744,0.2,89.4539761543274));
#10180=CARTESIAN_POINT('Ctrl Pts',(17.1464443951845,0.,90.0418421626091));
#10181=CARTESIAN_POINT('Ctrl Pts',(17.1464443951845,0.2,90.0418421626091));
#10182=CARTESIAN_POINT('Ctrl Pts',(17.1490698272506,0.,89.9563718310762));
#10183=CARTESIAN_POINT('Ctrl Pts',(17.1490698272506,0.2,89.9563718310762));
#10184=CARTESIAN_POINT('Ctrl Pts',(17.1538393899169,0.,89.8010998255236));
#10185=CARTESIAN_POINT('Ctrl Pts',(17.1538393899169,0.2,89.8010998255236));
#10186=CARTESIAN_POINT('Ctrl Pts',(17.2310032457522,0.,89.6669859324329));
#10187=CARTESIAN_POINT('Ctrl Pts',(17.2310032457522,0.2,89.6669859324329));
#10188=CARTESIAN_POINT('Ctrl Pts',(17.265691831708,0.,89.6066957712173));
#10189=CARTESIAN_POINT('Ctrl Pts',(17.265691831708,0.2,89.6066957712173));
#10190=CARTESIAN_POINT('',(17.1464443951845,0.,90.0418421626091));
#10191=CARTESIAN_POINT('Ctrl Pts',(17.1464443951845,0.,90.0418421626091));
#10192=CARTESIAN_POINT('Ctrl Pts',(17.1490698272506,0.,89.9563718310762));
#10193=CARTESIAN_POINT('Ctrl Pts',(17.1538393899169,0.,89.8010998255236));
#10194=CARTESIAN_POINT('Ctrl Pts',(17.2310032457522,0.,89.6669859324329));
#10195=CARTESIAN_POINT('Ctrl Pts',(17.265691831708,0.,89.6066957712173));
#10196=CARTESIAN_POINT('',(17.1464443951845,0.2,90.0418421626091));
#10197=CARTESIAN_POINT('',(17.1464443951845,0.,90.0418421626091));
#10198=CARTESIAN_POINT('Ctrl Pts',(17.1464443951845,0.2,90.0418421626091));
#10199=CARTESIAN_POINT('Ctrl Pts',(17.1490698272506,0.2,89.9563718310762));
#10200=CARTESIAN_POINT('Ctrl Pts',(17.1538393899169,0.2,89.8010998255236));
#10201=CARTESIAN_POINT('Ctrl Pts',(17.2310032457522,0.2,89.6669859324329));
#10202=CARTESIAN_POINT('Ctrl Pts',(17.265691831708,0.2,89.6066957712173));
#10203=CARTESIAN_POINT('Ctrl Pts',(17.2698760777712,0.,90.5156916379929));
#10204=CARTESIAN_POINT('Ctrl Pts',(17.2698760777712,0.2,90.5156916379929));
#10205=CARTESIAN_POINT('Ctrl Pts',(17.2339570213615,0.,90.448835909105));
#10206=CARTESIAN_POINT('Ctrl Pts',(17.2339570213615,0.2,90.448835909105));
#10207=CARTESIAN_POINT('Ctrl Pts',(17.1547437531568,0.,90.3013971589608));
#10208=CARTESIAN_POINT('Ctrl Pts',(17.1547437531568,0.2,90.3013971589608));
#10209=CARTESIAN_POINT('Ctrl Pts',(17.1493773929232,0.,90.1335690431597));
#10210=CARTESIAN_POINT('Ctrl Pts',(17.1493773929232,0.2,90.1335690431597));
#10211=CARTESIAN_POINT('Ctrl Pts',(17.1464443951845,0.,90.0418421626091));
#10212=CARTESIAN_POINT('Ctrl Pts',(17.1464443951845,0.2,90.0418421626091));
#10213=CARTESIAN_POINT('',(17.2698760777712,0.,90.5156916379929));
#10214=CARTESIAN_POINT('Ctrl Pts',(17.2698760777712,0.,90.5156916379929));
#10215=CARTESIAN_POINT('Ctrl Pts',(17.2339570213615,0.,90.448835909105));
#10216=CARTESIAN_POINT('Ctrl Pts',(17.1547437531568,0.,90.3013971589608));
#10217=CARTESIAN_POINT('Ctrl Pts',(17.1493773929232,0.,90.1335690431597));
#10218=CARTESIAN_POINT('Ctrl Pts',(17.1464443951845,0.,90.0418421626091));
#10219=CARTESIAN_POINT('',(17.2698760777712,0.2,90.5156916379929));
#10220=CARTESIAN_POINT('',(17.2698760777712,0.,90.5156916379929));
#10221=CARTESIAN_POINT('Ctrl Pts',(17.2698760777712,0.2,90.5156916379929));
#10222=CARTESIAN_POINT('Ctrl Pts',(17.2339570213615,0.2,90.448835909105));
#10223=CARTESIAN_POINT('Ctrl Pts',(17.1547437531568,0.2,90.3013971589608));
#10224=CARTESIAN_POINT('Ctrl Pts',(17.1493773929232,0.2,90.1335690431597));
#10225=CARTESIAN_POINT('Ctrl Pts',(17.1464443951845,0.2,90.0418421626091));
#10226=CARTESIAN_POINT('Ctrl Pts',(17.6129723340273,0.,90.6882858276367));
#10227=CARTESIAN_POINT('Ctrl Pts',(17.6129723340273,0.2,90.6882858276367));
#10228=CARTESIAN_POINT('Ctrl Pts',(17.5439766852985,0.,90.6813942937023));
#10229=CARTESIAN_POINT('Ctrl Pts',(17.5439766852985,0.2,90.6813942937023));
#10230=CARTESIAN_POINT('Ctrl Pts',(17.4073878955277,0.,90.6677513133535));
#10231=CARTESIAN_POINT('Ctrl Pts',(17.4073878955277,0.2,90.6677513133535));
#10232=CARTESIAN_POINT('Ctrl Pts',(17.3153984981713,0.,90.5660300349438));
#10233=CARTESIAN_POINT('Ctrl Pts',(17.3153984981713,0.2,90.5660300349438));
#10234=CARTESIAN_POINT('Ctrl Pts',(17.2698760777712,0.,90.5156916379929));
#10235=CARTESIAN_POINT('Ctrl Pts',(17.2698760777712,0.2,90.5156916379929));
#10236=CARTESIAN_POINT('',(17.6129723340273,0.,90.6882858276367));
#10237=CARTESIAN_POINT('Ctrl Pts',(17.6129723340273,0.,90.6882858276367));
#10238=CARTESIAN_POINT('Ctrl Pts',(17.5439766852985,0.,90.6813942937023));
#10239=CARTESIAN_POINT('Ctrl Pts',(17.4073878955277,0.,90.6677513133535));
#10240=CARTESIAN_POINT('Ctrl Pts',(17.3153984981713,0.,90.5660300349438));
#10241=CARTESIAN_POINT('Ctrl Pts',(17.2698760777712,0.,90.5156916379929));
#10242=CARTESIAN_POINT('',(17.6129723340273,0.2,90.6882858276367));
#10243=CARTESIAN_POINT('',(17.6129723340273,0.,90.6882858276367));
#10244=CARTESIAN_POINT('Ctrl Pts',(17.6129723340273,0.2,90.6882858276367));
#10245=CARTESIAN_POINT('Ctrl Pts',(17.5439766852985,0.2,90.6813942937023));
#10246=CARTESIAN_POINT('Ctrl Pts',(17.4073878955277,0.2,90.6677513133535));
#10247=CARTESIAN_POINT('Ctrl Pts',(17.3153984981713,0.2,90.5660300349438));
#10248=CARTESIAN_POINT('Ctrl Pts',(17.2698760777712,0.2,90.5156916379929));
#10249=CARTESIAN_POINT('Ctrl Pts',(17.9288721829653,0.,90.5502104759216));
#10250=CARTESIAN_POINT('Ctrl Pts',(17.9288721829653,0.2,90.5502104759216));
#10251=CARTESIAN_POINT('Ctrl Pts',(17.884862678899,0.,90.5904794547806));
#10252=CARTESIAN_POINT('Ctrl Pts',(17.884862678899,0.2,90.5904794547806));
#10253=CARTESIAN_POINT('Ctrl Pts',(17.7953875115815,0.,90.6723498075046));
#10254=CARTESIAN_POINT('Ctrl Pts',(17.7953875115815,0.2,90.6723498075046));
#10255=CARTESIAN_POINT('Ctrl Pts',(17.6744335463204,0.,90.6829164985624));
#10256=CARTESIAN_POINT('Ctrl Pts',(17.6744335463204,0.2,90.6829164985624));
#10257=CARTESIAN_POINT('Ctrl Pts',(17.6129723340273,0.,90.6882858276367));
#10258=CARTESIAN_POINT('Ctrl Pts',(17.6129723340273,0.2,90.6882858276367));
#10259=CARTESIAN_POINT('',(17.9288721829653,0.,90.5502104759216));
#10260=CARTESIAN_POINT('Ctrl Pts',(17.9288721829653,0.,90.5502104759216));
#10261=CARTESIAN_POINT('Ctrl Pts',(17.884862678899,0.,90.5904794547806));
#10262=CARTESIAN_POINT('Ctrl Pts',(17.7953875115815,0.,90.6723498075046));
#10263=CARTESIAN_POINT('Ctrl Pts',(17.6744335463204,0.,90.6829164985624));
#10264=CARTESIAN_POINT('Ctrl Pts',(17.6129723340273,0.,90.6882858276367));
#10265=CARTESIAN_POINT('',(17.9288721829653,0.2,90.5502104759216));
#10266=CARTESIAN_POINT('',(17.9288721829653,0.,90.5502104759216));
#10267=CARTESIAN_POINT('Ctrl Pts',(17.9288721829653,0.2,90.5502104759216));
#10268=CARTESIAN_POINT('Ctrl Pts',(17.884862678899,0.2,90.5904794547806));
#10269=CARTESIAN_POINT('Ctrl Pts',(17.7953875115815,0.2,90.6723498075046));
#10270=CARTESIAN_POINT('Ctrl Pts',(17.6744335463204,0.2,90.6829164985624));
#10271=CARTESIAN_POINT('Ctrl Pts',(17.6129723340273,0.2,90.6882858276367));
#10272=CARTESIAN_POINT('Ctrl Pts',(18.0502105504274,0.,90.2029302716255));
#10273=CARTESIAN_POINT('Ctrl Pts',(18.0502105504274,0.2,90.2029302716255));
#10274=CARTESIAN_POINT('Ctrl Pts',(18.0459151958925,0.,90.2688135755146));
#10275=CARTESIAN_POINT('Ctrl Pts',(18.0459151958925,0.2,90.2688135755146));
#10276=CARTESIAN_POINT('Ctrl Pts',(18.0376199097493,0.,90.3960489069327));
#10277=CARTESIAN_POINT('Ctrl Pts',(18.0376199097493,0.2,90.3960489069327));
#10278=CARTESIAN_POINT('Ctrl Pts',(17.9642504477897,0.,90.5000579902125));
#10279=CARTESIAN_POINT('Ctrl Pts',(17.9642504477897,0.2,90.5000579902125));
#10280=CARTESIAN_POINT('Ctrl Pts',(17.9288721829653,0.,90.5502104759216));
#10281=CARTESIAN_POINT('Ctrl Pts',(17.9288721829653,0.2,90.5502104759216));
#10282=CARTESIAN_POINT('',(18.0502105504274,0.,90.2029302716255));
#10283=CARTESIAN_POINT('Ctrl Pts',(18.0502105504274,0.,90.2029302716255));
#10284=CARTESIAN_POINT('Ctrl Pts',(18.0459151958925,0.,90.2688135755146));
#10285=CARTESIAN_POINT('Ctrl Pts',(18.0376199097493,0.,90.3960489069327));
#10286=CARTESIAN_POINT('Ctrl Pts',(17.9642504477897,0.,90.5000579902125));
#10287=CARTESIAN_POINT('Ctrl Pts',(17.9288721829653,0.,90.5502104759216));
#10288=CARTESIAN_POINT('',(18.0502105504274,0.2,90.2029302716255));
#10289=CARTESIAN_POINT('',(18.0502105504274,0.,90.2029302716255));
#10290=CARTESIAN_POINT('Ctrl Pts',(18.0502105504274,0.2,90.2029302716255));
#10291=CARTESIAN_POINT('Ctrl Pts',(18.0459151958925,0.2,90.2688135755146));
#10292=CARTESIAN_POINT('Ctrl Pts',(18.0376199097493,0.2,90.3960489069327));
#10293=CARTESIAN_POINT('Ctrl Pts',(17.9642504477897,0.2,90.5000579902125));
#10294=CARTESIAN_POINT('Ctrl Pts',(17.9288721829653,0.2,90.5502104759216));
#10295=CARTESIAN_POINT('Origin',(18.0502105504274,0.,90.0418421626091));
#10296=CARTESIAN_POINT('',(18.0502105504274,0.,90.0418421626091));
#10297=CARTESIAN_POINT('',(18.0502105504274,0.,80.9959210813045));
#10298=CARTESIAN_POINT('',(18.0502105504274,0.2,90.0418421626091));
#10299=CARTESIAN_POINT('',(18.0502105504274,0.,90.0418421626091));
#10300=CARTESIAN_POINT('',(18.0502105504274,0.2,90.0418421626091));
#10301=CARTESIAN_POINT('Ctrl Pts',(17.9236412793398,0.,89.6150639653206));
#10302=CARTESIAN_POINT('Ctrl Pts',(17.9236412793398,0.2,89.6150639653206));
#10303=CARTESIAN_POINT('Ctrl Pts',(17.9605084770323,0.,89.6758588878188));
#10304=CARTESIAN_POINT('Ctrl Pts',(17.9605084770323,0.2,89.6758588878188));
#10305=CARTESIAN_POINT('Ctrl Pts',(18.0398089371662,0.,89.8066273115033));
#10306=CARTESIAN_POINT('Ctrl Pts',(18.0398089371662,0.2,89.8066273115033));
#10307=CARTESIAN_POINT('Ctrl Pts',(18.046584814058,0.,89.9598522809565));
#10308=CARTESIAN_POINT('Ctrl Pts',(18.046584814058,0.2,89.9598522809565));
#10309=CARTESIAN_POINT('Ctrl Pts',(18.0502105504274,0.,90.0418421626091));
#10310=CARTESIAN_POINT('Ctrl Pts',(18.0502105504274,0.2,90.0418421626091));
#10311=CARTESIAN_POINT('Ctrl Pts',(17.9236412793398,0.,89.6150639653206));
#10312=CARTESIAN_POINT('Ctrl Pts',(17.9605084770323,0.,89.6758588878188));
#10313=CARTESIAN_POINT('Ctrl Pts',(18.0398089371662,0.,89.8066273115033));
#10314=CARTESIAN_POINT('Ctrl Pts',(18.046584814058,0.,89.9598522809565));
#10315=CARTESIAN_POINT('Ctrl Pts',(18.0502105504274,0.,90.0418421626091));
#10316=CARTESIAN_POINT('Ctrl Pts',(17.9236412793398,0.2,89.6150639653206));
#10317=CARTESIAN_POINT('Ctrl Pts',(17.9605084770323,0.2,89.6758588878188));
#10318=CARTESIAN_POINT('Ctrl Pts',(18.0398089371662,0.2,89.8066273115033));
#10319=CARTESIAN_POINT('Ctrl Pts',(18.046584814058,0.2,89.9598522809565));
#10320=CARTESIAN_POINT('Ctrl Pts',(18.0502105504274,0.2,90.0418421626091));
#10321=CARTESIAN_POINT('Origin',(18.0376578122377,0.,92.1715494990349));
#10322=CARTESIAN_POINT('',(18.0376578122377,0.2,92.1715494990349));
#10323=CARTESIAN_POINT('',(18.0376578122377,0.,92.1715494990349));
#10324=CARTESIAN_POINT('',(18.6987460404634,0.2,92.1715494990349));
#10325=CARTESIAN_POINT('',(18.0376578122377,0.2,92.1715494990349));
#10326=CARTESIAN_POINT('',(18.6987460404634,0.,92.1715494990349));
#10327=CARTESIAN_POINT('Origin',(18.0376578122377,0.,90.8974906802177));
#10328=CARTESIAN_POINT('',(18.0376578122377,0.2,90.8974906802177));
#10329=CARTESIAN_POINT('',(18.0376578122377,0.,90.8974906802177));
#10330=CARTESIAN_POINT('',(18.0376578122377,0.2,90.8974906802177));
#10331=CARTESIAN_POINT('Origin',(18.0292905122042,0.,90.8974906802177));
#10332=CARTESIAN_POINT('',(18.0292905122042,0.2,90.8974906802177));
#10333=CARTESIAN_POINT('',(18.0292905122042,0.,90.8974906802177));
#10334=CARTESIAN_POINT('',(18.0292905122042,0.2,90.8974906802177));
#10335=CARTESIAN_POINT('Ctrl Pts',(17.4518848210573,0.,91.1945620179176));
#10336=CARTESIAN_POINT('Ctrl Pts',(17.4518848210573,0.2,91.1945620179176));
#10337=CARTESIAN_POINT('Ctrl Pts',(17.5775068096627,0.,91.1855545549393));
#10338=CARTESIAN_POINT('Ctrl Pts',(17.5775068096627,0.2,91.1855545549393));
#10339=CARTESIAN_POINT('Ctrl Pts',(17.8140961519147,0.,91.1685904090517));
#10340=CARTESIAN_POINT('Ctrl Pts',(17.8140961519147,0.2,91.1685904090517));
#10341=CARTESIAN_POINT('Ctrl Pts',(17.9605835962886,0.,90.9840469740197));
#10342=CARTESIAN_POINT('Ctrl Pts',(17.9605835962886,0.2,90.9840469740197));
#10343=CARTESIAN_POINT('Ctrl Pts',(18.0292905122042,0.,90.8974906802177));
#10344=CARTESIAN_POINT('Ctrl Pts',(18.0292905122042,0.2,90.8974906802177));
#10345=CARTESIAN_POINT('',(17.4518848210573,0.2,91.1945620179176));
#10346=CARTESIAN_POINT('',(17.4518848210573,0.,91.1945620179176));
#10347=CARTESIAN_POINT('Ctrl Pts',(17.4518848210573,0.2,91.1945620179176));
#10348=CARTESIAN_POINT('Ctrl Pts',(17.5775068096627,0.2,91.1855545549393));
#10349=CARTESIAN_POINT('Ctrl Pts',(17.8140961519147,0.2,91.1685904090517));
#10350=CARTESIAN_POINT('Ctrl Pts',(17.9605835962886,0.2,90.9840469740197));
#10351=CARTESIAN_POINT('Ctrl Pts',(18.0292905122042,0.2,90.8974906802177));
#10352=CARTESIAN_POINT('Ctrl Pts',(16.744771078229,0.,90.8744782209396));
#10353=CARTESIAN_POINT('Ctrl Pts',(16.744771078229,0.2,90.8744782209396));
#10354=CARTESIAN_POINT('Ctrl Pts',(16.8425943028479,0.,90.9678318324752));
#10355=CARTESIAN_POINT('Ctrl Pts',(16.8425943028479,0.2,90.9678318324752));
#10356=CARTESIAN_POINT('Ctrl Pts',(17.0407201486311,0.,91.1569051666907));
#10357=CARTESIAN_POINT('Ctrl Pts',(17.0407201486311,0.2,91.1569051666907));
#10358=CARTESIAN_POINT('Ctrl Pts',(17.3136912539478,0.,91.1819054475794));
#10359=CARTESIAN_POINT('Ctrl Pts',(17.3136912539478,0.2,91.1819054475794));
#10360=CARTESIAN_POINT('Ctrl Pts',(17.4518848210573,0.,91.1945620179176));
#10361=CARTESIAN_POINT('Ctrl Pts',(17.4518848210573,0.2,91.1945620179176));
#10362=CARTESIAN_POINT('',(16.744771078229,0.2,90.8744782209396));
#10363=CARTESIAN_POINT('',(16.744771078229,0.,90.8744782209396));
#10364=CARTESIAN_POINT('Ctrl Pts',(16.744771078229,0.2,90.8744782209396));
#10365=CARTESIAN_POINT('Ctrl Pts',(16.8425943028479,0.2,90.9678318324752));
#10366=CARTESIAN_POINT('Ctrl Pts',(17.0407201486311,0.2,91.1569051666907));
#10367=CARTESIAN_POINT('Ctrl Pts',(17.3136912539478,0.2,91.1819054475794));
#10368=CARTESIAN_POINT('Ctrl Pts',(17.4518848210573,0.2,91.1945620179176));
#10369=CARTESIAN_POINT('Ctrl Pts',(16.4748967438936,0.,90.023013651371));
#10370=CARTESIAN_POINT('Ctrl Pts',(16.4748967438936,0.2,90.023013651371));
#10371=CARTESIAN_POINT('Ctrl Pts',(16.4829132518966,0.,90.1873073607776));
#10372=CARTESIAN_POINT('Ctrl Pts',(16.4829132518966,0.2,90.1873073607776));
#10373=CARTESIAN_POINT('Ctrl Pts',(16.497967752399,0.,90.4958406685348));
#10374=CARTESIAN_POINT('Ctrl Pts',(16.497967752399,0.2,90.4958406685348));
#10375=CARTESIAN_POINT('Ctrl Pts',(16.6661470879038,0.,90.7538558786073));
#10376=CARTESIAN_POINT('Ctrl Pts',(16.6661470879038,0.2,90.7538558786073));
#10377=CARTESIAN_POINT('Ctrl Pts',(16.744771078229,0.,90.8744782209396));
#10378=CARTESIAN_POINT('Ctrl Pts',(16.744771078229,0.2,90.8744782209396));
#10379=CARTESIAN_POINT('',(16.4748967438936,0.2,90.023013651371));
#10380=CARTESIAN_POINT('',(16.4748967438936,0.,90.023013651371));
#10381=CARTESIAN_POINT('Ctrl Pts',(16.4748967438936,0.2,90.023013651371));
#10382=CARTESIAN_POINT('Ctrl Pts',(16.4829132518966,0.2,90.1873073607776));
#10383=CARTESIAN_POINT('Ctrl Pts',(16.497967752399,0.2,90.4958406685348));
#10384=CARTESIAN_POINT('Ctrl Pts',(16.6661470879038,0.2,90.7538558786073));
#10385=CARTESIAN_POINT('Ctrl Pts',(16.744771078229,0.2,90.8744782209396));
#10386=CARTESIAN_POINT('Ctrl Pts',(16.7196667939425,0.,89.2311728000641));
#10387=CARTESIAN_POINT('Ctrl Pts',(16.7196667939425,0.2,89.2311728000641));
#10388=CARTESIAN_POINT('Ctrl Pts',(16.6484060644041,0.,89.34112444338));
#10389=CARTESIAN_POINT('Ctrl Pts',(16.6484060644041,0.2,89.34112444338));
#10390=CARTESIAN_POINT('Ctrl Pts',(16.4929403766634,0.,89.5810000095867));
#10391=CARTESIAN_POINT('Ctrl Pts',(16.4929403766634,0.2,89.5810000095867));
#10392=CARTESIAN_POINT('Ctrl Pts',(16.481236124076,0.,89.8677182872481));
#10393=CARTESIAN_POINT('Ctrl Pts',(16.481236124076,0.2,89.8677182872481));
#10394=CARTESIAN_POINT('Ctrl Pts',(16.4748967438936,0.,90.023013651371));
#10395=CARTESIAN_POINT('Ctrl Pts',(16.4748967438936,0.2,90.023013651371));
#10396=CARTESIAN_POINT('',(16.7196667939425,0.2,89.2311728000641));
#10397=CARTESIAN_POINT('',(16.7196667939425,0.,89.2311728000641));
#10398=CARTESIAN_POINT('Ctrl Pts',(16.7196667939425,0.2,89.2311728000641));
#10399=CARTESIAN_POINT('Ctrl Pts',(16.6484060644041,0.2,89.34112444338));
#10400=CARTESIAN_POINT('Ctrl Pts',(16.4929403766634,0.2,89.5810000095867));
#10401=CARTESIAN_POINT('Ctrl Pts',(16.481236124076,0.2,89.8677182872481));
#10402=CARTESIAN_POINT('Ctrl Pts',(16.4748967438936,0.2,90.023013651371));
#10403=CARTESIAN_POINT('Ctrl Pts',(17.3661101609468,0.,88.9476999640465));
#10404=CARTESIAN_POINT('Ctrl Pts',(17.3661101609468,0.2,88.9476999640465));
#10405=CARTESIAN_POINT('Ctrl Pts',(17.2396155377715,0.,88.958532625216));
#10406=CARTESIAN_POINT('Ctrl Pts',(17.2396155377715,0.2,88.958532625216));
#10407=CARTESIAN_POINT('Ctrl Pts',(16.9916102898964,0.,88.9797711312574));
#10408=CARTESIAN_POINT('Ctrl Pts',(16.9916102898964,0.2,88.9797711312574));
#10409=CARTESIAN_POINT('Ctrl Pts',(16.8090919757246,0.,89.1485025385286));
#10410=CARTESIAN_POINT('Ctrl Pts',(16.8090919757246,0.2,89.1485025385286));
#10411=CARTESIAN_POINT('Ctrl Pts',(16.7196667939425,0.,89.2311728000641));
#10412=CARTESIAN_POINT('Ctrl Pts',(16.7196667939425,0.2,89.2311728000641));
#10413=CARTESIAN_POINT('',(17.3661101609468,0.2,88.9476999640465));
#10414=CARTESIAN_POINT('',(17.3661101609468,0.,88.9476999640465));
#10415=CARTESIAN_POINT('Ctrl Pts',(17.3661101609468,0.2,88.9476999640465));
#10416=CARTESIAN_POINT('Ctrl Pts',(17.2396155377715,0.2,88.958532625216));
#10417=CARTESIAN_POINT('Ctrl Pts',(16.9916102898964,0.2,88.9797711312574));
#10418=CARTESIAN_POINT('Ctrl Pts',(16.8090919757246,0.2,89.1485025385286));
#10419=CARTESIAN_POINT('Ctrl Pts',(16.7196667939425,0.2,89.2311728000641));
#10420=CARTESIAN_POINT('Ctrl Pts',(18.0292905122042,0.,89.2949804663658));
#10421=CARTESIAN_POINT('Ctrl Pts',(18.0292905122042,0.2,89.2949804663658));
#10422=CARTESIAN_POINT('Ctrl Pts',(17.9440231298745,0.,89.1936978188731));
#10423=CARTESIAN_POINT('Ctrl Pts',(17.9440231298745,0.2,89.1936978188731));
#10424=CARTESIAN_POINT('Ctrl Pts',(17.7706753879318,0.,88.9877912018157));
#10425=CARTESIAN_POINT('Ctrl Pts',(17.7706753879318,0.2,88.9877912018157));
#10426=CARTESIAN_POINT('Ctrl Pts',(17.5024162828507,0.,88.9612075044334));
#10427=CARTESIAN_POINT('Ctrl Pts',(17.5024162828507,0.2,88.9612075044334));
#10428=CARTESIAN_POINT('Ctrl Pts',(17.3661101609468,0.,88.9476999640465));
#10429=CARTESIAN_POINT('Ctrl Pts',(17.3661101609468,0.2,88.9476999640465));
#10430=CARTESIAN_POINT('',(18.0292905122042,0.2,89.2949804663658));
#10431=CARTESIAN_POINT('',(18.0292905122042,0.,89.2949804663658));
#10432=CARTESIAN_POINT('Ctrl Pts',(18.0292905122042,0.2,89.2949804663658));
#10433=CARTESIAN_POINT('Ctrl Pts',(17.9440231298745,0.2,89.1936978188731));
#10434=CARTESIAN_POINT('Ctrl Pts',(17.7706753879318,0.2,88.9877912018157));
#10435=CARTESIAN_POINT('Ctrl Pts',(17.5024162828507,0.2,88.9612075044334));
#10436=CARTESIAN_POINT('Ctrl Pts',(17.3661101609468,0.2,88.9476999640465));
#10437=CARTESIAN_POINT('Origin',(18.0376578122377,0.,89.2949804663658));
#10438=CARTESIAN_POINT('',(18.0376578122377,0.2,89.2949804663658));
#10439=CARTESIAN_POINT('',(18.0376578122377,0.,89.2949804663658));
#10440=CARTESIAN_POINT('',(18.0376578122377,0.2,89.2949804663658));
#10441=CARTESIAN_POINT('Origin',(18.0376578122377,0.,89.0000012516975));
#10442=CARTESIAN_POINT('',(18.0376578122377,0.2,89.0000012516975));
#10443=CARTESIAN_POINT('',(18.0376578122377,0.,89.0000012516975));
#10444=CARTESIAN_POINT('',(18.0376578122377,0.2,89.0000012516975));
#10445=CARTESIAN_POINT('Origin',(18.6987460404634,0.,89.0000012516975));
#10446=CARTESIAN_POINT('',(18.6987460404634,0.2,89.0000012516975));
#10447=CARTESIAN_POINT('',(18.6987460404634,0.,89.0000012516975));
#10448=CARTESIAN_POINT('',(18.6987460404634,0.2,89.0000012516975));
#10449=CARTESIAN_POINT('Origin',(18.6987460404634,0.,92.1715494990349));
#10450=CARTESIAN_POINT('',(18.6987460404634,0.2,92.1715494990349));
#10451=CARTESIAN_POINT('Origin',(22.2301269322634,0.2,90.5596247315407));
#10452=CARTESIAN_POINT('Ctrl Pts',(12.7615071088076,0.,91.1945620179176));
#10453=CARTESIAN_POINT('Ctrl Pts',(12.7615071088076,0.2,91.1945620179176));
#10454=CARTESIAN_POINT('Ctrl Pts',(12.9649344883151,0.,91.1480605181592));
#10455=CARTESIAN_POINT('Ctrl Pts',(12.9649344883151,0.2,91.1480605181592));
#10456=CARTESIAN_POINT('Ctrl Pts',(13.408767699864,0.,91.0466046078014));
#10457=CARTESIAN_POINT('Ctrl Pts',(13.408767699864,0.2,91.0466046078014));
#10458=CARTESIAN_POINT('Ctrl Pts',(13.4421625681627,0.,90.5834879805881));
#10459=CARTESIAN_POINT('Ctrl Pts',(13.4421625681627,0.2,90.5834879805881));
#10460=CARTESIAN_POINT('Ctrl Pts',(13.4602511674166,0.,90.3326371312141));
#10461=CARTESIAN_POINT('Ctrl Pts',(13.4602511674166,0.2,90.3326371312141));
#10462=CARTESIAN_POINT('',(12.7615071088076,0.2,91.1945620179176));
#10463=CARTESIAN_POINT('',(12.7615071088076,0.,91.1945620179176));
#10464=CARTESIAN_POINT('',(13.4602511674166,0.2,90.3326371312141));
#10465=CARTESIAN_POINT('Ctrl Pts',(12.7615071088076,0.2,91.1945620179176));
#10466=CARTESIAN_POINT('Ctrl Pts',(12.9649344883151,0.2,91.1480605181592));
#10467=CARTESIAN_POINT('Ctrl Pts',(13.408767699864,0.2,91.0466046078014));
#10468=CARTESIAN_POINT('Ctrl Pts',(13.4421625681627,0.2,90.5834879805881));
#10469=CARTESIAN_POINT('Ctrl Pts',(13.4602511674166,0.2,90.3326371312141));
#10470=CARTESIAN_POINT('',(13.4602511674166,0.,90.3326371312141));
#10471=CARTESIAN_POINT('Ctrl Pts',(12.0418412238359,0.,90.7949802279472));
#10472=CARTESIAN_POINT('Ctrl Pts',(12.0418412238359,0.2,90.7949802279472));
#10473=CARTESIAN_POINT('Ctrl Pts',(12.1333397184167,0.,90.9115242930797));
#10474=CARTESIAN_POINT('Ctrl Pts',(12.1333397184167,0.2,90.9115242930797));
#10475=CARTESIAN_POINT('Ctrl Pts',(12.3170845176856,0.,91.1455649289598));
#10476=CARTESIAN_POINT('Ctrl Pts',(12.3170845176856,0.2,91.1455649289598));
#10477=CARTESIAN_POINT('Ctrl Pts',(12.6129648508756,0.,91.1781854016716));
#10478=CARTESIAN_POINT('Ctrl Pts',(12.6129648508756,0.2,91.1781854016716));
#10479=CARTESIAN_POINT('Ctrl Pts',(12.7615071088076,0.,91.1945620179176));
#10480=CARTESIAN_POINT('Ctrl Pts',(12.7615071088076,0.2,91.1945620179176));
#10481=CARTESIAN_POINT('',(12.0418412238359,0.2,90.7949802279472));
#10482=CARTESIAN_POINT('',(12.0418412238359,0.,90.7949802279472));
#10483=CARTESIAN_POINT('Ctrl Pts',(12.0418412238359,0.2,90.7949802279472));
#10484=CARTESIAN_POINT('Ctrl Pts',(12.1333397184167,0.2,90.9115242930797));
#10485=CARTESIAN_POINT('Ctrl Pts',(12.3170845176856,0.2,91.1455649289598));
#10486=CARTESIAN_POINT('Ctrl Pts',(12.6129648508756,0.2,91.1781854016716));
#10487=CARTESIAN_POINT('Ctrl Pts',(12.7615071088076,0.2,91.1945620179176));
#10488=CARTESIAN_POINT('Ctrl Pts',(11.4205027371645,0.,91.1945620179176));
#10489=CARTESIAN_POINT('Ctrl Pts',(11.4205027371645,0.2,91.1945620179176));
#10490=CARTESIAN_POINT('Ctrl Pts',(11.5594427818169,0.,91.1789479620168));
#10491=CARTESIAN_POINT('Ctrl Pts',(11.5594427818169,0.2,91.1789479620168));
#10492=CARTESIAN_POINT('Ctrl Pts',(11.8331640719573,0.,91.1481872152775));
#10493=CARTESIAN_POINT('Ctrl Pts',(11.8331640719573,0.2,91.1481872152775));
#10494=CARTESIAN_POINT('Ctrl Pts',(11.9729903257826,0.,90.9115172712099));
#10495=CARTESIAN_POINT('Ctrl Pts',(11.9729903257826,0.2,90.9115172712099));
#10496=CARTESIAN_POINT('Ctrl Pts',(12.0418412238359,0.,90.7949802279472));
#10497=CARTESIAN_POINT('Ctrl Pts',(12.0418412238359,0.2,90.7949802279472));
#10498=CARTESIAN_POINT('',(11.4205027371645,0.2,91.1945620179176));
#10499=CARTESIAN_POINT('',(11.4205027371645,0.,91.1945620179176));
#10500=CARTESIAN_POINT('Ctrl Pts',(11.4205027371645,0.2,91.1945620179176));
#10501=CARTESIAN_POINT('Ctrl Pts',(11.5594427818169,0.2,91.1789479620168));
#10502=CARTESIAN_POINT('Ctrl Pts',(11.8331640719573,0.2,91.1481872152775));
#10503=CARTESIAN_POINT('Ctrl Pts',(11.9729903257826,0.2,90.9115172712099));
#10504=CARTESIAN_POINT('Ctrl Pts',(12.0418412238359,0.2,90.7949802279472));
#10505=CARTESIAN_POINT('Ctrl Pts',(11.0156906396151,0.,91.0868212580681));
#10506=CARTESIAN_POINT('Ctrl Pts',(11.0156906396151,0.2,91.0868212580681));
#10507=CARTESIAN_POINT('Ctrl Pts',(11.0790836133543,0.,91.1182452552532));
#10508=CARTESIAN_POINT('Ctrl Pts',(11.0790836133543,0.2,91.1182452552532));
#10509=CARTESIAN_POINT('Ctrl Pts',(11.2067147162833,0.,91.181512194515));
#10510=CARTESIAN_POINT('Ctrl Pts',(11.2067147162833,0.2,91.181512194515));
#10511=CARTESIAN_POINT('Ctrl Pts',(11.3489261620517,0.,91.1901929159392));
#10512=CARTESIAN_POINT('Ctrl Pts',(11.3489261620517,0.2,91.1901929159392));
#10513=CARTESIAN_POINT('Ctrl Pts',(11.4205027371645,0.,91.1945620179176));
#10514=CARTESIAN_POINT('Ctrl Pts',(11.4205027371645,0.2,91.1945620179176));
#10515=CARTESIAN_POINT('',(11.0156906396151,0.2,91.0868212580681));
#10516=CARTESIAN_POINT('',(11.0156906396151,0.,91.0868212580681));
#10517=CARTESIAN_POINT('Ctrl Pts',(11.0156906396151,0.2,91.0868212580681));
#10518=CARTESIAN_POINT('Ctrl Pts',(11.0790836133543,0.2,91.1182452552532));
#10519=CARTESIAN_POINT('Ctrl Pts',(11.2067147162833,0.2,91.181512194515));
#10520=CARTESIAN_POINT('Ctrl Pts',(11.3489261620517,0.2,91.1901929159392));
#10521=CARTESIAN_POINT('Ctrl Pts',(11.4205027371645,0.2,91.1945620179176));
#10522=CARTESIAN_POINT('Ctrl Pts',(10.7280338555574,0.,90.8075326681137));
#10523=CARTESIAN_POINT('Ctrl Pts',(10.7280338555574,0.2,90.8075326681137));
#10524=CARTESIAN_POINT('Ctrl Pts',(10.7661910566145,0.,90.8623703003718));
#10525=CARTESIAN_POINT('Ctrl Pts',(10.7661910566145,0.2,90.8623703003718));
#10526=CARTESIAN_POINT('Ctrl Pts',(10.8439204429163,0.,90.9740791098121));
#10527=CARTESIAN_POINT('Ctrl Pts',(10.8439204429163,0.2,90.9740791098121));
#10528=CARTESIAN_POINT('Ctrl Pts',(10.957743231463,0.,91.0487872137083));
#10529=CARTESIAN_POINT('Ctrl Pts',(10.957743231463,0.2,91.0487872137083));
#10530=CARTESIAN_POINT('Ctrl Pts',(11.0156906396151,0.,91.0868212580681));
#10531=CARTESIAN_POINT('Ctrl Pts',(11.0156906396151,0.2,91.0868212580681));
#10532=CARTESIAN_POINT('',(10.7280338555574,0.2,90.8075326681137));
#10533=CARTESIAN_POINT('',(10.7280338555574,0.,90.8075326681137));
#10534=CARTESIAN_POINT('Ctrl Pts',(10.7280338555574,0.2,90.8075326681137));
#10535=CARTESIAN_POINT('Ctrl Pts',(10.7661910566145,0.2,90.8623703003718));
#10536=CARTESIAN_POINT('Ctrl Pts',(10.8439204429163,0.2,90.9740791098121));
#10537=CARTESIAN_POINT('Ctrl Pts',(10.957743231463,0.2,91.0487872137083));
#10538=CARTESIAN_POINT('Ctrl Pts',(11.0156906396151,0.2,91.0868212580681));
#10539=CARTESIAN_POINT('Origin',(10.719665363431,0.,90.8075326681137));
#10540=CARTESIAN_POINT('',(10.719665363431,0.2,90.8075326681137));
#10541=CARTESIAN_POINT('',(10.719665363431,0.,90.8075326681137));
#10542=CARTESIAN_POINT('',(10.719665363431,0.2,90.8075326681137));
#10543=CARTESIAN_POINT('Origin',(10.719665363431,0.,91.1422607302666));
#10544=CARTESIAN_POINT('',(10.719665363431,0.2,91.1422607302666));
#10545=CARTESIAN_POINT('',(10.719665363431,0.,91.1422607302666));
#10546=CARTESIAN_POINT('',(10.719665363431,0.2,91.1422607302666));
#10547=CARTESIAN_POINT('Origin',(10.0585777312517,0.,91.1422607302666));
#10548=CARTESIAN_POINT('',(10.0585777312517,0.2,91.1422607302666));
#10549=CARTESIAN_POINT('',(10.0585777312517,0.,91.1422607302666));
#10550=CARTESIAN_POINT('',(10.0585777312517,0.2,91.1422607302666));
#10551=CARTESIAN_POINT('Origin',(10.0585777312517,0.,89.0000012516975));
#10552=CARTESIAN_POINT('',(10.0585777312517,0.2,89.0000012516975));
#10553=CARTESIAN_POINT('',(10.0585777312517,0.,89.0000012516975));
#10554=CARTESIAN_POINT('',(10.0585777312517,0.2,89.0000012516975));
#10555=CARTESIAN_POINT('Origin',(10.719665363431,0.,89.0000012516975));
#10556=CARTESIAN_POINT('',(10.719665363431,0.2,89.0000012516975));
#10557=CARTESIAN_POINT('',(10.719665363431,0.,89.0000012516975));
#10558=CARTESIAN_POINT('',(10.719665363431,0.2,89.0000012516975));
#10559=CARTESIAN_POINT('Origin',(10.719665363431,0.,90.190377831459));
#10560=CARTESIAN_POINT('',(10.719665363431,0.2,90.190377831459));
#10561=CARTESIAN_POINT('',(10.719665363431,0.,90.190377831459));
#10562=CARTESIAN_POINT('',(10.719665363431,0.2,90.190377831459));
#10563=CARTESIAN_POINT('Ctrl Pts',(10.8211303502321,0.,90.5543944239616));
#10564=CARTESIAN_POINT('Ctrl Pts',(10.8211303502321,0.2,90.5543944239616));
#10565=CARTESIAN_POINT('Ctrl Pts',(10.7915920009264,0.,90.5029701996751));
#10566=CARTESIAN_POINT('Ctrl Pts',(10.7915920009264,0.2,90.5029701996751));
#10567=CARTESIAN_POINT('Ctrl Pts',(10.7270740280614,0.,90.3906488687574));
#10568=CARTESIAN_POINT('Ctrl Pts',(10.7270740280614,0.2,90.3906488687574));
#10569=CARTESIAN_POINT('Ctrl Pts',(10.7222699720764,0.,90.2607856176397));
#10570=CARTESIAN_POINT('Ctrl Pts',(10.7222699720764,0.2,90.2607856176397));
#10571=CARTESIAN_POINT('Ctrl Pts',(10.719665363431,0.,90.190377831459));
#10572=CARTESIAN_POINT('Ctrl Pts',(10.719665363431,0.2,90.190377831459));
#10573=CARTESIAN_POINT('',(10.8211303502321,0.2,90.5543944239616));
#10574=CARTESIAN_POINT('',(10.8211303502321,0.,90.5543944239616));
#10575=CARTESIAN_POINT('Ctrl Pts',(10.8211303502321,0.2,90.5543944239616));
#10576=CARTESIAN_POINT('Ctrl Pts',(10.7915920009264,0.2,90.5029701996751));
#10577=CARTESIAN_POINT('Ctrl Pts',(10.7270740280614,0.2,90.3906488687574));
#10578=CARTESIAN_POINT('Ctrl Pts',(10.7222699720764,0.2,90.2607856176397));
#10579=CARTESIAN_POINT('Ctrl Pts',(10.719665363431,0.2,90.190377831459));
#10580=CARTESIAN_POINT('Ctrl Pts',(11.0920507460833,0.,90.6882858276367));
#10581=CARTESIAN_POINT('Ctrl Pts',(11.0920507460833,0.2,90.6882858276367));
#10582=CARTESIAN_POINT('Ctrl Pts',(11.0384417489513,0.,90.6827638972646));
#10583=CARTESIAN_POINT('Ctrl Pts',(11.0384417489513,0.2,90.6827638972646));
#10584=CARTESIAN_POINT('Ctrl Pts',(10.9314958389762,0.,90.6717480622359));
#10585=CARTESIAN_POINT('Ctrl Pts',(10.9314958389762,0.2,90.6717480622359));
#10586=CARTESIAN_POINT('Ctrl Pts',(10.8578563970444,0.,90.5934458997617));
#10587=CARTESIAN_POINT('Ctrl Pts',(10.8578563970444,0.2,90.5934458997617));
#10588=CARTESIAN_POINT('Ctrl Pts',(10.8211303502321,0.,90.5543944239616));
#10589=CARTESIAN_POINT('Ctrl Pts',(10.8211303502321,0.2,90.5543944239616));
#10590=CARTESIAN_POINT('',(11.0920507460833,0.2,90.6882858276367));
#10591=CARTESIAN_POINT('',(11.0920507460833,0.,90.6882858276367));
#10592=CARTESIAN_POINT('Ctrl Pts',(11.0920507460833,0.2,90.6882858276367));
#10593=CARTESIAN_POINT('Ctrl Pts',(11.0384417489513,0.2,90.6827638972646));
#10594=CARTESIAN_POINT('Ctrl Pts',(10.9314958389762,0.2,90.6717480622359));
#10595=CARTESIAN_POINT('Ctrl Pts',(10.8578563970444,0.2,90.5934458997617));
#10596=CARTESIAN_POINT('Ctrl Pts',(10.8211303502321,0.2,90.5543944239616));
#10597=CARTESIAN_POINT('Ctrl Pts',(11.4288706332445,0.,90.2343109250069));
#10598=CARTESIAN_POINT('Ctrl Pts',(11.4288706332445,0.2,90.2343109250069));
#10599=CARTESIAN_POINT('Ctrl Pts',(11.4227558764643,0.,90.3661275529));
#10600=CARTESIAN_POINT('Ctrl Pts',(11.4227558764643,0.2,90.3661275529));
#10601=CARTESIAN_POINT('Ctrl Pts',(11.4118129946526,0.,90.6020247163853));
#10602=CARTESIAN_POINT('Ctrl Pts',(11.4118129946526,0.2,90.6020247163853));
#10603=CARTESIAN_POINT('Ctrl Pts',(11.1899425377612,0.,90.6618779112229));
#10604=CARTESIAN_POINT('Ctrl Pts',(11.1899425377612,0.2,90.6618779112229));
#10605=CARTESIAN_POINT('Ctrl Pts',(11.0920507460833,0.,90.6882858276367));
#10606=CARTESIAN_POINT('Ctrl Pts',(11.0920507460833,0.2,90.6882858276367));
#10607=CARTESIAN_POINT('',(11.4288706332445,0.2,90.2343109250069));
#10608=CARTESIAN_POINT('',(11.4288706332445,0.,90.2343109250069));
#10609=CARTESIAN_POINT('Ctrl Pts',(11.4288706332445,0.2,90.2343109250069));
#10610=CARTESIAN_POINT('Ctrl Pts',(11.4227558764643,0.2,90.3661275529));
#10611=CARTESIAN_POINT('Ctrl Pts',(11.4118129946526,0.2,90.6020247163853));
#10612=CARTESIAN_POINT('Ctrl Pts',(11.1899425377612,0.2,90.6618779112229));
#10613=CARTESIAN_POINT('Ctrl Pts',(11.0920507460833,0.2,90.6882858276367));
#10614=CARTESIAN_POINT('Origin',(11.4288706332445,0.,89.0000012516975));
#10615=CARTESIAN_POINT('',(11.4288706332445,0.2,89.0000012516975));
#10616=CARTESIAN_POINT('',(11.4288706332445,0.,89.0000012516975));
#10617=CARTESIAN_POINT('',(11.4288706332445,0.2,89.0000012516975));
#10618=CARTESIAN_POINT('Origin',(12.0899582654238,0.,89.0000012516975));
#10619=CARTESIAN_POINT('',(12.0899582654238,0.2,89.0000012516975));
#10620=CARTESIAN_POINT('',(12.0899582654238,0.,89.0000012516975));
#10621=CARTESIAN_POINT('',(12.0899582654238,0.2,89.0000012516975));
#10622=CARTESIAN_POINT('Origin',(12.0899582654238,0.,90.1987460255623));
#10623=CARTESIAN_POINT('',(12.0899582654238,0.2,90.1987460255623));
#10624=CARTESIAN_POINT('',(12.0899582654238,0.,90.1987460255623));
#10625=CARTESIAN_POINT('',(12.0899582654238,0.2,90.1987460255623));
#10626=CARTESIAN_POINT('Ctrl Pts',(12.1924687176943,0.,90.5481186509132));
#10627=CARTESIAN_POINT('Ctrl Pts',(12.1924687176943,0.2,90.5481186509132));
#10628=CARTESIAN_POINT('Ctrl Pts',(12.1625901947166,0.,90.4969278391286));
#10629=CARTESIAN_POINT('Ctrl Pts',(12.1625901947166,0.2,90.4969278391286));
#10630=CARTESIAN_POINT('Ctrl Pts',(12.099686410769,0.,90.3891549158483));
#10631=CARTESIAN_POINT('Ctrl Pts',(12.099686410769,0.2,90.3891549158483));
#10632=CARTESIAN_POINT('Ctrl Pts',(12.0933073505633,0.,90.264297635068));
#10633=CARTESIAN_POINT('Ctrl Pts',(12.0933073505633,0.2,90.264297635068));
#10634=CARTESIAN_POINT('Ctrl Pts',(12.0899582654238,0.,90.1987460255623));
#10635=CARTESIAN_POINT('Ctrl Pts',(12.0899582654238,0.2,90.1987460255623));
#10636=CARTESIAN_POINT('',(12.1924687176943,0.2,90.5481186509132));
#10637=CARTESIAN_POINT('',(12.1924687176943,0.,90.5481186509132));
#10638=CARTESIAN_POINT('Ctrl Pts',(12.1924687176943,0.2,90.5481186509132));
#10639=CARTESIAN_POINT('Ctrl Pts',(12.1625901947166,0.2,90.4969278391286));
#10640=CARTESIAN_POINT('Ctrl Pts',(12.099686410769,0.2,90.3891549158483));
#10641=CARTESIAN_POINT('Ctrl Pts',(12.0933073505633,0.2,90.264297635068));
#10642=CARTESIAN_POINT('Ctrl Pts',(12.0899582654238,0.2,90.1987460255623));
#10643=CARTESIAN_POINT('Ctrl Pts',(12.4581594020128,0.,90.6882858276367));
#10644=CARTESIAN_POINT('Ctrl Pts',(12.4581594020128,0.2,90.6882858276367));
#10645=CARTESIAN_POINT('Ctrl Pts',(12.4059931891113,0.,90.6820280588177));
#10646=CARTESIAN_POINT('Ctrl Pts',(12.4059931891113,0.2,90.6820280588177));
#10647=CARTESIAN_POINT('Ctrl Pts',(12.2997088017855,0.,90.669278367246));
#10648=CARTESIAN_POINT('Ctrl Pts',(12.2997088017855,0.2,90.669278367246));
#10649=CARTESIAN_POINT('Ctrl Pts',(12.2286504189888,0.,90.5889966929479));
#10650=CARTESIAN_POINT('Ctrl Pts',(12.2286504189888,0.2,90.5889966929479));
#10651=CARTESIAN_POINT('Ctrl Pts',(12.1924687176943,0.,90.5481186509132));
#10652=CARTESIAN_POINT('Ctrl Pts',(12.1924687176943,0.2,90.5481186509132));
#10653=CARTESIAN_POINT('',(12.4581594020128,0.2,90.6882858276367));
#10654=CARTESIAN_POINT('',(12.4581594020128,0.,90.6882858276367));
#10655=CARTESIAN_POINT('Ctrl Pts',(12.4581594020128,0.2,90.6882858276367));
#10656=CARTESIAN_POINT('Ctrl Pts',(12.4059931891113,0.2,90.6820280588177));
#10657=CARTESIAN_POINT('Ctrl Pts',(12.2997088017855,0.2,90.669278367246));
#10658=CARTESIAN_POINT('Ctrl Pts',(12.2286504189888,0.2,90.5889966929479));
#10659=CARTESIAN_POINT('Ctrl Pts',(12.1924687176943,0.2,90.5481186509132));
#10660=CARTESIAN_POINT('Ctrl Pts',(12.8012556582689,0.,90.2217587828636));
#10661=CARTESIAN_POINT('Ctrl Pts',(12.8012556582689,0.2,90.2217587828636));
#10662=CARTESIAN_POINT('Ctrl Pts',(12.7953025669325,0.,90.3571823785863));
#10663=CARTESIAN_POINT('Ctrl Pts',(12.7953025669325,0.2,90.3571823785863));
#10664=CARTESIAN_POINT('Ctrl Pts',(12.7846809306165,0.,90.598808132512));
#10665=CARTESIAN_POINT('Ctrl Pts',(12.7846809306165,0.2,90.598808132512));
#10666=CARTESIAN_POINT('Ctrl Pts',(12.5578560906001,0.,90.6609656385377));
#10667=CARTESIAN_POINT('Ctrl Pts',(12.5578560906001,0.2,90.6609656385377));
#10668=CARTESIAN_POINT('Ctrl Pts',(12.4581594020128,0.,90.6882858276367));
#10669=CARTESIAN_POINT('Ctrl Pts',(12.4581594020128,0.2,90.6882858276367));
#10670=CARTESIAN_POINT('',(12.8012556582689,0.2,90.2217587828636));
#10671=CARTESIAN_POINT('',(12.8012556582689,0.,90.2217587828636));
#10672=CARTESIAN_POINT('Ctrl Pts',(12.8012556582689,0.2,90.2217587828636));
#10673=CARTESIAN_POINT('Ctrl Pts',(12.7953025669325,0.2,90.3571823785863));
#10674=CARTESIAN_POINT('Ctrl Pts',(12.7846809306165,0.2,90.598808132512));
#10675=CARTESIAN_POINT('Ctrl Pts',(12.5578560906001,0.2,90.6609656385377));
#10676=CARTESIAN_POINT('Ctrl Pts',(12.4581594020128,0.2,90.6882858276367));
#10677=CARTESIAN_POINT('Origin',(12.8012556582689,0.,89.0000012516975));
#10678=CARTESIAN_POINT('',(12.8012556582689,0.2,89.0000012516975));
#10679=CARTESIAN_POINT('',(12.8012556582689,0.,89.0000012516975));
#10680=CARTESIAN_POINT('',(12.8012556582689,0.2,89.0000012516975));
#10681=CARTESIAN_POINT('Origin',(13.4602511674166,0.,89.0000012516975));
#10682=CARTESIAN_POINT('',(13.4602511674166,0.2,89.0000012516975));
#10683=CARTESIAN_POINT('',(13.4602511674166,0.,89.0000012516975));
#10684=CARTESIAN_POINT('',(13.4602511674166,0.2,89.0000012516975));
#10685=CARTESIAN_POINT('Origin',(13.4602511674166,0.,90.3326371312141));
#10686=CARTESIAN_POINT('',(13.4602511674166,0.2,90.3326371312141));
#10687=CARTESIAN_POINT('Origin',(22.2301269322634,0.2,90.5596247315407));
#10688=CARTESIAN_POINT('Ctrl Pts',(6.48117162287235,0.,91.0188296437263));
#10689=CARTESIAN_POINT('Ctrl Pts',(6.48117162287235,0.2,91.0188296437263));
#10690=CARTESIAN_POINT('Ctrl Pts',(6.45361827773717,0.,91.1535417165706));
#10691=CARTESIAN_POINT('Ctrl Pts',(6.45361827773717,0.2,91.1535417165706));
#10692=CARTESIAN_POINT('Ctrl Pts',(6.39489027895547,0.,91.4406709348585));
#10693=CARTESIAN_POINT('Ctrl Pts',(6.39489027895547,0.2,91.4406709348585));
#10694=CARTESIAN_POINT('Ctrl Pts',(6.09866713894022,0.,91.4671284272338));
#10695=CARTESIAN_POINT('Ctrl Pts',(6.09866713894022,0.2,91.4671284272338));
#10696=CARTESIAN_POINT('Ctrl Pts',(5.94142265617847,0.,91.4811728894711));
#10697=CARTESIAN_POINT('Ctrl Pts',(5.94142265617847,0.2,91.4811728894711));
#10698=CARTESIAN_POINT('',(6.48117162287235,0.,91.0188296437263));
#10699=CARTESIAN_POINT('',(5.94142265617847,0.,91.4811728894711));
#10700=CARTESIAN_POINT('Ctrl Pts',(6.48117162287235,0.,91.0188296437263));
#10701=CARTESIAN_POINT('Ctrl Pts',(6.45361827773717,0.,91.1535417165706));
#10702=CARTESIAN_POINT('Ctrl Pts',(6.39489027895547,0.,91.4406709348585));
#10703=CARTESIAN_POINT('Ctrl Pts',(6.09866713894022,0.,91.4671284272338));
#10704=CARTESIAN_POINT('Ctrl Pts',(5.94142265617847,0.,91.4811728894711));
#10705=CARTESIAN_POINT('',(6.48117162287235,0.2,91.0188296437263));
#10706=CARTESIAN_POINT('',(6.48117162287235,0.,91.0188296437263));
#10707=CARTESIAN_POINT('',(5.94142265617847,0.2,91.4811728894711));
#10708=CARTESIAN_POINT('Ctrl Pts',(6.48117162287235,0.2,91.0188296437263));
#10709=CARTESIAN_POINT('Ctrl Pts',(6.45361827773717,0.2,91.1535417165706));
#10710=CARTESIAN_POINT('Ctrl Pts',(6.39489027895547,0.2,91.4406709348585));
#10711=CARTESIAN_POINT('Ctrl Pts',(6.09866713894022,0.2,91.4671284272338));
#10712=CARTESIAN_POINT('Ctrl Pts',(5.94142265617847,0.2,91.4811728894711));
#10713=CARTESIAN_POINT('',(5.94142265617847,0.,91.4811728894711));
#10714=CARTESIAN_POINT('Ctrl Pts',(5.94142265617847,0.,90.5460265278816));
#10715=CARTESIAN_POINT('Ctrl Pts',(5.94142265617847,0.2,90.5460265278816));
#10716=CARTESIAN_POINT('Ctrl Pts',(6.09871704317505,0.,90.5612172149143));
#10717=CARTESIAN_POINT('Ctrl Pts',(6.09871704317505,0.2,90.5612172149143));
#10718=CARTESIAN_POINT('Ctrl Pts',(6.39752585867567,0.,90.5900746413332));
#10719=CARTESIAN_POINT('Ctrl Pts',(6.39752585867567,0.2,90.5900746413332));
#10720=CARTESIAN_POINT('Ctrl Pts',(6.454288911868,0.,90.8810331045746));
#10721=CARTESIAN_POINT('Ctrl Pts',(6.454288911868,0.2,90.8810331045746));
#10722=CARTESIAN_POINT('Ctrl Pts',(6.48117162287235,0.,91.0188296437263));
#10723=CARTESIAN_POINT('Ctrl Pts',(6.48117162287235,0.2,91.0188296437263));
#10724=CARTESIAN_POINT('',(5.94142265617847,0.,90.5460265278816));
#10725=CARTESIAN_POINT('Ctrl Pts',(5.94142265617847,0.,90.5460265278816));
#10726=CARTESIAN_POINT('Ctrl Pts',(6.09871704317505,0.,90.5612172149143));
#10727=CARTESIAN_POINT('Ctrl Pts',(6.39752585867567,0.,90.5900746413332));
#10728=CARTESIAN_POINT('Ctrl Pts',(6.454288911868,0.,90.8810331045746));
#10729=CARTESIAN_POINT('Ctrl Pts',(6.48117162287235,0.,91.0188296437263));
#10730=CARTESIAN_POINT('',(5.94142265617847,0.2,90.5460265278816));
#10731=CARTESIAN_POINT('',(5.94142265617847,0.,90.5460265278816));
#10732=CARTESIAN_POINT('Ctrl Pts',(5.94142265617847,0.2,90.5460265278816));
#10733=CARTESIAN_POINT('Ctrl Pts',(6.09871704317505,0.2,90.5612172149143));
#10734=CARTESIAN_POINT('Ctrl Pts',(6.39752585867567,0.2,90.5900746413332));
#10735=CARTESIAN_POINT('Ctrl Pts',(6.454288911868,0.2,90.8810331045746));
#10736=CARTESIAN_POINT('Ctrl Pts',(6.48117162287235,0.2,91.0188296437263));
#10737=CARTESIAN_POINT('Origin',(5.67573234438896,0.,90.5460265278816));
#10738=CARTESIAN_POINT('',(5.67573234438896,0.,90.5460265278816));
#10739=CARTESIAN_POINT('',(19.1628661721945,0.,90.5460265278816));
#10740=CARTESIAN_POINT('',(5.67573234438896,0.2,90.5460265278816));
#10741=CARTESIAN_POINT('',(5.67573234438896,0.,90.5460265278816));
#10742=CARTESIAN_POINT('',(5.67573234438896,0.2,90.5460265278816));
#10743=CARTESIAN_POINT('Origin',(5.67573234438896,0.,91.4811728894711));
#10744=CARTESIAN_POINT('',(5.67573234438896,0.,91.4811728894711));
#10745=CARTESIAN_POINT('',(5.67573234438896,0.,81.7155864447355));
#10746=CARTESIAN_POINT('',(5.67573234438896,0.2,91.4811728894711));
#10747=CARTESIAN_POINT('',(5.67573234438896,0.,91.4811728894711));
#10748=CARTESIAN_POINT('',(5.67573234438896,0.2,91.4811728894711));
#10749=CARTESIAN_POINT('Origin',(5.94142265617847,0.,91.4811728894711));
#10750=CARTESIAN_POINT('',(19.2957113280892,0.,91.4811728894711));
#10751=CARTESIAN_POINT('',(5.94142265617847,0.2,91.4811728894711));
#10752=CARTESIAN_POINT('Ctrl Pts',(6.86715491116047,0.,90.3127628564835));
#10753=CARTESIAN_POINT('Ctrl Pts',(6.86715491116047,0.2,90.3127628564835));
#10754=CARTESIAN_POINT('Ctrl Pts',(6.74436018176759,0.,90.2313960602673));
#10755=CARTESIAN_POINT('Ctrl Pts',(6.74436018176759,0.2,90.2313960602673));
#10756=CARTESIAN_POINT('Ctrl Pts',(6.4816894733912,0.,90.0573440133588));
#10757=CARTESIAN_POINT('Ctrl Pts',(6.4816894733912,0.2,90.0573440133588));
#10758=CARTESIAN_POINT('Ctrl Pts',(6.16601127862036,0.,90.0417684701848));
#10759=CARTESIAN_POINT('Ctrl Pts',(6.16601127862036,0.2,90.0417684701848));
#10760=CARTESIAN_POINT('Ctrl Pts',(5.99790804088116,0.,90.0334742665291));
#10761=CARTESIAN_POINT('Ctrl Pts',(5.99790804088116,0.2,90.0334742665291));
#10762=CARTESIAN_POINT('',(6.86715491116047,0.2,90.3127628564835));
#10763=CARTESIAN_POINT('',(6.86715491116047,0.,90.3127628564835));
#10764=CARTESIAN_POINT('',(5.99790804088116,0.2,90.0334742665291));
#10765=CARTESIAN_POINT('Ctrl Pts',(6.86715491116047,0.2,90.3127628564835));
#10766=CARTESIAN_POINT('Ctrl Pts',(6.74436018176759,0.2,90.2313960602673));
#10767=CARTESIAN_POINT('Ctrl Pts',(6.4816894733912,0.2,90.0573440133588));
#10768=CARTESIAN_POINT('Ctrl Pts',(6.16601127862036,0.2,90.0417684701848));
#10769=CARTESIAN_POINT('Ctrl Pts',(5.99790804088116,0.2,90.0334742665291));
#10770=CARTESIAN_POINT('',(5.99790804088116,0.,90.0334742665291));
#10771=CARTESIAN_POINT('Ctrl Pts',(7.19246871769428,0.,91.0439345240593));
#10772=CARTESIAN_POINT('Ctrl Pts',(7.19246871769428,0.2,91.0439345240593));
#10773=CARTESIAN_POINT('Ctrl Pts',(7.17975177603132,0.,90.9012262981443));
#10774=CARTESIAN_POINT('Ctrl Pts',(7.17975177603132,0.2,90.9012262981443));
#10775=CARTESIAN_POINT('Ctrl Pts',(7.15469634709749,0.,90.6200568230103));
#10776=CARTESIAN_POINT('Ctrl Pts',(7.15469634709749,0.2,90.6200568230103));
#10777=CARTESIAN_POINT('Ctrl Pts',(6.9620320116956,0.,90.4141574970889));
#10778=CARTESIAN_POINT('Ctrl Pts',(6.9620320116956,0.2,90.4141574970889));
#10779=CARTESIAN_POINT('Ctrl Pts',(6.86715491116047,0.,90.3127628564835));
#10780=CARTESIAN_POINT('Ctrl Pts',(6.86715491116047,0.2,90.3127628564835));
#10781=CARTESIAN_POINT('',(7.19246871769428,0.2,91.0439345240593));
#10782=CARTESIAN_POINT('',(7.19246871769428,0.,91.0439345240593));
#10783=CARTESIAN_POINT('Ctrl Pts',(7.19246871769428,0.2,91.0439345240593));
#10784=CARTESIAN_POINT('Ctrl Pts',(7.17975177603132,0.2,90.9012262981443));
#10785=CARTESIAN_POINT('Ctrl Pts',(7.15469634709749,0.2,90.6200568230103));
#10786=CARTESIAN_POINT('Ctrl Pts',(6.9620320116956,0.2,90.4141574970889));
#10787=CARTESIAN_POINT('Ctrl Pts',(6.86715491116047,0.2,90.3127628564835));
#10788=CARTESIAN_POINT('Ctrl Pts',(6.05857752263546,0.,92.0000013709068));
#10789=CARTESIAN_POINT('Ctrl Pts',(6.05857752263546,0.2,92.0000013709068));
#10790=CARTESIAN_POINT('Ctrl Pts',(6.38882852966914,0.,91.9721650885076));
#10791=CARTESIAN_POINT('Ctrl Pts',(6.38882852966914,0.2,91.9721650885076));
#10792=CARTESIAN_POINT('Ctrl Pts',(7.00733962998911,0.,91.9200318647207));
#10793=CARTESIAN_POINT('Ctrl Pts',(7.00733962998911,0.2,91.9200318647207));
#10794=CARTESIAN_POINT('Ctrl Pts',(7.13361668482405,0.,91.3224434830201));
#10795=CARTESIAN_POINT('Ctrl Pts',(7.13361668482405,0.2,91.3224434830201));
#10796=CARTESIAN_POINT('Ctrl Pts',(7.19246871769428,0.,91.0439345240593));
#10797=CARTESIAN_POINT('Ctrl Pts',(7.19246871769428,0.2,91.0439345240593));
#10798=CARTESIAN_POINT('',(6.05857752263546,0.2,92.0000013709068));
#10799=CARTESIAN_POINT('',(6.05857752263546,0.,92.0000013709068));
#10800=CARTESIAN_POINT('Ctrl Pts',(6.05857752263546,0.2,92.0000013709068));
#10801=CARTESIAN_POINT('Ctrl Pts',(6.38882852966914,0.2,91.9721650885076));
#10802=CARTESIAN_POINT('Ctrl Pts',(7.00733962998911,0.2,91.9200318647207));
#10803=CARTESIAN_POINT('Ctrl Pts',(7.13361668482405,0.2,91.3224434830201));
#10804=CARTESIAN_POINT('Ctrl Pts',(7.19246871769428,0.2,91.0439345240593));
#10805=CARTESIAN_POINT('Origin',(5.00000007450581,0.,92.0000013709068));
#10806=CARTESIAN_POINT('',(5.00000007450581,0.2,92.0000013709068));
#10807=CARTESIAN_POINT('',(5.00000007450581,0.,92.0000013709068));
#10808=CARTESIAN_POINT('',(5.00000007450581,0.2,92.0000013709068));
#10809=CARTESIAN_POINT('Origin',(5.00000007450581,0.,89.0000012516975));
#10810=CARTESIAN_POINT('',(5.00000007450581,0.2,89.0000012516975));
#10811=CARTESIAN_POINT('',(5.00000007450581,0.,89.0000012516975));
#10812=CARTESIAN_POINT('',(5.00000007450581,0.2,89.0000012516975));
#10813=CARTESIAN_POINT('Origin',(5.67573234438896,0.,89.0000012516975));
#10814=CARTESIAN_POINT('',(5.67573234438896,0.2,89.0000012516975));
#10815=CARTESIAN_POINT('',(5.67573234438896,0.,89.0000012516975));
#10816=CARTESIAN_POINT('',(5.67573234438896,0.2,89.0000012516975));
#10817=CARTESIAN_POINT('Origin',(5.67573234438896,0.,90.0334742665291));
#10818=CARTESIAN_POINT('',(5.67573234438896,0.2,90.0334742665291));
#10819=CARTESIAN_POINT('',(5.67573234438896,0.,90.0334742665291));
#10820=CARTESIAN_POINT('',(5.67573234438896,0.2,90.0334742665291));
#10821=CARTESIAN_POINT('Origin',(5.99790804088116,0.,90.0334742665291));
#10822=CARTESIAN_POINT('',(5.99790804088116,0.2,90.0334742665291));
#10823=CARTESIAN_POINT('Origin',(22.2301269322634,0.2,90.5596247315407));
#10824=CARTESIAN_POINT('Origin',(32.65,0.,71.95));
#10825=CARTESIAN_POINT('Origin',(32.65,0.,71.95));
#10826=CARTESIAN_POINT('Origin',(32.65,0.,71.95));
#10827=CARTESIAN_POINT('Origin',(32.65,0.,71.95));
#10828=CARTESIAN_POINT('Origin',(32.65,0.,71.95));
#10829=CARTESIAN_POINT('Origin',(32.65,0.,71.95));
#10830=CARTESIAN_POINT('Origin',(32.65,0.,71.95));
#10831=CARTESIAN_POINT('Origin',(32.65,0.,71.95));
#10832=CARTESIAN_POINT('Origin',(32.65,0.,71.95));
#10833=CARTESIAN_POINT('Origin',(32.65,0.,71.95));
#10834=CARTESIAN_POINT('Origin',(6.8973876600838,12.,71.8463998859478));
#10835=CARTESIAN_POINT('',(-3.12884042744456,12.,67.0000009983778));
#10836=CARTESIAN_POINT('',(-3.12884042744456,12.,67.2));
#10837=CARTESIAN_POINT('',(-3.12884042744456,12.,56.9105797862777));
#10838=CARTESIAN_POINT('',(-6.36855486299585,12.,67.0000009983778));
#10839=CARTESIAN_POINT('',(20.1633301831634,12.,67.0000009983778));
#10840=CARTESIAN_POINT('',(-6.36855486299585,12.,67.2));
#10841=CARTESIAN_POINT('',(-6.36855486299585,12.,76.6927987735179));
#10842=CARTESIAN_POINT('',(-0.665793328111371,12.,67.2));
#10843=CARTESIAN_POINT('Origin',(-6.36855486299585,16.,67.0000009983778));
#10844=CARTESIAN_POINT('',(-0.128840427444559,13.,67.0000009983778));
#10845=CARTESIAN_POINT('Origin',(-0.128840427444559,8.,67.0000009983778));
#10846=CARTESIAN_POINT('',(-6.36855486299585,13.,67.0000009983778));
#10847=CARTESIAN_POINT('',(13.1407225685021,13.,67.0000009983778));
#10848=CARTESIAN_POINT('',(-6.36855486299585,16.,67.0000009983778));
#10849=CARTESIAN_POINT('Origin',(-6.36855486299585,16.,76.6927987735179));
#10850=CARTESIAN_POINT('',(-6.36855486299585,13.,67.2));
#10851=CARTESIAN_POINT('',(-6.36855486299585,13.,74.3213993867589));
#10852=CARTESIAN_POINT('',(-6.36855486299585,14.5,67.2));
#10853=CARTESIAN_POINT('Origin',(-0.128840427444561,8.,56.9105797862777));
#10854=CARTESIAN_POINT('',(-0.128840427444561,3.,67.2));
#10855=CARTESIAN_POINT('Origin',(-0.128840427444559,8.,67.2));
#10856=CARTESIAN_POINT('',(-0.128840427444561,3.,56.9105797862777));
#10857=CARTESIAN_POINT('',(-0.128840427444564,13.,49.8711595725554));
#10858=CARTESIAN_POINT('Origin',(-0.128840427444563,8.,49.8711595725554));
#10859=CARTESIAN_POINT('',(-0.128840427444561,13.,56.9105797862777));
#10860=CARTESIAN_POINT('Origin',(-8.22897431630654,13.,67.2));
#10861=CARTESIAN_POINT('',(-6.37383842584296,13.,67.2));
#10862=CARTESIAN_POINT('',(12.2105128418467,13.,67.2));
#10863=CARTESIAN_POINT('',(-6.37383842584296,3.,67.2));
#10864=CARTESIAN_POINT('Origin',(-0.128840427444559,8.,67.2));
#10865=CARTESIAN_POINT('',(-8.22897431630654,3.,67.2));
#10866=CARTESIAN_POINT('Origin',(-0.128840427444559,13.,76.7));
#10867=CARTESIAN_POINT('',(-0.128840427444559,3.,76.7));
#10868=CARTESIAN_POINT('',(-0.128840427444559,13.,76.7));
#10869=CARTESIAN_POINT('Origin',(-0.128840427444558,8.,76.7));
#10870=CARTESIAN_POINT('',(-6.37383842584296,3.,76.7));
#10871=CARTESIAN_POINT('',(-1.19209287996469E-7,3.,76.7));
#10872=CARTESIAN_POINT('',(-6.37383842584296,13.,76.7));
#10873=CARTESIAN_POINT('Origin',(-0.128840427444558,8.,76.7));
#10874=CARTESIAN_POINT('',(16.2605797862777,13.,76.7));
#10875=CARTESIAN_POINT('Origin',(-0.128840427444561,8.,56.9105797862777));
#10876=CARTESIAN_POINT('',(-0.128840427444556,13.,94.0288404274446));
#10877=CARTESIAN_POINT('',(-0.128840427444561,13.,56.9105797862777));
#10878=CARTESIAN_POINT('Origin',(-0.128840427444556,8.,94.0288404274446));
#10879=CARTESIAN_POINT('',(-0.128840427444561,3.,56.9105797862777));
#10880=CARTESIAN_POINT('Origin',(32.65,3.,71.95));
#10881=CARTESIAN_POINT('',(65.4288404274446,3.,86.9894202137223));
#10882=CARTESIAN_POINT('',(53.0394202137223,3.,49.8711595725554));
#10883=CARTESIAN_POINT('',(-6.37383842584296,3.,56.9105797862777));
#10884=CARTESIAN_POINT('',(12.2605797862777,3.,94.0288404274446));
#10885=CARTESIAN_POINT('Origin',(65.4288404274446,8.,86.9894202137223));
#10886=CARTESIAN_POINT('',(65.4288404274446,13.,49.8711595725554));
#10887=CARTESIAN_POINT('Origin',(65.4288404274446,8.,49.8711595725554));
#10888=CARTESIAN_POINT('',(65.4288404274446,13.,94.0288404274446));
#10889=CARTESIAN_POINT('Origin',(65.4288404274446,8.,94.0288404274446));
#10890=CARTESIAN_POINT('',(65.4288404274446,13.,86.9894202137223));
#10891=CARTESIAN_POINT('Origin',(65.4288404274446,8.,94.0288404274446));
#10892=CARTESIAN_POINT('Origin',(65.4288404274446,8.,94.0288404274446));
#10893=CARTESIAN_POINT('Origin',(12.2605797862777,8.,94.0288404274446));
#10894=CARTESIAN_POINT('Origin',(-0.128840427444556,8.,94.0288404274446));
#10895=CARTESIAN_POINT('',(12.2605797862777,13.,94.0288404274446));
#10896=CARTESIAN_POINT('Origin',(-0.128840427444556,8.,94.0288404274446));
#10897=CARTESIAN_POINT('Origin',(-0.128840427444564,8.,49.8711595725554));
#10898=CARTESIAN_POINT('Origin',(-0.128840427444565,8.,49.8711595725554));
#10899=CARTESIAN_POINT('Origin',(53.0394202137223,8.,49.8711595725554));
#10900=CARTESIAN_POINT('Origin',(65.4288404274446,8.,49.8711595725554));
#10901=CARTESIAN_POINT('',(53.0394202137223,13.,49.8711595725554));
#10902=CARTESIAN_POINT('Origin',(65.4288404274446,8.,49.8711595725554));
#10903=CARTESIAN_POINT('Origin',(-0.128840427444561,8.,56.9105797862777));
#10904=CARTESIAN_POINT('',(-6.37383842584296,13.,49.8711595725554));
#10905=CARTESIAN_POINT('',(-6.37383842584296,13.,56.9105797862777));
#10906=CARTESIAN_POINT('Origin',(-0.128840427444562,8.,49.8711595725554));
#10907=CARTESIAN_POINT('',(-6.37383842584295,13.,94.0288404274446));
#10908=CARTESIAN_POINT('Origin',(-0.128840427444555,8.,94.0288404274446));
#10909=CARTESIAN_POINT('',(-6.37383842584296,13.,56.9105797862777));
#10910=CARTESIAN_POINT('Origin',(32.65,0.,71.95));
#10911=CARTESIAN_POINT('Origin',(-0.128840427444564,8.,49.8711595725554));
#10912=CARTESIAN_POINT('',(-0.128840427444565,13.,43.626161574157));
#10913=CARTESIAN_POINT('Origin',(-0.128840427444564,13.,49.8711595725554));
#10914=CARTESIAN_POINT('Origin',(-0.128840427444565,8.,49.8711595725554));
#10915=CARTESIAN_POINT('Origin',(53.0394202137223,8.,49.8711595725554));
#10916=CARTESIAN_POINT('',(65.4288404274446,13.,43.626161574157));
#10917=CARTESIAN_POINT('',(53.0394202137223,13.,43.626161574157));
#10918=CARTESIAN_POINT('Origin',(65.4288404274446,8.,49.8711595725554));
#10919=CARTESIAN_POINT('Origin',(65.4288404274446,8.,49.8711595725554));
#10920=CARTESIAN_POINT('',(71.673838425843,13.,49.8711595725554));
#10921=CARTESIAN_POINT('Origin',(65.4288404274446,13.,49.8711595725554));
#10922=CARTESIAN_POINT('Origin',(65.4288404274446,8.,49.8711595725554));
#10923=CARTESIAN_POINT('Origin',(-0.128840427444556,8.,94.0288404274446));
#10924=CARTESIAN_POINT('',(-0.128840427444556,13.,100.273838425843));
#10925=CARTESIAN_POINT('Origin',(-0.128840427444556,13.,94.0288404274446));
#10926=CARTESIAN_POINT('Origin',(-0.128840427444556,8.,94.0288404274446));
#10927=CARTESIAN_POINT('Origin',(12.2605797862777,8.,94.0288404274446));
#10928=CARTESIAN_POINT('',(65.4288404274446,13.,100.273838425843));
#10929=CARTESIAN_POINT('',(12.2605797862777,13.,100.273838425843));
#10930=CARTESIAN_POINT('Origin',(65.4288404274446,8.,94.0288404274446));
#10931=CARTESIAN_POINT('Origin',(65.4288404274446,8.,94.0288404274446));
#10932=CARTESIAN_POINT('',(71.673838425843,13.,94.0288404274446));
#10933=CARTESIAN_POINT('Origin',(65.4288404274446,13.,94.0288404274446));
#10934=CARTESIAN_POINT('Origin',(65.4288404274446,8.,94.0288404274446));
#10935=CARTESIAN_POINT('Origin',(65.4288404274446,8.,86.9894202137223));
#10936=CARTESIAN_POINT('',(71.673838425843,13.,86.9894202137223));
#10937=CARTESIAN_POINT('Origin',(32.65,13.,71.95));
#10938=CARTESIAN_POINT('Origin',(59.3357347142311,16.,88.4748461022711));
#10939=CARTESIAN_POINT('',(46.3357347142312,13.,88.4748461022711));
#10940=CARTESIAN_POINT('',(59.3357347142311,13.,88.4748461022711));
#10941=CARTESIAN_POINT('',(45.9928673571155,13.,88.4748461022711));
#10942=CARTESIAN_POINT('',(46.3357347142312,16.,88.4748461022711));
#10943=CARTESIAN_POINT('',(46.3357347142312,16.,88.4748461022711));
#10944=CARTESIAN_POINT('',(59.3357347142311,16.,88.4748461022711));
#10945=CARTESIAN_POINT('',(45.9928673571155,16.,88.4748461022711));
#10946=CARTESIAN_POINT('',(59.3357347142311,16.,88.4748461022711));
#10947=CARTESIAN_POINT('Origin',(59.3357347142311,16.,87.974846102271));
#10948=CARTESIAN_POINT('',(59.8357347142311,13.,87.974846102271));
#10949=CARTESIAN_POINT('Origin',(59.3357347142311,13.,87.974846102271));
#10950=CARTESIAN_POINT('',(59.8357347142311,16.,87.974846102271));
#10951=CARTESIAN_POINT('Origin',(59.3357347142311,16.,87.974846102271));
#10952=CARTESIAN_POINT('',(59.8357347142311,16.,87.974846102271));
#10953=CARTESIAN_POINT('Origin',(59.835734714231,16.,74.9748461022711));
#10954=CARTESIAN_POINT('',(59.835734714231,13.,74.9748461022711));
#10955=CARTESIAN_POINT('',(59.835734714231,13.,73.4624230511356));
#10956=CARTESIAN_POINT('',(59.835734714231,16.,74.9748461022711));
#10957=CARTESIAN_POINT('',(59.835734714231,16.,73.4624230511356));
#10958=CARTESIAN_POINT('',(59.835734714231,16.,74.9748461022711));
#10959=CARTESIAN_POINT('Origin',(59.335734714231,16.,74.9748461022711));
#10960=CARTESIAN_POINT('',(59.335734714231,13.,74.4748461022712));
#10961=CARTESIAN_POINT('Origin',(59.335734714231,13.,74.9748461022711));
#10962=CARTESIAN_POINT('',(59.335734714231,16.,74.4748461022712));
#10963=CARTESIAN_POINT('Origin',(59.335734714231,16.,74.9748461022711));
#10964=CARTESIAN_POINT('',(59.335734714231,16.,74.4748461022712));
#10965=CARTESIAN_POINT('Origin',(46.3357347142312,16.,74.4748461022712));
#10966=CARTESIAN_POINT('',(46.3357347142312,13.,74.4748461022712));
#10967=CARTESIAN_POINT('',(39.4928673571156,13.,74.4748461022711));
#10968=CARTESIAN_POINT('',(46.3357347142312,16.,74.4748461022712));
#10969=CARTESIAN_POINT('',(39.4928673571156,16.,74.4748461022711));
#10970=CARTESIAN_POINT('',(46.3357347142312,16.,74.4748461022712));
#10971=CARTESIAN_POINT('Origin',(46.3357347142312,16.,74.9748461022712));
#10972=CARTESIAN_POINT('',(45.8357347142312,13.,74.9748461022712));
#10973=CARTESIAN_POINT('Origin',(46.3357347142312,13.,74.9748461022712));
#10974=CARTESIAN_POINT('',(45.8357347142312,16.,74.9748461022712));
#10975=CARTESIAN_POINT('Origin',(46.3357347142312,16.,74.9748461022712));
#10976=CARTESIAN_POINT('',(45.8357347142312,16.,74.9748461022712));
#10977=CARTESIAN_POINT('Origin',(45.8357347142312,16.,87.974846102271));
#10978=CARTESIAN_POINT('',(45.8357347142312,13.,87.974846102271));
#10979=CARTESIAN_POINT('',(45.8357347142312,13.,79.9624230511355));
#10980=CARTESIAN_POINT('',(45.8357347142312,16.,87.974846102271));
#10981=CARTESIAN_POINT('',(45.8357347142312,16.,79.9624230511355));
#10982=CARTESIAN_POINT('',(45.8357347142312,16.,87.974846102271));
#10983=CARTESIAN_POINT('Origin',(46.3357347142312,16.,87.974846102271));
#10984=CARTESIAN_POINT('Origin',(46.3357347142312,13.,87.974846102271));
#10985=CARTESIAN_POINT('Origin',(46.3357347142312,16.,87.974846102271));
#10986=CARTESIAN_POINT('Origin',(25.0895471621727,16.,52.899554906978));
#10987=CARTESIAN_POINT('',(37.3395471621727,13.,52.899554906978));
#10988=CARTESIAN_POINT('',(25.0895471621727,13.,52.899554906978));
#10989=CARTESIAN_POINT('',(28.8697735810863,13.,52.899554906978));
#10990=CARTESIAN_POINT('',(37.3395471621727,16.,52.899554906978));
#10991=CARTESIAN_POINT('',(37.3395471621727,16.,52.899554906978));
#10992=CARTESIAN_POINT('',(25.0895471621727,16.,52.899554906978));
#10993=CARTESIAN_POINT('',(28.8697735810863,16.,52.899554906978));
#10994=CARTESIAN_POINT('',(25.0895471621727,16.,52.899554906978));
#10995=CARTESIAN_POINT('Origin',(25.0895471621727,16.,91.149554906978));
#10996=CARTESIAN_POINT('',(25.0895471621727,13.,91.149554906978));
#10997=CARTESIAN_POINT('',(25.0895471621727,13.,81.549777453489));
#10998=CARTESIAN_POINT('',(25.0895471621727,16.,91.149554906978));
#10999=CARTESIAN_POINT('',(25.0895471621727,16.,81.549777453489));
#11000=CARTESIAN_POINT('',(25.0895471621727,16.,91.149554906978));
#11001=CARTESIAN_POINT('Origin',(37.3395471621727,16.,91.149554906978));
#11002=CARTESIAN_POINT('',(37.3395471621727,13.,91.149554906978));
#11003=CARTESIAN_POINT('',(34.9947735810863,13.,91.149554906978));
#11004=CARTESIAN_POINT('',(37.3395471621727,16.,91.149554906978));
#11005=CARTESIAN_POINT('',(34.9947735810863,16.,91.149554906978));
#11006=CARTESIAN_POINT('',(37.3395471621727,16.,91.149554906978));
#11007=CARTESIAN_POINT('Origin',(37.3395471621727,16.,52.899554906978));
#11008=CARTESIAN_POINT('',(37.3395471621727,13.,62.424777453489));
#11009=CARTESIAN_POINT('',(37.3395471621727,16.,62.424777453489));
#11010=CARTESIAN_POINT('Origin',(59.335734714231,16.,69.4248461022712));
#11011=CARTESIAN_POINT('',(46.3357347142312,13.,69.4248461022712));
#11012=CARTESIAN_POINT('',(59.335734714231,13.,69.4248461022712));
#11013=CARTESIAN_POINT('',(45.9928673571155,13.,69.4248461022712));
#11014=CARTESIAN_POINT('',(46.3357347142312,16.,69.4248461022712));
#11015=CARTESIAN_POINT('',(46.3357347142312,16.,69.4248461022712));
#11016=CARTESIAN_POINT('',(59.335734714231,16.,69.4248461022712));
#11017=CARTESIAN_POINT('',(45.9928673571155,16.,69.4248461022712));
#11018=CARTESIAN_POINT('',(59.335734714231,16.,69.4248461022712));
#11019=CARTESIAN_POINT('Origin',(59.335734714231,16.,68.9248461022712));
#11020=CARTESIAN_POINT('',(59.835734714231,13.,68.9248461022712));
#11021=CARTESIAN_POINT('Origin',(59.335734714231,13.,68.9248461022712));
#11022=CARTESIAN_POINT('',(59.835734714231,16.,68.9248461022712));
#11023=CARTESIAN_POINT('Origin',(59.335734714231,16.,68.9248461022712));
#11024=CARTESIAN_POINT('',(59.835734714231,16.,68.9248461022712));
#11025=CARTESIAN_POINT('Origin',(59.835734714231,16.,55.9248461022713));
#11026=CARTESIAN_POINT('',(59.835734714231,13.,55.9248461022713));
#11027=CARTESIAN_POINT('',(59.835734714231,13.,63.9374230511357));
#11028=CARTESIAN_POINT('',(59.835734714231,16.,55.9248461022713));
#11029=CARTESIAN_POINT('',(59.835734714231,16.,63.9374230511357));
#11030=CARTESIAN_POINT('',(59.835734714231,16.,55.9248461022713));
#11031=CARTESIAN_POINT('Origin',(59.335734714231,16.,55.9248461022713));
#11032=CARTESIAN_POINT('',(59.335734714231,13.,55.4248461022713));
#11033=CARTESIAN_POINT('Origin',(59.335734714231,13.,55.9248461022713));
#11034=CARTESIAN_POINT('',(59.335734714231,16.,55.4248461022713));
#11035=CARTESIAN_POINT('Origin',(59.335734714231,16.,55.9248461022713));
#11036=CARTESIAN_POINT('',(59.335734714231,16.,55.4248461022713));
#11037=CARTESIAN_POINT('Origin',(46.3357347142311,16.,55.4248461022713));
#11038=CARTESIAN_POINT('',(46.3357347142311,13.,55.4248461022713));
#11039=CARTESIAN_POINT('',(39.4928673571156,13.,55.4248461022713));
#11040=CARTESIAN_POINT('',(46.3357347142311,16.,55.4248461022713));
#11041=CARTESIAN_POINT('',(39.4928673571156,16.,55.4248461022713));
#11042=CARTESIAN_POINT('',(46.3357347142311,16.,55.4248461022713));
#11043=CARTESIAN_POINT('Origin',(46.3357347142311,16.,55.9248461022713));
#11044=CARTESIAN_POINT('',(45.8357347142311,13.,55.9248461022713));
#11045=CARTESIAN_POINT('Origin',(46.3357347142311,13.,55.9248461022713));
#11046=CARTESIAN_POINT('',(45.8357347142311,16.,55.9248461022713));
#11047=CARTESIAN_POINT('Origin',(46.3357347142311,16.,55.9248461022713));
#11048=CARTESIAN_POINT('',(45.8357347142311,16.,55.9248461022713));
#11049=CARTESIAN_POINT('Origin',(45.8357347142312,16.,68.9248461022712));
#11050=CARTESIAN_POINT('',(45.8357347142312,13.,68.9248461022712));
#11051=CARTESIAN_POINT('',(45.8357347142312,13.,70.4374230511356));
#11052=CARTESIAN_POINT('',(45.8357347142312,16.,68.9248461022712));
#11053=CARTESIAN_POINT('',(45.8357347142312,16.,70.4374230511356));
#11054=CARTESIAN_POINT('',(45.8357347142312,16.,68.9248461022712));
#11055=CARTESIAN_POINT('Origin',(46.3357347142312,16.,68.9248461022712));
#11056=CARTESIAN_POINT('Origin',(46.3357347142312,13.,68.9248461022712));
#11057=CARTESIAN_POINT('Origin',(46.3357347142312,16.,68.9248461022712));
#11058=CARTESIAN_POINT('Origin',(20.1633301831634,16.,76.6927987735179));
#11059=CARTESIAN_POINT('',(-6.36855486299585,13.,76.6927987735179));
#11060=CARTESIAN_POINT('',(20.1633301831634,13.,76.6927987735179));
#11061=CARTESIAN_POINT('',(26.4066650915817,13.,76.6927987735179));
#11062=CARTESIAN_POINT('',(-6.36855486299585,13.0065920307903,76.6927987735179));
#11063=CARTESIAN_POINT('',(-6.36855486299585,16.,76.6927987735179));
#11064=CARTESIAN_POINT('',(-0.128840427444558,16.,76.6927987735179));
#11065=CARTESIAN_POINT('Origin',(-0.128840427444558,8.,76.6927987735179));
#11066=CARTESIAN_POINT('',(20.1633301831634,16.,76.6927987735179));
#11067=CARTESIAN_POINT('',(26.4066650915817,16.,76.6927987735179));
#11068=CARTESIAN_POINT('',(20.1633301831634,16.,76.6927987735179));
#11069=CARTESIAN_POINT('Origin',(-6.36855486299585,16.,76.6927987735179));
#11070=CARTESIAN_POINT('',(-6.36855486299585,13.,67.0000009983778));
#11071=CARTESIAN_POINT('',(-6.36855486299585,13.,74.3213993867589));
#11072=CARTESIAN_POINT('',(-6.36855486299585,13.0065920307903,67.0000009983778));
#11073=CARTESIAN_POINT('',(-6.36855486299585,16.,67.0000009983778));
#11074=CARTESIAN_POINT('',(-6.36855486299585,13.0065920307903,56.9105797862777));
#11075=CARTESIAN_POINT('Origin',(20.1633301831634,16.,67.0000009983778));
#11076=CARTESIAN_POINT('',(20.1633301831634,13.,67.0000009983778));
#11077=CARTESIAN_POINT('',(20.1633301831634,13.,69.4750004991889));
#11078=CARTESIAN_POINT('',(20.1633301831634,16.,67.0000009983778));
#11079=CARTESIAN_POINT('',(20.1633301831634,16.,69.4750004991889));
#11080=CARTESIAN_POINT('',(20.1633301831634,16.,67.0000009983778));
#11081=CARTESIAN_POINT('Origin',(-6.36855486299585,16.,67.0000009983778));
#11082=CARTESIAN_POINT('',(13.1407225685021,13.,67.0000009983778));
#11083=CARTESIAN_POINT('',(-0.128840427444559,16.,67.0000009983778));
#11084=CARTESIAN_POINT('',(13.1407225685021,16.,67.0000009983778));
#11085=CARTESIAN_POINT('Origin',(-0.128840427444559,8.,67.0000009983778));
#11086=CARTESIAN_POINT('Origin',(-0.128840427444561,8.,56.9105797862777));
#11087=CARTESIAN_POINT('',(-0.128840427444565,16.,49.8711595725554));
#11088=CARTESIAN_POINT('',(-0.128840427444561,16.,56.9105797862777));
#11089=CARTESIAN_POINT('',(-6.37383842584296,13.,49.8711595725554));
#11090=CARTESIAN_POINT('Origin',(-0.128840427444562,8.,49.8711595725554));
#11091=CARTESIAN_POINT('',(-6.37383842584295,13.,94.0288404274446));
#11092=CARTESIAN_POINT('',(-6.37383842584296,13.,56.9105797862777));
#11093=CARTESIAN_POINT('',(-0.128840427444555,16.,94.0288404274446));
#11094=CARTESIAN_POINT('Origin',(-0.128840427444555,8.,94.0288404274446));
#11095=CARTESIAN_POINT('',(-0.128840427444561,16.,56.9105797862777));
#11096=CARTESIAN_POINT('Origin',(65.4288404274446,8.,49.8711595725554));
#11097=CARTESIAN_POINT('',(71.673838425843,13.,49.8711595725554));
#11098=CARTESIAN_POINT('',(65.4288404274446,13.,43.626161574157));
#11099=CARTESIAN_POINT('Origin',(65.4288404274446,13.,49.8711595725554));
#11100=CARTESIAN_POINT('',(65.4288404274446,16.,49.8711595725554));
#11101=CARTESIAN_POINT('Origin',(65.4288404274446,8.,49.8711595725554));
#11102=CARTESIAN_POINT('Origin',(65.4288404274446,8.,49.8711595725554));
#11103=CARTESIAN_POINT('Origin',(53.0394202137223,8.,49.8711595725554));
#11104=CARTESIAN_POINT('',(-0.128840427444565,13.,43.626161574157));
#11105=CARTESIAN_POINT('',(53.0394202137223,13.,43.626161574157));
#11106=CARTESIAN_POINT('Origin',(-0.128840427444565,8.,49.8711595725554));
#11107=CARTESIAN_POINT('',(53.0394202137223,16.,49.8711595725554));
#11108=CARTESIAN_POINT('Origin',(-0.128840427444564,8.,49.8711595725554));
#11109=CARTESIAN_POINT('Origin',(-0.128840427444564,13.,49.8711595725554));
#11110=CARTESIAN_POINT('Origin',(-0.128840427444556,8.,94.0288404274446));
#11111=CARTESIAN_POINT('',(-0.128840427444556,13.,100.273838425843));
#11112=CARTESIAN_POINT('Origin',(-0.128840427444556,13.,94.0288404274446));
#11113=CARTESIAN_POINT('Origin',(-0.128840427444556,8.,94.0288404274446));
#11114=CARTESIAN_POINT('Origin',(12.2605797862777,8.,94.0288404274446));
#11115=CARTESIAN_POINT('',(65.4288404274446,13.,100.273838425843));
#11116=CARTESIAN_POINT('',(12.2605797862777,13.,100.273838425843));
#11117=CARTESIAN_POINT('',(65.4288404274446,16.,94.0288404274446));
#11118=CARTESIAN_POINT('Origin',(65.4288404274446,8.,94.0288404274446));
#11119=CARTESIAN_POINT('',(12.2605797862777,16.,94.0288404274446));
#11120=CARTESIAN_POINT('Origin',(65.4288404274446,8.,94.0288404274446));
#11121=CARTESIAN_POINT('',(71.673838425843,13.,94.0288404274446));
#11122=CARTESIAN_POINT('Origin',(65.4288404274446,13.,94.0288404274446));
#11123=CARTESIAN_POINT('Origin',(65.4288404274446,8.,94.0288404274446));
#11124=CARTESIAN_POINT('Origin',(65.4288404274446,8.,86.9894202137223));
#11125=CARTESIAN_POINT('',(71.673838425843,13.,86.9894202137223));
#11126=CARTESIAN_POINT('',(65.4288404274446,16.,86.9894202137223));
#11127=CARTESIAN_POINT('Origin',(32.65,16.,71.95));
#11128=CARTESIAN_POINT('Origin',(32.65,13.,71.95));
#11129=UNCERTAINTY_MEASURE_WITH_UNIT(LENGTH_MEASURE(0.01),#11133,
'DISTANCE_ACCURACY_VALUE',
'Maximum model space distance between geometric entities at asserted c
onnectivities');
#11130=UNCERTAINTY_MEASURE_WITH_UNIT(LENGTH_MEASURE(0.01),#11133,
'DISTANCE_ACCURACY_VALUE',
'Maximum model space distance between geometric entities at asserted c
onnectivities');
#11131=(
GEOMETRIC_REPRESENTATION_CONTEXT(3)
GLOBAL_UNCERTAINTY_ASSIGNED_CONTEXT((#11129))
GLOBAL_UNIT_ASSIGNED_CONTEXT((#11133,#11135,#11136))
REPRESENTATION_CONTEXT('','3D')
);
#11132=(
GEOMETRIC_REPRESENTATION_CONTEXT(3)
GLOBAL_UNCERTAINTY_ASSIGNED_CONTEXT((#11130))
GLOBAL_UNIT_ASSIGNED_CONTEXT((#11133,#11135,#11136))
REPRESENTATION_CONTEXT('','3D')
);
#11133=(
LENGTH_UNIT()
NAMED_UNIT(*)
SI_UNIT(.MILLI.,.METRE.)
);
#11134=(
LENGTH_UNIT()
NAMED_UNIT(*)
SI_UNIT($,.METRE.)
);
#11135=(
NAMED_UNIT(*)
PLANE_ANGLE_UNIT()
SI_UNIT($,.RADIAN.)
);
#11136=(
NAMED_UNIT(*)
SI_UNIT($,.STERADIAN.)
SOLID_ANGLE_UNIT()
);
#11137=SHAPE_DEFINITION_REPRESENTATION(#11138,#11139);
#11138=PRODUCT_DEFINITION_SHAPE('',$,#11141);
#11139=SHAPE_REPRESENTATION('',(#5787),#11131);
#11140=PRODUCT_DEFINITION_CONTEXT('part definition',#11145,'design');
#11141=PRODUCT_DEFINITION('PomodoroPebble','PomodoroPebble v2',#11142,#11140);
#11142=PRODUCT_DEFINITION_FORMATION('',$,#11147);
#11143=PRODUCT_RELATED_PRODUCT_CATEGORY('PomodoroPebble v2',
'PomodoroPebble v2',(#11147));
#11144=APPLICATION_PROTOCOL_DEFINITION('international standard',
'automotive_design',2009,#11145);
#11145=APPLICATION_CONTEXT(
'Core Data for Automotive Mechanical Design Process');
#11146=PRODUCT_CONTEXT('part definition',#11145,'mechanical');
#11147=PRODUCT('PomodoroPebble','PomodoroPebble v2',$,(#11146));
#11148=PRESENTATION_STYLE_ASSIGNMENT((#11149));
#11149=SURFACE_STYLE_USAGE(.BOTH.,#11150);
#11150=SURFACE_SIDE_STYLE('',(#11151));
#11151=SURFACE_STYLE_FILL_AREA(#11152);
#11152=FILL_AREA_STYLE('Steel - Satin',(#11153));
#11153=FILL_AREA_STYLE_COLOUR('Steel - Satin',#11154);
#11154=COLOUR_RGB('Steel - Satin',0.627450980392157,0.627450980392157,0.627450980392157);
ENDSEC;
END-ISO-10303-21;
