ISO-10303-21;
HEADER;
/* Generated by software containing ST-Developer
 * from STEP Tools, Inc. (www.steptools.com) 
 */

FILE_DESCRIPTION(
/* description */ (''),
/* implementation_level */ '2;1');

FILE_NAME(
/* name */ 'PomodoroPebble - Final Assembly.step',
/* time_stamp */ '2025-12-05T19:37:28-05:00',
/* author */ (''),
/* organization */ (''),
/* preprocessor_version */ 'ST-DEVELOPER v20.1',
/* originating_system */ 'Autodesk Translation Framework v14.21.0.0',
/* authorisation */ '');

FILE_SCHEMA (('AUTOMOTIVE_DESIGN { 1 0 10303 214 3 1 1 }'));
ENDSEC;

DATA;
#10=MECHANICAL_DESIGN_GEOMETRIC_PRESENTATION_REPRESENTATION('',(#13,#14),
#10620);
#11=SHAPE_REPRESENTATION_RELATIONSHIP('SRR','None',#10627,#12);
#12=ADVANCED_BREP_SHAPE_REPRESENTATION('',(#15,#16),#10619);
#13=STYLED_ITEM('',(#10636),#15);
#14=STYLED_ITEM('',(#10636),#16);
#15=MANIFOLD_SOLID_BREP('Body2',#5445);
#16=MANIFOLD_SOLID_BREP('Body3',#5446);
#17=SPHERICAL_SURFACE('',#5574,5.);
#18=SPHERICAL_SURFACE('',#5578,5.);
#19=SPHERICAL_SURFACE('',#5579,5.);
#20=SPHERICAL_SURFACE('',#5583,5.);
#21=SPHERICAL_SURFACE('',#5588,8.);
#22=SPHERICAL_SURFACE('',#5593,8.);
#23=SPHERICAL_SURFACE('',#5596,8.);
#24=SPHERICAL_SURFACE('',#5601,8.);
#25=SPHERICAL_SURFACE('',#5651,8.);
#26=SPHERICAL_SURFACE('',#5657,8.);
#27=SPHERICAL_SURFACE('',#5659,8.);
#28=SPHERICAL_SURFACE('',#5664,8.);
#29=CYLINDRICAL_SURFACE('',#5560,5.);
#30=CYLINDRICAL_SURFACE('',#5568,5.);
#31=CYLINDRICAL_SURFACE('',#5571,5.);
#32=CYLINDRICAL_SURFACE('',#5576,5.);
#33=CYLINDRICAL_SURFACE('',#5581,5.);
#34=CYLINDRICAL_SURFACE('',#5584,8.);
#35=CYLINDRICAL_SURFACE('',#5591,8.);
#36=CYLINDRICAL_SURFACE('',#5599,8.);
#37=CYLINDRICAL_SURFACE('',#5604,8.);
#38=CYLINDRICAL_SURFACE('',#5607,0.500000000000007);
#39=CYLINDRICAL_SURFACE('',#5611,0.499999999999989);
#40=CYLINDRICAL_SURFACE('',#5615,0.500000000000007);
#41=CYLINDRICAL_SURFACE('',#5619,0.499999999999998);
#42=CYLINDRICAL_SURFACE('',#5627,0.499999999999989);
#43=CYLINDRICAL_SURFACE('',#5631,0.499999999999989);
#44=CYLINDRICAL_SURFACE('',#5635,0.500000000000007);
#45=CYLINDRICAL_SURFACE('',#5639,0.499999999999998);
#46=CYLINDRICAL_SURFACE('',#5648,8.);
#47=CYLINDRICAL_SURFACE('',#5655,8.);
#48=CYLINDRICAL_SURFACE('',#5662,8.);
#49=CYLINDRICAL_SURFACE('',#5667,8.);
#50=CIRCLE('',#5558,5.);
#51=CIRCLE('',#5561,5.);
#52=CIRCLE('',#5562,5.);
#53=CIRCLE('',#5564,8.);
#54=CIRCLE('',#5566,5.);
#55=CIRCLE('',#5567,8.);
#56=CIRCLE('',#5569,5.);
#57=CIRCLE('',#5572,5.);
#58=CIRCLE('',#5573,5.);
#59=CIRCLE('',#5575,5.);
#60=CIRCLE('',#5577,5.);
#61=CIRCLE('',#5580,5.);
#62=CIRCLE('',#5582,5.);
#63=CIRCLE('',#5585,8.);
#64=CIRCLE('',#5586,8.);
#65=CIRCLE('',#5589,6.2449979983984);
#66=CIRCLE('',#5590,8.);
#67=CIRCLE('',#5592,8.);
#68=CIRCLE('',#5594,6.2449979983984);
#69=CIRCLE('',#5595,8.);
#70=CIRCLE('',#5597,6.2449979983984);
#71=CIRCLE('',#5598,8.);
#72=CIRCLE('',#5600,8.);
#73=CIRCLE('',#5602,6.2449979983984);
#74=CIRCLE('',#5603,8.);
#75=CIRCLE('',#5608,0.500000000000007);
#76=CIRCLE('',#5609,0.500000000000007);
#77=CIRCLE('',#5612,0.499999999999989);
#78=CIRCLE('',#5613,0.499999999999989);
#79=CIRCLE('',#5616,0.500000000000007);
#80=CIRCLE('',#5617,0.500000000000007);
#81=CIRCLE('',#5620,0.499999999999998);
#82=CIRCLE('',#5621,0.499999999999998);
#83=CIRCLE('',#5628,0.499999999999989);
#84=CIRCLE('',#5629,0.499999999999989);
#85=CIRCLE('',#5632,0.499999999999989);
#86=CIRCLE('',#5633,0.499999999999989);
#87=CIRCLE('',#5636,0.500000000000007);
#88=CIRCLE('',#5637,0.500000000000007);
#89=CIRCLE('',#5640,0.499999999999998);
#90=CIRCLE('',#5641,0.499999999999998);
#91=CIRCLE('',#5643,8.);
#92=CIRCLE('',#5647,8.);
#93=CIRCLE('',#5649,8.);
#94=CIRCLE('',#5650,8.);
#95=CIRCLE('',#5652,6.2449979983984);
#96=CIRCLE('',#5653,8.);
#97=CIRCLE('',#5654,8.);
#98=CIRCLE('',#5656,8.);
#99=CIRCLE('',#5658,6.2449979983984);
#100=CIRCLE('',#5660,6.2449979983984);
#101=CIRCLE('',#5661,8.);
#102=CIRCLE('',#5663,8.);
#103=CIRCLE('',#5665,6.2449979983984);
#104=CIRCLE('',#5666,8.);
#105=FACE_BOUND('',#572,.T.);
#106=FACE_BOUND('',#587,.T.);
#107=FACE_BOUND('',#602,.T.);
#108=FACE_BOUND('',#620,.T.);
#109=FACE_BOUND('',#635,.T.);
#110=FACE_BOUND('',#659,.T.);
#111=FACE_BOUND('',#688,.T.);
#112=FACE_BOUND('',#706,.T.);
#113=FACE_BOUND('',#721,.T.);
#114=FACE_BOUND('',#758,.T.);
#115=FACE_BOUND('',#797,.T.);
#116=FACE_BOUND('',#799,.T.);
#117=FACE_BOUND('',#800,.T.);
#118=FACE_BOUND('',#801,.T.);
#119=FACE_BOUND('',#802,.T.);
#120=FACE_BOUND('',#803,.T.);
#121=FACE_BOUND('',#804,.T.);
#122=FACE_BOUND('',#805,.T.);
#123=FACE_BOUND('',#806,.T.);
#124=FACE_BOUND('',#807,.T.);
#125=FACE_BOUND('',#808,.T.);
#126=FACE_BOUND('',#809,.T.);
#127=FACE_BOUND('',#810,.T.);
#128=FACE_BOUND('',#811,.T.);
#129=FACE_BOUND('',#812,.T.);
#130=FACE_BOUND('',#881,.T.);
#131=FACE_BOUND('',#882,.T.);
#132=FACE_BOUND('',#883,.T.);
#133=FACE_BOUND('',#885,.T.);
#134=FACE_BOUND('',#886,.T.);
#135=FACE_BOUND('',#887,.T.);
#136=FACE_BOUND('',#888,.T.);
#137=PLANE('',#5460);
#138=PLANE('',#5461);
#139=PLANE('',#5462);
#140=PLANE('',#5463);
#141=PLANE('',#5464);
#142=PLANE('',#5465);
#143=PLANE('',#5466);
#144=PLANE('',#5467);
#145=PLANE('',#5468);
#146=PLANE('',#5469);
#147=PLANE('',#5470);
#148=PLANE('',#5471);
#149=PLANE('',#5472);
#150=PLANE('',#5473);
#151=PLANE('',#5474);
#152=PLANE('',#5475);
#153=PLANE('',#5476);
#154=PLANE('',#5477);
#155=PLANE('',#5478);
#156=PLANE('',#5479);
#157=PLANE('',#5480);
#158=PLANE('',#5481);
#159=PLANE('',#5482);
#160=PLANE('',#5483);
#161=PLANE('',#5484);
#162=PLANE('',#5485);
#163=PLANE('',#5486);
#164=PLANE('',#5487);
#165=PLANE('',#5488);
#166=PLANE('',#5489);
#167=PLANE('',#5490);
#168=PLANE('',#5491);
#169=PLANE('',#5492);
#170=PLANE('',#5493);
#171=PLANE('',#5494);
#172=PLANE('',#5495);
#173=PLANE('',#5496);
#174=PLANE('',#5497);
#175=PLANE('',#5498);
#176=PLANE('',#5499);
#177=PLANE('',#5500);
#178=PLANE('',#5501);
#179=PLANE('',#5502);
#180=PLANE('',#5503);
#181=PLANE('',#5504);
#182=PLANE('',#5505);
#183=PLANE('',#5506);
#184=PLANE('',#5507);
#185=PLANE('',#5508);
#186=PLANE('',#5509);
#187=PLANE('',#5510);
#188=PLANE('',#5511);
#189=PLANE('',#5512);
#190=PLANE('',#5513);
#191=PLANE('',#5514);
#192=PLANE('',#5515);
#193=PLANE('',#5516);
#194=PLANE('',#5517);
#195=PLANE('',#5518);
#196=PLANE('',#5519);
#197=PLANE('',#5520);
#198=PLANE('',#5521);
#199=PLANE('',#5522);
#200=PLANE('',#5523);
#201=PLANE('',#5524);
#202=PLANE('',#5525);
#203=PLANE('',#5526);
#204=PLANE('',#5527);
#205=PLANE('',#5528);
#206=PLANE('',#5529);
#207=PLANE('',#5530);
#208=PLANE('',#5531);
#209=PLANE('',#5532);
#210=PLANE('',#5533);
#211=PLANE('',#5534);
#212=PLANE('',#5535);
#213=PLANE('',#5536);
#214=PLANE('',#5537);
#215=PLANE('',#5538);
#216=PLANE('',#5539);
#217=PLANE('',#5540);
#218=PLANE('',#5541);
#219=PLANE('',#5542);
#220=PLANE('',#5543);
#221=PLANE('',#5544);
#222=PLANE('',#5545);
#223=PLANE('',#5546);
#224=PLANE('',#5547);
#225=PLANE('',#5548);
#226=PLANE('',#5549);
#227=PLANE('',#5550);
#228=PLANE('',#5551);
#229=PLANE('',#5552);
#230=PLANE('',#5553);
#231=PLANE('',#5554);
#232=PLANE('',#5555);
#233=PLANE('',#5556);
#234=PLANE('',#5557);
#235=PLANE('',#5559);
#236=PLANE('',#5563);
#237=PLANE('',#5565);
#238=PLANE('',#5570);
#239=PLANE('',#5587);
#240=PLANE('',#5605);
#241=PLANE('',#5606);
#242=PLANE('',#5610);
#243=PLANE('',#5614);
#244=PLANE('',#5618);
#245=PLANE('',#5622);
#246=PLANE('',#5623);
#247=PLANE('',#5624);
#248=PLANE('',#5625);
#249=PLANE('',#5626);
#250=PLANE('',#5630);
#251=PLANE('',#5634);
#252=PLANE('',#5638);
#253=PLANE('',#5642);
#254=PLANE('',#5644);
#255=PLANE('',#5645);
#256=PLANE('',#5646);
#257=PLANE('',#5668);
#258=PLANE('',#5669);
#259=FACE_OUTER_BOUND('',#558,.T.);
#260=FACE_OUTER_BOUND('',#559,.T.);
#261=FACE_OUTER_BOUND('',#560,.T.);
#262=FACE_OUTER_BOUND('',#561,.T.);
#263=FACE_OUTER_BOUND('',#562,.T.);
#264=FACE_OUTER_BOUND('',#563,.T.);
#265=FACE_OUTER_BOUND('',#564,.T.);
#266=FACE_OUTER_BOUND('',#565,.T.);
#267=FACE_OUTER_BOUND('',#566,.T.);
#268=FACE_OUTER_BOUND('',#567,.T.);
#269=FACE_OUTER_BOUND('',#568,.T.);
#270=FACE_OUTER_BOUND('',#569,.T.);
#271=FACE_OUTER_BOUND('',#570,.T.);
#272=FACE_OUTER_BOUND('',#571,.T.);
#273=FACE_OUTER_BOUND('',#573,.T.);
#274=FACE_OUTER_BOUND('',#574,.T.);
#275=FACE_OUTER_BOUND('',#575,.T.);
#276=FACE_OUTER_BOUND('',#576,.T.);
#277=FACE_OUTER_BOUND('',#577,.T.);
#278=FACE_OUTER_BOUND('',#578,.T.);
#279=FACE_OUTER_BOUND('',#579,.T.);
#280=FACE_OUTER_BOUND('',#580,.T.);
#281=FACE_OUTER_BOUND('',#581,.T.);
#282=FACE_OUTER_BOUND('',#582,.T.);
#283=FACE_OUTER_BOUND('',#583,.T.);
#284=FACE_OUTER_BOUND('',#584,.T.);
#285=FACE_OUTER_BOUND('',#585,.T.);
#286=FACE_OUTER_BOUND('',#586,.T.);
#287=FACE_OUTER_BOUND('',#588,.T.);
#288=FACE_OUTER_BOUND('',#589,.T.);
#289=FACE_OUTER_BOUND('',#590,.T.);
#290=FACE_OUTER_BOUND('',#591,.T.);
#291=FACE_OUTER_BOUND('',#592,.T.);
#292=FACE_OUTER_BOUND('',#593,.T.);
#293=FACE_OUTER_BOUND('',#594,.T.);
#294=FACE_OUTER_BOUND('',#595,.T.);
#295=FACE_OUTER_BOUND('',#596,.T.);
#296=FACE_OUTER_BOUND('',#597,.T.);
#297=FACE_OUTER_BOUND('',#598,.T.);
#298=FACE_OUTER_BOUND('',#599,.T.);
#299=FACE_OUTER_BOUND('',#600,.T.);
#300=FACE_OUTER_BOUND('',#601,.T.);
#301=FACE_OUTER_BOUND('',#603,.T.);
#302=FACE_OUTER_BOUND('',#604,.T.);
#303=FACE_OUTER_BOUND('',#605,.T.);
#304=FACE_OUTER_BOUND('',#606,.T.);
#305=FACE_OUTER_BOUND('',#607,.T.);
#306=FACE_OUTER_BOUND('',#608,.T.);
#307=FACE_OUTER_BOUND('',#609,.T.);
#308=FACE_OUTER_BOUND('',#610,.T.);
#309=FACE_OUTER_BOUND('',#611,.T.);
#310=FACE_OUTER_BOUND('',#612,.T.);
#311=FACE_OUTER_BOUND('',#613,.T.);
#312=FACE_OUTER_BOUND('',#614,.T.);
#313=FACE_OUTER_BOUND('',#615,.T.);
#314=FACE_OUTER_BOUND('',#616,.T.);
#315=FACE_OUTER_BOUND('',#617,.T.);
#316=FACE_OUTER_BOUND('',#618,.T.);
#317=FACE_OUTER_BOUND('',#619,.T.);
#318=FACE_OUTER_BOUND('',#621,.T.);
#319=FACE_OUTER_BOUND('',#622,.T.);
#320=FACE_OUTER_BOUND('',#623,.T.);
#321=FACE_OUTER_BOUND('',#624,.T.);
#322=FACE_OUTER_BOUND('',#625,.T.);
#323=FACE_OUTER_BOUND('',#626,.T.);
#324=FACE_OUTER_BOUND('',#627,.T.);
#325=FACE_OUTER_BOUND('',#628,.T.);
#326=FACE_OUTER_BOUND('',#629,.T.);
#327=FACE_OUTER_BOUND('',#630,.T.);
#328=FACE_OUTER_BOUND('',#631,.T.);
#329=FACE_OUTER_BOUND('',#632,.T.);
#330=FACE_OUTER_BOUND('',#633,.T.);
#331=FACE_OUTER_BOUND('',#634,.T.);
#332=FACE_OUTER_BOUND('',#636,.T.);
#333=FACE_OUTER_BOUND('',#637,.T.);
#334=FACE_OUTER_BOUND('',#638,.T.);
#335=FACE_OUTER_BOUND('',#639,.T.);
#336=FACE_OUTER_BOUND('',#640,.T.);
#337=FACE_OUTER_BOUND('',#641,.T.);
#338=FACE_OUTER_BOUND('',#642,.T.);
#339=FACE_OUTER_BOUND('',#643,.T.);
#340=FACE_OUTER_BOUND('',#644,.T.);
#341=FACE_OUTER_BOUND('',#645,.T.);
#342=FACE_OUTER_BOUND('',#646,.T.);
#343=FACE_OUTER_BOUND('',#647,.T.);
#344=FACE_OUTER_BOUND('',#648,.T.);
#345=FACE_OUTER_BOUND('',#649,.T.);
#346=FACE_OUTER_BOUND('',#650,.T.);
#347=FACE_OUTER_BOUND('',#651,.T.);
#348=FACE_OUTER_BOUND('',#652,.T.);
#349=FACE_OUTER_BOUND('',#653,.T.);
#350=FACE_OUTER_BOUND('',#654,.T.);
#351=FACE_OUTER_BOUND('',#655,.T.);
#352=FACE_OUTER_BOUND('',#656,.T.);
#353=FACE_OUTER_BOUND('',#657,.T.);
#354=FACE_OUTER_BOUND('',#658,.T.);
#355=FACE_OUTER_BOUND('',#660,.T.);
#356=FACE_OUTER_BOUND('',#661,.T.);
#357=FACE_OUTER_BOUND('',#662,.T.);
#358=FACE_OUTER_BOUND('',#663,.T.);
#359=FACE_OUTER_BOUND('',#664,.T.);
#360=FACE_OUTER_BOUND('',#665,.T.);
#361=FACE_OUTER_BOUND('',#666,.T.);
#362=FACE_OUTER_BOUND('',#667,.T.);
#363=FACE_OUTER_BOUND('',#668,.T.);
#364=FACE_OUTER_BOUND('',#669,.T.);
#365=FACE_OUTER_BOUND('',#670,.T.);
#366=FACE_OUTER_BOUND('',#671,.T.);
#367=FACE_OUTER_BOUND('',#672,.T.);
#368=FACE_OUTER_BOUND('',#673,.T.);
#369=FACE_OUTER_BOUND('',#674,.T.);
#370=FACE_OUTER_BOUND('',#675,.T.);
#371=FACE_OUTER_BOUND('',#676,.T.);
#372=FACE_OUTER_BOUND('',#677,.T.);
#373=FACE_OUTER_BOUND('',#678,.T.);
#374=FACE_OUTER_BOUND('',#679,.T.);
#375=FACE_OUTER_BOUND('',#680,.T.);
#376=FACE_OUTER_BOUND('',#681,.T.);
#377=FACE_OUTER_BOUND('',#682,.T.);
#378=FACE_OUTER_BOUND('',#683,.T.);
#379=FACE_OUTER_BOUND('',#684,.T.);
#380=FACE_OUTER_BOUND('',#685,.T.);
#381=FACE_OUTER_BOUND('',#686,.T.);
#382=FACE_OUTER_BOUND('',#687,.T.);
#383=FACE_OUTER_BOUND('',#689,.T.);
#384=FACE_OUTER_BOUND('',#690,.T.);
#385=FACE_OUTER_BOUND('',#691,.T.);
#386=FACE_OUTER_BOUND('',#692,.T.);
#387=FACE_OUTER_BOUND('',#693,.T.);
#388=FACE_OUTER_BOUND('',#694,.T.);
#389=FACE_OUTER_BOUND('',#695,.T.);
#390=FACE_OUTER_BOUND('',#696,.T.);
#391=FACE_OUTER_BOUND('',#697,.T.);
#392=FACE_OUTER_BOUND('',#698,.T.);
#393=FACE_OUTER_BOUND('',#699,.T.);
#394=FACE_OUTER_BOUND('',#700,.T.);
#395=FACE_OUTER_BOUND('',#701,.T.);
#396=FACE_OUTER_BOUND('',#702,.T.);
#397=FACE_OUTER_BOUND('',#703,.T.);
#398=FACE_OUTER_BOUND('',#704,.T.);
#399=FACE_OUTER_BOUND('',#705,.T.);
#400=FACE_OUTER_BOUND('',#707,.T.);
#401=FACE_OUTER_BOUND('',#708,.T.);
#402=FACE_OUTER_BOUND('',#709,.T.);
#403=FACE_OUTER_BOUND('',#710,.T.);
#404=FACE_OUTER_BOUND('',#711,.T.);
#405=FACE_OUTER_BOUND('',#712,.T.);
#406=FACE_OUTER_BOUND('',#713,.T.);
#407=FACE_OUTER_BOUND('',#714,.T.);
#408=FACE_OUTER_BOUND('',#715,.T.);
#409=FACE_OUTER_BOUND('',#716,.T.);
#410=FACE_OUTER_BOUND('',#717,.T.);
#411=FACE_OUTER_BOUND('',#718,.T.);
#412=FACE_OUTER_BOUND('',#719,.T.);
#413=FACE_OUTER_BOUND('',#720,.T.);
#414=FACE_OUTER_BOUND('',#722,.T.);
#415=FACE_OUTER_BOUND('',#723,.T.);
#416=FACE_OUTER_BOUND('',#724,.T.);
#417=FACE_OUTER_BOUND('',#725,.T.);
#418=FACE_OUTER_BOUND('',#726,.T.);
#419=FACE_OUTER_BOUND('',#727,.T.);
#420=FACE_OUTER_BOUND('',#728,.T.);
#421=FACE_OUTER_BOUND('',#729,.T.);
#422=FACE_OUTER_BOUND('',#730,.T.);
#423=FACE_OUTER_BOUND('',#731,.T.);
#424=FACE_OUTER_BOUND('',#732,.T.);
#425=FACE_OUTER_BOUND('',#733,.T.);
#426=FACE_OUTER_BOUND('',#734,.T.);
#427=FACE_OUTER_BOUND('',#735,.T.);
#428=FACE_OUTER_BOUND('',#736,.T.);
#429=FACE_OUTER_BOUND('',#737,.T.);
#430=FACE_OUTER_BOUND('',#738,.T.);
#431=FACE_OUTER_BOUND('',#739,.T.);
#432=FACE_OUTER_BOUND('',#740,.T.);
#433=FACE_OUTER_BOUND('',#741,.T.);
#434=FACE_OUTER_BOUND('',#742,.T.);
#435=FACE_OUTER_BOUND('',#743,.T.);
#436=FACE_OUTER_BOUND('',#744,.T.);
#437=FACE_OUTER_BOUND('',#745,.T.);
#438=FACE_OUTER_BOUND('',#746,.T.);
#439=FACE_OUTER_BOUND('',#747,.T.);
#440=FACE_OUTER_BOUND('',#748,.T.);
#441=FACE_OUTER_BOUND('',#749,.T.);
#442=FACE_OUTER_BOUND('',#750,.T.);
#443=FACE_OUTER_BOUND('',#751,.T.);
#444=FACE_OUTER_BOUND('',#752,.T.);
#445=FACE_OUTER_BOUND('',#753,.T.);
#446=FACE_OUTER_BOUND('',#754,.T.);
#447=FACE_OUTER_BOUND('',#755,.T.);
#448=FACE_OUTER_BOUND('',#756,.T.);
#449=FACE_OUTER_BOUND('',#757,.T.);
#450=FACE_OUTER_BOUND('',#759,.T.);
#451=FACE_OUTER_BOUND('',#760,.T.);
#452=FACE_OUTER_BOUND('',#761,.T.);
#453=FACE_OUTER_BOUND('',#762,.T.);
#454=FACE_OUTER_BOUND('',#763,.T.);
#455=FACE_OUTER_BOUND('',#764,.T.);
#456=FACE_OUTER_BOUND('',#765,.T.);
#457=FACE_OUTER_BOUND('',#766,.T.);
#458=FACE_OUTER_BOUND('',#767,.T.);
#459=FACE_OUTER_BOUND('',#768,.T.);
#460=FACE_OUTER_BOUND('',#769,.T.);
#461=FACE_OUTER_BOUND('',#770,.T.);
#462=FACE_OUTER_BOUND('',#771,.T.);
#463=FACE_OUTER_BOUND('',#772,.T.);
#464=FACE_OUTER_BOUND('',#773,.T.);
#465=FACE_OUTER_BOUND('',#774,.T.);
#466=FACE_OUTER_BOUND('',#775,.T.);
#467=FACE_OUTER_BOUND('',#776,.T.);
#468=FACE_OUTER_BOUND('',#777,.T.);
#469=FACE_OUTER_BOUND('',#778,.T.);
#470=FACE_OUTER_BOUND('',#779,.T.);
#471=FACE_OUTER_BOUND('',#780,.T.);
#472=FACE_OUTER_BOUND('',#781,.T.);
#473=FACE_OUTER_BOUND('',#782,.T.);
#474=FACE_OUTER_BOUND('',#783,.T.);
#475=FACE_OUTER_BOUND('',#784,.T.);
#476=FACE_OUTER_BOUND('',#785,.T.);
#477=FACE_OUTER_BOUND('',#786,.T.);
#478=FACE_OUTER_BOUND('',#787,.T.);
#479=FACE_OUTER_BOUND('',#788,.T.);
#480=FACE_OUTER_BOUND('',#789,.T.);
#481=FACE_OUTER_BOUND('',#790,.T.);
#482=FACE_OUTER_BOUND('',#791,.T.);
#483=FACE_OUTER_BOUND('',#792,.T.);
#484=FACE_OUTER_BOUND('',#793,.T.);
#485=FACE_OUTER_BOUND('',#794,.T.);
#486=FACE_OUTER_BOUND('',#795,.T.);
#487=FACE_OUTER_BOUND('',#796,.T.);
#488=FACE_OUTER_BOUND('',#798,.T.);
#489=FACE_OUTER_BOUND('',#813,.T.);
#490=FACE_OUTER_BOUND('',#814,.T.);
#491=FACE_OUTER_BOUND('',#815,.T.);
#492=FACE_OUTER_BOUND('',#816,.T.);
#493=FACE_OUTER_BOUND('',#817,.T.);
#494=FACE_OUTER_BOUND('',#818,.T.);
#495=FACE_OUTER_BOUND('',#819,.T.);
#496=FACE_OUTER_BOUND('',#820,.T.);
#497=FACE_OUTER_BOUND('',#821,.T.);
#498=FACE_OUTER_BOUND('',#822,.T.);
#499=FACE_OUTER_BOUND('',#823,.T.);
#500=FACE_OUTER_BOUND('',#824,.T.);
#501=FACE_OUTER_BOUND('',#825,.T.);
#502=FACE_OUTER_BOUND('',#826,.T.);
#503=FACE_OUTER_BOUND('',#827,.T.);
#504=FACE_OUTER_BOUND('',#828,.T.);
#505=FACE_OUTER_BOUND('',#829,.T.);
#506=FACE_OUTER_BOUND('',#830,.T.);
#507=FACE_OUTER_BOUND('',#831,.T.);
#508=FACE_OUTER_BOUND('',#832,.T.);
#509=FACE_OUTER_BOUND('',#833,.T.);
#510=FACE_OUTER_BOUND('',#834,.T.);
#511=FACE_OUTER_BOUND('',#835,.T.);
#512=FACE_OUTER_BOUND('',#836,.T.);
#513=FACE_OUTER_BOUND('',#837,.T.);
#514=FACE_OUTER_BOUND('',#838,.T.);
#515=FACE_OUTER_BOUND('',#839,.T.);
#516=FACE_OUTER_BOUND('',#840,.T.);
#517=FACE_OUTER_BOUND('',#841,.T.);
#518=FACE_OUTER_BOUND('',#842,.T.);
#519=FACE_OUTER_BOUND('',#843,.T.);
#520=FACE_OUTER_BOUND('',#844,.T.);
#521=FACE_OUTER_BOUND('',#845,.T.);
#522=FACE_OUTER_BOUND('',#846,.T.);
#523=FACE_OUTER_BOUND('',#847,.T.);
#524=FACE_OUTER_BOUND('',#848,.T.);
#525=FACE_OUTER_BOUND('',#849,.T.);
#526=FACE_OUTER_BOUND('',#850,.T.);
#527=FACE_OUTER_BOUND('',#851,.T.);
#528=FACE_OUTER_BOUND('',#852,.T.);
#529=FACE_OUTER_BOUND('',#853,.T.);
#530=FACE_OUTER_BOUND('',#854,.T.);
#531=FACE_OUTER_BOUND('',#855,.T.);
#532=FACE_OUTER_BOUND('',#856,.T.);
#533=FACE_OUTER_BOUND('',#857,.T.);
#534=FACE_OUTER_BOUND('',#858,.T.);
#535=FACE_OUTER_BOUND('',#859,.T.);
#536=FACE_OUTER_BOUND('',#860,.T.);
#537=FACE_OUTER_BOUND('',#861,.T.);
#538=FACE_OUTER_BOUND('',#862,.T.);
#539=FACE_OUTER_BOUND('',#863,.T.);
#540=FACE_OUTER_BOUND('',#864,.T.);
#541=FACE_OUTER_BOUND('',#865,.T.);
#542=FACE_OUTER_BOUND('',#866,.T.);
#543=FACE_OUTER_BOUND('',#867,.T.);
#544=FACE_OUTER_BOUND('',#868,.T.);
#545=FACE_OUTER_BOUND('',#869,.T.);
#546=FACE_OUTER_BOUND('',#870,.T.);
#547=FACE_OUTER_BOUND('',#871,.T.);
#548=FACE_OUTER_BOUND('',#872,.T.);
#549=FACE_OUTER_BOUND('',#873,.T.);
#550=FACE_OUTER_BOUND('',#874,.T.);
#551=FACE_OUTER_BOUND('',#875,.T.);
#552=FACE_OUTER_BOUND('',#876,.T.);
#553=FACE_OUTER_BOUND('',#877,.T.);
#554=FACE_OUTER_BOUND('',#878,.T.);
#555=FACE_OUTER_BOUND('',#879,.T.);
#556=FACE_OUTER_BOUND('',#880,.T.);
#557=FACE_OUTER_BOUND('',#884,.T.);
#558=EDGE_LOOP('',(#3408,#3409,#3410,#3411));
#559=EDGE_LOOP('',(#3412,#3413,#3414,#3415));
#560=EDGE_LOOP('',(#3416,#3417,#3418,#3419));
#561=EDGE_LOOP('',(#3420,#3421,#3422,#3423));
#562=EDGE_LOOP('',(#3424,#3425,#3426,#3427));
#563=EDGE_LOOP('',(#3428,#3429,#3430,#3431));
#564=EDGE_LOOP('',(#3432,#3433,#3434,#3435));
#565=EDGE_LOOP('',(#3436,#3437,#3438,#3439));
#566=EDGE_LOOP('',(#3440,#3441,#3442,#3443));
#567=EDGE_LOOP('',(#3444,#3445,#3446,#3447));
#568=EDGE_LOOP('',(#3448,#3449,#3450,#3451));
#569=EDGE_LOOP('',(#3452,#3453,#3454,#3455));
#570=EDGE_LOOP('',(#3456,#3457,#3458,#3459));
#571=EDGE_LOOP('',(#3460,#3461,#3462,#3463,#3464,#3465,#3466,#3467));
#572=EDGE_LOOP('',(#3468,#3469,#3470,#3471,#3472));
#573=EDGE_LOOP('',(#3473,#3474,#3475,#3476));
#574=EDGE_LOOP('',(#3477,#3478,#3479,#3480));
#575=EDGE_LOOP('',(#3481,#3482,#3483,#3484));
#576=EDGE_LOOP('',(#3485,#3486,#3487,#3488));
#577=EDGE_LOOP('',(#3489,#3490,#3491,#3492));
#578=EDGE_LOOP('',(#3493,#3494,#3495,#3496));
#579=EDGE_LOOP('',(#3497,#3498,#3499,#3500));
#580=EDGE_LOOP('',(#3501,#3502,#3503,#3504));
#581=EDGE_LOOP('',(#3505,#3506,#3507,#3508));
#582=EDGE_LOOP('',(#3509,#3510,#3511,#3512));
#583=EDGE_LOOP('',(#3513,#3514,#3515,#3516));
#584=EDGE_LOOP('',(#3517,#3518,#3519,#3520));
#585=EDGE_LOOP('',(#3521,#3522,#3523,#3524));
#586=EDGE_LOOP('',(#3525,#3526,#3527,#3528,#3529,#3530,#3531,#3532));
#587=EDGE_LOOP('',(#3533,#3534,#3535,#3536,#3537));
#588=EDGE_LOOP('',(#3538,#3539,#3540,#3541));
#589=EDGE_LOOP('',(#3542,#3543,#3544,#3545));
#590=EDGE_LOOP('',(#3546,#3547,#3548,#3549));
#591=EDGE_LOOP('',(#3550,#3551,#3552,#3553));
#592=EDGE_LOOP('',(#3554,#3555,#3556,#3557));
#593=EDGE_LOOP('',(#3558,#3559,#3560,#3561));
#594=EDGE_LOOP('',(#3562,#3563,#3564,#3565));
#595=EDGE_LOOP('',(#3566,#3567,#3568,#3569));
#596=EDGE_LOOP('',(#3570,#3571,#3572,#3573));
#597=EDGE_LOOP('',(#3574,#3575,#3576,#3577));
#598=EDGE_LOOP('',(#3578,#3579,#3580,#3581));
#599=EDGE_LOOP('',(#3582,#3583,#3584,#3585));
#600=EDGE_LOOP('',(#3586,#3587,#3588,#3589));
#601=EDGE_LOOP('',(#3590,#3591,#3592,#3593,#3594,#3595,#3596,#3597));
#602=EDGE_LOOP('',(#3598,#3599,#3600,#3601,#3602));
#603=EDGE_LOOP('',(#3603,#3604,#3605,#3606));
#604=EDGE_LOOP('',(#3607,#3608,#3609,#3610));
#605=EDGE_LOOP('',(#3611,#3612,#3613,#3614));
#606=EDGE_LOOP('',(#3615,#3616,#3617,#3618));
#607=EDGE_LOOP('',(#3619,#3620,#3621,#3622));
#608=EDGE_LOOP('',(#3623,#3624,#3625,#3626));
#609=EDGE_LOOP('',(#3627,#3628,#3629,#3630));
#610=EDGE_LOOP('',(#3631,#3632,#3633,#3634));
#611=EDGE_LOOP('',(#3635,#3636,#3637,#3638));
#612=EDGE_LOOP('',(#3639,#3640,#3641,#3642));
#613=EDGE_LOOP('',(#3643,#3644,#3645,#3646));
#614=EDGE_LOOP('',(#3647,#3648,#3649,#3650));
#615=EDGE_LOOP('',(#3651,#3652,#3653,#3654));
#616=EDGE_LOOP('',(#3655,#3656,#3657,#3658));
#617=EDGE_LOOP('',(#3659,#3660,#3661,#3662));
#618=EDGE_LOOP('',(#3663,#3664,#3665,#3666));
#619=EDGE_LOOP('',(#3667,#3668,#3669,#3670,#3671,#3672,#3673,#3674,#3675,
#3676,#3677,#3678));
#620=EDGE_LOOP('',(#3679,#3680,#3681,#3682));
#621=EDGE_LOOP('',(#3683,#3684,#3685,#3686));
#622=EDGE_LOOP('',(#3687,#3688,#3689,#3690));
#623=EDGE_LOOP('',(#3691,#3692,#3693,#3694));
#624=EDGE_LOOP('',(#3695,#3696,#3697,#3698));
#625=EDGE_LOOP('',(#3699,#3700,#3701,#3702));
#626=EDGE_LOOP('',(#3703,#3704,#3705,#3706));
#627=EDGE_LOOP('',(#3707,#3708,#3709,#3710));
#628=EDGE_LOOP('',(#3711,#3712,#3713,#3714));
#629=EDGE_LOOP('',(#3715,#3716,#3717,#3718));
#630=EDGE_LOOP('',(#3719,#3720,#3721,#3722));
#631=EDGE_LOOP('',(#3723,#3724,#3725,#3726));
#632=EDGE_LOOP('',(#3727,#3728,#3729,#3730));
#633=EDGE_LOOP('',(#3731,#3732,#3733,#3734));
#634=EDGE_LOOP('',(#3735,#3736,#3737,#3738,#3739,#3740,#3741,#3742));
#635=EDGE_LOOP('',(#3743,#3744,#3745,#3746,#3747));
#636=EDGE_LOOP('',(#3748,#3749,#3750,#3751));
#637=EDGE_LOOP('',(#3752,#3753,#3754,#3755));
#638=EDGE_LOOP('',(#3756,#3757,#3758,#3759));
#639=EDGE_LOOP('',(#3760,#3761,#3762,#3763));
#640=EDGE_LOOP('',(#3764,#3765,#3766,#3767));
#641=EDGE_LOOP('',(#3768,#3769,#3770,#3771));
#642=EDGE_LOOP('',(#3772,#3773,#3774,#3775));
#643=EDGE_LOOP('',(#3776,#3777,#3778,#3779));
#644=EDGE_LOOP('',(#3780,#3781,#3782,#3783));
#645=EDGE_LOOP('',(#3784,#3785,#3786,#3787));
#646=EDGE_LOOP('',(#3788,#3789,#3790,#3791));
#647=EDGE_LOOP('',(#3792,#3793,#3794,#3795));
#648=EDGE_LOOP('',(#3796,#3797,#3798,#3799));
#649=EDGE_LOOP('',(#3800,#3801,#3802,#3803));
#650=EDGE_LOOP('',(#3804,#3805,#3806,#3807));
#651=EDGE_LOOP('',(#3808,#3809,#3810,#3811));
#652=EDGE_LOOP('',(#3812,#3813,#3814,#3815));
#653=EDGE_LOOP('',(#3816,#3817,#3818,#3819));
#654=EDGE_LOOP('',(#3820,#3821,#3822,#3823));
#655=EDGE_LOOP('',(#3824,#3825,#3826,#3827));
#656=EDGE_LOOP('',(#3828,#3829,#3830,#3831));
#657=EDGE_LOOP('',(#3832,#3833,#3834,#3835));
#658=EDGE_LOOP('',(#3836,#3837,#3838,#3839,#3840,#3841,#3842,#3843,#3844,
#3845,#3846,#3847,#3848));
#659=EDGE_LOOP('',(#3849,#3850,#3851,#3852,#3853,#3854,#3855,#3856,#3857));
#660=EDGE_LOOP('',(#3858,#3859,#3860,#3861));
#661=EDGE_LOOP('',(#3862,#3863,#3864,#3865));
#662=EDGE_LOOP('',(#3866,#3867,#3868,#3869));
#663=EDGE_LOOP('',(#3870,#3871,#3872,#3873));
#664=EDGE_LOOP('',(#3874,#3875,#3876,#3877));
#665=EDGE_LOOP('',(#3878,#3879,#3880,#3881));
#666=EDGE_LOOP('',(#3882,#3883,#3884,#3885));
#667=EDGE_LOOP('',(#3886,#3887,#3888,#3889));
#668=EDGE_LOOP('',(#3890,#3891,#3892,#3893));
#669=EDGE_LOOP('',(#3894,#3895,#3896,#3897));
#670=EDGE_LOOP('',(#3898,#3899,#3900,#3901));
#671=EDGE_LOOP('',(#3902,#3903,#3904,#3905));
#672=EDGE_LOOP('',(#3906,#3907,#3908,#3909));
#673=EDGE_LOOP('',(#3910,#3911,#3912,#3913));
#674=EDGE_LOOP('',(#3914,#3915,#3916,#3917));
#675=EDGE_LOOP('',(#3918,#3919,#3920,#3921));
#676=EDGE_LOOP('',(#3922,#3923,#3924,#3925));
#677=EDGE_LOOP('',(#3926,#3927,#3928,#3929));
#678=EDGE_LOOP('',(#3930,#3931,#3932,#3933));
#679=EDGE_LOOP('',(#3934,#3935,#3936,#3937));
#680=EDGE_LOOP('',(#3938,#3939,#3940,#3941));
#681=EDGE_LOOP('',(#3942,#3943,#3944,#3945));
#682=EDGE_LOOP('',(#3946,#3947,#3948,#3949));
#683=EDGE_LOOP('',(#3950,#3951,#3952,#3953));
#684=EDGE_LOOP('',(#3954,#3955,#3956,#3957));
#685=EDGE_LOOP('',(#3958,#3959,#3960,#3961));
#686=EDGE_LOOP('',(#3962,#3963,#3964,#3965));
#687=EDGE_LOOP('',(#3966,#3967,#3968,#3969,#3970,#3971,#3972,#3973,#3974,
#3975,#3976,#3977,#3978));
#688=EDGE_LOOP('',(#3979,#3980,#3981,#3982,#3983,#3984,#3985,#3986,#3987));
#689=EDGE_LOOP('',(#3988,#3989,#3990,#3991));
#690=EDGE_LOOP('',(#3992,#3993,#3994,#3995));
#691=EDGE_LOOP('',(#3996,#3997,#3998,#3999));
#692=EDGE_LOOP('',(#4000,#4001,#4002,#4003));
#693=EDGE_LOOP('',(#4004,#4005,#4006,#4007));
#694=EDGE_LOOP('',(#4008,#4009,#4010,#4011));
#695=EDGE_LOOP('',(#4012,#4013,#4014,#4015));
#696=EDGE_LOOP('',(#4016,#4017,#4018,#4019));
#697=EDGE_LOOP('',(#4020,#4021,#4022,#4023));
#698=EDGE_LOOP('',(#4024,#4025,#4026,#4027));
#699=EDGE_LOOP('',(#4028,#4029,#4030,#4031));
#700=EDGE_LOOP('',(#4032,#4033,#4034,#4035));
#701=EDGE_LOOP('',(#4036,#4037,#4038,#4039));
#702=EDGE_LOOP('',(#4040,#4041,#4042,#4043));
#703=EDGE_LOOP('',(#4044,#4045,#4046,#4047));
#704=EDGE_LOOP('',(#4048,#4049,#4050,#4051));
#705=EDGE_LOOP('',(#4052,#4053,#4054,#4055,#4056,#4057,#4058,#4059,#4060,
#4061,#4062,#4063));
#706=EDGE_LOOP('',(#4064,#4065,#4066,#4067));
#707=EDGE_LOOP('',(#4068,#4069,#4070,#4071));
#708=EDGE_LOOP('',(#4072,#4073,#4074,#4075));
#709=EDGE_LOOP('',(#4076,#4077,#4078,#4079));
#710=EDGE_LOOP('',(#4080,#4081,#4082,#4083));
#711=EDGE_LOOP('',(#4084,#4085,#4086,#4087));
#712=EDGE_LOOP('',(#4088,#4089,#4090,#4091));
#713=EDGE_LOOP('',(#4092,#4093,#4094,#4095));
#714=EDGE_LOOP('',(#4096,#4097,#4098,#4099));
#715=EDGE_LOOP('',(#4100,#4101,#4102,#4103));
#716=EDGE_LOOP('',(#4104,#4105,#4106,#4107));
#717=EDGE_LOOP('',(#4108,#4109,#4110,#4111));
#718=EDGE_LOOP('',(#4112,#4113,#4114,#4115));
#719=EDGE_LOOP('',(#4116,#4117,#4118,#4119));
#720=EDGE_LOOP('',(#4120,#4121,#4122,#4123,#4124,#4125,#4126,#4127));
#721=EDGE_LOOP('',(#4128,#4129,#4130,#4131,#4132));
#722=EDGE_LOOP('',(#4133,#4134,#4135,#4136));
#723=EDGE_LOOP('',(#4137,#4138,#4139,#4140));
#724=EDGE_LOOP('',(#4141,#4142,#4143,#4144));
#725=EDGE_LOOP('',(#4145,#4146,#4147,#4148));
#726=EDGE_LOOP('',(#4149,#4150,#4151,#4152));
#727=EDGE_LOOP('',(#4153,#4154,#4155,#4156));
#728=EDGE_LOOP('',(#4157,#4158,#4159,#4160));
#729=EDGE_LOOP('',(#4161,#4162,#4163,#4164));
#730=EDGE_LOOP('',(#4165,#4166,#4167,#4168));
#731=EDGE_LOOP('',(#4169,#4170,#4171,#4172));
#732=EDGE_LOOP('',(#4173,#4174,#4175,#4176));
#733=EDGE_LOOP('',(#4177,#4178,#4179,#4180));
#734=EDGE_LOOP('',(#4181,#4182,#4183,#4184,#4185,#4186,#4187,#4188,#4189,
#4190,#4191,#4192));
#735=EDGE_LOOP('',(#4193,#4194,#4195,#4196));
#736=EDGE_LOOP('',(#4197,#4198,#4199,#4200));
#737=EDGE_LOOP('',(#4201,#4202,#4203,#4204));
#738=EDGE_LOOP('',(#4205,#4206,#4207,#4208));
#739=EDGE_LOOP('',(#4209,#4210,#4211,#4212));
#740=EDGE_LOOP('',(#4213,#4214,#4215,#4216));
#741=EDGE_LOOP('',(#4217,#4218,#4219,#4220));
#742=EDGE_LOOP('',(#4221,#4222,#4223,#4224));
#743=EDGE_LOOP('',(#4225,#4226,#4227,#4228));
#744=EDGE_LOOP('',(#4229,#4230,#4231,#4232));
#745=EDGE_LOOP('',(#4233,#4234,#4235,#4236));
#746=EDGE_LOOP('',(#4237,#4238,#4239,#4240));
#747=EDGE_LOOP('',(#4241,#4242,#4243,#4244));
#748=EDGE_LOOP('',(#4245,#4246,#4247,#4248));
#749=EDGE_LOOP('',(#4249,#4250,#4251,#4252));
#750=EDGE_LOOP('',(#4253,#4254,#4255,#4256));
#751=EDGE_LOOP('',(#4257,#4258,#4259,#4260));
#752=EDGE_LOOP('',(#4261,#4262,#4263,#4264));
#753=EDGE_LOOP('',(#4265,#4266,#4267,#4268));
#754=EDGE_LOOP('',(#4269,#4270,#4271,#4272));
#755=EDGE_LOOP('',(#4273,#4274,#4275,#4276));
#756=EDGE_LOOP('',(#4277,#4278,#4279,#4280));
#757=EDGE_LOOP('',(#4281,#4282,#4283,#4284,#4285,#4286,#4287,#4288,#4289,
#4290,#4291,#4292,#4293));
#758=EDGE_LOOP('',(#4294,#4295,#4296,#4297,#4298,#4299,#4300,#4301,#4302));
#759=EDGE_LOOP('',(#4303,#4304,#4305,#4306));
#760=EDGE_LOOP('',(#4307,#4308,#4309,#4310));
#761=EDGE_LOOP('',(#4311,#4312,#4313,#4314));
#762=EDGE_LOOP('',(#4315,#4316,#4317,#4318));
#763=EDGE_LOOP('',(#4319,#4320,#4321,#4322));
#764=EDGE_LOOP('',(#4323,#4324,#4325,#4326));
#765=EDGE_LOOP('',(#4327,#4328,#4329,#4330));
#766=EDGE_LOOP('',(#4331,#4332,#4333,#4334));
#767=EDGE_LOOP('',(#4335,#4336,#4337,#4338));
#768=EDGE_LOOP('',(#4339,#4340,#4341,#4342));
#769=EDGE_LOOP('',(#4343,#4344,#4345,#4346));
#770=EDGE_LOOP('',(#4347,#4348,#4349,#4350));
#771=EDGE_LOOP('',(#4351,#4352,#4353,#4354));
#772=EDGE_LOOP('',(#4355,#4356,#4357,#4358));
#773=EDGE_LOOP('',(#4359,#4360,#4361,#4362));
#774=EDGE_LOOP('',(#4363,#4364,#4365,#4366));
#775=EDGE_LOOP('',(#4367,#4368,#4369,#4370));
#776=EDGE_LOOP('',(#4371,#4372,#4373,#4374));
#777=EDGE_LOOP('',(#4375,#4376,#4377,#4378));
#778=EDGE_LOOP('',(#4379,#4380,#4381,#4382));
#779=EDGE_LOOP('',(#4383,#4384,#4385,#4386));
#780=EDGE_LOOP('',(#4387,#4388,#4389,#4390));
#781=EDGE_LOOP('',(#4391,#4392,#4393,#4394));
#782=EDGE_LOOP('',(#4395,#4396,#4397,#4398,#4399,#4400,#4401,#4402,#4403,
#4404,#4405,#4406,#4407,#4408,#4409,#4410,#4411,#4412,#4413,#4414,#4415,
#4416,#4417));
#783=EDGE_LOOP('',(#4418,#4419,#4420,#4421));
#784=EDGE_LOOP('',(#4422,#4423,#4424,#4425));
#785=EDGE_LOOP('',(#4426,#4427,#4428,#4429));
#786=EDGE_LOOP('',(#4430,#4431,#4432,#4433));
#787=EDGE_LOOP('',(#4434,#4435,#4436,#4437));
#788=EDGE_LOOP('',(#4438,#4439,#4440,#4441));
#789=EDGE_LOOP('',(#4442,#4443,#4444,#4445));
#790=EDGE_LOOP('',(#4446,#4447,#4448,#4449));
#791=EDGE_LOOP('',(#4450,#4451,#4452,#4453));
#792=EDGE_LOOP('',(#4454,#4455,#4456,#4457));
#793=EDGE_LOOP('',(#4458,#4459,#4460,#4461));
#794=EDGE_LOOP('',(#4462,#4463,#4464,#4465));
#795=EDGE_LOOP('',(#4466,#4467,#4468,#4469));
#796=EDGE_LOOP('',(#4470,#4471,#4472,#4473,#4474,#4475,#4476,#4477));
#797=EDGE_LOOP('',(#4478,#4479,#4480,#4481,#4482));
#798=EDGE_LOOP('',(#4483,#4484,#4485,#4486));
#799=EDGE_LOOP('',(#4487,#4488,#4489,#4490,#4491,#4492,#4493,#4494));
#800=EDGE_LOOP('',(#4495,#4496,#4497,#4498,#4499,#4500,#4501,#4502,#4503,
#4504,#4505,#4506,#4507,#4508,#4509,#4510,#4511,#4512,#4513,#4514,#4515,
#4516,#4517));
#801=EDGE_LOOP('',(#4518,#4519,#4520,#4521,#4522,#4523,#4524,#4525,#4526,
#4527,#4528,#4529,#4530));
#802=EDGE_LOOP('',(#4531,#4532,#4533,#4534,#4535,#4536,#4537,#4538,#4539,
#4540,#4541,#4542));
#803=EDGE_LOOP('',(#4543,#4544,#4545,#4546,#4547,#4548,#4549,#4550));
#804=EDGE_LOOP('',(#4551,#4552,#4553,#4554,#4555,#4556,#4557,#4558,#4559,
#4560,#4561,#4562));
#805=EDGE_LOOP('',(#4563,#4564,#4565,#4566,#4567,#4568,#4569,#4570,#4571,
#4572,#4573,#4574,#4575));
#806=EDGE_LOOP('',(#4576,#4577,#4578,#4579));
#807=EDGE_LOOP('',(#4580,#4581,#4582,#4583,#4584,#4585,#4586,#4587,#4588,
#4589,#4590,#4591,#4592));
#808=EDGE_LOOP('',(#4593,#4594,#4595,#4596,#4597,#4598,#4599,#4600));
#809=EDGE_LOOP('',(#4601,#4602,#4603,#4604,#4605,#4606,#4607,#4608,#4609,
#4610,#4611,#4612));
#810=EDGE_LOOP('',(#4613,#4614,#4615,#4616,#4617,#4618,#4619,#4620));
#811=EDGE_LOOP('',(#4621,#4622,#4623,#4624,#4625,#4626,#4627,#4628));
#812=EDGE_LOOP('',(#4629,#4630,#4631,#4632,#4633,#4634,#4635,#4636));
#813=EDGE_LOOP('',(#4637,#4638,#4639,#4640,#4641));
#814=EDGE_LOOP('',(#4642,#4643,#4644,#4645,#4646,#4647,#4648,#4649,#4650));
#815=EDGE_LOOP('',(#4651,#4652,#4653,#4654,#4655));
#816=EDGE_LOOP('',(#4656,#4657,#4658,#4659));
#817=EDGE_LOOP('',(#4660,#4661,#4662,#4663,#4664,#4665,#4666,#4667,#4668));
#818=EDGE_LOOP('',(#4669,#4670,#4671,#4672,#4673,#4674,#4675,#4676,#4677));
#819=EDGE_LOOP('',(#4678,#4679,#4680,#4681,#4682));
#820=EDGE_LOOP('',(#4683,#4684,#4685,#4686));
#821=EDGE_LOOP('',(#4687,#4688,#4689,#4690,#4691));
#822=EDGE_LOOP('',(#4692,#4693,#4694,#4695,#4696));
#823=EDGE_LOOP('',(#4697,#4698,#4699,#4700));
#824=EDGE_LOOP('',(#4701,#4702,#4703,#4704));
#825=EDGE_LOOP('',(#4705,#4706,#4707,#4708));
#826=EDGE_LOOP('',(#4709,#4710,#4711,#4712,#4713,#4714));
#827=EDGE_LOOP('',(#4715,#4716,#4717,#4718,#4719,#4720));
#828=EDGE_LOOP('',(#4721,#4722,#4723,#4724));
#829=EDGE_LOOP('',(#4725,#4726,#4727,#4728));
#830=EDGE_LOOP('',(#4729,#4730,#4731,#4732,#4733,#4734,#4735,#4736));
#831=EDGE_LOOP('',(#4737,#4738,#4739,#4740));
#832=EDGE_LOOP('',(#4741,#4742));
#833=EDGE_LOOP('',(#4743,#4744,#4745,#4746));
#834=EDGE_LOOP('',(#4747,#4748));
#835=EDGE_LOOP('',(#4749,#4750));
#836=EDGE_LOOP('',(#4751,#4752,#4753,#4754));
#837=EDGE_LOOP('',(#4755,#4756));
#838=EDGE_LOOP('',(#4757,#4758,#4759,#4760,#4761,#4762,#4763,#4764));
#839=EDGE_LOOP('',(#4765,#4766,#4767,#4768,#4769));
#840=EDGE_LOOP('',(#4770,#4771,#4772));
#841=EDGE_LOOP('',(#4773,#4774,#4775,#4776));
#842=EDGE_LOOP('',(#4777,#4778,#4779));
#843=EDGE_LOOP('',(#4780,#4781,#4782));
#844=EDGE_LOOP('',(#4783,#4784,#4785,#4786));
#845=EDGE_LOOP('',(#4787,#4788,#4789));
#846=EDGE_LOOP('',(#4790,#4791,#4792,#4793));
#847=EDGE_LOOP('',(#4794,#4795,#4796,#4797,#4798,#4799,#4800,#4801,#4802,
#4803,#4804,#4805,#4806,#4807,#4808,#4809,#4810,#4811));
#848=EDGE_LOOP('',(#4812,#4813,#4814,#4815));
#849=EDGE_LOOP('',(#4816,#4817,#4818,#4819));
#850=EDGE_LOOP('',(#4820,#4821,#4822,#4823));
#851=EDGE_LOOP('',(#4824,#4825,#4826,#4827));
#852=EDGE_LOOP('',(#4828,#4829,#4830,#4831));
#853=EDGE_LOOP('',(#4832,#4833,#4834,#4835));
#854=EDGE_LOOP('',(#4836,#4837,#4838,#4839));
#855=EDGE_LOOP('',(#4840,#4841,#4842,#4843));
#856=EDGE_LOOP('',(#4844,#4845,#4846,#4847));
#857=EDGE_LOOP('',(#4848,#4849,#4850,#4851));
#858=EDGE_LOOP('',(#4852,#4853,#4854,#4855));
#859=EDGE_LOOP('',(#4856,#4857,#4858,#4859));
#860=EDGE_LOOP('',(#4860,#4861,#4862,#4863));
#861=EDGE_LOOP('',(#4864,#4865,#4866,#4867));
#862=EDGE_LOOP('',(#4868,#4869,#4870,#4871));
#863=EDGE_LOOP('',(#4872,#4873,#4874,#4875));
#864=EDGE_LOOP('',(#4876,#4877,#4878,#4879));
#865=EDGE_LOOP('',(#4880,#4881,#4882,#4883));
#866=EDGE_LOOP('',(#4884,#4885,#4886,#4887));
#867=EDGE_LOOP('',(#4888,#4889,#4890,#4891));
#868=EDGE_LOOP('',(#4892,#4893,#4894,#4895,#4896));
#869=EDGE_LOOP('',(#4897,#4898,#4899,#4900));
#870=EDGE_LOOP('',(#4901,#4902,#4903,#4904));
#871=EDGE_LOOP('',(#4905,#4906,#4907,#4908,#4909));
#872=EDGE_LOOP('',(#4910,#4911,#4912,#4913,#4914,#4915,#4916,#4917));
#873=EDGE_LOOP('',(#4918,#4919,#4920));
#874=EDGE_LOOP('',(#4921,#4922,#4923,#4924));
#875=EDGE_LOOP('',(#4925,#4926,#4927));
#876=EDGE_LOOP('',(#4928,#4929,#4930));
#877=EDGE_LOOP('',(#4931,#4932,#4933,#4934));
#878=EDGE_LOOP('',(#4935,#4936,#4937));
#879=EDGE_LOOP('',(#4938,#4939,#4940,#4941));
#880=EDGE_LOOP('',(#4942,#4943,#4944,#4945,#4946,#4947,#4948,#4949));
#881=EDGE_LOOP('',(#4950,#4951,#4952,#4953,#4954,#4955,#4956,#4957));
#882=EDGE_LOOP('',(#4958,#4959,#4960,#4961));
#883=EDGE_LOOP('',(#4962,#4963,#4964,#4965,#4966,#4967,#4968,#4969));
#884=EDGE_LOOP('',(#4970,#4971,#4972,#4973,#4974,#4975,#4976,#4977));
#885=EDGE_LOOP('',(#4978,#4979,#4980,#4981,#4982,#4983,#4984,#4985));
#886=EDGE_LOOP('',(#4986,#4987,#4988,#4989));
#887=EDGE_LOOP('',(#4990,#4991,#4992,#4993,#4994,#4995,#4996,#4997));
#888=EDGE_LOOP('',(#4998,#4999,#5000,#5001));
#889=LINE('',#6565,#1343);
#890=LINE('',#6572,#1344);
#891=LINE('',#6590,#1345);
#892=LINE('',#6613,#1346);
#893=LINE('',#6636,#1347);
#894=LINE('',#6680,#1348);
#895=LINE('',#6687,#1349);
#896=LINE('',#6705,#1350);
#897=LINE('',#6728,#1351);
#898=LINE('',#6751,#1352);
#899=LINE('',#6774,#1353);
#900=LINE('',#6797,#1354);
#901=LINE('',#6820,#1355);
#902=LINE('',#6865,#1356);
#903=LINE('',#6872,#1357);
#904=LINE('',#6890,#1358);
#905=LINE('',#6913,#1359);
#906=LINE('',#6936,#1360);
#907=LINE('',#6980,#1361);
#908=LINE('',#6987,#1362);
#909=LINE('',#7005,#1363);
#910=LINE('',#7028,#1364);
#911=LINE('',#7051,#1365);
#912=LINE('',#7074,#1366);
#913=LINE('',#7097,#1367);
#914=LINE('',#7120,#1368);
#915=LINE('',#7165,#1369);
#916=LINE('',#7172,#1370);
#917=LINE('',#7190,#1371);
#918=LINE('',#7213,#1372);
#919=LINE('',#7236,#1373);
#920=LINE('',#7280,#1374);
#921=LINE('',#7287,#1375);
#922=LINE('',#7305,#1376);
#923=LINE('',#7328,#1377);
#924=LINE('',#7351,#1378);
#925=LINE('',#7374,#1379);
#926=LINE('',#7397,#1380);
#927=LINE('',#7420,#1381);
#928=LINE('',#7465,#1382);
#929=LINE('',#7472,#1383);
#930=LINE('',#7490,#1384);
#931=LINE('',#7513,#1385);
#932=LINE('',#7520,#1386);
#933=LINE('',#7521,#1387);
#934=LINE('',#7540,#1388);
#935=LINE('',#7547,#1389);
#936=LINE('',#7565,#1390);
#937=LINE('',#7588,#1391);
#938=LINE('',#7611,#1392);
#939=LINE('',#7634,#1393);
#940=LINE('',#7657,#1394);
#941=LINE('',#7680,#1395);
#942=LINE('',#7688,#1396);
#943=LINE('',#7690,#1397);
#944=LINE('',#7691,#1398);
#945=LINE('',#7709,#1399);
#946=LINE('',#7732,#1400);
#947=LINE('',#7740,#1401);
#948=LINE('',#7742,#1402);
#949=LINE('',#7743,#1403);
#950=LINE('',#7745,#1404);
#951=LINE('',#7746,#1405);
#952=LINE('',#7766,#1406);
#953=LINE('',#7773,#1407);
#954=LINE('',#7791,#1408);
#955=LINE('',#7799,#1409);
#956=LINE('',#7801,#1410);
#957=LINE('',#7802,#1411);
#958=LINE('',#7805,#1412);
#959=LINE('',#7807,#1413);
#960=LINE('',#7808,#1414);
#961=LINE('',#7810,#1415);
#962=LINE('',#7811,#1416);
#963=LINE('',#7830,#1417);
#964=LINE('',#7837,#1418);
#965=LINE('',#7855,#1419);
#966=LINE('',#7878,#1420);
#967=LINE('',#7886,#1421);
#968=LINE('',#7888,#1422);
#969=LINE('',#7889,#1423);
#970=LINE('',#7892,#1424);
#971=LINE('',#7894,#1425);
#972=LINE('',#7895,#1426);
#973=LINE('',#7898,#1427);
#974=LINE('',#7900,#1428);
#975=LINE('',#7901,#1429);
#976=LINE('',#7904,#1430);
#977=LINE('',#7906,#1431);
#978=LINE('',#7907,#1432);
#979=LINE('',#7909,#1433);
#980=LINE('',#7910,#1434);
#981=LINE('',#7930,#1435);
#982=LINE('',#7937,#1436);
#983=LINE('',#7955,#1437);
#984=LINE('',#7978,#1438);
#985=LINE('',#8001,#1439);
#986=LINE('',#8024,#1440);
#987=LINE('',#8047,#1441);
#988=LINE('',#8070,#1442);
#989=LINE('',#8078,#1443);
#990=LINE('',#8080,#1444);
#991=LINE('',#8081,#1445);
#992=LINE('',#8120,#1446);
#993=LINE('',#8127,#1447);
#994=LINE('',#8145,#1448);
#995=LINE('',#8168,#1449);
#996=LINE('',#8191,#1450);
#997=LINE('',#8214,#1451);
#998=LINE('',#8222,#1452);
#999=LINE('',#8224,#1453);
#1000=LINE('',#8225,#1454);
#1001=LINE('',#8228,#1455);
#1002=LINE('',#8230,#1456);
#1003=LINE('',#8231,#1457);
#1004=LINE('',#8234,#1458);
#1005=LINE('',#8236,#1459);
#1006=LINE('',#8237,#1460);
#1007=LINE('',#8240,#1461);
#1008=LINE('',#8242,#1462);
#1009=LINE('',#8243,#1463);
#1010=LINE('',#8246,#1464);
#1011=LINE('',#8248,#1465);
#1012=LINE('',#8249,#1466);
#1013=LINE('',#8252,#1467);
#1014=LINE('',#8254,#1468);
#1015=LINE('',#8255,#1469);
#1016=LINE('',#8258,#1470);
#1017=LINE('',#8260,#1471);
#1018=LINE('',#8261,#1472);
#1019=LINE('',#8286,#1473);
#1020=LINE('',#8288,#1474);
#1021=LINE('',#8290,#1475);
#1022=LINE('',#8291,#1476);
#1023=LINE('',#8294,#1477);
#1024=LINE('',#8296,#1478);
#1025=LINE('',#8297,#1479);
#1026=LINE('',#8300,#1480);
#1027=LINE('',#8302,#1481);
#1028=LINE('',#8303,#1482);
#1029=LINE('',#8305,#1483);
#1030=LINE('',#8306,#1484);
#1031=LINE('',#8326,#1485);
#1032=LINE('',#8333,#1486);
#1033=LINE('',#8351,#1487);
#1034=LINE('',#8374,#1488);
#1035=LINE('',#8397,#1489);
#1036=LINE('',#8420,#1490);
#1037=LINE('',#8443,#1491);
#1038=LINE('',#8466,#1492);
#1039=LINE('',#8474,#1493);
#1040=LINE('',#8476,#1494);
#1041=LINE('',#8477,#1495);
#1042=LINE('',#8516,#1496);
#1043=LINE('',#8523,#1497);
#1044=LINE('',#8541,#1498);
#1045=LINE('',#8564,#1499);
#1046=LINE('',#8587,#1500);
#1047=LINE('',#8610,#1501);
#1048=LINE('',#8618,#1502);
#1049=LINE('',#8620,#1503);
#1050=LINE('',#8621,#1504);
#1051=LINE('',#8624,#1505);
#1052=LINE('',#8626,#1506);
#1053=LINE('',#8627,#1507);
#1054=LINE('',#8630,#1508);
#1055=LINE('',#8632,#1509);
#1056=LINE('',#8633,#1510);
#1057=LINE('',#8636,#1511);
#1058=LINE('',#8638,#1512);
#1059=LINE('',#8639,#1513);
#1060=LINE('',#8642,#1514);
#1061=LINE('',#8644,#1515);
#1062=LINE('',#8645,#1516);
#1063=LINE('',#8648,#1517);
#1064=LINE('',#8650,#1518);
#1065=LINE('',#8651,#1519);
#1066=LINE('',#8654,#1520);
#1067=LINE('',#8656,#1521);
#1068=LINE('',#8657,#1522);
#1069=LINE('',#8697,#1523);
#1070=LINE('',#8704,#1524);
#1071=LINE('',#8722,#1525);
#1072=LINE('',#8745,#1526);
#1073=LINE('',#8752,#1527);
#1074=LINE('',#8753,#1528);
#1075=LINE('',#8772,#1529);
#1076=LINE('',#8779,#1530);
#1077=LINE('',#8797,#1531);
#1078=LINE('',#8820,#1532);
#1079=LINE('',#8843,#1533);
#1080=LINE('',#8866,#1534);
#1081=LINE('',#8889,#1535);
#1082=LINE('',#8912,#1536);
#1083=LINE('',#8920,#1537);
#1084=LINE('',#8922,#1538);
#1085=LINE('',#8923,#1539);
#1086=LINE('',#8941,#1540);
#1087=LINE('',#8964,#1541);
#1088=LINE('',#8972,#1542);
#1089=LINE('',#8974,#1543);
#1090=LINE('',#8975,#1544);
#1091=LINE('',#8977,#1545);
#1092=LINE('',#8978,#1546);
#1093=LINE('',#8998,#1547);
#1094=LINE('',#9005,#1548);
#1095=LINE('',#9023,#1549);
#1096=LINE('',#9046,#1550);
#1097=LINE('',#9069,#1551);
#1098=LINE('',#9113,#1552);
#1099=LINE('',#9120,#1553);
#1100=LINE('',#9138,#1554);
#1101=LINE('',#9161,#1555);
#1102=LINE('',#9184,#1556);
#1103=LINE('',#9207,#1557);
#1104=LINE('',#9230,#1558);
#1105=LINE('',#9253,#1559);
#1106=LINE('',#9298,#1560);
#1107=LINE('',#9305,#1561);
#1108=LINE('',#9323,#1562);
#1109=LINE('',#9331,#1563);
#1110=LINE('',#9333,#1564);
#1111=LINE('',#9334,#1565);
#1112=LINE('',#9337,#1566);
#1113=LINE('',#9339,#1567);
#1114=LINE('',#9340,#1568);
#1115=LINE('',#9343,#1569);
#1116=LINE('',#9345,#1570);
#1117=LINE('',#9346,#1571);
#1118=LINE('',#9349,#1572);
#1119=LINE('',#9351,#1573);
#1120=LINE('',#9352,#1574);
#1121=LINE('',#9355,#1575);
#1122=LINE('',#9357,#1576);
#1123=LINE('',#9358,#1577);
#1124=LINE('',#9361,#1578);
#1125=LINE('',#9363,#1579);
#1126=LINE('',#9364,#1580);
#1127=LINE('',#9382,#1581);
#1128=LINE('',#9405,#1582);
#1129=LINE('',#9428,#1583);
#1130=LINE('',#9435,#1584);
#1131=LINE('',#9436,#1585);
#1132=LINE('',#9456,#1586);
#1133=LINE('',#9463,#1587);
#1134=LINE('',#9481,#1588);
#1135=LINE('',#9504,#1589);
#1136=LINE('',#9527,#1590);
#1137=LINE('',#9550,#1591);
#1138=LINE('',#9573,#1592);
#1139=LINE('',#9596,#1593);
#1140=LINE('',#9604,#1594);
#1141=LINE('',#9606,#1595);
#1142=LINE('',#9607,#1596);
#1143=LINE('',#9631,#1597);
#1144=LINE('',#9633,#1598);
#1145=LINE('',#9635,#1599);
#1146=LINE('',#9636,#1600);
#1147=LINE('',#9639,#1601);
#1148=LINE('',#9641,#1602);
#1149=LINE('',#9642,#1603);
#1150=LINE('',#9645,#1604);
#1151=LINE('',#9647,#1605);
#1152=LINE('',#9648,#1606);
#1153=LINE('',#9666,#1607);
#1154=LINE('',#9689,#1608);
#1155=LINE('',#9712,#1609);
#1156=LINE('',#9735,#1610);
#1157=LINE('',#9758,#1611);
#1158=LINE('',#9781,#1612);
#1159=LINE('',#9789,#1613);
#1160=LINE('',#9791,#1614);
#1161=LINE('',#9792,#1615);
#1162=LINE('',#9795,#1616);
#1163=LINE('',#9797,#1617);
#1164=LINE('',#9798,#1618);
#1165=LINE('',#9801,#1619);
#1166=LINE('',#9803,#1620);
#1167=LINE('',#9804,#1621);
#1168=LINE('',#9806,#1622);
#1169=LINE('',#9807,#1623);
#1170=LINE('',#9827,#1624);
#1171=LINE('',#9834,#1625);
#1172=LINE('',#9852,#1626);
#1173=LINE('',#9875,#1627);
#1174=LINE('',#9898,#1628);
#1175=LINE('',#9921,#1629);
#1176=LINE('',#9929,#1630);
#1177=LINE('',#9931,#1631);
#1178=LINE('',#9932,#1632);
#1179=LINE('',#9935,#1633);
#1180=LINE('',#9937,#1634);
#1181=LINE('',#9938,#1635);
#1182=LINE('',#9941,#1636);
#1183=LINE('',#9943,#1637);
#1184=LINE('',#9944,#1638);
#1185=LINE('',#9947,#1639);
#1186=LINE('',#9949,#1640);
#1187=LINE('',#9950,#1641);
#1188=LINE('',#9953,#1642);
#1189=LINE('',#9955,#1643);
#1190=LINE('',#9956,#1644);
#1191=LINE('',#9959,#1645);
#1192=LINE('',#9961,#1646);
#1193=LINE('',#9962,#1647);
#1194=LINE('',#9980,#1648);
#1195=LINE('',#10003,#1649);
#1196=LINE('',#10026,#1650);
#1197=LINE('',#10034,#1651);
#1198=LINE('',#10036,#1652);
#1199=LINE('',#10037,#1653);
#1200=LINE('',#10040,#1654);
#1201=LINE('',#10042,#1655);
#1202=LINE('',#10043,#1656);
#1203=LINE('',#10046,#1657);
#1204=LINE('',#10048,#1658);
#1205=LINE('',#10049,#1659);
#1206=LINE('',#10067,#1660);
#1207=LINE('',#10090,#1661);
#1208=LINE('',#10113,#1662);
#1209=LINE('',#10121,#1663);
#1210=LINE('',#10123,#1664);
#1211=LINE('',#10124,#1665);
#1212=LINE('',#10127,#1666);
#1213=LINE('',#10129,#1667);
#1214=LINE('',#10130,#1668);
#1215=LINE('',#10132,#1669);
#1216=LINE('',#10133,#1670);
#1217=LINE('',#10153,#1671);
#1218=LINE('',#10160,#1672);
#1219=LINE('',#10178,#1673);
#1220=LINE('',#10186,#1674);
#1221=LINE('',#10188,#1675);
#1222=LINE('',#10189,#1676);
#1223=LINE('',#10192,#1677);
#1224=LINE('',#10194,#1678);
#1225=LINE('',#10195,#1679);
#1226=LINE('',#10197,#1680);
#1227=LINE('',#10198,#1681);
#1228=LINE('',#10217,#1682);
#1229=LINE('',#10224,#1683);
#1230=LINE('',#10242,#1684);
#1231=LINE('',#10265,#1685);
#1232=LINE('',#10273,#1686);
#1233=LINE('',#10275,#1687);
#1234=LINE('',#10276,#1688);
#1235=LINE('',#10279,#1689);
#1236=LINE('',#10281,#1690);
#1237=LINE('',#10282,#1691);
#1238=LINE('',#10285,#1692);
#1239=LINE('',#10287,#1693);
#1240=LINE('',#10288,#1694);
#1241=LINE('',#10291,#1695);
#1242=LINE('',#10293,#1696);
#1243=LINE('',#10294,#1697);
#1244=LINE('',#10296,#1698);
#1245=LINE('',#10297,#1699);
#1246=LINE('',#10302,#1700);
#1247=LINE('',#10304,#1701);
#1248=LINE('',#10306,#1702);
#1249=LINE('',#10307,#1703);
#1250=LINE('',#10321,#1704);
#1251=LINE('',#10323,#1705);
#1252=LINE('',#10325,#1706);
#1253=LINE('',#10326,#1707);
#1254=LINE('',#10331,#1708);
#1255=LINE('',#10332,#1709);
#1256=LINE('',#10335,#1710);
#1257=LINE('',#10336,#1711);
#1258=LINE('',#10341,#1712);
#1259=LINE('',#10344,#1713);
#1260=LINE('',#10347,#1714);
#1261=LINE('',#10350,#1715);
#1262=LINE('',#10356,#1716);
#1263=LINE('',#10359,#1717);
#1264=LINE('',#10362,#1718);
#1265=LINE('',#10365,#1719);
#1266=LINE('',#10368,#1720);
#1267=LINE('',#10369,#1721);
#1268=LINE('',#10371,#1722);
#1269=LINE('',#10372,#1723);
#1270=LINE('',#10378,#1724);
#1271=LINE('',#10383,#1725);
#1272=LINE('',#10389,#1726);
#1273=LINE('',#10393,#1727);
#1274=LINE('',#10397,#1728);
#1275=LINE('',#10405,#1729);
#1276=LINE('',#10417,#1730);
#1277=LINE('',#10424,#1731);
#1278=LINE('',#10429,#1732);
#1279=LINE('',#10431,#1733);
#1280=LINE('',#10433,#1734);
#1281=LINE('',#10434,#1735);
#1282=LINE('',#10440,#1736);
#1283=LINE('',#10443,#1737);
#1284=LINE('',#10445,#1738);
#1285=LINE('',#10446,#1739);
#1286=LINE('',#10452,#1740);
#1287=LINE('',#10455,#1741);
#1288=LINE('',#10457,#1742);
#1289=LINE('',#10458,#1743);
#1290=LINE('',#10464,#1744);
#1291=LINE('',#10467,#1745);
#1292=LINE('',#10469,#1746);
#1293=LINE('',#10470,#1747);
#1294=LINE('',#10477,#1748);
#1295=LINE('',#10479,#1749);
#1296=LINE('',#10481,#1750);
#1297=LINE('',#10482,#1751);
#1298=LINE('',#10485,#1752);
#1299=LINE('',#10487,#1753);
#1300=LINE('',#10488,#1754);
#1301=LINE('',#10491,#1755);
#1302=LINE('',#10493,#1756);
#1303=LINE('',#10494,#1757);
#1304=LINE('',#10496,#1758);
#1305=LINE('',#10497,#1759);
#1306=LINE('',#10501,#1760);
#1307=LINE('',#10503,#1761);
#1308=LINE('',#10505,#1762);
#1309=LINE('',#10506,#1763);
#1310=LINE('',#10512,#1764);
#1311=LINE('',#10515,#1765);
#1312=LINE('',#10517,#1766);
#1313=LINE('',#10518,#1767);
#1314=LINE('',#10524,#1768);
#1315=LINE('',#10527,#1769);
#1316=LINE('',#10529,#1770);
#1317=LINE('',#10530,#1771);
#1318=LINE('',#10536,#1772);
#1319=LINE('',#10539,#1773);
#1320=LINE('',#10541,#1774);
#1321=LINE('',#10542,#1775);
#1322=LINE('',#10549,#1776);
#1323=LINE('',#10551,#1777);
#1324=LINE('',#10555,#1778);
#1325=LINE('',#10556,#1779);
#1326=LINE('',#10559,#1780);
#1327=LINE('',#10561,#1781);
#1328=LINE('',#10562,#1782);
#1329=LINE('',#10565,#1783);
#1330=LINE('',#10567,#1784);
#1331=LINE('',#10568,#1785);
#1332=LINE('',#10570,#1786);
#1333=LINE('',#10572,#1787);
#1334=LINE('',#10576,#1788);
#1335=LINE('',#10580,#1789);
#1336=LINE('',#10583,#1790);
#1337=LINE('',#10593,#1791);
#1338=LINE('',#10595,#1792);
#1339=LINE('',#10604,#1793);
#1340=LINE('',#10607,#1794);
#1341=LINE('',#10613,#1795);
#1342=LINE('',#10614,#1796);
#1343=VECTOR('',#5672,10.);
#1344=VECTOR('',#5673,10.);
#1345=VECTOR('',#5674,10.);
#1346=VECTOR('',#5675,10.);
#1347=VECTOR('',#5676,10.);
#1348=VECTOR('',#5677,10.);
#1349=VECTOR('',#5678,10.);
#1350=VECTOR('',#5679,10.);
#1351=VECTOR('',#5680,10.);
#1352=VECTOR('',#5681,10.);
#1353=VECTOR('',#5682,10.);
#1354=VECTOR('',#5683,10.);
#1355=VECTOR('',#5684,10.);
#1356=VECTOR('',#5687,10.);
#1357=VECTOR('',#5688,10.);
#1358=VECTOR('',#5689,10.);
#1359=VECTOR('',#5690,10.);
#1360=VECTOR('',#5691,10.);
#1361=VECTOR('',#5692,10.);
#1362=VECTOR('',#5693,10.);
#1363=VECTOR('',#5694,10.);
#1364=VECTOR('',#5695,10.);
#1365=VECTOR('',#5696,10.);
#1366=VECTOR('',#5697,10.);
#1367=VECTOR('',#5698,10.);
#1368=VECTOR('',#5699,10.);
#1369=VECTOR('',#5702,10.);
#1370=VECTOR('',#5703,10.);
#1371=VECTOR('',#5704,10.);
#1372=VECTOR('',#5705,10.);
#1373=VECTOR('',#5706,10.);
#1374=VECTOR('',#5707,10.);
#1375=VECTOR('',#5708,10.);
#1376=VECTOR('',#5709,10.);
#1377=VECTOR('',#5710,10.);
#1378=VECTOR('',#5711,10.);
#1379=VECTOR('',#5712,10.);
#1380=VECTOR('',#5713,10.);
#1381=VECTOR('',#5714,10.);
#1382=VECTOR('',#5717,10.);
#1383=VECTOR('',#5718,10.);
#1384=VECTOR('',#5719,10.);
#1385=VECTOR('',#5720,10.);
#1386=VECTOR('',#5723,10.);
#1387=VECTOR('',#5724,10.);
#1388=VECTOR('',#5725,10.);
#1389=VECTOR('',#5726,10.);
#1390=VECTOR('',#5727,10.);
#1391=VECTOR('',#5728,10.);
#1392=VECTOR('',#5729,10.);
#1393=VECTOR('',#5730,10.);
#1394=VECTOR('',#5731,10.);
#1395=VECTOR('',#5732,10.);
#1396=VECTOR('',#5735,10.);
#1397=VECTOR('',#5736,10.);
#1398=VECTOR('',#5737,10.);
#1399=VECTOR('',#5738,10.);
#1400=VECTOR('',#5739,10.);
#1401=VECTOR('',#5742,10.);
#1402=VECTOR('',#5743,10.);
#1403=VECTOR('',#5744,10.);
#1404=VECTOR('',#5747,10.);
#1405=VECTOR('',#5748,10.);
#1406=VECTOR('',#5751,10.);
#1407=VECTOR('',#5752,10.);
#1408=VECTOR('',#5753,10.);
#1409=VECTOR('',#5756,10.);
#1410=VECTOR('',#5757,10.);
#1411=VECTOR('',#5758,10.);
#1412=VECTOR('',#5761,10.);
#1413=VECTOR('',#5762,10.);
#1414=VECTOR('',#5763,10.);
#1415=VECTOR('',#5766,10.);
#1416=VECTOR('',#5767,10.);
#1417=VECTOR('',#5768,10.);
#1418=VECTOR('',#5769,10.);
#1419=VECTOR('',#5770,10.);
#1420=VECTOR('',#5771,10.);
#1421=VECTOR('',#5774,10.);
#1422=VECTOR('',#5775,10.);
#1423=VECTOR('',#5776,10.);
#1424=VECTOR('',#5779,10.);
#1425=VECTOR('',#5780,10.);
#1426=VECTOR('',#5781,10.);
#1427=VECTOR('',#5784,10.);
#1428=VECTOR('',#5785,10.);
#1429=VECTOR('',#5786,10.);
#1430=VECTOR('',#5789,10.);
#1431=VECTOR('',#5790,10.);
#1432=VECTOR('',#5791,10.);
#1433=VECTOR('',#5794,10.);
#1434=VECTOR('',#5795,10.);
#1435=VECTOR('',#5798,10.);
#1436=VECTOR('',#5799,10.);
#1437=VECTOR('',#5800,10.);
#1438=VECTOR('',#5801,10.);
#1439=VECTOR('',#5802,10.);
#1440=VECTOR('',#5803,10.);
#1441=VECTOR('',#5804,10.);
#1442=VECTOR('',#5805,10.);
#1443=VECTOR('',#5808,10.);
#1444=VECTOR('',#5809,10.);
#1445=VECTOR('',#5810,10.);
#1446=VECTOR('',#5811,10.);
#1447=VECTOR('',#5812,10.);
#1448=VECTOR('',#5813,10.);
#1449=VECTOR('',#5814,10.);
#1450=VECTOR('',#5815,10.);
#1451=VECTOR('',#5816,10.);
#1452=VECTOR('',#5819,10.);
#1453=VECTOR('',#5820,10.);
#1454=VECTOR('',#5821,10.);
#1455=VECTOR('',#5824,10.);
#1456=VECTOR('',#5825,10.);
#1457=VECTOR('',#5826,10.);
#1458=VECTOR('',#5829,10.);
#1459=VECTOR('',#5830,10.);
#1460=VECTOR('',#5831,10.);
#1461=VECTOR('',#5834,10.);
#1462=VECTOR('',#5835,10.);
#1463=VECTOR('',#5836,10.);
#1464=VECTOR('',#5839,10.);
#1465=VECTOR('',#5840,10.);
#1466=VECTOR('',#5841,10.);
#1467=VECTOR('',#5844,10.);
#1468=VECTOR('',#5845,10.);
#1469=VECTOR('',#5846,10.);
#1470=VECTOR('',#5849,10.);
#1471=VECTOR('',#5850,10.);
#1472=VECTOR('',#5851,10.);
#1473=VECTOR('',#5856,10.);
#1474=VECTOR('',#5857,10.);
#1475=VECTOR('',#5858,10.);
#1476=VECTOR('',#5859,10.);
#1477=VECTOR('',#5862,10.);
#1478=VECTOR('',#5863,10.);
#1479=VECTOR('',#5864,10.);
#1480=VECTOR('',#5867,10.);
#1481=VECTOR('',#5868,10.);
#1482=VECTOR('',#5869,10.);
#1483=VECTOR('',#5872,10.);
#1484=VECTOR('',#5873,10.);
#1485=VECTOR('',#5876,10.);
#1486=VECTOR('',#5877,10.);
#1487=VECTOR('',#5878,10.);
#1488=VECTOR('',#5879,10.);
#1489=VECTOR('',#5880,10.);
#1490=VECTOR('',#5881,10.);
#1491=VECTOR('',#5882,10.);
#1492=VECTOR('',#5883,10.);
#1493=VECTOR('',#5886,10.);
#1494=VECTOR('',#5887,10.);
#1495=VECTOR('',#5888,10.);
#1496=VECTOR('',#5889,10.);
#1497=VECTOR('',#5890,10.);
#1498=VECTOR('',#5891,10.);
#1499=VECTOR('',#5892,10.);
#1500=VECTOR('',#5893,10.);
#1501=VECTOR('',#5894,10.);
#1502=VECTOR('',#5897,10.);
#1503=VECTOR('',#5898,10.);
#1504=VECTOR('',#5899,10.);
#1505=VECTOR('',#5902,10.);
#1506=VECTOR('',#5903,10.);
#1507=VECTOR('',#5904,10.);
#1508=VECTOR('',#5907,10.);
#1509=VECTOR('',#5908,10.);
#1510=VECTOR('',#5909,10.);
#1511=VECTOR('',#5912,10.);
#1512=VECTOR('',#5913,10.);
#1513=VECTOR('',#5914,10.);
#1514=VECTOR('',#5917,10.);
#1515=VECTOR('',#5918,10.);
#1516=VECTOR('',#5919,10.);
#1517=VECTOR('',#5922,10.);
#1518=VECTOR('',#5923,10.);
#1519=VECTOR('',#5924,10.);
#1520=VECTOR('',#5927,10.);
#1521=VECTOR('',#5928,10.);
#1522=VECTOR('',#5929,10.);
#1523=VECTOR('',#5932,10.);
#1524=VECTOR('',#5933,10.);
#1525=VECTOR('',#5934,10.);
#1526=VECTOR('',#5935,10.);
#1527=VECTOR('',#5938,10.);
#1528=VECTOR('',#5939,10.);
#1529=VECTOR('',#5940,10.);
#1530=VECTOR('',#5941,10.);
#1531=VECTOR('',#5942,10.);
#1532=VECTOR('',#5943,10.);
#1533=VECTOR('',#5944,10.);
#1534=VECTOR('',#5945,10.);
#1535=VECTOR('',#5946,10.);
#1536=VECTOR('',#5947,10.);
#1537=VECTOR('',#5950,10.);
#1538=VECTOR('',#5951,10.);
#1539=VECTOR('',#5952,10.);
#1540=VECTOR('',#5953,10.);
#1541=VECTOR('',#5954,10.);
#1542=VECTOR('',#5957,10.);
#1543=VECTOR('',#5958,10.);
#1544=VECTOR('',#5959,10.);
#1545=VECTOR('',#5962,10.);
#1546=VECTOR('',#5963,10.);
#1547=VECTOR('',#5966,10.);
#1548=VECTOR('',#5967,10.);
#1549=VECTOR('',#5968,10.);
#1550=VECTOR('',#5969,10.);
#1551=VECTOR('',#5970,10.);
#1552=VECTOR('',#5971,10.);
#1553=VECTOR('',#5972,10.);
#1554=VECTOR('',#5973,10.);
#1555=VECTOR('',#5974,10.);
#1556=VECTOR('',#5975,10.);
#1557=VECTOR('',#5976,10.);
#1558=VECTOR('',#5977,10.);
#1559=VECTOR('',#5978,10.);
#1560=VECTOR('',#5981,10.);
#1561=VECTOR('',#5982,10.);
#1562=VECTOR('',#5983,10.);
#1563=VECTOR('',#5986,10.);
#1564=VECTOR('',#5987,10.);
#1565=VECTOR('',#5988,10.);
#1566=VECTOR('',#5991,10.);
#1567=VECTOR('',#5992,10.);
#1568=VECTOR('',#5993,10.);
#1569=VECTOR('',#5996,10.);
#1570=VECTOR('',#5997,10.);
#1571=VECTOR('',#5998,10.);
#1572=VECTOR('',#6001,10.);
#1573=VECTOR('',#6002,10.);
#1574=VECTOR('',#6003,10.);
#1575=VECTOR('',#6006,10.);
#1576=VECTOR('',#6007,10.);
#1577=VECTOR('',#6008,10.);
#1578=VECTOR('',#6011,10.);
#1579=VECTOR('',#6012,10.);
#1580=VECTOR('',#6013,10.);
#1581=VECTOR('',#6014,10.);
#1582=VECTOR('',#6015,10.);
#1583=VECTOR('',#6016,10.);
#1584=VECTOR('',#6019,10.);
#1585=VECTOR('',#6020,10.);
#1586=VECTOR('',#6023,10.);
#1587=VECTOR('',#6024,10.);
#1588=VECTOR('',#6025,10.);
#1589=VECTOR('',#6026,10.);
#1590=VECTOR('',#6027,10.);
#1591=VECTOR('',#6028,10.);
#1592=VECTOR('',#6029,10.);
#1593=VECTOR('',#6030,10.);
#1594=VECTOR('',#6033,10.);
#1595=VECTOR('',#6034,10.);
#1596=VECTOR('',#6035,10.);
#1597=VECTOR('',#6038,10.);
#1598=VECTOR('',#6039,10.);
#1599=VECTOR('',#6040,10.);
#1600=VECTOR('',#6041,10.);
#1601=VECTOR('',#6044,10.);
#1602=VECTOR('',#6045,10.);
#1603=VECTOR('',#6046,10.);
#1604=VECTOR('',#6049,10.);
#1605=VECTOR('',#6050,10.);
#1606=VECTOR('',#6051,10.);
#1607=VECTOR('',#6052,10.);
#1608=VECTOR('',#6053,10.);
#1609=VECTOR('',#6054,10.);
#1610=VECTOR('',#6055,10.);
#1611=VECTOR('',#6056,10.);
#1612=VECTOR('',#6057,10.);
#1613=VECTOR('',#6060,10.);
#1614=VECTOR('',#6061,10.);
#1615=VECTOR('',#6062,10.);
#1616=VECTOR('',#6065,10.);
#1617=VECTOR('',#6066,10.);
#1618=VECTOR('',#6067,10.);
#1619=VECTOR('',#6070,10.);
#1620=VECTOR('',#6071,10.);
#1621=VECTOR('',#6072,10.);
#1622=VECTOR('',#6075,10.);
#1623=VECTOR('',#6076,10.);
#1624=VECTOR('',#6079,10.);
#1625=VECTOR('',#6080,10.);
#1626=VECTOR('',#6081,10.);
#1627=VECTOR('',#6082,10.);
#1628=VECTOR('',#6083,10.);
#1629=VECTOR('',#6084,10.);
#1630=VECTOR('',#6087,10.);
#1631=VECTOR('',#6088,10.);
#1632=VECTOR('',#6089,10.);
#1633=VECTOR('',#6092,10.);
#1634=VECTOR('',#6093,10.);
#1635=VECTOR('',#6094,10.);
#1636=VECTOR('',#6097,10.);
#1637=VECTOR('',#6098,10.);
#1638=VECTOR('',#6099,10.);
#1639=VECTOR('',#6102,10.);
#1640=VECTOR('',#6103,10.);
#1641=VECTOR('',#6104,10.);
#1642=VECTOR('',#6107,10.);
#1643=VECTOR('',#6108,10.);
#1644=VECTOR('',#6109,10.);
#1645=VECTOR('',#6112,10.);
#1646=VECTOR('',#6113,10.);
#1647=VECTOR('',#6114,10.);
#1648=VECTOR('',#6115,10.);
#1649=VECTOR('',#6116,10.);
#1650=VECTOR('',#6117,10.);
#1651=VECTOR('',#6120,10.);
#1652=VECTOR('',#6121,10.);
#1653=VECTOR('',#6122,10.);
#1654=VECTOR('',#6125,10.);
#1655=VECTOR('',#6126,10.);
#1656=VECTOR('',#6127,10.);
#1657=VECTOR('',#6130,10.);
#1658=VECTOR('',#6131,10.);
#1659=VECTOR('',#6132,10.);
#1660=VECTOR('',#6133,10.);
#1661=VECTOR('',#6134,10.);
#1662=VECTOR('',#6135,10.);
#1663=VECTOR('',#6138,10.);
#1664=VECTOR('',#6139,10.);
#1665=VECTOR('',#6140,10.);
#1666=VECTOR('',#6143,10.);
#1667=VECTOR('',#6144,10.);
#1668=VECTOR('',#6145,10.);
#1669=VECTOR('',#6148,10.);
#1670=VECTOR('',#6149,10.);
#1671=VECTOR('',#6152,10.);
#1672=VECTOR('',#6153,10.);
#1673=VECTOR('',#6154,10.);
#1674=VECTOR('',#6157,10.);
#1675=VECTOR('',#6158,10.);
#1676=VECTOR('',#6159,10.);
#1677=VECTOR('',#6162,10.);
#1678=VECTOR('',#6163,10.);
#1679=VECTOR('',#6164,10.);
#1680=VECTOR('',#6167,10.);
#1681=VECTOR('',#6168,10.);
#1682=VECTOR('',#6169,10.);
#1683=VECTOR('',#6170,10.);
#1684=VECTOR('',#6171,10.);
#1685=VECTOR('',#6172,10.);
#1686=VECTOR('',#6175,10.);
#1687=VECTOR('',#6176,10.);
#1688=VECTOR('',#6177,10.);
#1689=VECTOR('',#6180,10.);
#1690=VECTOR('',#6181,10.);
#1691=VECTOR('',#6182,10.);
#1692=VECTOR('',#6185,10.);
#1693=VECTOR('',#6186,10.);
#1694=VECTOR('',#6187,10.);
#1695=VECTOR('',#6190,10.);
#1696=VECTOR('',#6191,10.);
#1697=VECTOR('',#6192,10.);
#1698=VECTOR('',#6195,10.);
#1699=VECTOR('',#6196,10.);
#1700=VECTOR('',#6201,10.);
#1701=VECTOR('',#6202,10.);
#1702=VECTOR('',#6203,10.);
#1703=VECTOR('',#6204,10.);
#1704=VECTOR('',#6227,10.);
#1705=VECTOR('',#6228,10.);
#1706=VECTOR('',#6229,10.);
#1707=VECTOR('',#6230,10.);
#1708=VECTOR('',#6235,10.);
#1709=VECTOR('',#6236,10.);
#1710=VECTOR('',#6239,10.);
#1711=VECTOR('',#6240,10.);
#1712=VECTOR('',#6245,10.);
#1713=VECTOR('',#6248,10.);
#1714=VECTOR('',#6251,10.);
#1715=VECTOR('',#6254,10.);
#1716=VECTOR('',#6259,10.);
#1717=VECTOR('',#6262,10.);
#1718=VECTOR('',#6265,10.);
#1719=VECTOR('',#6268,10.);
#1720=VECTOR('',#6271,10.);
#1721=VECTOR('',#6272,10.);
#1722=VECTOR('',#6273,10.);
#1723=VECTOR('',#6274,10.);
#1724=VECTOR('',#6281,10.);
#1725=VECTOR('',#6290,10.);
#1726=VECTOR('',#6301,10.);
#1727=VECTOR('',#6306,10.);
#1728=VECTOR('',#6311,10.);
#1729=VECTOR('',#6322,10.);
#1730=VECTOR('',#6339,10.);
#1731=VECTOR('',#6350,10.);
#1732=VECTOR('',#6355,10.);
#1733=VECTOR('',#6356,10.);
#1734=VECTOR('',#6357,10.);
#1735=VECTOR('',#6358,10.);
#1736=VECTOR('',#6365,10.);
#1737=VECTOR('',#6368,10.);
#1738=VECTOR('',#6369,10.);
#1739=VECTOR('',#6370,10.);
#1740=VECTOR('',#6377,10.);
#1741=VECTOR('',#6380,10.);
#1742=VECTOR('',#6381,10.);
#1743=VECTOR('',#6382,10.);
#1744=VECTOR('',#6389,10.);
#1745=VECTOR('',#6392,10.);
#1746=VECTOR('',#6393,10.);
#1747=VECTOR('',#6394,10.);
#1748=VECTOR('',#6403,10.);
#1749=VECTOR('',#6404,10.);
#1750=VECTOR('',#6405,10.);
#1751=VECTOR('',#6406,10.);
#1752=VECTOR('',#6409,10.);
#1753=VECTOR('',#6410,10.);
#1754=VECTOR('',#6411,10.);
#1755=VECTOR('',#6414,10.);
#1756=VECTOR('',#6415,10.);
#1757=VECTOR('',#6416,10.);
#1758=VECTOR('',#6419,10.);
#1759=VECTOR('',#6420,10.);
#1760=VECTOR('',#6423,10.);
#1761=VECTOR('',#6424,10.);
#1762=VECTOR('',#6425,10.);
#1763=VECTOR('',#6426,10.);
#1764=VECTOR('',#6433,10.);
#1765=VECTOR('',#6436,10.);
#1766=VECTOR('',#6437,10.);
#1767=VECTOR('',#6438,10.);
#1768=VECTOR('',#6445,10.);
#1769=VECTOR('',#6448,10.);
#1770=VECTOR('',#6449,10.);
#1771=VECTOR('',#6450,10.);
#1772=VECTOR('',#6457,10.);
#1773=VECTOR('',#6460,10.);
#1774=VECTOR('',#6461,10.);
#1775=VECTOR('',#6462,10.);
#1776=VECTOR('',#6471,10.);
#1777=VECTOR('',#6472,10.);
#1778=VECTOR('',#6475,10.);
#1779=VECTOR('',#6476,10.);
#1780=VECTOR('',#6479,10.);
#1781=VECTOR('',#6480,10.);
#1782=VECTOR('',#6481,10.);
#1783=VECTOR('',#6484,10.);
#1784=VECTOR('',#6485,10.);
#1785=VECTOR('',#6486,10.);
#1786=VECTOR('',#6489,10.);
#1787=VECTOR('',#6490,10.);
#1788=VECTOR('',#6495,10.);
#1789=VECTOR('',#6498,10.);
#1790=VECTOR('',#6501,10.);
#1791=VECTOR('',#6512,10.);
#1792=VECTOR('',#6515,10.);
#1793=VECTOR('',#6528,10.);
#1794=VECTOR('',#6531,10.);
#1795=VECTOR('',#6540,10.);
#1796=VECTOR('',#6541,10.);
#1797=B_SPLINE_CURVE_WITH_KNOTS('',3,(#6559,#6560,#6561,#6562,#6563),
 .UNSPECIFIED.,.F.,.F.,(4,1,4),(0.,0.0389835711965849,0.0879854167437557),
 .UNSPECIFIED.);
#1798=B_SPLINE_CURVE_WITH_KNOTS('',3,(#6567,#6568,#6569,#6570,#6571),
 .UNSPECIFIED.,.F.,.F.,(4,1,4),(0.,0.0389835711965849,0.0879854167437557),
 .UNSPECIFIED.);
#1799=B_SPLINE_CURVE_WITH_KNOTS('',3,(#6584,#6585,#6586,#6587,#6588),
 .UNSPECIFIED.,.F.,.F.,(4,1,4),(0.,0.0479311602578818,0.0883360614586322),
 .UNSPECIFIED.);
#1800=B_SPLINE_CURVE_WITH_KNOTS('',3,(#6591,#6592,#6593,#6594,#6595),
 .UNSPECIFIED.,.F.,.F.,(4,1,4),(0.,0.0479311602578818,0.0883360614586322),
 .UNSPECIFIED.);
#1801=B_SPLINE_CURVE_WITH_KNOTS('',3,(#6607,#6608,#6609,#6610,#6611),
 .UNSPECIFIED.,.F.,.F.,(4,1,4),(0.,0.0217525549511449,0.0481034473872855),
 .UNSPECIFIED.);
#1802=B_SPLINE_CURVE_WITH_KNOTS('',3,(#6614,#6615,#6616,#6617,#6618),
 .UNSPECIFIED.,.F.,.F.,(4,1,4),(0.,0.0217525549511449,0.0481034473872855),
 .UNSPECIFIED.);
#1803=B_SPLINE_CURVE_WITH_KNOTS('',3,(#6630,#6631,#6632,#6633,#6634),
 .UNSPECIFIED.,.F.,.F.,(4,1,4),(0.,0.0212018995732236,0.040921958362055),
 .UNSPECIFIED.);
#1804=B_SPLINE_CURVE_WITH_KNOTS('',3,(#6637,#6638,#6639,#6640,#6641),
 .UNSPECIFIED.,.F.,.F.,(4,1,4),(0.,0.0212018995732236,0.040921958362055),
 .UNSPECIFIED.);
#1805=B_SPLINE_CURVE_WITH_KNOTS('',3,(#6652,#6653,#6654,#6655,#6656),
 .UNSPECIFIED.,.F.,.F.,(4,1,4),(0.,0.0465969504199459,0.085537229589226),
 .UNSPECIFIED.);
#1806=B_SPLINE_CURVE_WITH_KNOTS('',3,(#6657,#6658,#6659,#6660,#6661),
 .UNSPECIFIED.,.F.,.F.,(4,1,4),(0.,0.0465969504199459,0.085537229589226),
 .UNSPECIFIED.);
#1807=B_SPLINE_CURVE_WITH_KNOTS('',3,(#6674,#6675,#6676,#6677,#6678),
 .UNSPECIFIED.,.F.,.F.,(4,1,4),(0.,0.0483870048871051,0.0918239124118591),
 .UNSPECIFIED.);
#1808=B_SPLINE_CURVE_WITH_KNOTS('',3,(#6682,#6683,#6684,#6685,#6686),
 .UNSPECIFIED.,.F.,.F.,(4,1,4),(0.,0.0483870048871051,0.0918239124118591),
 .UNSPECIFIED.);
#1809=B_SPLINE_CURVE_WITH_KNOTS('',3,(#6699,#6700,#6701,#6702,#6703),
 .UNSPECIFIED.,.F.,.F.,(4,1,4),(0.,0.0416262696310026,0.0868018631729248),
 .UNSPECIFIED.);
#1810=B_SPLINE_CURVE_WITH_KNOTS('',3,(#6706,#6707,#6708,#6709,#6710),
 .UNSPECIFIED.,.F.,.F.,(4,1,4),(0.,0.0416262696310026,0.0868018631729248),
 .UNSPECIFIED.);
#1811=B_SPLINE_CURVE_WITH_KNOTS('',3,(#6722,#6723,#6724,#6725,#6726),
 .UNSPECIFIED.,.F.,.F.,(4,1,4),(0.,0.0481822856379997,0.0907180405597819),
 .UNSPECIFIED.);
#1812=B_SPLINE_CURVE_WITH_KNOTS('',3,(#6729,#6730,#6731,#6732,#6733),
 .UNSPECIFIED.,.F.,.F.,(4,1,4),(0.,0.0481822856379997,0.0907180405597819),
 .UNSPECIFIED.);
#1813=B_SPLINE_CURVE_WITH_KNOTS('',3,(#6745,#6746,#6747,#6748,#6749),
 .UNSPECIFIED.,.F.,.F.,(4,1,4),(0.,0.0436505564428463,0.0928146552252647),
 .UNSPECIFIED.);
#1814=B_SPLINE_CURVE_WITH_KNOTS('',3,(#6752,#6753,#6754,#6755,#6756),
 .UNSPECIFIED.,.F.,.F.,(4,1,4),(0.,0.0436505564428463,0.0928146552252647),
 .UNSPECIFIED.);
#1815=B_SPLINE_CURVE_WITH_KNOTS('',3,(#6768,#6769,#6770,#6771,#6772),
 .UNSPECIFIED.,.F.,.F.,(4,1,4),(0.,0.0480213854039162,0.0910382194236316),
 .UNSPECIFIED.);
#1816=B_SPLINE_CURVE_WITH_KNOTS('',3,(#6775,#6776,#6777,#6778,#6779),
 .UNSPECIFIED.,.F.,.F.,(4,1,4),(0.,0.0480213854039162,0.0910382194236316),
 .UNSPECIFIED.);
#1817=B_SPLINE_CURVE_WITH_KNOTS('',3,(#6791,#6792,#6793,#6794,#6795),
 .UNSPECIFIED.,.F.,.F.,(4,1,4),(0.,0.0421929672315677,0.0889288947800326),
 .UNSPECIFIED.);
#1818=B_SPLINE_CURVE_WITH_KNOTS('',3,(#6798,#6799,#6800,#6801,#6802),
 .UNSPECIFIED.,.F.,.F.,(4,1,4),(0.,0.0421929672315677,0.0889288947800326),
 .UNSPECIFIED.);
#1819=B_SPLINE_CURVE_WITH_KNOTS('',3,(#6814,#6815,#6816,#6817,#6818),
 .UNSPECIFIED.,.F.,.F.,(4,1,4),(0.,0.0484147711055934,0.0911948602818314),
 .UNSPECIFIED.);
#1820=B_SPLINE_CURVE_WITH_KNOTS('',3,(#6821,#6822,#6823,#6824,#6825),
 .UNSPECIFIED.,.F.,.F.,(4,1,4),(0.,0.0484147711055934,0.0911948602818314),
 .UNSPECIFIED.);
#1821=B_SPLINE_CURVE_WITH_KNOTS('',3,(#6836,#6837,#6838,#6839,#6840),
 .UNSPECIFIED.,.F.,.F.,(4,1,4),(0.,0.0437304940251299,0.0929568862225551),
 .UNSPECIFIED.);
#1822=B_SPLINE_CURVE_WITH_KNOTS('',3,(#6841,#6842,#6843,#6844,#6845),
 .UNSPECIFIED.,.F.,.F.,(4,1,4),(0.,0.0437304940251299,0.0929568862225551),
 .UNSPECIFIED.);
#1823=B_SPLINE_CURVE_WITH_KNOTS('',3,(#6859,#6860,#6861,#6862,#6863),
 .UNSPECIFIED.,.F.,.F.,(4,1,4),(0.,0.0389835167390642,0.0879853767275063),
 .UNSPECIFIED.);
#1824=B_SPLINE_CURVE_WITH_KNOTS('',3,(#6867,#6868,#6869,#6870,#6871),
 .UNSPECIFIED.,.F.,.F.,(4,1,4),(0.,0.0389835167390642,0.0879853767275063),
 .UNSPECIFIED.);
#1825=B_SPLINE_CURVE_WITH_KNOTS('',3,(#6884,#6885,#6886,#6887,#6888),
 .UNSPECIFIED.,.F.,.F.,(4,1,4),(0.,0.0479311602578818,0.0883360063707349),
 .UNSPECIFIED.);
#1826=B_SPLINE_CURVE_WITH_KNOTS('',3,(#6891,#6892,#6893,#6894,#6895),
 .UNSPECIFIED.,.F.,.F.,(4,1,4),(0.,0.0479311602578818,0.0883360063707349),
 .UNSPECIFIED.);
#1827=B_SPLINE_CURVE_WITH_KNOTS('',3,(#6907,#6908,#6909,#6910,#6911),
 .UNSPECIFIED.,.F.,.F.,(4,1,4),(0.,0.0217525549511449,0.0481034473872855),
 .UNSPECIFIED.);
#1828=B_SPLINE_CURVE_WITH_KNOTS('',3,(#6914,#6915,#6916,#6917,#6918),
 .UNSPECIFIED.,.F.,.F.,(4,1,4),(0.,0.0217525549511449,0.0481034473872855),
 .UNSPECIFIED.);
#1829=B_SPLINE_CURVE_WITH_KNOTS('',3,(#6930,#6931,#6932,#6933,#6934),
 .UNSPECIFIED.,.F.,.F.,(4,1,4),(0.,0.0212019580927405,0.0409220168815719),
 .UNSPECIFIED.);
#1830=B_SPLINE_CURVE_WITH_KNOTS('',3,(#6937,#6938,#6939,#6940,#6941),
 .UNSPECIFIED.,.F.,.F.,(4,1,4),(0.,0.0212019580927405,0.0409220168815719),
 .UNSPECIFIED.);
#1831=B_SPLINE_CURVE_WITH_KNOTS('',3,(#6952,#6953,#6954,#6955,#6956),
 .UNSPECIFIED.,.F.,.F.,(4,1,4),(0.,0.0465969350995403,0.0855371592704949),
 .UNSPECIFIED.);
#1832=B_SPLINE_CURVE_WITH_KNOTS('',3,(#6957,#6958,#6959,#6960,#6961),
 .UNSPECIFIED.,.F.,.F.,(4,1,4),(0.,0.0465969350995403,0.0855371592704949),
 .UNSPECIFIED.);
#1833=B_SPLINE_CURVE_WITH_KNOTS('',3,(#6974,#6975,#6976,#6977,#6978),
 .UNSPECIFIED.,.F.,.F.,(4,1,4),(0.,0.0483870048871051,0.0918238802237609),
 .UNSPECIFIED.);
#1834=B_SPLINE_CURVE_WITH_KNOTS('',3,(#6982,#6983,#6984,#6985,#6986),
 .UNSPECIFIED.,.F.,.F.,(4,1,4),(0.,0.0483870048871051,0.0918238802237609),
 .UNSPECIFIED.);
#1835=B_SPLINE_CURVE_WITH_KNOTS('',3,(#6999,#7000,#7001,#7002,#7003),
 .UNSPECIFIED.,.F.,.F.,(4,1,4),(0.,0.0416262859196308,0.0868018694556924),
 .UNSPECIFIED.);
#1836=B_SPLINE_CURVE_WITH_KNOTS('',3,(#7006,#7007,#7008,#7009,#7010),
 .UNSPECIFIED.,.F.,.F.,(4,1,4),(0.,0.0416262859196308,0.0868018694556924),
 .UNSPECIFIED.);
#1837=B_SPLINE_CURVE_WITH_KNOTS('',3,(#7022,#7023,#7024,#7025,#7026),
 .UNSPECIFIED.,.F.,.F.,(4,1,4),(0.,0.0481823150765473,0.0907180699983295),
 .UNSPECIFIED.);
#1838=B_SPLINE_CURVE_WITH_KNOTS('',3,(#7029,#7030,#7031,#7032,#7033),
 .UNSPECIFIED.,.F.,.F.,(4,1,4),(0.,0.0481823150765473,0.0907180699983295),
 .UNSPECIFIED.);
#1839=B_SPLINE_CURVE_WITH_KNOTS('',3,(#7045,#7046,#7047,#7048,#7049),
 .UNSPECIFIED.,.F.,.F.,(4,1,4),(0.,0.0436505309112294,0.0928146885996822),
 .UNSPECIFIED.);
#1840=B_SPLINE_CURVE_WITH_KNOTS('',3,(#7052,#7053,#7054,#7055,#7056),
 .UNSPECIFIED.,.F.,.F.,(4,1,4),(0.,0.0436505309112294,0.0928146885996822),
 .UNSPECIFIED.);
#1841=B_SPLINE_CURVE_WITH_KNOTS('',3,(#7068,#7069,#7070,#7071,#7072),
 .UNSPECIFIED.,.F.,.F.,(4,1,4),(0.,0.0480213804702383,0.0910382144899536),
 .UNSPECIFIED.);
#1842=B_SPLINE_CURVE_WITH_KNOTS('',3,(#7075,#7076,#7077,#7078,#7079),
 .UNSPECIFIED.,.F.,.F.,(4,1,4),(0.,0.0480213804702383,0.0910382144899536),
 .UNSPECIFIED.);
#1843=B_SPLINE_CURVE_WITH_KNOTS('',3,(#7091,#7092,#7093,#7094,#7095),
 .UNSPECIFIED.,.F.,.F.,(4,1,4),(0.,0.0421929672315677,0.0889288947800326),
 .UNSPECIFIED.);
#1844=B_SPLINE_CURVE_WITH_KNOTS('',3,(#7098,#7099,#7100,#7101,#7102),
 .UNSPECIFIED.,.F.,.F.,(4,1,4),(0.,0.0421929672315677,0.0889288947800326),
 .UNSPECIFIED.);
#1845=B_SPLINE_CURVE_WITH_KNOTS('',3,(#7114,#7115,#7116,#7117,#7118),
 .UNSPECIFIED.,.F.,.F.,(4,1,4),(0.,0.0484147711055934,0.0911948602818314),
 .UNSPECIFIED.);
#1846=B_SPLINE_CURVE_WITH_KNOTS('',3,(#7121,#7122,#7123,#7124,#7125),
 .UNSPECIFIED.,.F.,.F.,(4,1,4),(0.,0.0484147711055934,0.0911948602818314),
 .UNSPECIFIED.);
#1847=B_SPLINE_CURVE_WITH_KNOTS('',3,(#7136,#7137,#7138,#7139,#7140),
 .UNSPECIFIED.,.F.,.F.,(4,1,4),(0.,0.0437305192784227,0.0929569409074172),
 .UNSPECIFIED.);
#1848=B_SPLINE_CURVE_WITH_KNOTS('',3,(#7141,#7142,#7143,#7144,#7145),
 .UNSPECIFIED.,.F.,.F.,(4,1,4),(0.,0.0437305192784227,0.0929569409074172),
 .UNSPECIFIED.);
#1849=B_SPLINE_CURVE_WITH_KNOTS('',3,(#7159,#7160,#7161,#7162,#7163),
 .UNSPECIFIED.,.F.,.F.,(4,1,4),(0.,0.0389835167390642,0.0879853767275063),
 .UNSPECIFIED.);
#1850=B_SPLINE_CURVE_WITH_KNOTS('',3,(#7167,#7168,#7169,#7170,#7171),
 .UNSPECIFIED.,.F.,.F.,(4,1,4),(0.,0.0389835167390642,0.0879853767275063),
 .UNSPECIFIED.);
#1851=B_SPLINE_CURVE_WITH_KNOTS('',3,(#7184,#7185,#7186,#7187,#7188),
 .UNSPECIFIED.,.F.,.F.,(4,1,4),(0.,0.0479311602578818,0.0883361165465423),
 .UNSPECIFIED.);
#1852=B_SPLINE_CURVE_WITH_KNOTS('',3,(#7191,#7192,#7193,#7194,#7195),
 .UNSPECIFIED.,.F.,.F.,(4,1,4),(0.,0.0479311602578818,0.0883361165465423),
 .UNSPECIFIED.);
#1853=B_SPLINE_CURVE_WITH_KNOTS('',3,(#7207,#7208,#7209,#7210,#7211),
 .UNSPECIFIED.,.F.,.F.,(4,1,4),(0.,0.0217525816071524,0.0481034813781501),
 .UNSPECIFIED.);
#1854=B_SPLINE_CURVE_WITH_KNOTS('',3,(#7214,#7215,#7216,#7217,#7218),
 .UNSPECIFIED.,.F.,.F.,(4,1,4),(0.,0.0217525816071524,0.0481034813781501),
 .UNSPECIFIED.);
#1855=B_SPLINE_CURVE_WITH_KNOTS('',3,(#7230,#7231,#7232,#7233,#7234),
 .UNSPECIFIED.,.F.,.F.,(4,1,4),(0.,0.0212018410537128,0.0409218998425441),
 .UNSPECIFIED.);
#1856=B_SPLINE_CURVE_WITH_KNOTS('',3,(#7237,#7238,#7239,#7240,#7241),
 .UNSPECIFIED.,.F.,.F.,(4,1,4),(0.,0.0212018410537128,0.0409218998425441),
 .UNSPECIFIED.);
#1857=B_SPLINE_CURVE_WITH_KNOTS('',3,(#7252,#7253,#7254,#7255,#7256),
 .UNSPECIFIED.,.F.,.F.,(4,1,4),(0.,0.0465969657404227,0.0855371899113773),
 .UNSPECIFIED.);
#1858=B_SPLINE_CURVE_WITH_KNOTS('',3,(#7257,#7258,#7259,#7260,#7261),
 .UNSPECIFIED.,.F.,.F.,(4,1,4),(0.,0.0465969657404227,0.0855371899113773),
 .UNSPECIFIED.);
#1859=B_SPLINE_CURVE_WITH_KNOTS('',3,(#7274,#7275,#7276,#7277,#7278),
 .UNSPECIFIED.,.F.,.F.,(4,1,4),(0.,0.0483870048871051,0.0918238802237609),
 .UNSPECIFIED.);
#1860=B_SPLINE_CURVE_WITH_KNOTS('',3,(#7282,#7283,#7284,#7285,#7286),
 .UNSPECIFIED.,.F.,.F.,(4,1,4),(0.,0.0483870048871051,0.0918238802237609),
 .UNSPECIFIED.);
#1861=B_SPLINE_CURVE_WITH_KNOTS('',3,(#7299,#7300,#7301,#7302,#7303),
 .UNSPECIFIED.,.F.,.F.,(4,1,4),(0.,0.0416262207652078,0.0868018243130671),
 .UNSPECIFIED.);
#1862=B_SPLINE_CURVE_WITH_KNOTS('',3,(#7306,#7307,#7308,#7309,#7310),
 .UNSPECIFIED.,.F.,.F.,(4,1,4),(0.,0.0416262207652078,0.0868018243130671),
 .UNSPECIFIED.);
#1863=B_SPLINE_CURVE_WITH_KNOTS('',3,(#7322,#7323,#7324,#7325,#7326),
 .UNSPECIFIED.,.F.,.F.,(4,1,4),(0.,0.0481821973223598,0.090717952244142),
 .UNSPECIFIED.);
#1864=B_SPLINE_CURVE_WITH_KNOTS('',3,(#7329,#7330,#7331,#7332,#7333),
 .UNSPECIFIED.,.F.,.F.,(4,1,4),(0.,0.0481821973223598,0.090717952244142),
 .UNSPECIFIED.);
#1865=B_SPLINE_CURVE_WITH_KNOTS('',3,(#7345,#7346,#7347,#7348,#7349),
 .UNSPECIFIED.,.F.,.F.,(4,1,4),(0.,0.0436505309112294,0.0928146885996822),
 .UNSPECIFIED.);
#1866=B_SPLINE_CURVE_WITH_KNOTS('',3,(#7352,#7353,#7354,#7355,#7356),
 .UNSPECIFIED.,.F.,.F.,(4,1,4),(0.,0.0436505309112294,0.0928146885996822),
 .UNSPECIFIED.);
#1867=B_SPLINE_CURVE_WITH_KNOTS('',3,(#7368,#7369,#7370,#7371,#7372),
 .UNSPECIFIED.,.F.,.F.,(4,1,4),(0.,0.0480213903376121,0.0910382243573275),
 .UNSPECIFIED.);
#1868=B_SPLINE_CURVE_WITH_KNOTS('',3,(#7375,#7376,#7377,#7378,#7379),
 .UNSPECIFIED.,.F.,.F.,(4,1,4),(0.,0.0480213903376121,0.0910382243573275),
 .UNSPECIFIED.);
#1869=B_SPLINE_CURVE_WITH_KNOTS('',3,(#7391,#7392,#7393,#7394,#7395),
 .UNSPECIFIED.,.F.,.F.,(4,1,4),(0.,0.0421929672315677,0.0889289045519478),
 .UNSPECIFIED.);
#1870=B_SPLINE_CURVE_WITH_KNOTS('',3,(#7398,#7399,#7400,#7401,#7402),
 .UNSPECIFIED.,.F.,.F.,(4,1,4),(0.,0.0421929672315677,0.0889289045519478),
 .UNSPECIFIED.);
#1871=B_SPLINE_CURVE_WITH_KNOTS('',3,(#7414,#7415,#7416,#7417,#7418),
 .UNSPECIFIED.,.F.,.F.,(4,1,4),(0.,0.0484147711055934,0.0911947589192975),
 .UNSPECIFIED.);
#1872=B_SPLINE_CURVE_WITH_KNOTS('',3,(#7421,#7422,#7423,#7424,#7425),
 .UNSPECIFIED.,.F.,.F.,(4,1,4),(0.,0.0484147711055934,0.0911947589192975),
 .UNSPECIFIED.);
#1873=B_SPLINE_CURVE_WITH_KNOTS('',3,(#7436,#7437,#7438,#7439,#7440),
 .UNSPECIFIED.,.F.,.F.,(4,1,4),(0.,0.0437305192784227,0.0929569409074172),
 .UNSPECIFIED.);
#1874=B_SPLINE_CURVE_WITH_KNOTS('',3,(#7441,#7442,#7443,#7444,#7445),
 .UNSPECIFIED.,.F.,.F.,(4,1,4),(0.,0.0437305192784227,0.0929569409074172),
 .UNSPECIFIED.);
#1875=B_SPLINE_CURVE_WITH_KNOTS('',3,(#7459,#7460,#7461,#7462,#7463),
 .UNSPECIFIED.,.F.,.F.,(4,1,4),(0.,0.0174995106747178,0.0361672628784119),
 .UNSPECIFIED.);
#1876=B_SPLINE_CURVE_WITH_KNOTS('',3,(#7467,#7468,#7469,#7470,#7471),
 .UNSPECIFIED.,.F.,.F.,(4,1,4),(0.,0.0174995106747178,0.0361672628784119),
 .UNSPECIFIED.);
#1877=B_SPLINE_CURVE_WITH_KNOTS('',3,(#7484,#7485,#7486,#7487,#7488),
 .UNSPECIFIED.,.F.,.F.,(4,1,4),(0.,0.0151889513293071,0.0312692087763487),
 .UNSPECIFIED.);
#1878=B_SPLINE_CURVE_WITH_KNOTS('',3,(#7491,#7492,#7493,#7494,#7495),
 .UNSPECIFIED.,.F.,.F.,(4,1,4),(0.,0.0151889513293071,0.0312692087763487),
 .UNSPECIFIED.);
#1879=B_SPLINE_CURVE_WITH_KNOTS('',3,(#7507,#7508,#7509,#7510,#7511),
 .UNSPECIFIED.,.F.,.F.,(4,1,4),(0.,0.0357522302069055,0.065958413455215),
 .UNSPECIFIED.);
#1880=B_SPLINE_CURVE_WITH_KNOTS('',3,(#7514,#7515,#7516,#7517,#7518),
 .UNSPECIFIED.,.F.,.F.,(4,1,4),(0.,0.0357522302069055,0.065958413455215),
 .UNSPECIFIED.);
#1881=B_SPLINE_CURVE_WITH_KNOTS('',3,(#7534,#7535,#7536,#7537,#7538),
 .UNSPECIFIED.,.F.,.F.,(4,1,4),(0.,0.0380107129375319,0.081218470075119),
 .UNSPECIFIED.);
#1882=B_SPLINE_CURVE_WITH_KNOTS('',3,(#7542,#7543,#7544,#7545,#7546),
 .UNSPECIFIED.,.F.,.F.,(4,1,4),(0.,0.0380107129375319,0.081218470075119),
 .UNSPECIFIED.);
#1883=B_SPLINE_CURVE_WITH_KNOTS('',3,(#7559,#7560,#7561,#7562,#7563),
 .UNSPECIFIED.,.F.,.F.,(4,1,4),(0.,0.042131698970142,0.0794483613064302),
 .UNSPECIFIED.);
#1884=B_SPLINE_CURVE_WITH_KNOTS('',3,(#7566,#7567,#7568,#7569,#7570),
 .UNSPECIFIED.,.F.,.F.,(4,1,4),(0.,0.042131698970142,0.0794483613064302),
 .UNSPECIFIED.);
#1885=B_SPLINE_CURVE_WITH_KNOTS('',3,(#7582,#7583,#7584,#7585,#7586),
 .UNSPECIFIED.,.F.,.F.,(4,1,4),(0.,0.0416905764302299,0.0840455916738874),
 .UNSPECIFIED.);
#1886=B_SPLINE_CURVE_WITH_KNOTS('',3,(#7589,#7590,#7591,#7592,#7593),
 .UNSPECIFIED.,.F.,.F.,(4,1,4),(0.,0.0416905764302299,0.0840455916738874),
 .UNSPECIFIED.);
#1887=B_SPLINE_CURVE_WITH_KNOTS('',3,(#7605,#7606,#7607,#7608,#7609),
 .UNSPECIFIED.,.F.,.F.,(4,1,4),(0.,0.0484260109140039,0.0918686631057132),
 .UNSPECIFIED.);
#1888=B_SPLINE_CURVE_WITH_KNOTS('',3,(#7612,#7613,#7614,#7615,#7616),
 .UNSPECIFIED.,.F.,.F.,(4,1,4),(0.,0.0484260109140039,0.0918686631057132),
 .UNSPECIFIED.);
#1889=B_SPLINE_CURVE_WITH_KNOTS('',3,(#7628,#7629,#7630,#7631,#7632),
 .UNSPECIFIED.,.F.,.F.,(4,1,4),(0.,0.040598142998346,0.0869451068689777),
 .UNSPECIFIED.);
#1890=B_SPLINE_CURVE_WITH_KNOTS('',3,(#7635,#7636,#7637,#7638,#7639),
 .UNSPECIFIED.,.F.,.F.,(4,1,4),(0.,0.040598142998346,0.0869451068689777),
 .UNSPECIFIED.);
#1891=B_SPLINE_CURVE_WITH_KNOTS('',3,(#7651,#7652,#7653,#7654,#7655),
 .UNSPECIFIED.,.F.,.F.,(4,1,4),(0.,0.0466350685174376,0.0872971679991052),
 .UNSPECIFIED.);
#1892=B_SPLINE_CURVE_WITH_KNOTS('',3,(#7658,#7659,#7660,#7661,#7662),
 .UNSPECIFIED.,.F.,.F.,(4,1,4),(0.,0.0466350685174376,0.0872971679991052),
 .UNSPECIFIED.);
#1893=B_SPLINE_CURVE_WITH_KNOTS('',3,(#7674,#7675,#7676,#7677,#7678),
 .UNSPECIFIED.,.F.,.F.,(4,1,4),(0.,0.036174464438825,0.0794016972087315),
 .UNSPECIFIED.);
#1894=B_SPLINE_CURVE_WITH_KNOTS('',3,(#7681,#7682,#7683,#7684,#7685),
 .UNSPECIFIED.,.F.,.F.,(4,1,4),(0.,0.036174464438825,0.0794016972087315),
 .UNSPECIFIED.);
#1895=B_SPLINE_CURVE_WITH_KNOTS('',3,(#7703,#7704,#7705,#7706,#7707),
 .UNSPECIFIED.,.F.,.F.,(4,1,4),(0.,0.0334737590966734,0.0650027158331202),
 .UNSPECIFIED.);
#1896=B_SPLINE_CURVE_WITH_KNOTS('',3,(#7710,#7711,#7712,#7713,#7714),
 .UNSPECIFIED.,.F.,.F.,(4,1,4),(0.,0.0334737590966734,0.0650027158331202),
 .UNSPECIFIED.);
#1897=B_SPLINE_CURVE_WITH_KNOTS('',3,(#7726,#7727,#7728,#7729,#7730),
 .UNSPECIFIED.,.F.,.F.,(4,1,4),(0.,0.0386296054468128,0.0826204661707127),
 .UNSPECIFIED.);
#1898=B_SPLINE_CURVE_WITH_KNOTS('',3,(#7733,#7734,#7735,#7736,#7737),
 .UNSPECIFIED.,.F.,.F.,(4,1,4),(0.,0.0386296054468128,0.0826204661707127),
 .UNSPECIFIED.);
#1899=B_SPLINE_CURVE_WITH_KNOTS('',3,(#7760,#7761,#7762,#7763,#7764),
 .UNSPECIFIED.,.F.,.F.,(4,1,4),(0.,0.0372087141249395,0.0793076422368713),
 .UNSPECIFIED.);
#1900=B_SPLINE_CURVE_WITH_KNOTS('',3,(#7768,#7769,#7770,#7771,#7772),
 .UNSPECIFIED.,.F.,.F.,(4,1,4),(0.,0.0372087141249395,0.0793076422368713),
 .UNSPECIFIED.);
#1901=B_SPLINE_CURVE_WITH_KNOTS('',3,(#7785,#7786,#7787,#7788,#7789),
 .UNSPECIFIED.,.F.,.F.,(4,1,4),(0.,0.0421714706079331,0.0801123479389198),
 .UNSPECIFIED.);
#1902=B_SPLINE_CURVE_WITH_KNOTS('',3,(#7792,#7793,#7794,#7795,#7796),
 .UNSPECIFIED.,.F.,.F.,(4,1,4),(0.,0.0421714706079331,0.0801123479389198),
 .UNSPECIFIED.);
#1903=B_SPLINE_CURVE_WITH_KNOTS('',3,(#7824,#7825,#7826,#7827,#7828),
 .UNSPECIFIED.,.F.,.F.,(4,1,4),(0.,0.0433879783819133,0.09281144712487),
 .UNSPECIFIED.);
#1904=B_SPLINE_CURVE_WITH_KNOTS('',3,(#7832,#7833,#7834,#7835,#7836),
 .UNSPECIFIED.,.F.,.F.,(4,1,4),(0.,0.0433879783819133,0.09281144712487),
 .UNSPECIFIED.);
#1905=B_SPLINE_CURVE_WITH_KNOTS('',3,(#7849,#7850,#7851,#7852,#7853),
 .UNSPECIFIED.,.F.,.F.,(4,1,4),(0.,0.0416746768486182,0.082109311247685),
 .UNSPECIFIED.);
#1906=B_SPLINE_CURVE_WITH_KNOTS('',3,(#7856,#7857,#7858,#7859,#7860),
 .UNSPECIFIED.,.F.,.F.,(4,1,4),(0.,0.0416746768486182,0.082109311247685),
 .UNSPECIFIED.);
#1907=B_SPLINE_CURVE_WITH_KNOTS('',3,(#7872,#7873,#7874,#7875,#7876),
 .UNSPECIFIED.,.F.,.F.,(4,1,4),(0.,0.0883368047107412,0.165441770575141),
 .UNSPECIFIED.);
#1908=B_SPLINE_CURVE_WITH_KNOTS('',3,(#7879,#7880,#7881,#7882,#7883),
 .UNSPECIFIED.,.F.,.F.,(4,1,4),(0.,0.0883368047107412,0.165441770575141),
 .UNSPECIFIED.);
#1909=B_SPLINE_CURVE_WITH_KNOTS('',3,(#7924,#7925,#7926,#7927,#7928),
 .UNSPECIFIED.,.F.,.F.,(4,1,4),(0.,0.0185501259750332,0.0370543167881838),
 .UNSPECIFIED.);
#1910=B_SPLINE_CURVE_WITH_KNOTS('',3,(#7932,#7933,#7934,#7935,#7936),
 .UNSPECIFIED.,.F.,.F.,(4,1,4),(0.,0.0185501259750332,0.0370543167881838),
 .UNSPECIFIED.);
#1911=B_SPLINE_CURVE_WITH_KNOTS('',3,(#7949,#7950,#7951,#7952,#7953),
 .UNSPECIFIED.,.F.,.F.,(4,1,4),(0.,0.0178109733202087,0.036878997827018),
 .UNSPECIFIED.);
#1912=B_SPLINE_CURVE_WITH_KNOTS('',3,(#7956,#7957,#7958,#7959,#7960),
 .UNSPECIFIED.,.F.,.F.,(4,1,4),(0.,0.0178109733202087,0.036878997827018),
 .UNSPECIFIED.);
#1913=B_SPLINE_CURVE_WITH_KNOTS('',3,(#7972,#7973,#7974,#7975,#7976),
 .UNSPECIFIED.,.F.,.F.,(4,1,4),(0.,0.0238373432464282,0.043639692541942),
 .UNSPECIFIED.);
#1914=B_SPLINE_CURVE_WITH_KNOTS('',3,(#7979,#7980,#7981,#7982,#7983),
 .UNSPECIFIED.,.F.,.F.,(4,1,4),(0.,0.0238373432464282,0.043639692541942),
 .UNSPECIFIED.);
#1915=B_SPLINE_CURVE_WITH_KNOTS('',3,(#7995,#7996,#7997,#7998,#7999),
 .UNSPECIFIED.,.F.,.F.,(4,1,4),(0.,0.0230764182904494,0.0516200027011911),
 .UNSPECIFIED.);
#1916=B_SPLINE_CURVE_WITH_KNOTS('',3,(#8002,#8003,#8004,#8005,#8006),
 .UNSPECIFIED.,.F.,.F.,(4,1,4),(0.,0.0230764182904494,0.0516200027011911),
 .UNSPECIFIED.);
#1917=B_SPLINE_CURVE_WITH_KNOTS('',3,(#8018,#8019,#8020,#8021,#8022),
 .UNSPECIFIED.,.F.,.F.,(4,1,4),(0.,0.0205273677986378,0.0404316271112158),
 .UNSPECIFIED.);
#1918=B_SPLINE_CURVE_WITH_KNOTS('',3,(#8025,#8026,#8027,#8028,#8029),
 .UNSPECIFIED.,.F.,.F.,(4,1,4),(0.,0.0205273677986378,0.0404316271112158),
 .UNSPECIFIED.);
#1919=B_SPLINE_CURVE_WITH_KNOTS('',3,(#8041,#8042,#8043,#8044,#8045),
 .UNSPECIFIED.,.F.,.F.,(4,1,4),(0.,0.0169978082181528,0.0342810522910814),
 .UNSPECIFIED.);
#1920=B_SPLINE_CURVE_WITH_KNOTS('',3,(#8048,#8049,#8050,#8051,#8052),
 .UNSPECIFIED.,.F.,.F.,(4,1,4),(0.,0.0169978082181528,0.0342810522910814),
 .UNSPECIFIED.);
#1921=B_SPLINE_CURVE_WITH_KNOTS('',3,(#8064,#8065,#8066,#8067,#8068),
 .UNSPECIFIED.,.F.,.F.,(4,1,4),(0.,0.0191663284574752,0.0369546972301109),
 .UNSPECIFIED.);
#1922=B_SPLINE_CURVE_WITH_KNOTS('',3,(#8071,#8072,#8073,#8074,#8075),
 .UNSPECIFIED.,.F.,.F.,(4,1,4),(0.,0.0191663284574752,0.0369546972301109),
 .UNSPECIFIED.);
#1923=B_SPLINE_CURVE_WITH_KNOTS('',3,(#8092,#8093,#8094,#8095,#8096),
 .UNSPECIFIED.,.F.,.F.,(4,1,4),(0.,0.0197144666302918,0.0415608496596454),
 .UNSPECIFIED.);
#1924=B_SPLINE_CURVE_WITH_KNOTS('',3,(#8097,#8098,#8099,#8100,#8101),
 .UNSPECIFIED.,.F.,.F.,(4,1,4),(0.,0.0197144666302918,0.0415608496596454),
 .UNSPECIFIED.);
#1925=B_SPLINE_CURVE_WITH_KNOTS('',3,(#8114,#8115,#8116,#8117,#8118),
 .UNSPECIFIED.,.F.,.F.,(4,1,4),(0.,0.0390434319973734,0.0792009260646864),
 .UNSPECIFIED.);
#1926=B_SPLINE_CURVE_WITH_KNOTS('',3,(#8122,#8123,#8124,#8125,#8126),
 .UNSPECIFIED.,.F.,.F.,(4,1,4),(0.,0.0390434319973734,0.0792009260646864),
 .UNSPECIFIED.);
#1927=B_SPLINE_CURVE_WITH_KNOTS('',3,(#8139,#8140,#8141,#8142,#8143),
 .UNSPECIFIED.,.F.,.F.,(4,1,4),(0.,0.048714751793966,0.0912195173333843),
 .UNSPECIFIED.);
#1928=B_SPLINE_CURVE_WITH_KNOTS('',3,(#8146,#8147,#8148,#8149,#8150),
 .UNSPECIFIED.,.F.,.F.,(4,1,4),(0.,0.048714751793966,0.0912195173333843),
 .UNSPECIFIED.);
#1929=B_SPLINE_CURVE_WITH_KNOTS('',3,(#8162,#8163,#8164,#8165,#8166),
 .UNSPECIFIED.,.F.,.F.,(4,1,4),(0.,0.0376342865899353,0.082129847271471),
 .UNSPECIFIED.);
#1930=B_SPLINE_CURVE_WITH_KNOTS('',3,(#8169,#8170,#8171,#8172,#8173),
 .UNSPECIFIED.,.F.,.F.,(4,1,4),(0.,0.0376342865899353,0.082129847271471),
 .UNSPECIFIED.);
#1931=B_SPLINE_CURVE_WITH_KNOTS('',3,(#8185,#8186,#8187,#8188,#8189),
 .UNSPECIFIED.,.F.,.F.,(4,1,4),(0.,0.0373466747599353,0.0718744790122962),
 .UNSPECIFIED.);
#1932=B_SPLINE_CURVE_WITH_KNOTS('',3,(#8192,#8193,#8194,#8195,#8196),
 .UNSPECIFIED.,.F.,.F.,(4,1,4),(0.,0.0373466747599353,0.0718744790122962),
 .UNSPECIFIED.);
#1933=B_SPLINE_CURVE_WITH_KNOTS('',3,(#8208,#8209,#8210,#8211,#8212),
 .UNSPECIFIED.,.F.,.F.,(4,1,4),(0.,0.0408439493440262,0.0819350905827146),
 .UNSPECIFIED.);
#1934=B_SPLINE_CURVE_WITH_KNOTS('',3,(#8215,#8216,#8217,#8218,#8219),
 .UNSPECIFIED.,.F.,.F.,(4,1,4),(0.,0.0408439493440262,0.0819350905827146),
 .UNSPECIFIED.);
#1935=B_SPLINE_CURVE_WITH_KNOTS('',3,(#8272,#8273,#8274,#8275,#8276),
 .UNSPECIFIED.,.F.,.F.,(4,1,4),(0.,0.0355353215502099,0.0693100584085688),
 .UNSPECIFIED.);
#1936=B_SPLINE_CURVE_WITH_KNOTS('',3,(#8277,#8278,#8279,#8280,#8281),
 .UNSPECIFIED.,.F.,.F.,(4,1,4),(0.,0.0355353215502099,0.0693100584085688),
 .UNSPECIFIED.);
#1937=B_SPLINE_CURVE_WITH_KNOTS('',3,(#8320,#8321,#8322,#8323,#8324),
 .UNSPECIFIED.,.F.,.F.,(4,1,4),(0.,0.0185498923824049,0.0370542735661504),
 .UNSPECIFIED.);
#1938=B_SPLINE_CURVE_WITH_KNOTS('',3,(#8328,#8329,#8330,#8331,#8332),
 .UNSPECIFIED.,.F.,.F.,(4,1,4),(0.,0.0185498923824049,0.0370542735661504),
 .UNSPECIFIED.);
#1939=B_SPLINE_CURVE_WITH_KNOTS('',3,(#8345,#8346,#8347,#8348,#8349),
 .UNSPECIFIED.,.F.,.F.,(4,1,4),(0.,0.0178109733202087,0.036878997827018),
 .UNSPECIFIED.);
#1940=B_SPLINE_CURVE_WITH_KNOTS('',3,(#8352,#8353,#8354,#8355,#8356),
 .UNSPECIFIED.,.F.,.F.,(4,1,4),(0.,0.0178109733202087,0.036878997827018),
 .UNSPECIFIED.);
#1941=B_SPLINE_CURVE_WITH_KNOTS('',3,(#8368,#8369,#8370,#8371,#8372),
 .UNSPECIFIED.,.F.,.F.,(4,1,4),(0.,0.0238373147368794,0.0436397669883178),
 .UNSPECIFIED.);
#1942=B_SPLINE_CURVE_WITH_KNOTS('',3,(#8375,#8376,#8377,#8378,#8379),
 .UNSPECIFIED.,.F.,.F.,(4,1,4),(0.,0.0238373147368794,0.0436397669883178),
 .UNSPECIFIED.);
#1943=B_SPLINE_CURVE_WITH_KNOTS('',3,(#8391,#8392,#8393,#8394,#8395),
 .UNSPECIFIED.,.F.,.F.,(4,1,4),(0.,0.0230763218348038,0.0516199322390708),
 .UNSPECIFIED.);
#1944=B_SPLINE_CURVE_WITH_KNOTS('',3,(#8398,#8399,#8400,#8401,#8402),
 .UNSPECIFIED.,.F.,.F.,(4,1,4),(0.,0.0230763218348038,0.0516199322390708),
 .UNSPECIFIED.);
#1945=B_SPLINE_CURVE_WITH_KNOTS('',3,(#8414,#8415,#8416,#8417,#8418),
 .UNSPECIFIED.,.F.,.F.,(4,1,4),(0.,0.0205276007592215,0.0404316805856071),
 .UNSPECIFIED.);
#1946=B_SPLINE_CURVE_WITH_KNOTS('',3,(#8421,#8422,#8423,#8424,#8425),
 .UNSPECIFIED.,.F.,.F.,(4,1,4),(0.,0.0205276007592215,0.0404316805856071),
 .UNSPECIFIED.);
#1947=B_SPLINE_CURVE_WITH_KNOTS('',3,(#8437,#8438,#8439,#8440,#8441),
 .UNSPECIFIED.,.F.,.F.,(4,1,4),(0.,0.0169979989530161,0.0342810092651484),
 .UNSPECIFIED.);
#1948=B_SPLINE_CURVE_WITH_KNOTS('',3,(#8444,#8445,#8446,#8447,#8448),
 .UNSPECIFIED.,.F.,.F.,(4,1,4),(0.,0.0169979989530161,0.0342810092651484),
 .UNSPECIFIED.);
#1949=B_SPLINE_CURVE_WITH_KNOTS('',3,(#8460,#8461,#8462,#8463,#8464),
 .UNSPECIFIED.,.F.,.F.,(4,1,4),(0.,0.0191663284574752,0.0369546972301109),
 .UNSPECIFIED.);
#1950=B_SPLINE_CURVE_WITH_KNOTS('',3,(#8467,#8468,#8469,#8470,#8471),
 .UNSPECIFIED.,.F.,.F.,(4,1,4),(0.,0.0191663284574752,0.0369546972301109),
 .UNSPECIFIED.);
#1951=B_SPLINE_CURVE_WITH_KNOTS('',3,(#8488,#8489,#8490,#8491,#8492),
 .UNSPECIFIED.,.F.,.F.,(4,1,4),(0.,0.0197145852258437,0.0415609325809931),
 .UNSPECIFIED.);
#1952=B_SPLINE_CURVE_WITH_KNOTS('',3,(#8493,#8494,#8495,#8496,#8497),
 .UNSPECIFIED.,.F.,.F.,(4,1,4),(0.,0.0197145852258437,0.0415609325809931),
 .UNSPECIFIED.);
#1953=B_SPLINE_CURVE_WITH_KNOTS('',3,(#8510,#8511,#8512,#8513,#8514),
 .UNSPECIFIED.,.F.,.F.,(4,1,4),(0.,0.0390436185132878,0.0792008790706756),
 .UNSPECIFIED.);
#1954=B_SPLINE_CURVE_WITH_KNOTS('',3,(#8518,#8519,#8520,#8521,#8522),
 .UNSPECIFIED.,.F.,.F.,(4,1,4),(0.,0.0390436185132878,0.0792008790706756),
 .UNSPECIFIED.);
#1955=B_SPLINE_CURVE_WITH_KNOTS('',3,(#8535,#8536,#8537,#8538,#8539),
 .UNSPECIFIED.,.F.,.F.,(4,1,4),(0.,0.048714751793966,0.0912195173333843),
 .UNSPECIFIED.);
#1956=B_SPLINE_CURVE_WITH_KNOTS('',3,(#8542,#8543,#8544,#8545,#8546),
 .UNSPECIFIED.,.F.,.F.,(4,1,4),(0.,0.048714751793966,0.0912195173333843),
 .UNSPECIFIED.);
#1957=B_SPLINE_CURVE_WITH_KNOTS('',3,(#8558,#8559,#8560,#8561,#8562),
 .UNSPECIFIED.,.F.,.F.,(4,1,4),(0.,0.0376342865899353,0.082129847271471),
 .UNSPECIFIED.);
#1958=B_SPLINE_CURVE_WITH_KNOTS('',3,(#8565,#8566,#8567,#8568,#8569),
 .UNSPECIFIED.,.F.,.F.,(4,1,4),(0.,0.0376342865899353,0.082129847271471),
 .UNSPECIFIED.);
#1959=B_SPLINE_CURVE_WITH_KNOTS('',3,(#8581,#8582,#8583,#8584,#8585),
 .UNSPECIFIED.,.F.,.F.,(4,1,4),(0.,0.0373466747599353,0.0718744790122962),
 .UNSPECIFIED.);
#1960=B_SPLINE_CURVE_WITH_KNOTS('',3,(#8588,#8589,#8590,#8591,#8592),
 .UNSPECIFIED.,.F.,.F.,(4,1,4),(0.,0.0373466747599353,0.0718744790122962),
 .UNSPECIFIED.);
#1961=B_SPLINE_CURVE_WITH_KNOTS('',3,(#8604,#8605,#8606,#8607,#8608),
 .UNSPECIFIED.,.F.,.F.,(4,1,4),(0.,0.0408439493440262,0.0819350905827146),
 .UNSPECIFIED.);
#1962=B_SPLINE_CURVE_WITH_KNOTS('',3,(#8611,#8612,#8613,#8614,#8615),
 .UNSPECIFIED.,.F.,.F.,(4,1,4),(0.,0.0408439493440262,0.0819350905827146),
 .UNSPECIFIED.);
#1963=B_SPLINE_CURVE_WITH_KNOTS('',3,(#8668,#8669,#8670,#8671,#8672),
 .UNSPECIFIED.,.F.,.F.,(4,1,4),(0.,0.0355353215502099,0.0693100584085688),
 .UNSPECIFIED.);
#1964=B_SPLINE_CURVE_WITH_KNOTS('',3,(#8673,#8674,#8675,#8676,#8677),
 .UNSPECIFIED.,.F.,.F.,(4,1,4),(0.,0.0355353215502099,0.0693100584085688),
 .UNSPECIFIED.);
#1965=B_SPLINE_CURVE_WITH_KNOTS('',3,(#8691,#8692,#8693,#8694,#8695),
 .UNSPECIFIED.,.F.,.F.,(4,1,4),(0.,0.0174995106747178,0.0361672628784119),
 .UNSPECIFIED.);
#1966=B_SPLINE_CURVE_WITH_KNOTS('',3,(#8699,#8700,#8701,#8702,#8703),
 .UNSPECIFIED.,.F.,.F.,(4,1,4),(0.,0.0174995106747178,0.0361672628784119),
 .UNSPECIFIED.);
#1967=B_SPLINE_CURVE_WITH_KNOTS('',3,(#8716,#8717,#8718,#8719,#8720),
 .UNSPECIFIED.,.F.,.F.,(4,1,4),(0.,0.0151889513293071,0.0312692087763487),
 .UNSPECIFIED.);
#1968=B_SPLINE_CURVE_WITH_KNOTS('',3,(#8723,#8724,#8725,#8726,#8727),
 .UNSPECIFIED.,.F.,.F.,(4,1,4),(0.,0.0151889513293071,0.0312692087763487),
 .UNSPECIFIED.);
#1969=B_SPLINE_CURVE_WITH_KNOTS('',3,(#8739,#8740,#8741,#8742,#8743),
 .UNSPECIFIED.,.F.,.F.,(4,1,4),(0.,0.0357522302069055,0.065958413455215),
 .UNSPECIFIED.);
#1970=B_SPLINE_CURVE_WITH_KNOTS('',3,(#8746,#8747,#8748,#8749,#8750),
 .UNSPECIFIED.,.F.,.F.,(4,1,4),(0.,0.0357522302069055,0.065958413455215),
 .UNSPECIFIED.);
#1971=B_SPLINE_CURVE_WITH_KNOTS('',3,(#8766,#8767,#8768,#8769,#8770),
 .UNSPECIFIED.,.F.,.F.,(4,1,4),(0.,0.0380107129375319,0.081218470075119),
 .UNSPECIFIED.);
#1972=B_SPLINE_CURVE_WITH_KNOTS('',3,(#8774,#8775,#8776,#8777,#8778),
 .UNSPECIFIED.,.F.,.F.,(4,1,4),(0.,0.0380107129375319,0.081218470075119),
 .UNSPECIFIED.);
#1973=B_SPLINE_CURVE_WITH_KNOTS('',3,(#8791,#8792,#8793,#8794,#8795),
 .UNSPECIFIED.,.F.,.F.,(4,1,4),(0.,0.042131698970142,0.0794483613064302),
 .UNSPECIFIED.);
#1974=B_SPLINE_CURVE_WITH_KNOTS('',3,(#8798,#8799,#8800,#8801,#8802),
 .UNSPECIFIED.,.F.,.F.,(4,1,4),(0.,0.042131698970142,0.0794483613064302),
 .UNSPECIFIED.);
#1975=B_SPLINE_CURVE_WITH_KNOTS('',3,(#8814,#8815,#8816,#8817,#8818),
 .UNSPECIFIED.,.F.,.F.,(4,1,4),(0.,0.0416907738348597,0.0840455547302056),
 .UNSPECIFIED.);
#1976=B_SPLINE_CURVE_WITH_KNOTS('',3,(#8821,#8822,#8823,#8824,#8825),
 .UNSPECIFIED.,.F.,.F.,(4,1,4),(0.,0.0416907738348597,0.0840455547302056),
 .UNSPECIFIED.);
#1977=B_SPLINE_CURVE_WITH_KNOTS('',3,(#8837,#8838,#8839,#8840,#8841),
 .UNSPECIFIED.,.F.,.F.,(4,1,4),(0.,0.0484260109140039,0.0918686631057132),
 .UNSPECIFIED.);
#1978=B_SPLINE_CURVE_WITH_KNOTS('',3,(#8844,#8845,#8846,#8847,#8848),
 .UNSPECIFIED.,.F.,.F.,(4,1,4),(0.,0.0484260109140039,0.0918686631057132),
 .UNSPECIFIED.);
#1979=B_SPLINE_CURVE_WITH_KNOTS('',3,(#8860,#8861,#8862,#8863,#8864),
 .UNSPECIFIED.,.F.,.F.,(4,1,4),(0.,0.040598142998346,0.0869451068689777),
 .UNSPECIFIED.);
#1980=B_SPLINE_CURVE_WITH_KNOTS('',3,(#8867,#8868,#8869,#8870,#8871),
 .UNSPECIFIED.,.F.,.F.,(4,1,4),(0.,0.040598142998346,0.0869451068689777),
 .UNSPECIFIED.);
#1981=B_SPLINE_CURVE_WITH_KNOTS('',3,(#8883,#8884,#8885,#8886,#8887),
 .UNSPECIFIED.,.F.,.F.,(4,1,4),(0.,0.0466350685174376,0.0872971679991052),
 .UNSPECIFIED.);
#1982=B_SPLINE_CURVE_WITH_KNOTS('',3,(#8890,#8891,#8892,#8893,#8894),
 .UNSPECIFIED.,.F.,.F.,(4,1,4),(0.,0.0466350685174376,0.0872971679991052),
 .UNSPECIFIED.);
#1983=B_SPLINE_CURVE_WITH_KNOTS('',3,(#8906,#8907,#8908,#8909,#8910),
 .UNSPECIFIED.,.F.,.F.,(4,1,4),(0.,0.036174464438825,0.0794016972087315),
 .UNSPECIFIED.);
#1984=B_SPLINE_CURVE_WITH_KNOTS('',3,(#8913,#8914,#8915,#8916,#8917),
 .UNSPECIFIED.,.F.,.F.,(4,1,4),(0.,0.036174464438825,0.0794016972087315),
 .UNSPECIFIED.);
#1985=B_SPLINE_CURVE_WITH_KNOTS('',3,(#8935,#8936,#8937,#8938,#8939),
 .UNSPECIFIED.,.F.,.F.,(4,1,4),(0.,0.0334737590966734,0.0650027158331202),
 .UNSPECIFIED.);
#1986=B_SPLINE_CURVE_WITH_KNOTS('',3,(#8942,#8943,#8944,#8945,#8946),
 .UNSPECIFIED.,.F.,.F.,(4,1,4),(0.,0.0334737590966734,0.0650027158331202),
 .UNSPECIFIED.);
#1987=B_SPLINE_CURVE_WITH_KNOTS('',3,(#8958,#8959,#8960,#8961,#8962),
 .UNSPECIFIED.,.F.,.F.,(4,1,4),(0.,0.0386296054468128,0.0826204661707127),
 .UNSPECIFIED.);
#1988=B_SPLINE_CURVE_WITH_KNOTS('',3,(#8965,#8966,#8967,#8968,#8969),
 .UNSPECIFIED.,.F.,.F.,(4,1,4),(0.,0.0386296054468128,0.0826204661707127),
 .UNSPECIFIED.);
#1989=B_SPLINE_CURVE_WITH_KNOTS('',3,(#8992,#8993,#8994,#8995,#8996),
 .UNSPECIFIED.,.F.,.F.,(4,1,4),(0.,0.0389837345692372,0.087985565675205),
 .UNSPECIFIED.);
#1990=B_SPLINE_CURVE_WITH_KNOTS('',3,(#9000,#9001,#9002,#9003,#9004),
 .UNSPECIFIED.,.F.,.F.,(4,1,4),(0.,0.0389837345692372,0.087985565675205),
 .UNSPECIFIED.);
#1991=B_SPLINE_CURVE_WITH_KNOTS('',3,(#9017,#9018,#9019,#9020,#9021),
 .UNSPECIFIED.,.F.,.F.,(4,1,4),(0.,0.0479311602578818,0.0883361165465423),
 .UNSPECIFIED.);
#1992=B_SPLINE_CURVE_WITH_KNOTS('',3,(#9024,#9025,#9026,#9027,#9028),
 .UNSPECIFIED.,.F.,.F.,(4,1,4),(0.,0.0479311602578818,0.0883361165465423),
 .UNSPECIFIED.);
#1993=B_SPLINE_CURVE_WITH_KNOTS('',3,(#9040,#9041,#9042,#9043,#9044),
 .UNSPECIFIED.,.F.,.F.,(4,1,4),(0.,0.0217525816071524,0.0481034813781501),
 .UNSPECIFIED.);
#1994=B_SPLINE_CURVE_WITH_KNOTS('',3,(#9047,#9048,#9049,#9050,#9051),
 .UNSPECIFIED.,.F.,.F.,(4,1,4),(0.,0.0217525816071524,0.0481034813781501),
 .UNSPECIFIED.);
#1995=B_SPLINE_CURVE_WITH_KNOTS('',3,(#9063,#9064,#9065,#9066,#9067),
 .UNSPECIFIED.,.F.,.F.,(4,1,4),(0.,0.0212018410537128,0.0409218998425441),
 .UNSPECIFIED.);
#1996=B_SPLINE_CURVE_WITH_KNOTS('',3,(#9070,#9071,#9072,#9073,#9074),
 .UNSPECIFIED.,.F.,.F.,(4,1,4),(0.,0.0212018410537128,0.0409218998425441),
 .UNSPECIFIED.);
#1997=B_SPLINE_CURVE_WITH_KNOTS('',3,(#9085,#9086,#9087,#9088,#9089),
 .UNSPECIFIED.,.F.,.F.,(4,1,4),(0.,0.0465969350995403,0.0855373792638782),
 .UNSPECIFIED.);
#1998=B_SPLINE_CURVE_WITH_KNOTS('',3,(#9090,#9091,#9092,#9093,#9094),
 .UNSPECIFIED.,.F.,.F.,(4,1,4),(0.,0.0465969350995403,0.0855373792638782),
 .UNSPECIFIED.);
#1999=B_SPLINE_CURVE_WITH_KNOTS('',3,(#9107,#9108,#9109,#9110,#9111),
 .UNSPECIFIED.,.F.,.F.,(4,1,4),(0.,0.0483870241507709,0.0918238994874267),
 .UNSPECIFIED.);
#2000=B_SPLINE_CURVE_WITH_KNOTS('',3,(#9115,#9116,#9117,#9118,#9119),
 .UNSPECIFIED.,.F.,.F.,(4,1,4),(0.,0.0483870241507709,0.0918238994874267),
 .UNSPECIFIED.);
#2001=B_SPLINE_CURVE_WITH_KNOTS('',3,(#9132,#9133,#9134,#9135,#9136),
 .UNSPECIFIED.,.F.,.F.,(4,1,4),(0.,0.0416262859196308,0.0868018694556924),
 .UNSPECIFIED.);
#2002=B_SPLINE_CURVE_WITH_KNOTS('',3,(#9139,#9140,#9141,#9142,#9143),
 .UNSPECIFIED.,.F.,.F.,(4,1,4),(0.,0.0416262859196308,0.0868018694556924),
 .UNSPECIFIED.);
#2003=B_SPLINE_CURVE_WITH_KNOTS('',3,(#9155,#9156,#9157,#9158,#9159),
 .UNSPECIFIED.,.F.,.F.,(4,1,4),(0.,0.0481821973223598,0.0907180533828526),
 .UNSPECIFIED.);
#2004=B_SPLINE_CURVE_WITH_KNOTS('',3,(#9162,#9163,#9164,#9165,#9166),
 .UNSPECIFIED.,.F.,.F.,(4,1,4),(0.,0.0481821973223598,0.0907180533828526),
 .UNSPECIFIED.);
#2005=B_SPLINE_CURVE_WITH_KNOTS('',3,(#9178,#9179,#9180,#9181,#9182),
 .UNSPECIFIED.,.F.,.F.,(4,1,4),(0.,0.0436505309112294,0.0928146885996822),
 .UNSPECIFIED.);
#2006=B_SPLINE_CURVE_WITH_KNOTS('',3,(#9185,#9186,#9187,#9188,#9189),
 .UNSPECIFIED.,.F.,.F.,(4,1,4),(0.,0.0436505309112294,0.0928146885996822),
 .UNSPECIFIED.);
#2007=B_SPLINE_CURVE_WITH_KNOTS('',3,(#9201,#9202,#9203,#9204,#9205),
 .UNSPECIFIED.,.F.,.F.,(4,1,4),(0.,0.0480213903376121,0.0910382243573275),
 .UNSPECIFIED.);
#2008=B_SPLINE_CURVE_WITH_KNOTS('',3,(#9208,#9209,#9210,#9211,#9212),
 .UNSPECIFIED.,.F.,.F.,(4,1,4),(0.,0.0480213903376121,0.0910382243573275),
 .UNSPECIFIED.);
#2009=B_SPLINE_CURVE_WITH_KNOTS('',3,(#9224,#9225,#9226,#9227,#9228),
 .UNSPECIFIED.,.F.,.F.,(4,1,4),(0.,0.0421930321760129,0.0889289499526366),
 .UNSPECIFIED.);
#2010=B_SPLINE_CURVE_WITH_KNOTS('',3,(#9231,#9232,#9233,#9234,#9235),
 .UNSPECIFIED.,.F.,.F.,(4,1,4),(0.,0.0421930321760129,0.0889289499526366),
 .UNSPECIFIED.);
#2011=B_SPLINE_CURVE_WITH_KNOTS('',3,(#9247,#9248,#9249,#9250,#9251),
 .UNSPECIFIED.,.F.,.F.,(4,1,4),(0.,0.0484146533373698,0.0911947425136078),
 .UNSPECIFIED.);
#2012=B_SPLINE_CURVE_WITH_KNOTS('',3,(#9254,#9255,#9256,#9257,#9258),
 .UNSPECIFIED.,.F.,.F.,(4,1,4),(0.,0.0484146533373698,0.0911947425136078),
 .UNSPECIFIED.);
#2013=B_SPLINE_CURVE_WITH_KNOTS('',3,(#9269,#9270,#9271,#9272,#9273),
 .UNSPECIFIED.,.F.,.F.,(4,1,4),(0.,0.0437305192784227,0.0929569409074172),
 .UNSPECIFIED.);
#2014=B_SPLINE_CURVE_WITH_KNOTS('',3,(#9274,#9275,#9276,#9277,#9278),
 .UNSPECIFIED.,.F.,.F.,(4,1,4),(0.,0.0437305192784227,0.0929569409074172),
 .UNSPECIFIED.);
#2015=B_SPLINE_CURVE_WITH_KNOTS('',3,(#9292,#9293,#9294,#9295,#9296),
 .UNSPECIFIED.,.F.,.F.,(4,1,4),(0.,0.00933078145668755,0.0165876085335708),
 .UNSPECIFIED.);
#2016=B_SPLINE_CURVE_WITH_KNOTS('',3,(#9300,#9301,#9302,#9303,#9304),
 .UNSPECIFIED.,.F.,.F.,(4,1,4),(0.,0.00933078145668755,0.0165876085335708),
 .UNSPECIFIED.);
#2017=B_SPLINE_CURVE_WITH_KNOTS('',3,(#9317,#9318,#9319,#9320,#9321),
 .UNSPECIFIED.,.F.,.F.,(4,1,4),(0.,0.0393399654802518,0.0755325586826923),
 .UNSPECIFIED.);
#2018=B_SPLINE_CURVE_WITH_KNOTS('',3,(#9324,#9325,#9326,#9327,#9328),
 .UNSPECIFIED.,.F.,.F.,(4,1,4),(0.,0.0393399654802518,0.0755325586826923),
 .UNSPECIFIED.);
#2019=B_SPLINE_CURVE_WITH_KNOTS('',3,(#9376,#9377,#9378,#9379,#9380),
 .UNSPECIFIED.,.F.,.F.,(4,1,4),(0.,0.0207477495860427,0.0452822262625889),
 .UNSPECIFIED.);
#2020=B_SPLINE_CURVE_WITH_KNOTS('',3,(#9383,#9384,#9385,#9386,#9387),
 .UNSPECIFIED.,.F.,.F.,(4,1,4),(0.,0.0207477495860427,0.0452822262625889),
 .UNSPECIFIED.);
#2021=B_SPLINE_CURVE_WITH_KNOTS('',3,(#9399,#9400,#9401,#9402,#9403),
 .UNSPECIFIED.,.F.,.F.,(4,1,4),(0.,0.0195964491260105,0.0383106497444924),
 .UNSPECIFIED.);
#2022=B_SPLINE_CURVE_WITH_KNOTS('',3,(#9406,#9407,#9408,#9409,#9410),
 .UNSPECIFIED.,.F.,.F.,(4,1,4),(0.,0.0195964491260105,0.0383106497444924),
 .UNSPECIFIED.);
#2023=B_SPLINE_CURVE_WITH_KNOTS('',3,(#9422,#9423,#9424,#9425,#9426),
 .UNSPECIFIED.,.F.,.F.,(4,1,4),(0.,0.013803710106232,0.028797557704734),
 .UNSPECIFIED.);
#2024=B_SPLINE_CURVE_WITH_KNOTS('',3,(#9429,#9430,#9431,#9432,#9433),
 .UNSPECIFIED.,.F.,.F.,(4,1,4),(0.,0.013803710106232,0.028797557704734),
 .UNSPECIFIED.);
#2025=B_SPLINE_CURVE_WITH_KNOTS('',3,(#9450,#9451,#9452,#9453,#9454),
 .UNSPECIFIED.,.F.,.F.,(4,1,4),(0.,0.0186665766569301,0.0375506922930187),
 .UNSPECIFIED.);
#2026=B_SPLINE_CURVE_WITH_KNOTS('',3,(#9458,#9459,#9460,#9461,#9462),
 .UNSPECIFIED.,.F.,.F.,(4,1,4),(0.,0.0186665766569301,0.0375506922930187),
 .UNSPECIFIED.);
#2027=B_SPLINE_CURVE_WITH_KNOTS('',3,(#9475,#9476,#9477,#9478,#9479),
 .UNSPECIFIED.,.F.,.F.,(4,1,4),(0.,0.0182639275082121,0.0374755258550465),
 .UNSPECIFIED.);
#2028=B_SPLINE_CURVE_WITH_KNOTS('',3,(#9482,#9483,#9484,#9485,#9486),
 .UNSPECIFIED.,.F.,.F.,(4,1,4),(0.,0.0182639275082121,0.0374755258550465),
 .UNSPECIFIED.);
#2029=B_SPLINE_CURVE_WITH_KNOTS('',3,(#9498,#9499,#9500,#9501,#9502),
 .UNSPECIFIED.,.F.,.F.,(4,1,4),(0.,0.0251771278638299,0.0457387150296511),
 .UNSPECIFIED.);
#2030=B_SPLINE_CURVE_WITH_KNOTS('',3,(#9505,#9506,#9507,#9508,#9509),
 .UNSPECIFIED.,.F.,.F.,(4,1,4),(0.,0.0251771278638299,0.0457387150296511),
 .UNSPECIFIED.);
#2031=B_SPLINE_CURVE_WITH_KNOTS('',3,(#9521,#9522,#9523,#9524,#9525),
 .UNSPECIFIED.,.F.,.F.,(4,1,4),(0.,0.0224713727922111,0.0495567272038162),
 .UNSPECIFIED.);
#2032=B_SPLINE_CURVE_WITH_KNOTS('',3,(#9528,#9529,#9530,#9531,#9532),
 .UNSPECIFIED.,.F.,.F.,(4,1,4),(0.,0.0224713727922111,0.0495567272038162),
 .UNSPECIFIED.);
#2033=B_SPLINE_CURVE_WITH_KNOTS('',3,(#9544,#9545,#9546,#9547,#9548),
 .UNSPECIFIED.,.F.,.F.,(4,1,4),(0.,0.0200309479796105,0.0396547172598256),
 .UNSPECIFIED.);
#2034=B_SPLINE_CURVE_WITH_KNOTS('',3,(#9551,#9552,#9553,#9554,#9555),
 .UNSPECIFIED.,.F.,.F.,(4,1,4),(0.,0.0200309479796105,0.0396547172598256),
 .UNSPECIFIED.);
#2035=B_SPLINE_CURVE_WITH_KNOTS('',3,(#9567,#9568,#9569,#9570,#9571),
 .UNSPECIFIED.,.F.,.F.,(4,1,4),(0.,0.0173851773215089,0.0353455846115043),
 .UNSPECIFIED.);
#2036=B_SPLINE_CURVE_WITH_KNOTS('',3,(#9574,#9575,#9576,#9577,#9578),
 .UNSPECIFIED.,.F.,.F.,(4,1,4),(0.,0.0173851773215089,0.0353455846115043),
 .UNSPECIFIED.);
#2037=B_SPLINE_CURVE_WITH_KNOTS('',3,(#9590,#9591,#9592,#9593,#9594),
 .UNSPECIFIED.,.F.,.F.,(4,1,4),(0.,0.0193810958458401,0.0374292120708212),
 .UNSPECIFIED.);
#2038=B_SPLINE_CURVE_WITH_KNOTS('',3,(#9597,#9598,#9599,#9600,#9601),
 .UNSPECIFIED.,.F.,.F.,(4,1,4),(0.,0.0193810958458401,0.0374292120708212),
 .UNSPECIFIED.);
#2039=B_SPLINE_CURVE_WITH_KNOTS('',3,(#9618,#9619,#9620,#9621,#9622),
 .UNSPECIFIED.,.F.,.F.,(4,1,4),(0.,0.0209926778347404,0.0451547477413954),
 .UNSPECIFIED.);
#2040=B_SPLINE_CURVE_WITH_KNOTS('',3,(#9623,#9624,#9625,#9626,#9627),
 .UNSPECIFIED.,.F.,.F.,(4,1,4),(0.,0.0209926778347404,0.0451547477413954),
 .UNSPECIFIED.);
#2041=B_SPLINE_CURVE_WITH_KNOTS('',3,(#9660,#9661,#9662,#9663,#9664),
 .UNSPECIFIED.,.F.,.F.,(4,1,4),(0.,0.0359224671707722,0.0676543412053765),
 .UNSPECIFIED.);
#2042=B_SPLINE_CURVE_WITH_KNOTS('',3,(#9667,#9668,#9669,#9670,#9671),
 .UNSPECIFIED.,.F.,.F.,(4,1,4),(0.,0.0359224671707722,0.0676543412053765),
 .UNSPECIFIED.);
#2043=B_SPLINE_CURVE_WITH_KNOTS('',3,(#9683,#9684,#9685,#9686,#9687),
 .UNSPECIFIED.,.F.,.F.,(4,1,4),(0.,0.0393442184018621,0.0796856429330836),
 .UNSPECIFIED.);
#2044=B_SPLINE_CURVE_WITH_KNOTS('',3,(#9690,#9691,#9692,#9693,#9694),
 .UNSPECIFIED.,.F.,.F.,(4,1,4),(0.,0.0393442184018621,0.0796856429330836),
 .UNSPECIFIED.);
#2045=B_SPLINE_CURVE_WITH_KNOTS('',3,(#9706,#9707,#9708,#9709,#9710),
 .UNSPECIFIED.,.F.,.F.,(4,1,4),(0.,0.0483289074803311,0.0907586647051366),
 .UNSPECIFIED.);
#2046=B_SPLINE_CURVE_WITH_KNOTS('',3,(#9713,#9714,#9715,#9716,#9717),
 .UNSPECIFIED.,.F.,.F.,(4,1,4),(0.,0.0483289074803311,0.0907586647051366),
 .UNSPECIFIED.);
#2047=B_SPLINE_CURVE_WITH_KNOTS('',3,(#9729,#9730,#9731,#9732,#9733),
 .UNSPECIFIED.,.F.,.F.,(4,1,4),(0.,0.038612765234799,0.084239386008038),
 .UNSPECIFIED.);
#2048=B_SPLINE_CURVE_WITH_KNOTS('',3,(#9736,#9737,#9738,#9739,#9740),
 .UNSPECIFIED.,.F.,.F.,(4,1,4),(0.,0.038612765234799,0.084239386008038),
 .UNSPECIFIED.);
#2049=B_SPLINE_CURVE_WITH_KNOTS('',3,(#9752,#9753,#9754,#9755,#9756),
 .UNSPECIFIED.,.F.,.F.,(4,1,4),(0.,0.0369310821543962,0.0724070474624133),
 .UNSPECIFIED.);
#2050=B_SPLINE_CURVE_WITH_KNOTS('',3,(#9759,#9760,#9761,#9762,#9763),
 .UNSPECIFIED.,.F.,.F.,(4,1,4),(0.,0.0369310821543962,0.0724070474624133),
 .UNSPECIFIED.);
#2051=B_SPLINE_CURVE_WITH_KNOTS('',3,(#9775,#9776,#9777,#9778,#9779),
 .UNSPECIFIED.,.F.,.F.,(4,1,4),(0.,0.0381510389321448,0.0775606834754668),
 .UNSPECIFIED.);
#2052=B_SPLINE_CURVE_WITH_KNOTS('',3,(#9782,#9783,#9784,#9785,#9786),
 .UNSPECIFIED.,.F.,.F.,(4,1,4),(0.,0.0381510389321448,0.0775606834754668),
 .UNSPECIFIED.);
#2053=B_SPLINE_CURVE_WITH_KNOTS('',3,(#9821,#9822,#9823,#9824,#9825),
 .UNSPECIFIED.,.F.,.F.,(4,1,4),(0.,0.0566629775685794,0.123625990616719),
 .UNSPECIFIED.);
#2054=B_SPLINE_CURVE_WITH_KNOTS('',3,(#9829,#9830,#9831,#9832,#9833),
 .UNSPECIFIED.,.F.,.F.,(4,1,4),(0.,0.0566629775685794,0.123625990616719),
 .UNSPECIFIED.);
#2055=B_SPLINE_CURVE_WITH_KNOTS('',3,(#9846,#9847,#9848,#9849,#9850),
 .UNSPECIFIED.,.F.,.F.,(4,1,4),(0.,0.0425673700494406,0.0854826399163758),
 .UNSPECIFIED.);
#2056=B_SPLINE_CURVE_WITH_KNOTS('',3,(#9853,#9854,#9855,#9856,#9857),
 .UNSPECIFIED.,.F.,.F.,(4,1,4),(0.,0.0425673700494406,0.0854826399163758),
 .UNSPECIFIED.);
#2057=B_SPLINE_CURVE_WITH_KNOTS('',3,(#9869,#9870,#9871,#9872,#9873),
 .UNSPECIFIED.,.F.,.F.,(4,1,4),(0.,0.0395156730839444,0.0778485500301071),
 .UNSPECIFIED.);
#2058=B_SPLINE_CURVE_WITH_KNOTS('',3,(#9876,#9877,#9878,#9879,#9880),
 .UNSPECIFIED.,.F.,.F.,(4,1,4),(0.,0.0395156730839444,0.0778485500301071),
 .UNSPECIFIED.);
#2059=B_SPLINE_CURVE_WITH_KNOTS('',3,(#9892,#9893,#9894,#9895,#9896),
 .UNSPECIFIED.,.F.,.F.,(4,1,4),(0.,0.0209949128469382,0.0422697299794662),
 .UNSPECIFIED.);
#2060=B_SPLINE_CURVE_WITH_KNOTS('',3,(#9899,#9900,#9901,#9902,#9903),
 .UNSPECIFIED.,.F.,.F.,(4,1,4),(0.,0.0209949128469382,0.0422697299794662),
 .UNSPECIFIED.);
#2061=B_SPLINE_CURVE_WITH_KNOTS('',3,(#9915,#9916,#9917,#9918,#9919),
 .UNSPECIFIED.,.F.,.F.,(4,1,4),(0.,0.019844635839235,0.0404251706737264),
 .UNSPECIFIED.);
#2062=B_SPLINE_CURVE_WITH_KNOTS('',3,(#9922,#9923,#9924,#9925,#9926),
 .UNSPECIFIED.,.F.,.F.,(4,1,4),(0.,0.019844635839235,0.0404251706737264),
 .UNSPECIFIED.);
#2063=B_SPLINE_CURVE_WITH_KNOTS('',3,(#9974,#9975,#9976,#9977,#9978),
 .UNSPECIFIED.,.F.,.F.,(4,1,4),(0.,0.0175325575376218,0.0382947963598379),
 .UNSPECIFIED.);
#2064=B_SPLINE_CURVE_WITH_KNOTS('',3,(#9981,#9982,#9983,#9984,#9985),
 .UNSPECIFIED.,.F.,.F.,(4,1,4),(0.,0.0175325575376218,0.0382947963598379),
 .UNSPECIFIED.);
#2065=B_SPLINE_CURVE_WITH_KNOTS('',3,(#9997,#9998,#9999,#10000,#10001),
 .UNSPECIFIED.,.F.,.F.,(4,1,4),(0.,0.015608931415224,0.0311386420796234),
 .UNSPECIFIED.);
#2066=B_SPLINE_CURVE_WITH_KNOTS('',3,(#10004,#10005,#10006,#10007,#10008),
 .UNSPECIFIED.,.F.,.F.,(4,1,4),(0.,0.015608931415224,0.0311386420796234),
 .UNSPECIFIED.);
#2067=B_SPLINE_CURVE_WITH_KNOTS('',3,(#10020,#10021,#10022,#10023,#10024),
 .UNSPECIFIED.,.F.,.F.,(4,1,4),(0.,0.0350739089069397,0.0627677687992035),
 .UNSPECIFIED.);
#2068=B_SPLINE_CURVE_WITH_KNOTS('',3,(#10027,#10028,#10029,#10030,#10031),
 .UNSPECIFIED.,.F.,.F.,(4,1,4),(0.,0.0350739089069397,0.0627677687992035),
 .UNSPECIFIED.);
#2069=B_SPLINE_CURVE_WITH_KNOTS('',3,(#10061,#10062,#10063,#10064,#10065),
 .UNSPECIFIED.,.F.,.F.,(4,1,4),(0.,0.0175197596522951,0.0368846604902302),
 .UNSPECIFIED.);
#2070=B_SPLINE_CURVE_WITH_KNOTS('',3,(#10068,#10069,#10070,#10071,#10072),
 .UNSPECIFIED.,.F.,.F.,(4,1,4),(0.,0.0175197596522951,0.0368846604902302),
 .UNSPECIFIED.);
#2071=B_SPLINE_CURVE_WITH_KNOTS('',3,(#10084,#10085,#10086,#10087,#10088),
 .UNSPECIFIED.,.F.,.F.,(4,1,4),(0.,0.0152104153776351,0.0309899758764321),
 .UNSPECIFIED.);
#2072=B_SPLINE_CURVE_WITH_KNOTS('',3,(#10091,#10092,#10093,#10094,#10095),
 .UNSPECIFIED.,.F.,.F.,(4,1,4),(0.,0.0152104153776351,0.0309899758764321),
 .UNSPECIFIED.);
#2073=B_SPLINE_CURVE_WITH_KNOTS('',3,(#10107,#10108,#10109,#10110,#10111),
 .UNSPECIFIED.,.F.,.F.,(4,1,4),(0.,0.0360255397844269,0.0642775593465928),
 .UNSPECIFIED.);
#2074=B_SPLINE_CURVE_WITH_KNOTS('',3,(#10114,#10115,#10116,#10117,#10118),
 .UNSPECIFIED.,.F.,.F.,(4,1,4),(0.,0.0360255397844269,0.0642775593465928),
 .UNSPECIFIED.);
#2075=B_SPLINE_CURVE_WITH_KNOTS('',3,(#10147,#10148,#10149,#10150,#10151),
 .UNSPECIFIED.,.F.,.F.,(4,1,4),(0.,0.0372086979132011,0.0793076976677286),
 .UNSPECIFIED.);
#2076=B_SPLINE_CURVE_WITH_KNOTS('',3,(#10155,#10156,#10157,#10158,#10159),
 .UNSPECIFIED.,.F.,.F.,(4,1,4),(0.,0.0372086979132011,0.0793076976677286),
 .UNSPECIFIED.);
#2077=B_SPLINE_CURVE_WITH_KNOTS('',3,(#10172,#10173,#10174,#10175,#10176),
 .UNSPECIFIED.,.F.,.F.,(4,1,4),(0.,0.0421715564311637,0.0801124125636372),
 .UNSPECIFIED.);
#2078=B_SPLINE_CURVE_WITH_KNOTS('',3,(#10179,#10180,#10181,#10182,#10183),
 .UNSPECIFIED.,.F.,.F.,(4,1,4),(0.,0.0421715564311637,0.0801124125636372),
 .UNSPECIFIED.);
#2079=B_SPLINE_CURVE_WITH_KNOTS('',3,(#10211,#10212,#10213,#10214,#10215),
 .UNSPECIFIED.,.F.,.F.,(4,1,4),(0.,0.0433880566795647,0.0928115696776589),
 .UNSPECIFIED.);
#2080=B_SPLINE_CURVE_WITH_KNOTS('',3,(#10219,#10220,#10221,#10222,#10223),
 .UNSPECIFIED.,.F.,.F.,(4,1,4),(0.,0.0433880566795647,0.0928115696776589),
 .UNSPECIFIED.);
#2081=B_SPLINE_CURVE_WITH_KNOTS('',3,(#10236,#10237,#10238,#10239,#10240),
 .UNSPECIFIED.,.F.,.F.,(4,1,4),(0.,0.0416747059280721,0.0821091784795953),
 .UNSPECIFIED.);
#2082=B_SPLINE_CURVE_WITH_KNOTS('',3,(#10243,#10244,#10245,#10246,#10247),
 .UNSPECIFIED.,.F.,.F.,(4,1,4),(0.,0.0416747059280721,0.0821091784795953),
 .UNSPECIFIED.);
#2083=B_SPLINE_CURVE_WITH_KNOTS('',3,(#10259,#10260,#10261,#10262,#10263),
 .UNSPECIFIED.,.F.,.F.,(4,1,4),(0.,0.088336876437415,0.165441853258495),
 .UNSPECIFIED.);
#2084=B_SPLINE_CURVE_WITH_KNOTS('',3,(#10266,#10267,#10268,#10269,#10270),
 .UNSPECIFIED.,.F.,.F.,(4,1,4),(0.,0.088336876437415,0.165441853258495),
 .UNSPECIFIED.);
#2085=VERTEX_POINT('',#6557);
#2086=VERTEX_POINT('',#6558);
#2087=VERTEX_POINT('',#6564);
#2088=VERTEX_POINT('',#6566);
#2089=VERTEX_POINT('',#6583);
#2090=VERTEX_POINT('',#6589);
#2091=VERTEX_POINT('',#6606);
#2092=VERTEX_POINT('',#6612);
#2093=VERTEX_POINT('',#6629);
#2094=VERTEX_POINT('',#6635);
#2095=VERTEX_POINT('',#6672);
#2096=VERTEX_POINT('',#6673);
#2097=VERTEX_POINT('',#6679);
#2098=VERTEX_POINT('',#6681);
#2099=VERTEX_POINT('',#6698);
#2100=VERTEX_POINT('',#6704);
#2101=VERTEX_POINT('',#6721);
#2102=VERTEX_POINT('',#6727);
#2103=VERTEX_POINT('',#6744);
#2104=VERTEX_POINT('',#6750);
#2105=VERTEX_POINT('',#6767);
#2106=VERTEX_POINT('',#6773);
#2107=VERTEX_POINT('',#6790);
#2108=VERTEX_POINT('',#6796);
#2109=VERTEX_POINT('',#6813);
#2110=VERTEX_POINT('',#6819);
#2111=VERTEX_POINT('',#6857);
#2112=VERTEX_POINT('',#6858);
#2113=VERTEX_POINT('',#6864);
#2114=VERTEX_POINT('',#6866);
#2115=VERTEX_POINT('',#6883);
#2116=VERTEX_POINT('',#6889);
#2117=VERTEX_POINT('',#6906);
#2118=VERTEX_POINT('',#6912);
#2119=VERTEX_POINT('',#6929);
#2120=VERTEX_POINT('',#6935);
#2121=VERTEX_POINT('',#6972);
#2122=VERTEX_POINT('',#6973);
#2123=VERTEX_POINT('',#6979);
#2124=VERTEX_POINT('',#6981);
#2125=VERTEX_POINT('',#6998);
#2126=VERTEX_POINT('',#7004);
#2127=VERTEX_POINT('',#7021);
#2128=VERTEX_POINT('',#7027);
#2129=VERTEX_POINT('',#7044);
#2130=VERTEX_POINT('',#7050);
#2131=VERTEX_POINT('',#7067);
#2132=VERTEX_POINT('',#7073);
#2133=VERTEX_POINT('',#7090);
#2134=VERTEX_POINT('',#7096);
#2135=VERTEX_POINT('',#7113);
#2136=VERTEX_POINT('',#7119);
#2137=VERTEX_POINT('',#7157);
#2138=VERTEX_POINT('',#7158);
#2139=VERTEX_POINT('',#7164);
#2140=VERTEX_POINT('',#7166);
#2141=VERTEX_POINT('',#7183);
#2142=VERTEX_POINT('',#7189);
#2143=VERTEX_POINT('',#7206);
#2144=VERTEX_POINT('',#7212);
#2145=VERTEX_POINT('',#7229);
#2146=VERTEX_POINT('',#7235);
#2147=VERTEX_POINT('',#7272);
#2148=VERTEX_POINT('',#7273);
#2149=VERTEX_POINT('',#7279);
#2150=VERTEX_POINT('',#7281);
#2151=VERTEX_POINT('',#7298);
#2152=VERTEX_POINT('',#7304);
#2153=VERTEX_POINT('',#7321);
#2154=VERTEX_POINT('',#7327);
#2155=VERTEX_POINT('',#7344);
#2156=VERTEX_POINT('',#7350);
#2157=VERTEX_POINT('',#7367);
#2158=VERTEX_POINT('',#7373);
#2159=VERTEX_POINT('',#7390);
#2160=VERTEX_POINT('',#7396);
#2161=VERTEX_POINT('',#7413);
#2162=VERTEX_POINT('',#7419);
#2163=VERTEX_POINT('',#7457);
#2164=VERTEX_POINT('',#7458);
#2165=VERTEX_POINT('',#7464);
#2166=VERTEX_POINT('',#7466);
#2167=VERTEX_POINT('',#7483);
#2168=VERTEX_POINT('',#7489);
#2169=VERTEX_POINT('',#7506);
#2170=VERTEX_POINT('',#7512);
#2171=VERTEX_POINT('',#7532);
#2172=VERTEX_POINT('',#7533);
#2173=VERTEX_POINT('',#7539);
#2174=VERTEX_POINT('',#7541);
#2175=VERTEX_POINT('',#7558);
#2176=VERTEX_POINT('',#7564);
#2177=VERTEX_POINT('',#7581);
#2178=VERTEX_POINT('',#7587);
#2179=VERTEX_POINT('',#7604);
#2180=VERTEX_POINT('',#7610);
#2181=VERTEX_POINT('',#7627);
#2182=VERTEX_POINT('',#7633);
#2183=VERTEX_POINT('',#7650);
#2184=VERTEX_POINT('',#7656);
#2185=VERTEX_POINT('',#7673);
#2186=VERTEX_POINT('',#7679);
#2187=VERTEX_POINT('',#7687);
#2188=VERTEX_POINT('',#7689);
#2189=VERTEX_POINT('',#7702);
#2190=VERTEX_POINT('',#7708);
#2191=VERTEX_POINT('',#7725);
#2192=VERTEX_POINT('',#7731);
#2193=VERTEX_POINT('',#7739);
#2194=VERTEX_POINT('',#7741);
#2195=VERTEX_POINT('',#7758);
#2196=VERTEX_POINT('',#7759);
#2197=VERTEX_POINT('',#7765);
#2198=VERTEX_POINT('',#7767);
#2199=VERTEX_POINT('',#7784);
#2200=VERTEX_POINT('',#7790);
#2201=VERTEX_POINT('',#7798);
#2202=VERTEX_POINT('',#7800);
#2203=VERTEX_POINT('',#7804);
#2204=VERTEX_POINT('',#7806);
#2205=VERTEX_POINT('',#7822);
#2206=VERTEX_POINT('',#7823);
#2207=VERTEX_POINT('',#7829);
#2208=VERTEX_POINT('',#7831);
#2209=VERTEX_POINT('',#7848);
#2210=VERTEX_POINT('',#7854);
#2211=VERTEX_POINT('',#7871);
#2212=VERTEX_POINT('',#7877);
#2213=VERTEX_POINT('',#7885);
#2214=VERTEX_POINT('',#7887);
#2215=VERTEX_POINT('',#7891);
#2216=VERTEX_POINT('',#7893);
#2217=VERTEX_POINT('',#7897);
#2218=VERTEX_POINT('',#7899);
#2219=VERTEX_POINT('',#7903);
#2220=VERTEX_POINT('',#7905);
#2221=VERTEX_POINT('',#7922);
#2222=VERTEX_POINT('',#7923);
#2223=VERTEX_POINT('',#7929);
#2224=VERTEX_POINT('',#7931);
#2225=VERTEX_POINT('',#7948);
#2226=VERTEX_POINT('',#7954);
#2227=VERTEX_POINT('',#7971);
#2228=VERTEX_POINT('',#7977);
#2229=VERTEX_POINT('',#7994);
#2230=VERTEX_POINT('',#8000);
#2231=VERTEX_POINT('',#8017);
#2232=VERTEX_POINT('',#8023);
#2233=VERTEX_POINT('',#8040);
#2234=VERTEX_POINT('',#8046);
#2235=VERTEX_POINT('',#8063);
#2236=VERTEX_POINT('',#8069);
#2237=VERTEX_POINT('',#8077);
#2238=VERTEX_POINT('',#8079);
#2239=VERTEX_POINT('',#8112);
#2240=VERTEX_POINT('',#8113);
#2241=VERTEX_POINT('',#8119);
#2242=VERTEX_POINT('',#8121);
#2243=VERTEX_POINT('',#8138);
#2244=VERTEX_POINT('',#8144);
#2245=VERTEX_POINT('',#8161);
#2246=VERTEX_POINT('',#8167);
#2247=VERTEX_POINT('',#8184);
#2248=VERTEX_POINT('',#8190);
#2249=VERTEX_POINT('',#8207);
#2250=VERTEX_POINT('',#8213);
#2251=VERTEX_POINT('',#8221);
#2252=VERTEX_POINT('',#8223);
#2253=VERTEX_POINT('',#8227);
#2254=VERTEX_POINT('',#8229);
#2255=VERTEX_POINT('',#8233);
#2256=VERTEX_POINT('',#8235);
#2257=VERTEX_POINT('',#8239);
#2258=VERTEX_POINT('',#8241);
#2259=VERTEX_POINT('',#8245);
#2260=VERTEX_POINT('',#8247);
#2261=VERTEX_POINT('',#8251);
#2262=VERTEX_POINT('',#8253);
#2263=VERTEX_POINT('',#8257);
#2264=VERTEX_POINT('',#8259);
#2265=VERTEX_POINT('',#8284);
#2266=VERTEX_POINT('',#8285);
#2267=VERTEX_POINT('',#8287);
#2268=VERTEX_POINT('',#8289);
#2269=VERTEX_POINT('',#8293);
#2270=VERTEX_POINT('',#8295);
#2271=VERTEX_POINT('',#8299);
#2272=VERTEX_POINT('',#8301);
#2273=VERTEX_POINT('',#8318);
#2274=VERTEX_POINT('',#8319);
#2275=VERTEX_POINT('',#8325);
#2276=VERTEX_POINT('',#8327);
#2277=VERTEX_POINT('',#8344);
#2278=VERTEX_POINT('',#8350);
#2279=VERTEX_POINT('',#8367);
#2280=VERTEX_POINT('',#8373);
#2281=VERTEX_POINT('',#8390);
#2282=VERTEX_POINT('',#8396);
#2283=VERTEX_POINT('',#8413);
#2284=VERTEX_POINT('',#8419);
#2285=VERTEX_POINT('',#8436);
#2286=VERTEX_POINT('',#8442);
#2287=VERTEX_POINT('',#8459);
#2288=VERTEX_POINT('',#8465);
#2289=VERTEX_POINT('',#8473);
#2290=VERTEX_POINT('',#8475);
#2291=VERTEX_POINT('',#8508);
#2292=VERTEX_POINT('',#8509);
#2293=VERTEX_POINT('',#8515);
#2294=VERTEX_POINT('',#8517);
#2295=VERTEX_POINT('',#8534);
#2296=VERTEX_POINT('',#8540);
#2297=VERTEX_POINT('',#8557);
#2298=VERTEX_POINT('',#8563);
#2299=VERTEX_POINT('',#8580);
#2300=VERTEX_POINT('',#8586);
#2301=VERTEX_POINT('',#8603);
#2302=VERTEX_POINT('',#8609);
#2303=VERTEX_POINT('',#8617);
#2304=VERTEX_POINT('',#8619);
#2305=VERTEX_POINT('',#8623);
#2306=VERTEX_POINT('',#8625);
#2307=VERTEX_POINT('',#8629);
#2308=VERTEX_POINT('',#8631);
#2309=VERTEX_POINT('',#8635);
#2310=VERTEX_POINT('',#8637);
#2311=VERTEX_POINT('',#8641);
#2312=VERTEX_POINT('',#8643);
#2313=VERTEX_POINT('',#8647);
#2314=VERTEX_POINT('',#8649);
#2315=VERTEX_POINT('',#8653);
#2316=VERTEX_POINT('',#8655);
#2317=VERTEX_POINT('',#8689);
#2318=VERTEX_POINT('',#8690);
#2319=VERTEX_POINT('',#8696);
#2320=VERTEX_POINT('',#8698);
#2321=VERTEX_POINT('',#8715);
#2322=VERTEX_POINT('',#8721);
#2323=VERTEX_POINT('',#8738);
#2324=VERTEX_POINT('',#8744);
#2325=VERTEX_POINT('',#8764);
#2326=VERTEX_POINT('',#8765);
#2327=VERTEX_POINT('',#8771);
#2328=VERTEX_POINT('',#8773);
#2329=VERTEX_POINT('',#8790);
#2330=VERTEX_POINT('',#8796);
#2331=VERTEX_POINT('',#8813);
#2332=VERTEX_POINT('',#8819);
#2333=VERTEX_POINT('',#8836);
#2334=VERTEX_POINT('',#8842);
#2335=VERTEX_POINT('',#8859);
#2336=VERTEX_POINT('',#8865);
#2337=VERTEX_POINT('',#8882);
#2338=VERTEX_POINT('',#8888);
#2339=VERTEX_POINT('',#8905);
#2340=VERTEX_POINT('',#8911);
#2341=VERTEX_POINT('',#8919);
#2342=VERTEX_POINT('',#8921);
#2343=VERTEX_POINT('',#8934);
#2344=VERTEX_POINT('',#8940);
#2345=VERTEX_POINT('',#8957);
#2346=VERTEX_POINT('',#8963);
#2347=VERTEX_POINT('',#8971);
#2348=VERTEX_POINT('',#8973);
#2349=VERTEX_POINT('',#8990);
#2350=VERTEX_POINT('',#8991);
#2351=VERTEX_POINT('',#8997);
#2352=VERTEX_POINT('',#8999);
#2353=VERTEX_POINT('',#9016);
#2354=VERTEX_POINT('',#9022);
#2355=VERTEX_POINT('',#9039);
#2356=VERTEX_POINT('',#9045);
#2357=VERTEX_POINT('',#9062);
#2358=VERTEX_POINT('',#9068);
#2359=VERTEX_POINT('',#9105);
#2360=VERTEX_POINT('',#9106);
#2361=VERTEX_POINT('',#9112);
#2362=VERTEX_POINT('',#9114);
#2363=VERTEX_POINT('',#9131);
#2364=VERTEX_POINT('',#9137);
#2365=VERTEX_POINT('',#9154);
#2366=VERTEX_POINT('',#9160);
#2367=VERTEX_POINT('',#9177);
#2368=VERTEX_POINT('',#9183);
#2369=VERTEX_POINT('',#9200);
#2370=VERTEX_POINT('',#9206);
#2371=VERTEX_POINT('',#9223);
#2372=VERTEX_POINT('',#9229);
#2373=VERTEX_POINT('',#9246);
#2374=VERTEX_POINT('',#9252);
#2375=VERTEX_POINT('',#9290);
#2376=VERTEX_POINT('',#9291);
#2377=VERTEX_POINT('',#9297);
#2378=VERTEX_POINT('',#9299);
#2379=VERTEX_POINT('',#9316);
#2380=VERTEX_POINT('',#9322);
#2381=VERTEX_POINT('',#9330);
#2382=VERTEX_POINT('',#9332);
#2383=VERTEX_POINT('',#9336);
#2384=VERTEX_POINT('',#9338);
#2385=VERTEX_POINT('',#9342);
#2386=VERTEX_POINT('',#9344);
#2387=VERTEX_POINT('',#9348);
#2388=VERTEX_POINT('',#9350);
#2389=VERTEX_POINT('',#9354);
#2390=VERTEX_POINT('',#9356);
#2391=VERTEX_POINT('',#9360);
#2392=VERTEX_POINT('',#9362);
#2393=VERTEX_POINT('',#9375);
#2394=VERTEX_POINT('',#9381);
#2395=VERTEX_POINT('',#9398);
#2396=VERTEX_POINT('',#9404);
#2397=VERTEX_POINT('',#9421);
#2398=VERTEX_POINT('',#9427);
#2399=VERTEX_POINT('',#9448);
#2400=VERTEX_POINT('',#9449);
#2401=VERTEX_POINT('',#9455);
#2402=VERTEX_POINT('',#9457);
#2403=VERTEX_POINT('',#9474);
#2404=VERTEX_POINT('',#9480);
#2405=VERTEX_POINT('',#9497);
#2406=VERTEX_POINT('',#9503);
#2407=VERTEX_POINT('',#9520);
#2408=VERTEX_POINT('',#9526);
#2409=VERTEX_POINT('',#9543);
#2410=VERTEX_POINT('',#9549);
#2411=VERTEX_POINT('',#9566);
#2412=VERTEX_POINT('',#9572);
#2413=VERTEX_POINT('',#9589);
#2414=VERTEX_POINT('',#9595);
#2415=VERTEX_POINT('',#9603);
#2416=VERTEX_POINT('',#9605);
#2417=VERTEX_POINT('',#9629);
#2418=VERTEX_POINT('',#9630);
#2419=VERTEX_POINT('',#9632);
#2420=VERTEX_POINT('',#9634);
#2421=VERTEX_POINT('',#9638);
#2422=VERTEX_POINT('',#9640);
#2423=VERTEX_POINT('',#9644);
#2424=VERTEX_POINT('',#9646);
#2425=VERTEX_POINT('',#9659);
#2426=VERTEX_POINT('',#9665);
#2427=VERTEX_POINT('',#9682);
#2428=VERTEX_POINT('',#9688);
#2429=VERTEX_POINT('',#9705);
#2430=VERTEX_POINT('',#9711);
#2431=VERTEX_POINT('',#9728);
#2432=VERTEX_POINT('',#9734);
#2433=VERTEX_POINT('',#9751);
#2434=VERTEX_POINT('',#9757);
#2435=VERTEX_POINT('',#9774);
#2436=VERTEX_POINT('',#9780);
#2437=VERTEX_POINT('',#9788);
#2438=VERTEX_POINT('',#9790);
#2439=VERTEX_POINT('',#9794);
#2440=VERTEX_POINT('',#9796);
#2441=VERTEX_POINT('',#9800);
#2442=VERTEX_POINT('',#9802);
#2443=VERTEX_POINT('',#9819);
#2444=VERTEX_POINT('',#9820);
#2445=VERTEX_POINT('',#9826);
#2446=VERTEX_POINT('',#9828);
#2447=VERTEX_POINT('',#9845);
#2448=VERTEX_POINT('',#9851);
#2449=VERTEX_POINT('',#9868);
#2450=VERTEX_POINT('',#9874);
#2451=VERTEX_POINT('',#9891);
#2452=VERTEX_POINT('',#9897);
#2453=VERTEX_POINT('',#9914);
#2454=VERTEX_POINT('',#9920);
#2455=VERTEX_POINT('',#9928);
#2456=VERTEX_POINT('',#9930);
#2457=VERTEX_POINT('',#9934);
#2458=VERTEX_POINT('',#9936);
#2459=VERTEX_POINT('',#9940);
#2460=VERTEX_POINT('',#9942);
#2461=VERTEX_POINT('',#9946);
#2462=VERTEX_POINT('',#9948);
#2463=VERTEX_POINT('',#9952);
#2464=VERTEX_POINT('',#9954);
#2465=VERTEX_POINT('',#9958);
#2466=VERTEX_POINT('',#9960);
#2467=VERTEX_POINT('',#9973);
#2468=VERTEX_POINT('',#9979);
#2469=VERTEX_POINT('',#9996);
#2470=VERTEX_POINT('',#10002);
#2471=VERTEX_POINT('',#10019);
#2472=VERTEX_POINT('',#10025);
#2473=VERTEX_POINT('',#10033);
#2474=VERTEX_POINT('',#10035);
#2475=VERTEX_POINT('',#10039);
#2476=VERTEX_POINT('',#10041);
#2477=VERTEX_POINT('',#10045);
#2478=VERTEX_POINT('',#10047);
#2479=VERTEX_POINT('',#10060);
#2480=VERTEX_POINT('',#10066);
#2481=VERTEX_POINT('',#10083);
#2482=VERTEX_POINT('',#10089);
#2483=VERTEX_POINT('',#10106);
#2484=VERTEX_POINT('',#10112);
#2485=VERTEX_POINT('',#10120);
#2486=VERTEX_POINT('',#10122);
#2487=VERTEX_POINT('',#10126);
#2488=VERTEX_POINT('',#10128);
#2489=VERTEX_POINT('',#10145);
#2490=VERTEX_POINT('',#10146);
#2491=VERTEX_POINT('',#10152);
#2492=VERTEX_POINT('',#10154);
#2493=VERTEX_POINT('',#10171);
#2494=VERTEX_POINT('',#10177);
#2495=VERTEX_POINT('',#10185);
#2496=VERTEX_POINT('',#10187);
#2497=VERTEX_POINT('',#10191);
#2498=VERTEX_POINT('',#10193);
#2499=VERTEX_POINT('',#10209);
#2500=VERTEX_POINT('',#10210);
#2501=VERTEX_POINT('',#10216);
#2502=VERTEX_POINT('',#10218);
#2503=VERTEX_POINT('',#10235);
#2504=VERTEX_POINT('',#10241);
#2505=VERTEX_POINT('',#10258);
#2506=VERTEX_POINT('',#10264);
#2507=VERTEX_POINT('',#10272);
#2508=VERTEX_POINT('',#10274);
#2509=VERTEX_POINT('',#10278);
#2510=VERTEX_POINT('',#10280);
#2511=VERTEX_POINT('',#10284);
#2512=VERTEX_POINT('',#10286);
#2513=VERTEX_POINT('',#10290);
#2514=VERTEX_POINT('',#10292);
#2515=VERTEX_POINT('',#10300);
#2516=VERTEX_POINT('',#10301);
#2517=VERTEX_POINT('',#10303);
#2518=VERTEX_POINT('',#10305);
#2519=VERTEX_POINT('',#10319);
#2520=VERTEX_POINT('',#10320);
#2521=VERTEX_POINT('',#10322);
#2522=VERTEX_POINT('',#10324);
#2523=VERTEX_POINT('',#10328);
#2524=VERTEX_POINT('',#10330);
#2525=VERTEX_POINT('',#10334);
#2526=VERTEX_POINT('',#10338);
#2527=VERTEX_POINT('',#10340);
#2528=VERTEX_POINT('',#10342);
#2529=VERTEX_POINT('',#10346);
#2530=VERTEX_POINT('',#10348);
#2531=VERTEX_POINT('',#10352);
#2532=VERTEX_POINT('',#10353);
#2533=VERTEX_POINT('',#10355);
#2534=VERTEX_POINT('',#10357);
#2535=VERTEX_POINT('',#10361);
#2536=VERTEX_POINT('',#10363);
#2537=VERTEX_POINT('',#10367);
#2538=VERTEX_POINT('',#10370);
#2539=VERTEX_POINT('',#10374);
#2540=VERTEX_POINT('',#10376);
#2541=VERTEX_POINT('',#10392);
#2542=VERTEX_POINT('',#10395);
#2543=VERTEX_POINT('',#10400);
#2544=VERTEX_POINT('',#10404);
#2545=VERTEX_POINT('',#10408);
#2546=VERTEX_POINT('',#10412);
#2547=VERTEX_POINT('',#10416);
#2548=VERTEX_POINT('',#10420);
#2549=VERTEX_POINT('',#10427);
#2550=VERTEX_POINT('',#10428);
#2551=VERTEX_POINT('',#10430);
#2552=VERTEX_POINT('',#10432);
#2553=VERTEX_POINT('',#10436);
#2554=VERTEX_POINT('',#10438);
#2555=VERTEX_POINT('',#10442);
#2556=VERTEX_POINT('',#10444);
#2557=VERTEX_POINT('',#10448);
#2558=VERTEX_POINT('',#10450);
#2559=VERTEX_POINT('',#10454);
#2560=VERTEX_POINT('',#10456);
#2561=VERTEX_POINT('',#10460);
#2562=VERTEX_POINT('',#10462);
#2563=VERTEX_POINT('',#10466);
#2564=VERTEX_POINT('',#10468);
#2565=VERTEX_POINT('',#10475);
#2566=VERTEX_POINT('',#10476);
#2567=VERTEX_POINT('',#10478);
#2568=VERTEX_POINT('',#10480);
#2569=VERTEX_POINT('',#10484);
#2570=VERTEX_POINT('',#10486);
#2571=VERTEX_POINT('',#10490);
#2572=VERTEX_POINT('',#10492);
#2573=VERTEX_POINT('',#10499);
#2574=VERTEX_POINT('',#10500);
#2575=VERTEX_POINT('',#10502);
#2576=VERTEX_POINT('',#10504);
#2577=VERTEX_POINT('',#10508);
#2578=VERTEX_POINT('',#10510);
#2579=VERTEX_POINT('',#10514);
#2580=VERTEX_POINT('',#10516);
#2581=VERTEX_POINT('',#10520);
#2582=VERTEX_POINT('',#10522);
#2583=VERTEX_POINT('',#10526);
#2584=VERTEX_POINT('',#10528);
#2585=VERTEX_POINT('',#10532);
#2586=VERTEX_POINT('',#10534);
#2587=VERTEX_POINT('',#10538);
#2588=VERTEX_POINT('',#10540);
#2589=VERTEX_POINT('',#10547);
#2590=VERTEX_POINT('',#10548);
#2591=VERTEX_POINT('',#10550);
#2592=VERTEX_POINT('',#10552);
#2593=VERTEX_POINT('',#10554);
#2594=VERTEX_POINT('',#10558);
#2595=VERTEX_POINT('',#10560);
#2596=VERTEX_POINT('',#10564);
#2597=VERTEX_POINT('',#10566);
#2598=VERTEX_POINT('',#10571);
#2599=VERTEX_POINT('',#10575);
#2600=VERTEX_POINT('',#10577);
#2601=VERTEX_POINT('',#10579);
#2602=VERTEX_POINT('',#10581);
#2603=VERTEX_POINT('',#10585);
#2604=VERTEX_POINT('',#10586);
#2605=VERTEX_POINT('',#10588);
#2606=VERTEX_POINT('',#10592);
#2607=VERTEX_POINT('',#10599);
#2608=VERTEX_POINT('',#10603);
#2609=VERTEX_POINT('',#10605);
#2610=VERTEX_POINT('',#10609);
#2611=EDGE_CURVE('',#2085,#2086,#1797,.T.);
#2612=EDGE_CURVE('',#2085,#2087,#889,.T.);
#2613=EDGE_CURVE('',#2087,#2088,#1798,.T.);
#2614=EDGE_CURVE('',#2086,#2088,#890,.T.);
#2615=EDGE_CURVE('',#2089,#2085,#1799,.T.);
#2616=EDGE_CURVE('',#2089,#2090,#891,.T.);
#2617=EDGE_CURVE('',#2090,#2087,#1800,.T.);
#2618=EDGE_CURVE('',#2091,#2089,#1801,.T.);
#2619=EDGE_CURVE('',#2091,#2092,#892,.T.);
#2620=EDGE_CURVE('',#2092,#2090,#1802,.T.);
#2621=EDGE_CURVE('',#2093,#2091,#1803,.T.);
#2622=EDGE_CURVE('',#2093,#2094,#893,.T.);
#2623=EDGE_CURVE('',#2094,#2092,#1804,.T.);
#2624=EDGE_CURVE('',#2086,#2093,#1805,.T.);
#2625=EDGE_CURVE('',#2088,#2094,#1806,.T.);
#2626=EDGE_CURVE('',#2095,#2096,#1807,.T.);
#2627=EDGE_CURVE('',#2095,#2097,#894,.T.);
#2628=EDGE_CURVE('',#2097,#2098,#1808,.T.);
#2629=EDGE_CURVE('',#2096,#2098,#895,.T.);
#2630=EDGE_CURVE('',#2099,#2095,#1809,.T.);
#2631=EDGE_CURVE('',#2099,#2100,#896,.T.);
#2632=EDGE_CURVE('',#2100,#2097,#1810,.T.);
#2633=EDGE_CURVE('',#2101,#2099,#1811,.T.);
#2634=EDGE_CURVE('',#2101,#2102,#897,.T.);
#2635=EDGE_CURVE('',#2102,#2100,#1812,.T.);
#2636=EDGE_CURVE('',#2103,#2101,#1813,.T.);
#2637=EDGE_CURVE('',#2103,#2104,#898,.T.);
#2638=EDGE_CURVE('',#2104,#2102,#1814,.T.);
#2639=EDGE_CURVE('',#2105,#2103,#1815,.T.);
#2640=EDGE_CURVE('',#2105,#2106,#899,.T.);
#2641=EDGE_CURVE('',#2106,#2104,#1816,.T.);
#2642=EDGE_CURVE('',#2107,#2105,#1817,.T.);
#2643=EDGE_CURVE('',#2107,#2108,#900,.T.);
#2644=EDGE_CURVE('',#2108,#2106,#1818,.T.);
#2645=EDGE_CURVE('',#2109,#2107,#1819,.T.);
#2646=EDGE_CURVE('',#2109,#2110,#901,.T.);
#2647=EDGE_CURVE('',#2110,#2108,#1820,.T.);
#2648=EDGE_CURVE('',#2096,#2109,#1821,.T.);
#2649=EDGE_CURVE('',#2098,#2110,#1822,.T.);
#2650=EDGE_CURVE('',#2111,#2112,#1823,.T.);
#2651=EDGE_CURVE('',#2111,#2113,#902,.T.);
#2652=EDGE_CURVE('',#2113,#2114,#1824,.T.);
#2653=EDGE_CURVE('',#2112,#2114,#903,.T.);
#2654=EDGE_CURVE('',#2115,#2111,#1825,.T.);
#2655=EDGE_CURVE('',#2115,#2116,#904,.T.);
#2656=EDGE_CURVE('',#2116,#2113,#1826,.T.);
#2657=EDGE_CURVE('',#2117,#2115,#1827,.T.);
#2658=EDGE_CURVE('',#2117,#2118,#905,.T.);
#2659=EDGE_CURVE('',#2118,#2116,#1828,.T.);
#2660=EDGE_CURVE('',#2119,#2117,#1829,.T.);
#2661=EDGE_CURVE('',#2119,#2120,#906,.T.);
#2662=EDGE_CURVE('',#2120,#2118,#1830,.T.);
#2663=EDGE_CURVE('',#2112,#2119,#1831,.T.);
#2664=EDGE_CURVE('',#2114,#2120,#1832,.T.);
#2665=EDGE_CURVE('',#2121,#2122,#1833,.T.);
#2666=EDGE_CURVE('',#2121,#2123,#907,.T.);
#2667=EDGE_CURVE('',#2123,#2124,#1834,.T.);
#2668=EDGE_CURVE('',#2122,#2124,#908,.T.);
#2669=EDGE_CURVE('',#2125,#2121,#1835,.T.);
#2670=EDGE_CURVE('',#2125,#2126,#909,.T.);
#2671=EDGE_CURVE('',#2126,#2123,#1836,.T.);
#2672=EDGE_CURVE('',#2127,#2125,#1837,.T.);
#2673=EDGE_CURVE('',#2127,#2128,#910,.T.);
#2674=EDGE_CURVE('',#2128,#2126,#1838,.T.);
#2675=EDGE_CURVE('',#2129,#2127,#1839,.T.);
#2676=EDGE_CURVE('',#2129,#2130,#911,.T.);
#2677=EDGE_CURVE('',#2130,#2128,#1840,.T.);
#2678=EDGE_CURVE('',#2131,#2129,#1841,.T.);
#2679=EDGE_CURVE('',#2131,#2132,#912,.T.);
#2680=EDGE_CURVE('',#2132,#2130,#1842,.T.);
#2681=EDGE_CURVE('',#2133,#2131,#1843,.T.);
#2682=EDGE_CURVE('',#2133,#2134,#913,.T.);
#2683=EDGE_CURVE('',#2134,#2132,#1844,.T.);
#2684=EDGE_CURVE('',#2135,#2133,#1845,.T.);
#2685=EDGE_CURVE('',#2135,#2136,#914,.T.);
#2686=EDGE_CURVE('',#2136,#2134,#1846,.T.);
#2687=EDGE_CURVE('',#2122,#2135,#1847,.T.);
#2688=EDGE_CURVE('',#2124,#2136,#1848,.T.);
#2689=EDGE_CURVE('',#2137,#2138,#1849,.T.);
#2690=EDGE_CURVE('',#2137,#2139,#915,.T.);
#2691=EDGE_CURVE('',#2139,#2140,#1850,.T.);
#2692=EDGE_CURVE('',#2138,#2140,#916,.T.);
#2693=EDGE_CURVE('',#2141,#2137,#1851,.T.);
#2694=EDGE_CURVE('',#2141,#2142,#917,.T.);
#2695=EDGE_CURVE('',#2142,#2139,#1852,.T.);
#2696=EDGE_CURVE('',#2143,#2141,#1853,.T.);
#2697=EDGE_CURVE('',#2143,#2144,#918,.T.);
#2698=EDGE_CURVE('',#2144,#2142,#1854,.T.);
#2699=EDGE_CURVE('',#2145,#2143,#1855,.T.);
#2700=EDGE_CURVE('',#2145,#2146,#919,.T.);
#2701=EDGE_CURVE('',#2146,#2144,#1856,.T.);
#2702=EDGE_CURVE('',#2138,#2145,#1857,.T.);
#2703=EDGE_CURVE('',#2140,#2146,#1858,.T.);
#2704=EDGE_CURVE('',#2147,#2148,#1859,.T.);
#2705=EDGE_CURVE('',#2147,#2149,#920,.T.);
#2706=EDGE_CURVE('',#2149,#2150,#1860,.T.);
#2707=EDGE_CURVE('',#2148,#2150,#921,.T.);
#2708=EDGE_CURVE('',#2151,#2147,#1861,.T.);
#2709=EDGE_CURVE('',#2151,#2152,#922,.T.);
#2710=EDGE_CURVE('',#2152,#2149,#1862,.T.);
#2711=EDGE_CURVE('',#2153,#2151,#1863,.T.);
#2712=EDGE_CURVE('',#2153,#2154,#923,.T.);
#2713=EDGE_CURVE('',#2154,#2152,#1864,.T.);
#2714=EDGE_CURVE('',#2155,#2153,#1865,.T.);
#2715=EDGE_CURVE('',#2155,#2156,#924,.T.);
#2716=EDGE_CURVE('',#2156,#2154,#1866,.T.);
#2717=EDGE_CURVE('',#2157,#2155,#1867,.T.);
#2718=EDGE_CURVE('',#2157,#2158,#925,.T.);
#2719=EDGE_CURVE('',#2158,#2156,#1868,.T.);
#2720=EDGE_CURVE('',#2159,#2157,#1869,.T.);
#2721=EDGE_CURVE('',#2159,#2160,#926,.T.);
#2722=EDGE_CURVE('',#2160,#2158,#1870,.T.);
#2723=EDGE_CURVE('',#2161,#2159,#1871,.T.);
#2724=EDGE_CURVE('',#2161,#2162,#927,.T.);
#2725=EDGE_CURVE('',#2162,#2160,#1872,.T.);
#2726=EDGE_CURVE('',#2148,#2161,#1873,.T.);
#2727=EDGE_CURVE('',#2150,#2162,#1874,.T.);
#2728=EDGE_CURVE('',#2163,#2164,#1875,.T.);
#2729=EDGE_CURVE('',#2163,#2165,#928,.T.);
#2730=EDGE_CURVE('',#2165,#2166,#1876,.T.);
#2731=EDGE_CURVE('',#2164,#2166,#929,.T.);
#2732=EDGE_CURVE('',#2167,#2163,#1877,.T.);
#2733=EDGE_CURVE('',#2167,#2168,#930,.T.);
#2734=EDGE_CURVE('',#2168,#2165,#1878,.T.);
#2735=EDGE_CURVE('',#2169,#2167,#1879,.T.);
#2736=EDGE_CURVE('',#2169,#2170,#931,.T.);
#2737=EDGE_CURVE('',#2170,#2168,#1880,.T.);
#2738=EDGE_CURVE('',#2164,#2169,#932,.T.);
#2739=EDGE_CURVE('',#2166,#2170,#933,.T.);
#2740=EDGE_CURVE('',#2171,#2172,#1881,.T.);
#2741=EDGE_CURVE('',#2171,#2173,#934,.T.);
#2742=EDGE_CURVE('',#2173,#2174,#1882,.T.);
#2743=EDGE_CURVE('',#2172,#2174,#935,.T.);
#2744=EDGE_CURVE('',#2175,#2171,#1883,.T.);
#2745=EDGE_CURVE('',#2175,#2176,#936,.T.);
#2746=EDGE_CURVE('',#2176,#2173,#1884,.T.);
#2747=EDGE_CURVE('',#2177,#2175,#1885,.T.);
#2748=EDGE_CURVE('',#2177,#2178,#937,.T.);
#2749=EDGE_CURVE('',#2178,#2176,#1886,.T.);
#2750=EDGE_CURVE('',#2179,#2177,#1887,.T.);
#2751=EDGE_CURVE('',#2179,#2180,#938,.T.);
#2752=EDGE_CURVE('',#2180,#2178,#1888,.T.);
#2753=EDGE_CURVE('',#2181,#2179,#1889,.T.);
#2754=EDGE_CURVE('',#2181,#2182,#939,.T.);
#2755=EDGE_CURVE('',#2182,#2180,#1890,.T.);
#2756=EDGE_CURVE('',#2183,#2181,#1891,.T.);
#2757=EDGE_CURVE('',#2183,#2184,#940,.T.);
#2758=EDGE_CURVE('',#2184,#2182,#1892,.T.);
#2759=EDGE_CURVE('',#2185,#2183,#1893,.T.);
#2760=EDGE_CURVE('',#2185,#2186,#941,.T.);
#2761=EDGE_CURVE('',#2186,#2184,#1894,.T.);
#2762=EDGE_CURVE('',#2187,#2185,#942,.T.);
#2763=EDGE_CURVE('',#2187,#2188,#943,.T.);
#2764=EDGE_CURVE('',#2188,#2186,#944,.T.);
#2765=EDGE_CURVE('',#2189,#2187,#1895,.T.);
#2766=EDGE_CURVE('',#2189,#2190,#945,.T.);
#2767=EDGE_CURVE('',#2190,#2188,#1896,.T.);
#2768=EDGE_CURVE('',#2191,#2189,#1897,.T.);
#2769=EDGE_CURVE('',#2191,#2192,#946,.T.);
#2770=EDGE_CURVE('',#2192,#2190,#1898,.T.);
#2771=EDGE_CURVE('',#2193,#2191,#947,.T.);
#2772=EDGE_CURVE('',#2193,#2194,#948,.T.);
#2773=EDGE_CURVE('',#2194,#2192,#949,.T.);
#2774=EDGE_CURVE('',#2172,#2193,#950,.T.);
#2775=EDGE_CURVE('',#2174,#2194,#951,.T.);
#2776=EDGE_CURVE('',#2195,#2196,#1899,.T.);
#2777=EDGE_CURVE('',#2195,#2197,#952,.T.);
#2778=EDGE_CURVE('',#2197,#2198,#1900,.T.);
#2779=EDGE_CURVE('',#2196,#2198,#953,.T.);
#2780=EDGE_CURVE('',#2199,#2195,#1901,.T.);
#2781=EDGE_CURVE('',#2199,#2200,#954,.T.);
#2782=EDGE_CURVE('',#2200,#2197,#1902,.T.);
#2783=EDGE_CURVE('',#2201,#2199,#955,.T.);
#2784=EDGE_CURVE('',#2201,#2202,#956,.T.);
#2785=EDGE_CURVE('',#2202,#2200,#957,.T.);
#2786=EDGE_CURVE('',#2203,#2201,#958,.T.);
#2787=EDGE_CURVE('',#2203,#2204,#959,.T.);
#2788=EDGE_CURVE('',#2204,#2202,#960,.T.);
#2789=EDGE_CURVE('',#2196,#2203,#961,.T.);
#2790=EDGE_CURVE('',#2198,#2204,#962,.T.);
#2791=EDGE_CURVE('',#2205,#2206,#1903,.T.);
#2792=EDGE_CURVE('',#2205,#2207,#963,.T.);
#2793=EDGE_CURVE('',#2207,#2208,#1904,.T.);
#2794=EDGE_CURVE('',#2206,#2208,#964,.T.);
#2795=EDGE_CURVE('',#2209,#2205,#1905,.T.);
#2796=EDGE_CURVE('',#2209,#2210,#965,.T.);
#2797=EDGE_CURVE('',#2210,#2207,#1906,.T.);
#2798=EDGE_CURVE('',#2211,#2209,#1907,.T.);
#2799=EDGE_CURVE('',#2211,#2212,#966,.T.);
#2800=EDGE_CURVE('',#2212,#2210,#1908,.T.);
#2801=EDGE_CURVE('',#2213,#2211,#967,.T.);
#2802=EDGE_CURVE('',#2213,#2214,#968,.T.);
#2803=EDGE_CURVE('',#2214,#2212,#969,.T.);
#2804=EDGE_CURVE('',#2215,#2213,#970,.T.);
#2805=EDGE_CURVE('',#2215,#2216,#971,.T.);
#2806=EDGE_CURVE('',#2216,#2214,#972,.T.);
#2807=EDGE_CURVE('',#2217,#2215,#973,.T.);
#2808=EDGE_CURVE('',#2217,#2218,#974,.T.);
#2809=EDGE_CURVE('',#2218,#2216,#975,.T.);
#2810=EDGE_CURVE('',#2219,#2217,#976,.T.);
#2811=EDGE_CURVE('',#2219,#2220,#977,.T.);
#2812=EDGE_CURVE('',#2220,#2218,#978,.T.);
#2813=EDGE_CURVE('',#2206,#2219,#979,.T.);
#2814=EDGE_CURVE('',#2208,#2220,#980,.T.);
#2815=EDGE_CURVE('',#2221,#2222,#1909,.T.);
#2816=EDGE_CURVE('',#2221,#2223,#981,.T.);
#2817=EDGE_CURVE('',#2223,#2224,#1910,.T.);
#2818=EDGE_CURVE('',#2222,#2224,#982,.T.);
#2819=EDGE_CURVE('',#2225,#2221,#1911,.T.);
#2820=EDGE_CURVE('',#2225,#2226,#983,.T.);
#2821=EDGE_CURVE('',#2226,#2223,#1912,.T.);
#2822=EDGE_CURVE('',#2227,#2225,#1913,.T.);
#2823=EDGE_CURVE('',#2227,#2228,#984,.T.);
#2824=EDGE_CURVE('',#2228,#2226,#1914,.T.);
#2825=EDGE_CURVE('',#2229,#2227,#1915,.T.);
#2826=EDGE_CURVE('',#2229,#2230,#985,.T.);
#2827=EDGE_CURVE('',#2230,#2228,#1916,.T.);
#2828=EDGE_CURVE('',#2231,#2229,#1917,.T.);
#2829=EDGE_CURVE('',#2231,#2232,#986,.T.);
#2830=EDGE_CURVE('',#2232,#2230,#1918,.T.);
#2831=EDGE_CURVE('',#2233,#2231,#1919,.T.);
#2832=EDGE_CURVE('',#2233,#2234,#987,.T.);
#2833=EDGE_CURVE('',#2234,#2232,#1920,.T.);
#2834=EDGE_CURVE('',#2235,#2233,#1921,.T.);
#2835=EDGE_CURVE('',#2235,#2236,#988,.T.);
#2836=EDGE_CURVE('',#2236,#2234,#1922,.T.);
#2837=EDGE_CURVE('',#2237,#2235,#989,.T.);
#2838=EDGE_CURVE('',#2237,#2238,#990,.T.);
#2839=EDGE_CURVE('',#2238,#2236,#991,.T.);
#2840=EDGE_CURVE('',#2222,#2237,#1923,.T.);
#2841=EDGE_CURVE('',#2224,#2238,#1924,.T.);
#2842=EDGE_CURVE('',#2239,#2240,#1925,.T.);
#2843=EDGE_CURVE('',#2239,#2241,#992,.T.);
#2844=EDGE_CURVE('',#2241,#2242,#1926,.T.);
#2845=EDGE_CURVE('',#2240,#2242,#993,.T.);
#2846=EDGE_CURVE('',#2243,#2239,#1927,.T.);
#2847=EDGE_CURVE('',#2243,#2244,#994,.T.);
#2848=EDGE_CURVE('',#2244,#2241,#1928,.T.);
#2849=EDGE_CURVE('',#2245,#2243,#1929,.T.);
#2850=EDGE_CURVE('',#2245,#2246,#995,.T.);
#2851=EDGE_CURVE('',#2246,#2244,#1930,.T.);
#2852=EDGE_CURVE('',#2247,#2245,#1931,.T.);
#2853=EDGE_CURVE('',#2247,#2248,#996,.T.);
#2854=EDGE_CURVE('',#2248,#2246,#1932,.T.);
#2855=EDGE_CURVE('',#2249,#2247,#1933,.T.);
#2856=EDGE_CURVE('',#2249,#2250,#997,.T.);
#2857=EDGE_CURVE('',#2250,#2248,#1934,.T.);
#2858=EDGE_CURVE('',#2251,#2249,#998,.T.);
#2859=EDGE_CURVE('',#2251,#2252,#999,.T.);
#2860=EDGE_CURVE('',#2252,#2250,#1000,.T.);
#2861=EDGE_CURVE('',#2253,#2251,#1001,.T.);
#2862=EDGE_CURVE('',#2253,#2254,#1002,.T.);
#2863=EDGE_CURVE('',#2254,#2252,#1003,.T.);
#2864=EDGE_CURVE('',#2255,#2253,#1004,.T.);
#2865=EDGE_CURVE('',#2255,#2256,#1005,.T.);
#2866=EDGE_CURVE('',#2256,#2254,#1006,.T.);
#2867=EDGE_CURVE('',#2257,#2255,#1007,.T.);
#2868=EDGE_CURVE('',#2257,#2258,#1008,.T.);
#2869=EDGE_CURVE('',#2258,#2256,#1009,.T.);
#2870=EDGE_CURVE('',#2259,#2257,#1010,.T.);
#2871=EDGE_CURVE('',#2259,#2260,#1011,.T.);
#2872=EDGE_CURVE('',#2260,#2258,#1012,.T.);
#2873=EDGE_CURVE('',#2261,#2259,#1013,.T.);
#2874=EDGE_CURVE('',#2261,#2262,#1014,.T.);
#2875=EDGE_CURVE('',#2262,#2260,#1015,.T.);
#2876=EDGE_CURVE('',#2263,#2261,#1016,.T.);
#2877=EDGE_CURVE('',#2263,#2264,#1017,.T.);
#2878=EDGE_CURVE('',#2264,#2262,#1018,.T.);
#2879=EDGE_CURVE('',#2240,#2263,#1935,.T.);
#2880=EDGE_CURVE('',#2242,#2264,#1936,.T.);
#2881=EDGE_CURVE('',#2265,#2266,#1019,.T.);
#2882=EDGE_CURVE('',#2265,#2267,#1020,.T.);
#2883=EDGE_CURVE('',#2267,#2268,#1021,.T.);
#2884=EDGE_CURVE('',#2266,#2268,#1022,.T.);
#2885=EDGE_CURVE('',#2269,#2265,#1023,.T.);
#2886=EDGE_CURVE('',#2269,#2270,#1024,.T.);
#2887=EDGE_CURVE('',#2270,#2267,#1025,.T.);
#2888=EDGE_CURVE('',#2271,#2269,#1026,.T.);
#2889=EDGE_CURVE('',#2271,#2272,#1027,.T.);
#2890=EDGE_CURVE('',#2272,#2270,#1028,.T.);
#2891=EDGE_CURVE('',#2266,#2271,#1029,.T.);
#2892=EDGE_CURVE('',#2268,#2272,#1030,.T.);
#2893=EDGE_CURVE('',#2273,#2274,#1937,.T.);
#2894=EDGE_CURVE('',#2273,#2275,#1031,.T.);
#2895=EDGE_CURVE('',#2275,#2276,#1938,.T.);
#2896=EDGE_CURVE('',#2274,#2276,#1032,.T.);
#2897=EDGE_CURVE('',#2277,#2273,#1939,.T.);
#2898=EDGE_CURVE('',#2277,#2278,#1033,.T.);
#2899=EDGE_CURVE('',#2278,#2275,#1940,.T.);
#2900=EDGE_CURVE('',#2279,#2277,#1941,.T.);
#2901=EDGE_CURVE('',#2279,#2280,#1034,.T.);
#2902=EDGE_CURVE('',#2280,#2278,#1942,.T.);
#2903=EDGE_CURVE('',#2281,#2279,#1943,.T.);
#2904=EDGE_CURVE('',#2281,#2282,#1035,.T.);
#2905=EDGE_CURVE('',#2282,#2280,#1944,.T.);
#2906=EDGE_CURVE('',#2283,#2281,#1945,.T.);
#2907=EDGE_CURVE('',#2283,#2284,#1036,.T.);
#2908=EDGE_CURVE('',#2284,#2282,#1946,.T.);
#2909=EDGE_CURVE('',#2285,#2283,#1947,.T.);
#2910=EDGE_CURVE('',#2285,#2286,#1037,.T.);
#2911=EDGE_CURVE('',#2286,#2284,#1948,.T.);
#2912=EDGE_CURVE('',#2287,#2285,#1949,.T.);
#2913=EDGE_CURVE('',#2287,#2288,#1038,.T.);
#2914=EDGE_CURVE('',#2288,#2286,#1950,.T.);
#2915=EDGE_CURVE('',#2289,#2287,#1039,.T.);
#2916=EDGE_CURVE('',#2289,#2290,#1040,.T.);
#2917=EDGE_CURVE('',#2290,#2288,#1041,.T.);
#2918=EDGE_CURVE('',#2274,#2289,#1951,.T.);
#2919=EDGE_CURVE('',#2276,#2290,#1952,.T.);
#2920=EDGE_CURVE('',#2291,#2292,#1953,.T.);
#2921=EDGE_CURVE('',#2291,#2293,#1042,.T.);
#2922=EDGE_CURVE('',#2293,#2294,#1954,.T.);
#2923=EDGE_CURVE('',#2292,#2294,#1043,.T.);
#2924=EDGE_CURVE('',#2295,#2291,#1955,.T.);
#2925=EDGE_CURVE('',#2295,#2296,#1044,.T.);
#2926=EDGE_CURVE('',#2296,#2293,#1956,.T.);
#2927=EDGE_CURVE('',#2297,#2295,#1957,.T.);
#2928=EDGE_CURVE('',#2297,#2298,#1045,.T.);
#2929=EDGE_CURVE('',#2298,#2296,#1958,.T.);
#2930=EDGE_CURVE('',#2299,#2297,#1959,.T.);
#2931=EDGE_CURVE('',#2299,#2300,#1046,.T.);
#2932=EDGE_CURVE('',#2300,#2298,#1960,.T.);
#2933=EDGE_CURVE('',#2301,#2299,#1961,.T.);
#2934=EDGE_CURVE('',#2301,#2302,#1047,.T.);
#2935=EDGE_CURVE('',#2302,#2300,#1962,.T.);
#2936=EDGE_CURVE('',#2303,#2301,#1048,.T.);
#2937=EDGE_CURVE('',#2303,#2304,#1049,.T.);
#2938=EDGE_CURVE('',#2304,#2302,#1050,.T.);
#2939=EDGE_CURVE('',#2305,#2303,#1051,.T.);
#2940=EDGE_CURVE('',#2305,#2306,#1052,.T.);
#2941=EDGE_CURVE('',#2306,#2304,#1053,.T.);
#2942=EDGE_CURVE('',#2307,#2305,#1054,.T.);
#2943=EDGE_CURVE('',#2307,#2308,#1055,.T.);
#2944=EDGE_CURVE('',#2308,#2306,#1056,.T.);
#2945=EDGE_CURVE('',#2309,#2307,#1057,.T.);
#2946=EDGE_CURVE('',#2309,#2310,#1058,.T.);
#2947=EDGE_CURVE('',#2310,#2308,#1059,.T.);
#2948=EDGE_CURVE('',#2311,#2309,#1060,.T.);
#2949=EDGE_CURVE('',#2311,#2312,#1061,.T.);
#2950=EDGE_CURVE('',#2312,#2310,#1062,.T.);
#2951=EDGE_CURVE('',#2313,#2311,#1063,.T.);
#2952=EDGE_CURVE('',#2313,#2314,#1064,.T.);
#2953=EDGE_CURVE('',#2314,#2312,#1065,.T.);
#2954=EDGE_CURVE('',#2315,#2313,#1066,.T.);
#2955=EDGE_CURVE('',#2315,#2316,#1067,.T.);
#2956=EDGE_CURVE('',#2316,#2314,#1068,.T.);
#2957=EDGE_CURVE('',#2292,#2315,#1963,.T.);
#2958=EDGE_CURVE('',#2294,#2316,#1964,.T.);
#2959=EDGE_CURVE('',#2317,#2318,#1965,.T.);
#2960=EDGE_CURVE('',#2317,#2319,#1069,.T.);
#2961=EDGE_CURVE('',#2319,#2320,#1966,.T.);
#2962=EDGE_CURVE('',#2318,#2320,#1070,.T.);
#2963=EDGE_CURVE('',#2321,#2317,#1967,.T.);
#2964=EDGE_CURVE('',#2321,#2322,#1071,.T.);
#2965=EDGE_CURVE('',#2322,#2319,#1968,.T.);
#2966=EDGE_CURVE('',#2323,#2321,#1969,.T.);
#2967=EDGE_CURVE('',#2323,#2324,#1072,.T.);
#2968=EDGE_CURVE('',#2324,#2322,#1970,.T.);
#2969=EDGE_CURVE('',#2318,#2323,#1073,.T.);
#2970=EDGE_CURVE('',#2320,#2324,#1074,.T.);
#2971=EDGE_CURVE('',#2325,#2326,#1971,.T.);
#2972=EDGE_CURVE('',#2325,#2327,#1075,.T.);
#2973=EDGE_CURVE('',#2327,#2328,#1972,.T.);
#2974=EDGE_CURVE('',#2326,#2328,#1076,.T.);
#2975=EDGE_CURVE('',#2329,#2325,#1973,.T.);
#2976=EDGE_CURVE('',#2329,#2330,#1077,.T.);
#2977=EDGE_CURVE('',#2330,#2327,#1974,.T.);
#2978=EDGE_CURVE('',#2331,#2329,#1975,.T.);
#2979=EDGE_CURVE('',#2331,#2332,#1078,.T.);
#2980=EDGE_CURVE('',#2332,#2330,#1976,.T.);
#2981=EDGE_CURVE('',#2333,#2331,#1977,.T.);
#2982=EDGE_CURVE('',#2333,#2334,#1079,.T.);
#2983=EDGE_CURVE('',#2334,#2332,#1978,.T.);
#2984=EDGE_CURVE('',#2335,#2333,#1979,.T.);
#2985=EDGE_CURVE('',#2335,#2336,#1080,.T.);
#2986=EDGE_CURVE('',#2336,#2334,#1980,.T.);
#2987=EDGE_CURVE('',#2337,#2335,#1981,.T.);
#2988=EDGE_CURVE('',#2337,#2338,#1081,.T.);
#2989=EDGE_CURVE('',#2338,#2336,#1982,.T.);
#2990=EDGE_CURVE('',#2339,#2337,#1983,.T.);
#2991=EDGE_CURVE('',#2339,#2340,#1082,.T.);
#2992=EDGE_CURVE('',#2340,#2338,#1984,.T.);
#2993=EDGE_CURVE('',#2341,#2339,#1083,.T.);
#2994=EDGE_CURVE('',#2341,#2342,#1084,.T.);
#2995=EDGE_CURVE('',#2342,#2340,#1085,.T.);
#2996=EDGE_CURVE('',#2343,#2341,#1985,.T.);
#2997=EDGE_CURVE('',#2343,#2344,#1086,.T.);
#2998=EDGE_CURVE('',#2344,#2342,#1986,.T.);
#2999=EDGE_CURVE('',#2345,#2343,#1987,.T.);
#3000=EDGE_CURVE('',#2345,#2346,#1087,.T.);
#3001=EDGE_CURVE('',#2346,#2344,#1988,.T.);
#3002=EDGE_CURVE('',#2347,#2345,#1088,.T.);
#3003=EDGE_CURVE('',#2347,#2348,#1089,.T.);
#3004=EDGE_CURVE('',#2348,#2346,#1090,.T.);
#3005=EDGE_CURVE('',#2326,#2347,#1091,.T.);
#3006=EDGE_CURVE('',#2328,#2348,#1092,.T.);
#3007=EDGE_CURVE('',#2349,#2350,#1989,.T.);
#3008=EDGE_CURVE('',#2349,#2351,#1093,.T.);
#3009=EDGE_CURVE('',#2351,#2352,#1990,.T.);
#3010=EDGE_CURVE('',#2350,#2352,#1094,.T.);
#3011=EDGE_CURVE('',#2353,#2349,#1991,.T.);
#3012=EDGE_CURVE('',#2353,#2354,#1095,.T.);
#3013=EDGE_CURVE('',#2354,#2351,#1992,.T.);
#3014=EDGE_CURVE('',#2355,#2353,#1993,.T.);
#3015=EDGE_CURVE('',#2355,#2356,#1096,.T.);
#3016=EDGE_CURVE('',#2356,#2354,#1994,.T.);
#3017=EDGE_CURVE('',#2357,#2355,#1995,.T.);
#3018=EDGE_CURVE('',#2357,#2358,#1097,.T.);
#3019=EDGE_CURVE('',#2358,#2356,#1996,.T.);
#3020=EDGE_CURVE('',#2350,#2357,#1997,.T.);
#3021=EDGE_CURVE('',#2352,#2358,#1998,.T.);
#3022=EDGE_CURVE('',#2359,#2360,#1999,.T.);
#3023=EDGE_CURVE('',#2359,#2361,#1098,.T.);
#3024=EDGE_CURVE('',#2361,#2362,#2000,.T.);
#3025=EDGE_CURVE('',#2360,#2362,#1099,.T.);
#3026=EDGE_CURVE('',#2363,#2359,#2001,.T.);
#3027=EDGE_CURVE('',#2363,#2364,#1100,.T.);
#3028=EDGE_CURVE('',#2364,#2361,#2002,.T.);
#3029=EDGE_CURVE('',#2365,#2363,#2003,.T.);
#3030=EDGE_CURVE('',#2365,#2366,#1101,.T.);
#3031=EDGE_CURVE('',#2366,#2364,#2004,.T.);
#3032=EDGE_CURVE('',#2367,#2365,#2005,.T.);
#3033=EDGE_CURVE('',#2367,#2368,#1102,.T.);
#3034=EDGE_CURVE('',#2368,#2366,#2006,.T.);
#3035=EDGE_CURVE('',#2369,#2367,#2007,.T.);
#3036=EDGE_CURVE('',#2369,#2370,#1103,.T.);
#3037=EDGE_CURVE('',#2370,#2368,#2008,.T.);
#3038=EDGE_CURVE('',#2371,#2369,#2009,.T.);
#3039=EDGE_CURVE('',#2371,#2372,#1104,.T.);
#3040=EDGE_CURVE('',#2372,#2370,#2010,.T.);
#3041=EDGE_CURVE('',#2373,#2371,#2011,.T.);
#3042=EDGE_CURVE('',#2373,#2374,#1105,.T.);
#3043=EDGE_CURVE('',#2374,#2372,#2012,.T.);
#3044=EDGE_CURVE('',#2360,#2373,#2013,.T.);
#3045=EDGE_CURVE('',#2362,#2374,#2014,.T.);
#3046=EDGE_CURVE('',#2375,#2376,#2015,.T.);
#3047=EDGE_CURVE('',#2375,#2377,#1106,.T.);
#3048=EDGE_CURVE('',#2377,#2378,#2016,.T.);
#3049=EDGE_CURVE('',#2376,#2378,#1107,.T.);
#3050=EDGE_CURVE('',#2379,#2375,#2017,.T.);
#3051=EDGE_CURVE('',#2379,#2380,#1108,.T.);
#3052=EDGE_CURVE('',#2380,#2377,#2018,.T.);
#3053=EDGE_CURVE('',#2381,#2379,#1109,.T.);
#3054=EDGE_CURVE('',#2381,#2382,#1110,.T.);
#3055=EDGE_CURVE('',#2382,#2380,#1111,.T.);
#3056=EDGE_CURVE('',#2383,#2381,#1112,.T.);
#3057=EDGE_CURVE('',#2383,#2384,#1113,.T.);
#3058=EDGE_CURVE('',#2384,#2382,#1114,.T.);
#3059=EDGE_CURVE('',#2385,#2383,#1115,.T.);
#3060=EDGE_CURVE('',#2385,#2386,#1116,.T.);
#3061=EDGE_CURVE('',#2386,#2384,#1117,.T.);
#3062=EDGE_CURVE('',#2387,#2385,#1118,.T.);
#3063=EDGE_CURVE('',#2387,#2388,#1119,.T.);
#3064=EDGE_CURVE('',#2388,#2386,#1120,.T.);
#3065=EDGE_CURVE('',#2389,#2387,#1121,.T.);
#3066=EDGE_CURVE('',#2389,#2390,#1122,.T.);
#3067=EDGE_CURVE('',#2390,#2388,#1123,.T.);
#3068=EDGE_CURVE('',#2391,#2389,#1124,.T.);
#3069=EDGE_CURVE('',#2391,#2392,#1125,.T.);
#3070=EDGE_CURVE('',#2392,#2390,#1126,.T.);
#3071=EDGE_CURVE('',#2393,#2391,#2019,.T.);
#3072=EDGE_CURVE('',#2393,#2394,#1127,.T.);
#3073=EDGE_CURVE('',#2394,#2392,#2020,.T.);
#3074=EDGE_CURVE('',#2395,#2393,#2021,.T.);
#3075=EDGE_CURVE('',#2395,#2396,#1128,.T.);
#3076=EDGE_CURVE('',#2396,#2394,#2022,.T.);
#3077=EDGE_CURVE('',#2397,#2395,#2023,.T.);
#3078=EDGE_CURVE('',#2397,#2398,#1129,.T.);
#3079=EDGE_CURVE('',#2398,#2396,#2024,.T.);
#3080=EDGE_CURVE('',#2376,#2397,#1130,.T.);
#3081=EDGE_CURVE('',#2378,#2398,#1131,.T.);
#3082=EDGE_CURVE('',#2399,#2400,#2025,.T.);
#3083=EDGE_CURVE('',#2399,#2401,#1132,.T.);
#3084=EDGE_CURVE('',#2401,#2402,#2026,.T.);
#3085=EDGE_CURVE('',#2400,#2402,#1133,.T.);
#3086=EDGE_CURVE('',#2403,#2399,#2027,.T.);
#3087=EDGE_CURVE('',#2403,#2404,#1134,.T.);
#3088=EDGE_CURVE('',#2404,#2401,#2028,.T.);
#3089=EDGE_CURVE('',#2405,#2403,#2029,.T.);
#3090=EDGE_CURVE('',#2405,#2406,#1135,.T.);
#3091=EDGE_CURVE('',#2406,#2404,#2030,.T.);
#3092=EDGE_CURVE('',#2407,#2405,#2031,.T.);
#3093=EDGE_CURVE('',#2407,#2408,#1136,.T.);
#3094=EDGE_CURVE('',#2408,#2406,#2032,.T.);
#3095=EDGE_CURVE('',#2409,#2407,#2033,.T.);
#3096=EDGE_CURVE('',#2409,#2410,#1137,.T.);
#3097=EDGE_CURVE('',#2410,#2408,#2034,.T.);
#3098=EDGE_CURVE('',#2411,#2409,#2035,.T.);
#3099=EDGE_CURVE('',#2411,#2412,#1138,.T.);
#3100=EDGE_CURVE('',#2412,#2410,#2036,.T.);
#3101=EDGE_CURVE('',#2413,#2411,#2037,.T.);
#3102=EDGE_CURVE('',#2413,#2414,#1139,.T.);
#3103=EDGE_CURVE('',#2414,#2412,#2038,.T.);
#3104=EDGE_CURVE('',#2415,#2413,#1140,.T.);
#3105=EDGE_CURVE('',#2415,#2416,#1141,.T.);
#3106=EDGE_CURVE('',#2416,#2414,#1142,.T.);
#3107=EDGE_CURVE('',#2400,#2415,#2039,.T.);
#3108=EDGE_CURVE('',#2402,#2416,#2040,.T.);
#3109=EDGE_CURVE('',#2417,#2418,#1143,.T.);
#3110=EDGE_CURVE('',#2417,#2419,#1144,.T.);
#3111=EDGE_CURVE('',#2419,#2420,#1145,.T.);
#3112=EDGE_CURVE('',#2418,#2420,#1146,.T.);
#3113=EDGE_CURVE('',#2421,#2417,#1147,.T.);
#3114=EDGE_CURVE('',#2421,#2422,#1148,.T.);
#3115=EDGE_CURVE('',#2422,#2419,#1149,.T.);
#3116=EDGE_CURVE('',#2423,#2421,#1150,.T.);
#3117=EDGE_CURVE('',#2423,#2424,#1151,.T.);
#3118=EDGE_CURVE('',#2424,#2422,#1152,.T.);
#3119=EDGE_CURVE('',#2425,#2423,#2041,.T.);
#3120=EDGE_CURVE('',#2425,#2426,#1153,.T.);
#3121=EDGE_CURVE('',#2426,#2424,#2042,.T.);
#3122=EDGE_CURVE('',#2427,#2425,#2043,.T.);
#3123=EDGE_CURVE('',#2427,#2428,#1154,.T.);
#3124=EDGE_CURVE('',#2428,#2426,#2044,.T.);
#3125=EDGE_CURVE('',#2429,#2427,#2045,.T.);
#3126=EDGE_CURVE('',#2429,#2430,#1155,.T.);
#3127=EDGE_CURVE('',#2430,#2428,#2046,.T.);
#3128=EDGE_CURVE('',#2431,#2429,#2047,.T.);
#3129=EDGE_CURVE('',#2431,#2432,#1156,.T.);
#3130=EDGE_CURVE('',#2432,#2430,#2048,.T.);
#3131=EDGE_CURVE('',#2433,#2431,#2049,.T.);
#3132=EDGE_CURVE('',#2433,#2434,#1157,.T.);
#3133=EDGE_CURVE('',#2434,#2432,#2050,.T.);
#3134=EDGE_CURVE('',#2435,#2433,#2051,.T.);
#3135=EDGE_CURVE('',#2435,#2436,#1158,.T.);
#3136=EDGE_CURVE('',#2436,#2434,#2052,.T.);
#3137=EDGE_CURVE('',#2437,#2435,#1159,.T.);
#3138=EDGE_CURVE('',#2437,#2438,#1160,.T.);
#3139=EDGE_CURVE('',#2438,#2436,#1161,.T.);
#3140=EDGE_CURVE('',#2439,#2437,#1162,.T.);
#3141=EDGE_CURVE('',#2439,#2440,#1163,.T.);
#3142=EDGE_CURVE('',#2440,#2438,#1164,.T.);
#3143=EDGE_CURVE('',#2441,#2439,#1165,.T.);
#3144=EDGE_CURVE('',#2441,#2442,#1166,.T.);
#3145=EDGE_CURVE('',#2442,#2440,#1167,.T.);
#3146=EDGE_CURVE('',#2418,#2441,#1168,.T.);
#3147=EDGE_CURVE('',#2420,#2442,#1169,.T.);
#3148=EDGE_CURVE('',#2443,#2444,#2053,.T.);
#3149=EDGE_CURVE('',#2443,#2445,#1170,.T.);
#3150=EDGE_CURVE('',#2445,#2446,#2054,.T.);
#3151=EDGE_CURVE('',#2444,#2446,#1171,.T.);
#3152=EDGE_CURVE('',#2447,#2443,#2055,.T.);
#3153=EDGE_CURVE('',#2447,#2448,#1172,.T.);
#3154=EDGE_CURVE('',#2448,#2445,#2056,.T.);
#3155=EDGE_CURVE('',#2449,#2447,#2057,.T.);
#3156=EDGE_CURVE('',#2449,#2450,#1173,.T.);
#3157=EDGE_CURVE('',#2450,#2448,#2058,.T.);
#3158=EDGE_CURVE('',#2451,#2449,#2059,.T.);
#3159=EDGE_CURVE('',#2451,#2452,#1174,.T.);
#3160=EDGE_CURVE('',#2452,#2450,#2060,.T.);
#3161=EDGE_CURVE('',#2453,#2451,#2061,.T.);
#3162=EDGE_CURVE('',#2453,#2454,#1175,.T.);
#3163=EDGE_CURVE('',#2454,#2452,#2062,.T.);
#3164=EDGE_CURVE('',#2455,#2453,#1176,.T.);
#3165=EDGE_CURVE('',#2455,#2456,#1177,.T.);
#3166=EDGE_CURVE('',#2456,#2454,#1178,.T.);
#3167=EDGE_CURVE('',#2457,#2455,#1179,.T.);
#3168=EDGE_CURVE('',#2457,#2458,#1180,.T.);
#3169=EDGE_CURVE('',#2458,#2456,#1181,.T.);
#3170=EDGE_CURVE('',#2459,#2457,#1182,.T.);
#3171=EDGE_CURVE('',#2459,#2460,#1183,.T.);
#3172=EDGE_CURVE('',#2460,#2458,#1184,.T.);
#3173=EDGE_CURVE('',#2461,#2459,#1185,.T.);
#3174=EDGE_CURVE('',#2461,#2462,#1186,.T.);
#3175=EDGE_CURVE('',#2462,#2460,#1187,.T.);
#3176=EDGE_CURVE('',#2463,#2461,#1188,.T.);
#3177=EDGE_CURVE('',#2463,#2464,#1189,.T.);
#3178=EDGE_CURVE('',#2464,#2462,#1190,.T.);
#3179=EDGE_CURVE('',#2465,#2463,#1191,.T.);
#3180=EDGE_CURVE('',#2465,#2466,#1192,.T.);
#3181=EDGE_CURVE('',#2466,#2464,#1193,.T.);
#3182=EDGE_CURVE('',#2467,#2465,#2063,.T.);
#3183=EDGE_CURVE('',#2467,#2468,#1194,.T.);
#3184=EDGE_CURVE('',#2468,#2466,#2064,.T.);
#3185=EDGE_CURVE('',#2469,#2467,#2065,.T.);
#3186=EDGE_CURVE('',#2469,#2470,#1195,.T.);
#3187=EDGE_CURVE('',#2470,#2468,#2066,.T.);
#3188=EDGE_CURVE('',#2471,#2469,#2067,.T.);
#3189=EDGE_CURVE('',#2471,#2472,#1196,.T.);
#3190=EDGE_CURVE('',#2472,#2470,#2068,.T.);
#3191=EDGE_CURVE('',#2473,#2471,#1197,.T.);
#3192=EDGE_CURVE('',#2473,#2474,#1198,.T.);
#3193=EDGE_CURVE('',#2474,#2472,#1199,.T.);
#3194=EDGE_CURVE('',#2475,#2473,#1200,.T.);
#3195=EDGE_CURVE('',#2475,#2476,#1201,.T.);
#3196=EDGE_CURVE('',#2476,#2474,#1202,.T.);
#3197=EDGE_CURVE('',#2477,#2475,#1203,.T.);
#3198=EDGE_CURVE('',#2477,#2478,#1204,.T.);
#3199=EDGE_CURVE('',#2478,#2476,#1205,.T.);
#3200=EDGE_CURVE('',#2479,#2477,#2069,.T.);
#3201=EDGE_CURVE('',#2479,#2480,#1206,.T.);
#3202=EDGE_CURVE('',#2480,#2478,#2070,.T.);
#3203=EDGE_CURVE('',#2481,#2479,#2071,.T.);
#3204=EDGE_CURVE('',#2481,#2482,#1207,.T.);
#3205=EDGE_CURVE('',#2482,#2480,#2072,.T.);
#3206=EDGE_CURVE('',#2483,#2481,#2073,.T.);
#3207=EDGE_CURVE('',#2483,#2484,#1208,.T.);
#3208=EDGE_CURVE('',#2484,#2482,#2074,.T.);
#3209=EDGE_CURVE('',#2485,#2483,#1209,.T.);
#3210=EDGE_CURVE('',#2485,#2486,#1210,.T.);
#3211=EDGE_CURVE('',#2486,#2484,#1211,.T.);
#3212=EDGE_CURVE('',#2487,#2485,#1212,.T.);
#3213=EDGE_CURVE('',#2487,#2488,#1213,.T.);
#3214=EDGE_CURVE('',#2488,#2486,#1214,.T.);
#3215=EDGE_CURVE('',#2444,#2487,#1215,.T.);
#3216=EDGE_CURVE('',#2446,#2488,#1216,.T.);
#3217=EDGE_CURVE('',#2489,#2490,#2075,.T.);
#3218=EDGE_CURVE('',#2489,#2491,#1217,.T.);
#3219=EDGE_CURVE('',#2491,#2492,#2076,.T.);
#3220=EDGE_CURVE('',#2490,#2492,#1218,.T.);
#3221=EDGE_CURVE('',#2493,#2489,#2077,.T.);
#3222=EDGE_CURVE('',#2493,#2494,#1219,.T.);
#3223=EDGE_CURVE('',#2494,#2491,#2078,.T.);
#3224=EDGE_CURVE('',#2495,#2493,#1220,.T.);
#3225=EDGE_CURVE('',#2495,#2496,#1221,.T.);
#3226=EDGE_CURVE('',#2496,#2494,#1222,.T.);
#3227=EDGE_CURVE('',#2497,#2495,#1223,.T.);
#3228=EDGE_CURVE('',#2497,#2498,#1224,.T.);
#3229=EDGE_CURVE('',#2498,#2496,#1225,.T.);
#3230=EDGE_CURVE('',#2490,#2497,#1226,.T.);
#3231=EDGE_CURVE('',#2492,#2498,#1227,.T.);
#3232=EDGE_CURVE('',#2499,#2500,#2079,.T.);
#3233=EDGE_CURVE('',#2499,#2501,#1228,.T.);
#3234=EDGE_CURVE('',#2501,#2502,#2080,.T.);
#3235=EDGE_CURVE('',#2500,#2502,#1229,.T.);
#3236=EDGE_CURVE('',#2503,#2499,#2081,.T.);
#3237=EDGE_CURVE('',#2503,#2504,#1230,.T.);
#3238=EDGE_CURVE('',#2504,#2501,#2082,.T.);
#3239=EDGE_CURVE('',#2505,#2503,#2083,.T.);
#3240=EDGE_CURVE('',#2505,#2506,#1231,.T.);
#3241=EDGE_CURVE('',#2506,#2504,#2084,.T.);
#3242=EDGE_CURVE('',#2507,#2505,#1232,.T.);
#3243=EDGE_CURVE('',#2507,#2508,#1233,.T.);
#3244=EDGE_CURVE('',#2508,#2506,#1234,.T.);
#3245=EDGE_CURVE('',#2509,#2507,#1235,.T.);
#3246=EDGE_CURVE('',#2509,#2510,#1236,.T.);
#3247=EDGE_CURVE('',#2510,#2508,#1237,.T.);
#3248=EDGE_CURVE('',#2511,#2509,#1238,.T.);
#3249=EDGE_CURVE('',#2511,#2512,#1239,.T.);
#3250=EDGE_CURVE('',#2512,#2510,#1240,.T.);
#3251=EDGE_CURVE('',#2513,#2511,#1241,.T.);
#3252=EDGE_CURVE('',#2513,#2514,#1242,.T.);
#3253=EDGE_CURVE('',#2514,#2512,#1243,.T.);
#3254=EDGE_CURVE('',#2500,#2513,#1244,.T.);
#3255=EDGE_CURVE('',#2502,#2514,#1245,.T.);
#3256=EDGE_CURVE('',#2515,#2516,#1246,.T.);
#3257=EDGE_CURVE('',#2517,#2515,#1247,.T.);
#3258=EDGE_CURVE('',#2518,#2517,#1248,.T.);
#3259=EDGE_CURVE('',#2516,#2518,#1249,.T.);
#3260=EDGE_CURVE('',#2519,#2520,#1250,.T.);
#3261=EDGE_CURVE('',#2521,#2519,#1251,.T.);
#3262=EDGE_CURVE('',#2522,#2521,#1252,.T.);
#3263=EDGE_CURVE('',#2520,#2522,#1253,.T.);
#3264=EDGE_CURVE('',#2523,#2519,#50,.T.);
#3265=EDGE_CURVE('',#2524,#2523,#1254,.T.);
#3266=EDGE_CURVE('',#2524,#2521,#1255,.T.);
#3267=EDGE_CURVE('',#2525,#2524,#1256,.T.);
#3268=EDGE_CURVE('',#2522,#2525,#1257,.T.);
#3269=EDGE_CURVE('',#2520,#2526,#51,.T.);
#3270=EDGE_CURVE('',#2527,#2526,#1258,.T.);
#3271=EDGE_CURVE('',#2527,#2528,#52,.T.);
#3272=EDGE_CURVE('',#2523,#2528,#1259,.T.);
#3273=EDGE_CURVE('',#2529,#2525,#1260,.T.);
#3274=EDGE_CURVE('',#2530,#2529,#53,.T.);
#3275=EDGE_CURVE('',#2530,#2526,#1261,.T.);
#3276=EDGE_CURVE('',#2531,#2532,#54,.T.);
#3277=EDGE_CURVE('',#2531,#2533,#1262,.T.);
#3278=EDGE_CURVE('',#2534,#2533,#55,.T.);
#3279=EDGE_CURVE('',#2532,#2534,#1263,.T.);
#3280=EDGE_CURVE('',#2535,#2532,#1264,.T.);
#3281=EDGE_CURVE('',#2535,#2536,#56,.T.);
#3282=EDGE_CURVE('',#2531,#2536,#1265,.T.);
#3283=EDGE_CURVE('',#2537,#2527,#1266,.T.);
#3284=EDGE_CURVE('',#2533,#2530,#1267,.T.);
#3285=EDGE_CURVE('',#2536,#2538,#1268,.T.);
#3286=EDGE_CURVE('',#2538,#2537,#1269,.T.);
#3287=EDGE_CURVE('',#2539,#2537,#57,.T.);
#3288=EDGE_CURVE('',#2538,#2540,#58,.T.);
#3289=EDGE_CURVE('',#2539,#2540,#1270,.T.);
#3290=EDGE_CURVE('',#2540,#2538,#59,.T.);
#3291=EDGE_CURVE('',#2536,#2535,#60,.T.);
#3292=EDGE_CURVE('',#2540,#2535,#1271,.T.);
#3293=EDGE_CURVE('',#2528,#2527,#61,.T.);
#3294=EDGE_CURVE('',#2537,#2539,#62,.T.);
#3295=EDGE_CURVE('',#2528,#2539,#1272,.T.);
#3296=EDGE_CURVE('',#2541,#2529,#1273,.T.);
#3297=EDGE_CURVE('',#2516,#2541,#63,.T.);
#3298=EDGE_CURVE('',#2542,#2518,#64,.T.);
#3299=EDGE_CURVE('',#2534,#2542,#1274,.T.);
#3300=EDGE_CURVE('',#2543,#2541,#65,.T.);
#3301=EDGE_CURVE('',#2543,#2516,#66,.T.);
#3302=EDGE_CURVE('',#2544,#2543,#1275,.T.);
#3303=EDGE_CURVE('',#2515,#2544,#67,.T.);
#3304=EDGE_CURVE('',#2545,#2544,#68,.T.);
#3305=EDGE_CURVE('',#2545,#2515,#69,.T.);
#3306=EDGE_CURVE('',#2542,#2546,#70,.T.);
#3307=EDGE_CURVE('',#2518,#2546,#71,.T.);
#3308=EDGE_CURVE('',#2546,#2547,#1276,.T.);
#3309=EDGE_CURVE('',#2547,#2517,#72,.T.);
#3310=EDGE_CURVE('',#2547,#2548,#73,.T.);
#3311=EDGE_CURVE('',#2517,#2548,#74,.T.);
#3312=EDGE_CURVE('',#2548,#2545,#1277,.T.);
#3313=EDGE_CURVE('',#2549,#2550,#1278,.T.);
#3314=EDGE_CURVE('',#2551,#2549,#1279,.T.);
#3315=EDGE_CURVE('',#2552,#2551,#1280,.T.);
#3316=EDGE_CURVE('',#2552,#2550,#1281,.T.);
#3317=EDGE_CURVE('',#2550,#2553,#75,.T.);
#3318=EDGE_CURVE('',#2554,#2552,#76,.T.);
#3319=EDGE_CURVE('',#2554,#2553,#1282,.T.);
#3320=EDGE_CURVE('',#2553,#2555,#1283,.T.);
#3321=EDGE_CURVE('',#2556,#2554,#1284,.T.);
#3322=EDGE_CURVE('',#2556,#2555,#1285,.T.);
#3323=EDGE_CURVE('',#2555,#2557,#77,.T.);
#3324=EDGE_CURVE('',#2558,#2556,#78,.T.);
#3325=EDGE_CURVE('',#2558,#2557,#1286,.T.);
#3326=EDGE_CURVE('',#2557,#2559,#1287,.T.);
#3327=EDGE_CURVE('',#2560,#2558,#1288,.T.);
#3328=EDGE_CURVE('',#2560,#2559,#1289,.T.);
#3329=EDGE_CURVE('',#2559,#2561,#79,.T.);
#3330=EDGE_CURVE('',#2562,#2560,#80,.T.);
#3331=EDGE_CURVE('',#2562,#2561,#1290,.T.);
#3332=EDGE_CURVE('',#2561,#2563,#1291,.T.);
#3333=EDGE_CURVE('',#2564,#2562,#1292,.T.);
#3334=EDGE_CURVE('',#2564,#2563,#1293,.T.);
#3335=EDGE_CURVE('',#2563,#2549,#81,.T.);
#3336=EDGE_CURVE('',#2551,#2564,#82,.T.);
#3337=EDGE_CURVE('',#2565,#2566,#1294,.T.);
#3338=EDGE_CURVE('',#2567,#2565,#1295,.T.);
#3339=EDGE_CURVE('',#2568,#2567,#1296,.T.);
#3340=EDGE_CURVE('',#2568,#2566,#1297,.T.);
#3341=EDGE_CURVE('',#2566,#2569,#1298,.T.);
#3342=EDGE_CURVE('',#2570,#2568,#1299,.T.);
#3343=EDGE_CURVE('',#2570,#2569,#1300,.T.);
#3344=EDGE_CURVE('',#2569,#2571,#1301,.T.);
#3345=EDGE_CURVE('',#2572,#2570,#1302,.T.);
#3346=EDGE_CURVE('',#2572,#2571,#1303,.T.);
#3347=EDGE_CURVE('',#2571,#2565,#1304,.T.);
#3348=EDGE_CURVE('',#2567,#2572,#1305,.T.);
#3349=EDGE_CURVE('',#2573,#2574,#1306,.T.);
#3350=EDGE_CURVE('',#2575,#2573,#1307,.T.);
#3351=EDGE_CURVE('',#2576,#2575,#1308,.T.);
#3352=EDGE_CURVE('',#2576,#2574,#1309,.T.);
#3353=EDGE_CURVE('',#2574,#2577,#83,.T.);
#3354=EDGE_CURVE('',#2578,#2576,#84,.T.);
#3355=EDGE_CURVE('',#2578,#2577,#1310,.T.);
#3356=EDGE_CURVE('',#2577,#2579,#1311,.T.);
#3357=EDGE_CURVE('',#2580,#2578,#1312,.T.);
#3358=EDGE_CURVE('',#2580,#2579,#1313,.T.);
#3359=EDGE_CURVE('',#2579,#2581,#85,.T.);
#3360=EDGE_CURVE('',#2582,#2580,#86,.T.);
#3361=EDGE_CURVE('',#2582,#2581,#1314,.T.);
#3362=EDGE_CURVE('',#2581,#2583,#1315,.T.);
#3363=EDGE_CURVE('',#2584,#2582,#1316,.T.);
#3364=EDGE_CURVE('',#2584,#2583,#1317,.T.);
#3365=EDGE_CURVE('',#2583,#2585,#87,.T.);
#3366=EDGE_CURVE('',#2586,#2584,#88,.T.);
#3367=EDGE_CURVE('',#2586,#2585,#1318,.T.);
#3368=EDGE_CURVE('',#2585,#2587,#1319,.T.);
#3369=EDGE_CURVE('',#2588,#2586,#1320,.T.);
#3370=EDGE_CURVE('',#2588,#2587,#1321,.T.);
#3371=EDGE_CURVE('',#2587,#2573,#89,.T.);
#3372=EDGE_CURVE('',#2575,#2588,#90,.T.);
#3373=EDGE_CURVE('',#2589,#2590,#1322,.T.);
#3374=EDGE_CURVE('',#2591,#2589,#1323,.T.);
#3375=EDGE_CURVE('',#2592,#2591,#91,.T.);
#3376=EDGE_CURVE('',#2593,#2592,#1324,.T.);
#3377=EDGE_CURVE('',#2593,#2590,#1325,.T.);
#3378=EDGE_CURVE('',#2594,#2589,#1326,.T.);
#3379=EDGE_CURVE('',#2595,#2594,#1327,.T.);
#3380=EDGE_CURVE('',#2591,#2595,#1328,.T.);
#3381=EDGE_CURVE('',#2590,#2596,#1329,.T.);
#3382=EDGE_CURVE('',#2597,#2593,#1330,.T.);
#3383=EDGE_CURVE('',#2597,#2596,#1331,.T.);
#3384=EDGE_CURVE('',#2596,#2594,#1332,.T.);
#3385=EDGE_CURVE('',#2598,#2597,#1333,.T.);
#3386=EDGE_CURVE('',#2595,#2598,#92,.T.);
#3387=EDGE_CURVE('',#2598,#2599,#1334,.T.);
#3388=EDGE_CURVE('',#2600,#2599,#93,.T.);
#3389=EDGE_CURVE('',#2600,#2601,#1335,.T.);
#3390=EDGE_CURVE('',#2602,#2601,#94,.T.);
#3391=EDGE_CURVE('',#2602,#2592,#1336,.T.);
#3392=EDGE_CURVE('',#2603,#2604,#95,.T.);
#3393=EDGE_CURVE('',#2604,#2605,#96,.T.);
#3394=EDGE_CURVE('',#2605,#2603,#97,.T.);
#3395=EDGE_CURVE('',#2604,#2606,#1337,.T.);
#3396=EDGE_CURVE('',#2599,#2606,#98,.T.);
#3397=EDGE_CURVE('',#2599,#2605,#1338,.T.);
#3398=EDGE_CURVE('',#2606,#2600,#99,.T.);
#3399=EDGE_CURVE('',#2601,#2607,#100,.T.);
#3400=EDGE_CURVE('',#2607,#2602,#101,.T.);
#3401=EDGE_CURVE('',#2607,#2608,#1339,.T.);
#3402=EDGE_CURVE('',#2609,#2608,#102,.T.);
#3403=EDGE_CURVE('',#2609,#2602,#1340,.T.);
#3404=EDGE_CURVE('',#2608,#2610,#103,.T.);
#3405=EDGE_CURVE('',#2610,#2609,#104,.T.);
#3406=EDGE_CURVE('',#2610,#2603,#1341,.T.);
#3407=EDGE_CURVE('',#2605,#2609,#1342,.T.);
#3408=ORIENTED_EDGE('',*,*,#2611,.F.);
#3409=ORIENTED_EDGE('',*,*,#2612,.T.);
#3410=ORIENTED_EDGE('',*,*,#2613,.T.);
#3411=ORIENTED_EDGE('',*,*,#2614,.F.);
#3412=ORIENTED_EDGE('',*,*,#2615,.F.);
#3413=ORIENTED_EDGE('',*,*,#2616,.T.);
#3414=ORIENTED_EDGE('',*,*,#2617,.T.);
#3415=ORIENTED_EDGE('',*,*,#2612,.F.);
#3416=ORIENTED_EDGE('',*,*,#2618,.F.);
#3417=ORIENTED_EDGE('',*,*,#2619,.T.);
#3418=ORIENTED_EDGE('',*,*,#2620,.T.);
#3419=ORIENTED_EDGE('',*,*,#2616,.F.);
#3420=ORIENTED_EDGE('',*,*,#2621,.F.);
#3421=ORIENTED_EDGE('',*,*,#2622,.T.);
#3422=ORIENTED_EDGE('',*,*,#2623,.T.);
#3423=ORIENTED_EDGE('',*,*,#2619,.F.);
#3424=ORIENTED_EDGE('',*,*,#2624,.F.);
#3425=ORIENTED_EDGE('',*,*,#2614,.T.);
#3426=ORIENTED_EDGE('',*,*,#2625,.T.);
#3427=ORIENTED_EDGE('',*,*,#2622,.F.);
#3428=ORIENTED_EDGE('',*,*,#2626,.F.);
#3429=ORIENTED_EDGE('',*,*,#2627,.T.);
#3430=ORIENTED_EDGE('',*,*,#2628,.T.);
#3431=ORIENTED_EDGE('',*,*,#2629,.F.);
#3432=ORIENTED_EDGE('',*,*,#2630,.F.);
#3433=ORIENTED_EDGE('',*,*,#2631,.T.);
#3434=ORIENTED_EDGE('',*,*,#2632,.T.);
#3435=ORIENTED_EDGE('',*,*,#2627,.F.);
#3436=ORIENTED_EDGE('',*,*,#2633,.F.);
#3437=ORIENTED_EDGE('',*,*,#2634,.T.);
#3438=ORIENTED_EDGE('',*,*,#2635,.T.);
#3439=ORIENTED_EDGE('',*,*,#2631,.F.);
#3440=ORIENTED_EDGE('',*,*,#2636,.F.);
#3441=ORIENTED_EDGE('',*,*,#2637,.T.);
#3442=ORIENTED_EDGE('',*,*,#2638,.T.);
#3443=ORIENTED_EDGE('',*,*,#2634,.F.);
#3444=ORIENTED_EDGE('',*,*,#2639,.F.);
#3445=ORIENTED_EDGE('',*,*,#2640,.T.);
#3446=ORIENTED_EDGE('',*,*,#2641,.T.);
#3447=ORIENTED_EDGE('',*,*,#2637,.F.);
#3448=ORIENTED_EDGE('',*,*,#2642,.F.);
#3449=ORIENTED_EDGE('',*,*,#2643,.T.);
#3450=ORIENTED_EDGE('',*,*,#2644,.T.);
#3451=ORIENTED_EDGE('',*,*,#2640,.F.);
#3452=ORIENTED_EDGE('',*,*,#2645,.F.);
#3453=ORIENTED_EDGE('',*,*,#2646,.T.);
#3454=ORIENTED_EDGE('',*,*,#2647,.T.);
#3455=ORIENTED_EDGE('',*,*,#2643,.F.);
#3456=ORIENTED_EDGE('',*,*,#2648,.F.);
#3457=ORIENTED_EDGE('',*,*,#2629,.T.);
#3458=ORIENTED_EDGE('',*,*,#2649,.T.);
#3459=ORIENTED_EDGE('',*,*,#2646,.F.);
#3460=ORIENTED_EDGE('',*,*,#2649,.F.);
#3461=ORIENTED_EDGE('',*,*,#2628,.F.);
#3462=ORIENTED_EDGE('',*,*,#2632,.F.);
#3463=ORIENTED_EDGE('',*,*,#2635,.F.);
#3464=ORIENTED_EDGE('',*,*,#2638,.F.);
#3465=ORIENTED_EDGE('',*,*,#2641,.F.);
#3466=ORIENTED_EDGE('',*,*,#2644,.F.);
#3467=ORIENTED_EDGE('',*,*,#2647,.F.);
#3468=ORIENTED_EDGE('',*,*,#2625,.F.);
#3469=ORIENTED_EDGE('',*,*,#2613,.F.);
#3470=ORIENTED_EDGE('',*,*,#2617,.F.);
#3471=ORIENTED_EDGE('',*,*,#2620,.F.);
#3472=ORIENTED_EDGE('',*,*,#2623,.F.);
#3473=ORIENTED_EDGE('',*,*,#2650,.F.);
#3474=ORIENTED_EDGE('',*,*,#2651,.T.);
#3475=ORIENTED_EDGE('',*,*,#2652,.T.);
#3476=ORIENTED_EDGE('',*,*,#2653,.F.);
#3477=ORIENTED_EDGE('',*,*,#2654,.F.);
#3478=ORIENTED_EDGE('',*,*,#2655,.T.);
#3479=ORIENTED_EDGE('',*,*,#2656,.T.);
#3480=ORIENTED_EDGE('',*,*,#2651,.F.);
#3481=ORIENTED_EDGE('',*,*,#2657,.F.);
#3482=ORIENTED_EDGE('',*,*,#2658,.T.);
#3483=ORIENTED_EDGE('',*,*,#2659,.T.);
#3484=ORIENTED_EDGE('',*,*,#2655,.F.);
#3485=ORIENTED_EDGE('',*,*,#2660,.F.);
#3486=ORIENTED_EDGE('',*,*,#2661,.T.);
#3487=ORIENTED_EDGE('',*,*,#2662,.T.);
#3488=ORIENTED_EDGE('',*,*,#2658,.F.);
#3489=ORIENTED_EDGE('',*,*,#2663,.F.);
#3490=ORIENTED_EDGE('',*,*,#2653,.T.);
#3491=ORIENTED_EDGE('',*,*,#2664,.T.);
#3492=ORIENTED_EDGE('',*,*,#2661,.F.);
#3493=ORIENTED_EDGE('',*,*,#2665,.F.);
#3494=ORIENTED_EDGE('',*,*,#2666,.T.);
#3495=ORIENTED_EDGE('',*,*,#2667,.T.);
#3496=ORIENTED_EDGE('',*,*,#2668,.F.);
#3497=ORIENTED_EDGE('',*,*,#2669,.F.);
#3498=ORIENTED_EDGE('',*,*,#2670,.T.);
#3499=ORIENTED_EDGE('',*,*,#2671,.T.);
#3500=ORIENTED_EDGE('',*,*,#2666,.F.);
#3501=ORIENTED_EDGE('',*,*,#2672,.F.);
#3502=ORIENTED_EDGE('',*,*,#2673,.T.);
#3503=ORIENTED_EDGE('',*,*,#2674,.T.);
#3504=ORIENTED_EDGE('',*,*,#2670,.F.);
#3505=ORIENTED_EDGE('',*,*,#2675,.F.);
#3506=ORIENTED_EDGE('',*,*,#2676,.T.);
#3507=ORIENTED_EDGE('',*,*,#2677,.T.);
#3508=ORIENTED_EDGE('',*,*,#2673,.F.);
#3509=ORIENTED_EDGE('',*,*,#2678,.F.);
#3510=ORIENTED_EDGE('',*,*,#2679,.T.);
#3511=ORIENTED_EDGE('',*,*,#2680,.T.);
#3512=ORIENTED_EDGE('',*,*,#2676,.F.);
#3513=ORIENTED_EDGE('',*,*,#2681,.F.);
#3514=ORIENTED_EDGE('',*,*,#2682,.T.);
#3515=ORIENTED_EDGE('',*,*,#2683,.T.);
#3516=ORIENTED_EDGE('',*,*,#2679,.F.);
#3517=ORIENTED_EDGE('',*,*,#2684,.F.);
#3518=ORIENTED_EDGE('',*,*,#2685,.T.);
#3519=ORIENTED_EDGE('',*,*,#2686,.T.);
#3520=ORIENTED_EDGE('',*,*,#2682,.F.);
#3521=ORIENTED_EDGE('',*,*,#2687,.F.);
#3522=ORIENTED_EDGE('',*,*,#2668,.T.);
#3523=ORIENTED_EDGE('',*,*,#2688,.T.);
#3524=ORIENTED_EDGE('',*,*,#2685,.F.);
#3525=ORIENTED_EDGE('',*,*,#2688,.F.);
#3526=ORIENTED_EDGE('',*,*,#2667,.F.);
#3527=ORIENTED_EDGE('',*,*,#2671,.F.);
#3528=ORIENTED_EDGE('',*,*,#2674,.F.);
#3529=ORIENTED_EDGE('',*,*,#2677,.F.);
#3530=ORIENTED_EDGE('',*,*,#2680,.F.);
#3531=ORIENTED_EDGE('',*,*,#2683,.F.);
#3532=ORIENTED_EDGE('',*,*,#2686,.F.);
#3533=ORIENTED_EDGE('',*,*,#2664,.F.);
#3534=ORIENTED_EDGE('',*,*,#2652,.F.);
#3535=ORIENTED_EDGE('',*,*,#2656,.F.);
#3536=ORIENTED_EDGE('',*,*,#2659,.F.);
#3537=ORIENTED_EDGE('',*,*,#2662,.F.);
#3538=ORIENTED_EDGE('',*,*,#2689,.F.);
#3539=ORIENTED_EDGE('',*,*,#2690,.T.);
#3540=ORIENTED_EDGE('',*,*,#2691,.T.);
#3541=ORIENTED_EDGE('',*,*,#2692,.F.);
#3542=ORIENTED_EDGE('',*,*,#2693,.F.);
#3543=ORIENTED_EDGE('',*,*,#2694,.T.);
#3544=ORIENTED_EDGE('',*,*,#2695,.T.);
#3545=ORIENTED_EDGE('',*,*,#2690,.F.);
#3546=ORIENTED_EDGE('',*,*,#2696,.F.);
#3547=ORIENTED_EDGE('',*,*,#2697,.T.);
#3548=ORIENTED_EDGE('',*,*,#2698,.T.);
#3549=ORIENTED_EDGE('',*,*,#2694,.F.);
#3550=ORIENTED_EDGE('',*,*,#2699,.F.);
#3551=ORIENTED_EDGE('',*,*,#2700,.T.);
#3552=ORIENTED_EDGE('',*,*,#2701,.T.);
#3553=ORIENTED_EDGE('',*,*,#2697,.F.);
#3554=ORIENTED_EDGE('',*,*,#2702,.F.);
#3555=ORIENTED_EDGE('',*,*,#2692,.T.);
#3556=ORIENTED_EDGE('',*,*,#2703,.T.);
#3557=ORIENTED_EDGE('',*,*,#2700,.F.);
#3558=ORIENTED_EDGE('',*,*,#2704,.F.);
#3559=ORIENTED_EDGE('',*,*,#2705,.T.);
#3560=ORIENTED_EDGE('',*,*,#2706,.T.);
#3561=ORIENTED_EDGE('',*,*,#2707,.F.);
#3562=ORIENTED_EDGE('',*,*,#2708,.F.);
#3563=ORIENTED_EDGE('',*,*,#2709,.T.);
#3564=ORIENTED_EDGE('',*,*,#2710,.T.);
#3565=ORIENTED_EDGE('',*,*,#2705,.F.);
#3566=ORIENTED_EDGE('',*,*,#2711,.F.);
#3567=ORIENTED_EDGE('',*,*,#2712,.T.);
#3568=ORIENTED_EDGE('',*,*,#2713,.T.);
#3569=ORIENTED_EDGE('',*,*,#2709,.F.);
#3570=ORIENTED_EDGE('',*,*,#2714,.F.);
#3571=ORIENTED_EDGE('',*,*,#2715,.T.);
#3572=ORIENTED_EDGE('',*,*,#2716,.T.);
#3573=ORIENTED_EDGE('',*,*,#2712,.F.);
#3574=ORIENTED_EDGE('',*,*,#2717,.F.);
#3575=ORIENTED_EDGE('',*,*,#2718,.T.);
#3576=ORIENTED_EDGE('',*,*,#2719,.T.);
#3577=ORIENTED_EDGE('',*,*,#2715,.F.);
#3578=ORIENTED_EDGE('',*,*,#2720,.F.);
#3579=ORIENTED_EDGE('',*,*,#2721,.T.);
#3580=ORIENTED_EDGE('',*,*,#2722,.T.);
#3581=ORIENTED_EDGE('',*,*,#2718,.F.);
#3582=ORIENTED_EDGE('',*,*,#2723,.F.);
#3583=ORIENTED_EDGE('',*,*,#2724,.T.);
#3584=ORIENTED_EDGE('',*,*,#2725,.T.);
#3585=ORIENTED_EDGE('',*,*,#2721,.F.);
#3586=ORIENTED_EDGE('',*,*,#2726,.F.);
#3587=ORIENTED_EDGE('',*,*,#2707,.T.);
#3588=ORIENTED_EDGE('',*,*,#2727,.T.);
#3589=ORIENTED_EDGE('',*,*,#2724,.F.);
#3590=ORIENTED_EDGE('',*,*,#2727,.F.);
#3591=ORIENTED_EDGE('',*,*,#2706,.F.);
#3592=ORIENTED_EDGE('',*,*,#2710,.F.);
#3593=ORIENTED_EDGE('',*,*,#2713,.F.);
#3594=ORIENTED_EDGE('',*,*,#2716,.F.);
#3595=ORIENTED_EDGE('',*,*,#2719,.F.);
#3596=ORIENTED_EDGE('',*,*,#2722,.F.);
#3597=ORIENTED_EDGE('',*,*,#2725,.F.);
#3598=ORIENTED_EDGE('',*,*,#2703,.F.);
#3599=ORIENTED_EDGE('',*,*,#2691,.F.);
#3600=ORIENTED_EDGE('',*,*,#2695,.F.);
#3601=ORIENTED_EDGE('',*,*,#2698,.F.);
#3602=ORIENTED_EDGE('',*,*,#2701,.F.);
#3603=ORIENTED_EDGE('',*,*,#2728,.F.);
#3604=ORIENTED_EDGE('',*,*,#2729,.T.);
#3605=ORIENTED_EDGE('',*,*,#2730,.T.);
#3606=ORIENTED_EDGE('',*,*,#2731,.F.);
#3607=ORIENTED_EDGE('',*,*,#2732,.F.);
#3608=ORIENTED_EDGE('',*,*,#2733,.T.);
#3609=ORIENTED_EDGE('',*,*,#2734,.T.);
#3610=ORIENTED_EDGE('',*,*,#2729,.F.);
#3611=ORIENTED_EDGE('',*,*,#2735,.F.);
#3612=ORIENTED_EDGE('',*,*,#2736,.T.);
#3613=ORIENTED_EDGE('',*,*,#2737,.T.);
#3614=ORIENTED_EDGE('',*,*,#2733,.F.);
#3615=ORIENTED_EDGE('',*,*,#2738,.F.);
#3616=ORIENTED_EDGE('',*,*,#2731,.T.);
#3617=ORIENTED_EDGE('',*,*,#2739,.T.);
#3618=ORIENTED_EDGE('',*,*,#2736,.F.);
#3619=ORIENTED_EDGE('',*,*,#2740,.F.);
#3620=ORIENTED_EDGE('',*,*,#2741,.T.);
#3621=ORIENTED_EDGE('',*,*,#2742,.T.);
#3622=ORIENTED_EDGE('',*,*,#2743,.F.);
#3623=ORIENTED_EDGE('',*,*,#2744,.F.);
#3624=ORIENTED_EDGE('',*,*,#2745,.T.);
#3625=ORIENTED_EDGE('',*,*,#2746,.T.);
#3626=ORIENTED_EDGE('',*,*,#2741,.F.);
#3627=ORIENTED_EDGE('',*,*,#2747,.F.);
#3628=ORIENTED_EDGE('',*,*,#2748,.T.);
#3629=ORIENTED_EDGE('',*,*,#2749,.T.);
#3630=ORIENTED_EDGE('',*,*,#2745,.F.);
#3631=ORIENTED_EDGE('',*,*,#2750,.F.);
#3632=ORIENTED_EDGE('',*,*,#2751,.T.);
#3633=ORIENTED_EDGE('',*,*,#2752,.T.);
#3634=ORIENTED_EDGE('',*,*,#2748,.F.);
#3635=ORIENTED_EDGE('',*,*,#2753,.F.);
#3636=ORIENTED_EDGE('',*,*,#2754,.T.);
#3637=ORIENTED_EDGE('',*,*,#2755,.T.);
#3638=ORIENTED_EDGE('',*,*,#2751,.F.);
#3639=ORIENTED_EDGE('',*,*,#2756,.F.);
#3640=ORIENTED_EDGE('',*,*,#2757,.T.);
#3641=ORIENTED_EDGE('',*,*,#2758,.T.);
#3642=ORIENTED_EDGE('',*,*,#2754,.F.);
#3643=ORIENTED_EDGE('',*,*,#2759,.F.);
#3644=ORIENTED_EDGE('',*,*,#2760,.T.);
#3645=ORIENTED_EDGE('',*,*,#2761,.T.);
#3646=ORIENTED_EDGE('',*,*,#2757,.F.);
#3647=ORIENTED_EDGE('',*,*,#2762,.F.);
#3648=ORIENTED_EDGE('',*,*,#2763,.T.);
#3649=ORIENTED_EDGE('',*,*,#2764,.T.);
#3650=ORIENTED_EDGE('',*,*,#2760,.F.);
#3651=ORIENTED_EDGE('',*,*,#2765,.F.);
#3652=ORIENTED_EDGE('',*,*,#2766,.T.);
#3653=ORIENTED_EDGE('',*,*,#2767,.T.);
#3654=ORIENTED_EDGE('',*,*,#2763,.F.);
#3655=ORIENTED_EDGE('',*,*,#2768,.F.);
#3656=ORIENTED_EDGE('',*,*,#2769,.T.);
#3657=ORIENTED_EDGE('',*,*,#2770,.T.);
#3658=ORIENTED_EDGE('',*,*,#2766,.F.);
#3659=ORIENTED_EDGE('',*,*,#2771,.F.);
#3660=ORIENTED_EDGE('',*,*,#2772,.T.);
#3661=ORIENTED_EDGE('',*,*,#2773,.T.);
#3662=ORIENTED_EDGE('',*,*,#2769,.F.);
#3663=ORIENTED_EDGE('',*,*,#2774,.F.);
#3664=ORIENTED_EDGE('',*,*,#2743,.T.);
#3665=ORIENTED_EDGE('',*,*,#2775,.T.);
#3666=ORIENTED_EDGE('',*,*,#2772,.F.);
#3667=ORIENTED_EDGE('',*,*,#2775,.F.);
#3668=ORIENTED_EDGE('',*,*,#2742,.F.);
#3669=ORIENTED_EDGE('',*,*,#2746,.F.);
#3670=ORIENTED_EDGE('',*,*,#2749,.F.);
#3671=ORIENTED_EDGE('',*,*,#2752,.F.);
#3672=ORIENTED_EDGE('',*,*,#2755,.F.);
#3673=ORIENTED_EDGE('',*,*,#2758,.F.);
#3674=ORIENTED_EDGE('',*,*,#2761,.F.);
#3675=ORIENTED_EDGE('',*,*,#2764,.F.);
#3676=ORIENTED_EDGE('',*,*,#2767,.F.);
#3677=ORIENTED_EDGE('',*,*,#2770,.F.);
#3678=ORIENTED_EDGE('',*,*,#2773,.F.);
#3679=ORIENTED_EDGE('',*,*,#2739,.F.);
#3680=ORIENTED_EDGE('',*,*,#2730,.F.);
#3681=ORIENTED_EDGE('',*,*,#2734,.F.);
#3682=ORIENTED_EDGE('',*,*,#2737,.F.);
#3683=ORIENTED_EDGE('',*,*,#2776,.F.);
#3684=ORIENTED_EDGE('',*,*,#2777,.T.);
#3685=ORIENTED_EDGE('',*,*,#2778,.T.);
#3686=ORIENTED_EDGE('',*,*,#2779,.F.);
#3687=ORIENTED_EDGE('',*,*,#2780,.F.);
#3688=ORIENTED_EDGE('',*,*,#2781,.T.);
#3689=ORIENTED_EDGE('',*,*,#2782,.T.);
#3690=ORIENTED_EDGE('',*,*,#2777,.F.);
#3691=ORIENTED_EDGE('',*,*,#2783,.F.);
#3692=ORIENTED_EDGE('',*,*,#2784,.T.);
#3693=ORIENTED_EDGE('',*,*,#2785,.T.);
#3694=ORIENTED_EDGE('',*,*,#2781,.F.);
#3695=ORIENTED_EDGE('',*,*,#2786,.F.);
#3696=ORIENTED_EDGE('',*,*,#2787,.T.);
#3697=ORIENTED_EDGE('',*,*,#2788,.T.);
#3698=ORIENTED_EDGE('',*,*,#2784,.F.);
#3699=ORIENTED_EDGE('',*,*,#2789,.F.);
#3700=ORIENTED_EDGE('',*,*,#2779,.T.);
#3701=ORIENTED_EDGE('',*,*,#2790,.T.);
#3702=ORIENTED_EDGE('',*,*,#2787,.F.);
#3703=ORIENTED_EDGE('',*,*,#2791,.F.);
#3704=ORIENTED_EDGE('',*,*,#2792,.T.);
#3705=ORIENTED_EDGE('',*,*,#2793,.T.);
#3706=ORIENTED_EDGE('',*,*,#2794,.F.);
#3707=ORIENTED_EDGE('',*,*,#2795,.F.);
#3708=ORIENTED_EDGE('',*,*,#2796,.T.);
#3709=ORIENTED_EDGE('',*,*,#2797,.T.);
#3710=ORIENTED_EDGE('',*,*,#2792,.F.);
#3711=ORIENTED_EDGE('',*,*,#2798,.F.);
#3712=ORIENTED_EDGE('',*,*,#2799,.T.);
#3713=ORIENTED_EDGE('',*,*,#2800,.T.);
#3714=ORIENTED_EDGE('',*,*,#2796,.F.);
#3715=ORIENTED_EDGE('',*,*,#2801,.F.);
#3716=ORIENTED_EDGE('',*,*,#2802,.T.);
#3717=ORIENTED_EDGE('',*,*,#2803,.T.);
#3718=ORIENTED_EDGE('',*,*,#2799,.F.);
#3719=ORIENTED_EDGE('',*,*,#2804,.F.);
#3720=ORIENTED_EDGE('',*,*,#2805,.T.);
#3721=ORIENTED_EDGE('',*,*,#2806,.T.);
#3722=ORIENTED_EDGE('',*,*,#2802,.F.);
#3723=ORIENTED_EDGE('',*,*,#2807,.F.);
#3724=ORIENTED_EDGE('',*,*,#2808,.T.);
#3725=ORIENTED_EDGE('',*,*,#2809,.T.);
#3726=ORIENTED_EDGE('',*,*,#2805,.F.);
#3727=ORIENTED_EDGE('',*,*,#2810,.F.);
#3728=ORIENTED_EDGE('',*,*,#2811,.T.);
#3729=ORIENTED_EDGE('',*,*,#2812,.T.);
#3730=ORIENTED_EDGE('',*,*,#2808,.F.);
#3731=ORIENTED_EDGE('',*,*,#2813,.F.);
#3732=ORIENTED_EDGE('',*,*,#2794,.T.);
#3733=ORIENTED_EDGE('',*,*,#2814,.T.);
#3734=ORIENTED_EDGE('',*,*,#2811,.F.);
#3735=ORIENTED_EDGE('',*,*,#2814,.F.);
#3736=ORIENTED_EDGE('',*,*,#2793,.F.);
#3737=ORIENTED_EDGE('',*,*,#2797,.F.);
#3738=ORIENTED_EDGE('',*,*,#2800,.F.);
#3739=ORIENTED_EDGE('',*,*,#2803,.F.);
#3740=ORIENTED_EDGE('',*,*,#2806,.F.);
#3741=ORIENTED_EDGE('',*,*,#2809,.F.);
#3742=ORIENTED_EDGE('',*,*,#2812,.F.);
#3743=ORIENTED_EDGE('',*,*,#2790,.F.);
#3744=ORIENTED_EDGE('',*,*,#2778,.F.);
#3745=ORIENTED_EDGE('',*,*,#2782,.F.);
#3746=ORIENTED_EDGE('',*,*,#2785,.F.);
#3747=ORIENTED_EDGE('',*,*,#2788,.F.);
#3748=ORIENTED_EDGE('',*,*,#2815,.F.);
#3749=ORIENTED_EDGE('',*,*,#2816,.T.);
#3750=ORIENTED_EDGE('',*,*,#2817,.T.);
#3751=ORIENTED_EDGE('',*,*,#2818,.F.);
#3752=ORIENTED_EDGE('',*,*,#2819,.F.);
#3753=ORIENTED_EDGE('',*,*,#2820,.T.);
#3754=ORIENTED_EDGE('',*,*,#2821,.T.);
#3755=ORIENTED_EDGE('',*,*,#2816,.F.);
#3756=ORIENTED_EDGE('',*,*,#2822,.F.);
#3757=ORIENTED_EDGE('',*,*,#2823,.T.);
#3758=ORIENTED_EDGE('',*,*,#2824,.T.);
#3759=ORIENTED_EDGE('',*,*,#2820,.F.);
#3760=ORIENTED_EDGE('',*,*,#2825,.F.);
#3761=ORIENTED_EDGE('',*,*,#2826,.T.);
#3762=ORIENTED_EDGE('',*,*,#2827,.T.);
#3763=ORIENTED_EDGE('',*,*,#2823,.F.);
#3764=ORIENTED_EDGE('',*,*,#2828,.F.);
#3765=ORIENTED_EDGE('',*,*,#2829,.T.);
#3766=ORIENTED_EDGE('',*,*,#2830,.T.);
#3767=ORIENTED_EDGE('',*,*,#2826,.F.);
#3768=ORIENTED_EDGE('',*,*,#2831,.F.);
#3769=ORIENTED_EDGE('',*,*,#2832,.T.);
#3770=ORIENTED_EDGE('',*,*,#2833,.T.);
#3771=ORIENTED_EDGE('',*,*,#2829,.F.);
#3772=ORIENTED_EDGE('',*,*,#2834,.F.);
#3773=ORIENTED_EDGE('',*,*,#2835,.T.);
#3774=ORIENTED_EDGE('',*,*,#2836,.T.);
#3775=ORIENTED_EDGE('',*,*,#2832,.F.);
#3776=ORIENTED_EDGE('',*,*,#2837,.F.);
#3777=ORIENTED_EDGE('',*,*,#2838,.T.);
#3778=ORIENTED_EDGE('',*,*,#2839,.T.);
#3779=ORIENTED_EDGE('',*,*,#2835,.F.);
#3780=ORIENTED_EDGE('',*,*,#2840,.F.);
#3781=ORIENTED_EDGE('',*,*,#2818,.T.);
#3782=ORIENTED_EDGE('',*,*,#2841,.T.);
#3783=ORIENTED_EDGE('',*,*,#2838,.F.);
#3784=ORIENTED_EDGE('',*,*,#2842,.F.);
#3785=ORIENTED_EDGE('',*,*,#2843,.T.);
#3786=ORIENTED_EDGE('',*,*,#2844,.T.);
#3787=ORIENTED_EDGE('',*,*,#2845,.F.);
#3788=ORIENTED_EDGE('',*,*,#2846,.F.);
#3789=ORIENTED_EDGE('',*,*,#2847,.T.);
#3790=ORIENTED_EDGE('',*,*,#2848,.T.);
#3791=ORIENTED_EDGE('',*,*,#2843,.F.);
#3792=ORIENTED_EDGE('',*,*,#2849,.F.);
#3793=ORIENTED_EDGE('',*,*,#2850,.T.);
#3794=ORIENTED_EDGE('',*,*,#2851,.T.);
#3795=ORIENTED_EDGE('',*,*,#2847,.F.);
#3796=ORIENTED_EDGE('',*,*,#2852,.F.);
#3797=ORIENTED_EDGE('',*,*,#2853,.T.);
#3798=ORIENTED_EDGE('',*,*,#2854,.T.);
#3799=ORIENTED_EDGE('',*,*,#2850,.F.);
#3800=ORIENTED_EDGE('',*,*,#2855,.F.);
#3801=ORIENTED_EDGE('',*,*,#2856,.T.);
#3802=ORIENTED_EDGE('',*,*,#2857,.T.);
#3803=ORIENTED_EDGE('',*,*,#2853,.F.);
#3804=ORIENTED_EDGE('',*,*,#2858,.F.);
#3805=ORIENTED_EDGE('',*,*,#2859,.T.);
#3806=ORIENTED_EDGE('',*,*,#2860,.T.);
#3807=ORIENTED_EDGE('',*,*,#2856,.F.);
#3808=ORIENTED_EDGE('',*,*,#2861,.F.);
#3809=ORIENTED_EDGE('',*,*,#2862,.T.);
#3810=ORIENTED_EDGE('',*,*,#2863,.T.);
#3811=ORIENTED_EDGE('',*,*,#2859,.F.);
#3812=ORIENTED_EDGE('',*,*,#2864,.F.);
#3813=ORIENTED_EDGE('',*,*,#2865,.T.);
#3814=ORIENTED_EDGE('',*,*,#2866,.T.);
#3815=ORIENTED_EDGE('',*,*,#2862,.F.);
#3816=ORIENTED_EDGE('',*,*,#2867,.F.);
#3817=ORIENTED_EDGE('',*,*,#2868,.T.);
#3818=ORIENTED_EDGE('',*,*,#2869,.T.);
#3819=ORIENTED_EDGE('',*,*,#2865,.F.);
#3820=ORIENTED_EDGE('',*,*,#2870,.F.);
#3821=ORIENTED_EDGE('',*,*,#2871,.T.);
#3822=ORIENTED_EDGE('',*,*,#2872,.T.);
#3823=ORIENTED_EDGE('',*,*,#2868,.F.);
#3824=ORIENTED_EDGE('',*,*,#2873,.F.);
#3825=ORIENTED_EDGE('',*,*,#2874,.T.);
#3826=ORIENTED_EDGE('',*,*,#2875,.T.);
#3827=ORIENTED_EDGE('',*,*,#2871,.F.);
#3828=ORIENTED_EDGE('',*,*,#2876,.F.);
#3829=ORIENTED_EDGE('',*,*,#2877,.T.);
#3830=ORIENTED_EDGE('',*,*,#2878,.T.);
#3831=ORIENTED_EDGE('',*,*,#2874,.F.);
#3832=ORIENTED_EDGE('',*,*,#2879,.F.);
#3833=ORIENTED_EDGE('',*,*,#2845,.T.);
#3834=ORIENTED_EDGE('',*,*,#2880,.T.);
#3835=ORIENTED_EDGE('',*,*,#2877,.F.);
#3836=ORIENTED_EDGE('',*,*,#2880,.F.);
#3837=ORIENTED_EDGE('',*,*,#2844,.F.);
#3838=ORIENTED_EDGE('',*,*,#2848,.F.);
#3839=ORIENTED_EDGE('',*,*,#2851,.F.);
#3840=ORIENTED_EDGE('',*,*,#2854,.F.);
#3841=ORIENTED_EDGE('',*,*,#2857,.F.);
#3842=ORIENTED_EDGE('',*,*,#2860,.F.);
#3843=ORIENTED_EDGE('',*,*,#2863,.F.);
#3844=ORIENTED_EDGE('',*,*,#2866,.F.);
#3845=ORIENTED_EDGE('',*,*,#2869,.F.);
#3846=ORIENTED_EDGE('',*,*,#2872,.F.);
#3847=ORIENTED_EDGE('',*,*,#2875,.F.);
#3848=ORIENTED_EDGE('',*,*,#2878,.F.);
#3849=ORIENTED_EDGE('',*,*,#2841,.F.);
#3850=ORIENTED_EDGE('',*,*,#2817,.F.);
#3851=ORIENTED_EDGE('',*,*,#2821,.F.);
#3852=ORIENTED_EDGE('',*,*,#2824,.F.);
#3853=ORIENTED_EDGE('',*,*,#2827,.F.);
#3854=ORIENTED_EDGE('',*,*,#2830,.F.);
#3855=ORIENTED_EDGE('',*,*,#2833,.F.);
#3856=ORIENTED_EDGE('',*,*,#2836,.F.);
#3857=ORIENTED_EDGE('',*,*,#2839,.F.);
#3858=ORIENTED_EDGE('',*,*,#2881,.F.);
#3859=ORIENTED_EDGE('',*,*,#2882,.T.);
#3860=ORIENTED_EDGE('',*,*,#2883,.T.);
#3861=ORIENTED_EDGE('',*,*,#2884,.F.);
#3862=ORIENTED_EDGE('',*,*,#2885,.F.);
#3863=ORIENTED_EDGE('',*,*,#2886,.T.);
#3864=ORIENTED_EDGE('',*,*,#2887,.T.);
#3865=ORIENTED_EDGE('',*,*,#2882,.F.);
#3866=ORIENTED_EDGE('',*,*,#2888,.F.);
#3867=ORIENTED_EDGE('',*,*,#2889,.T.);
#3868=ORIENTED_EDGE('',*,*,#2890,.T.);
#3869=ORIENTED_EDGE('',*,*,#2886,.F.);
#3870=ORIENTED_EDGE('',*,*,#2891,.F.);
#3871=ORIENTED_EDGE('',*,*,#2884,.T.);
#3872=ORIENTED_EDGE('',*,*,#2892,.T.);
#3873=ORIENTED_EDGE('',*,*,#2889,.F.);
#3874=ORIENTED_EDGE('',*,*,#2892,.F.);
#3875=ORIENTED_EDGE('',*,*,#2883,.F.);
#3876=ORIENTED_EDGE('',*,*,#2887,.F.);
#3877=ORIENTED_EDGE('',*,*,#2890,.F.);
#3878=ORIENTED_EDGE('',*,*,#2893,.F.);
#3879=ORIENTED_EDGE('',*,*,#2894,.T.);
#3880=ORIENTED_EDGE('',*,*,#2895,.T.);
#3881=ORIENTED_EDGE('',*,*,#2896,.F.);
#3882=ORIENTED_EDGE('',*,*,#2897,.F.);
#3883=ORIENTED_EDGE('',*,*,#2898,.T.);
#3884=ORIENTED_EDGE('',*,*,#2899,.T.);
#3885=ORIENTED_EDGE('',*,*,#2894,.F.);
#3886=ORIENTED_EDGE('',*,*,#2900,.F.);
#3887=ORIENTED_EDGE('',*,*,#2901,.T.);
#3888=ORIENTED_EDGE('',*,*,#2902,.T.);
#3889=ORIENTED_EDGE('',*,*,#2898,.F.);
#3890=ORIENTED_EDGE('',*,*,#2903,.F.);
#3891=ORIENTED_EDGE('',*,*,#2904,.T.);
#3892=ORIENTED_EDGE('',*,*,#2905,.T.);
#3893=ORIENTED_EDGE('',*,*,#2901,.F.);
#3894=ORIENTED_EDGE('',*,*,#2906,.F.);
#3895=ORIENTED_EDGE('',*,*,#2907,.T.);
#3896=ORIENTED_EDGE('',*,*,#2908,.T.);
#3897=ORIENTED_EDGE('',*,*,#2904,.F.);
#3898=ORIENTED_EDGE('',*,*,#2909,.F.);
#3899=ORIENTED_EDGE('',*,*,#2910,.T.);
#3900=ORIENTED_EDGE('',*,*,#2911,.T.);
#3901=ORIENTED_EDGE('',*,*,#2907,.F.);
#3902=ORIENTED_EDGE('',*,*,#2912,.F.);
#3903=ORIENTED_EDGE('',*,*,#2913,.T.);
#3904=ORIENTED_EDGE('',*,*,#2914,.T.);
#3905=ORIENTED_EDGE('',*,*,#2910,.F.);
#3906=ORIENTED_EDGE('',*,*,#2915,.F.);
#3907=ORIENTED_EDGE('',*,*,#2916,.T.);
#3908=ORIENTED_EDGE('',*,*,#2917,.T.);
#3909=ORIENTED_EDGE('',*,*,#2913,.F.);
#3910=ORIENTED_EDGE('',*,*,#2918,.F.);
#3911=ORIENTED_EDGE('',*,*,#2896,.T.);
#3912=ORIENTED_EDGE('',*,*,#2919,.T.);
#3913=ORIENTED_EDGE('',*,*,#2916,.F.);
#3914=ORIENTED_EDGE('',*,*,#2920,.F.);
#3915=ORIENTED_EDGE('',*,*,#2921,.T.);
#3916=ORIENTED_EDGE('',*,*,#2922,.T.);
#3917=ORIENTED_EDGE('',*,*,#2923,.F.);
#3918=ORIENTED_EDGE('',*,*,#2924,.F.);
#3919=ORIENTED_EDGE('',*,*,#2925,.T.);
#3920=ORIENTED_EDGE('',*,*,#2926,.T.);
#3921=ORIENTED_EDGE('',*,*,#2921,.F.);
#3922=ORIENTED_EDGE('',*,*,#2927,.F.);
#3923=ORIENTED_EDGE('',*,*,#2928,.T.);
#3924=ORIENTED_EDGE('',*,*,#2929,.T.);
#3925=ORIENTED_EDGE('',*,*,#2925,.F.);
#3926=ORIENTED_EDGE('',*,*,#2930,.F.);
#3927=ORIENTED_EDGE('',*,*,#2931,.T.);
#3928=ORIENTED_EDGE('',*,*,#2932,.T.);
#3929=ORIENTED_EDGE('',*,*,#2928,.F.);
#3930=ORIENTED_EDGE('',*,*,#2933,.F.);
#3931=ORIENTED_EDGE('',*,*,#2934,.T.);
#3932=ORIENTED_EDGE('',*,*,#2935,.T.);
#3933=ORIENTED_EDGE('',*,*,#2931,.F.);
#3934=ORIENTED_EDGE('',*,*,#2936,.F.);
#3935=ORIENTED_EDGE('',*,*,#2937,.T.);
#3936=ORIENTED_EDGE('',*,*,#2938,.T.);
#3937=ORIENTED_EDGE('',*,*,#2934,.F.);
#3938=ORIENTED_EDGE('',*,*,#2939,.F.);
#3939=ORIENTED_EDGE('',*,*,#2940,.T.);
#3940=ORIENTED_EDGE('',*,*,#2941,.T.);
#3941=ORIENTED_EDGE('',*,*,#2937,.F.);
#3942=ORIENTED_EDGE('',*,*,#2942,.F.);
#3943=ORIENTED_EDGE('',*,*,#2943,.T.);
#3944=ORIENTED_EDGE('',*,*,#2944,.T.);
#3945=ORIENTED_EDGE('',*,*,#2940,.F.);
#3946=ORIENTED_EDGE('',*,*,#2945,.F.);
#3947=ORIENTED_EDGE('',*,*,#2946,.T.);
#3948=ORIENTED_EDGE('',*,*,#2947,.T.);
#3949=ORIENTED_EDGE('',*,*,#2943,.F.);
#3950=ORIENTED_EDGE('',*,*,#2948,.F.);
#3951=ORIENTED_EDGE('',*,*,#2949,.T.);
#3952=ORIENTED_EDGE('',*,*,#2950,.T.);
#3953=ORIENTED_EDGE('',*,*,#2946,.F.);
#3954=ORIENTED_EDGE('',*,*,#2951,.F.);
#3955=ORIENTED_EDGE('',*,*,#2952,.T.);
#3956=ORIENTED_EDGE('',*,*,#2953,.T.);
#3957=ORIENTED_EDGE('',*,*,#2949,.F.);
#3958=ORIENTED_EDGE('',*,*,#2954,.F.);
#3959=ORIENTED_EDGE('',*,*,#2955,.T.);
#3960=ORIENTED_EDGE('',*,*,#2956,.T.);
#3961=ORIENTED_EDGE('',*,*,#2952,.F.);
#3962=ORIENTED_EDGE('',*,*,#2957,.F.);
#3963=ORIENTED_EDGE('',*,*,#2923,.T.);
#3964=ORIENTED_EDGE('',*,*,#2958,.T.);
#3965=ORIENTED_EDGE('',*,*,#2955,.F.);
#3966=ORIENTED_EDGE('',*,*,#2958,.F.);
#3967=ORIENTED_EDGE('',*,*,#2922,.F.);
#3968=ORIENTED_EDGE('',*,*,#2926,.F.);
#3969=ORIENTED_EDGE('',*,*,#2929,.F.);
#3970=ORIENTED_EDGE('',*,*,#2932,.F.);
#3971=ORIENTED_EDGE('',*,*,#2935,.F.);
#3972=ORIENTED_EDGE('',*,*,#2938,.F.);
#3973=ORIENTED_EDGE('',*,*,#2941,.F.);
#3974=ORIENTED_EDGE('',*,*,#2944,.F.);
#3975=ORIENTED_EDGE('',*,*,#2947,.F.);
#3976=ORIENTED_EDGE('',*,*,#2950,.F.);
#3977=ORIENTED_EDGE('',*,*,#2953,.F.);
#3978=ORIENTED_EDGE('',*,*,#2956,.F.);
#3979=ORIENTED_EDGE('',*,*,#2919,.F.);
#3980=ORIENTED_EDGE('',*,*,#2895,.F.);
#3981=ORIENTED_EDGE('',*,*,#2899,.F.);
#3982=ORIENTED_EDGE('',*,*,#2902,.F.);
#3983=ORIENTED_EDGE('',*,*,#2905,.F.);
#3984=ORIENTED_EDGE('',*,*,#2908,.F.);
#3985=ORIENTED_EDGE('',*,*,#2911,.F.);
#3986=ORIENTED_EDGE('',*,*,#2914,.F.);
#3987=ORIENTED_EDGE('',*,*,#2917,.F.);
#3988=ORIENTED_EDGE('',*,*,#2959,.F.);
#3989=ORIENTED_EDGE('',*,*,#2960,.T.);
#3990=ORIENTED_EDGE('',*,*,#2961,.T.);
#3991=ORIENTED_EDGE('',*,*,#2962,.F.);
#3992=ORIENTED_EDGE('',*,*,#2963,.F.);
#3993=ORIENTED_EDGE('',*,*,#2964,.T.);
#3994=ORIENTED_EDGE('',*,*,#2965,.T.);
#3995=ORIENTED_EDGE('',*,*,#2960,.F.);
#3996=ORIENTED_EDGE('',*,*,#2966,.F.);
#3997=ORIENTED_EDGE('',*,*,#2967,.T.);
#3998=ORIENTED_EDGE('',*,*,#2968,.T.);
#3999=ORIENTED_EDGE('',*,*,#2964,.F.);
#4000=ORIENTED_EDGE('',*,*,#2969,.F.);
#4001=ORIENTED_EDGE('',*,*,#2962,.T.);
#4002=ORIENTED_EDGE('',*,*,#2970,.T.);
#4003=ORIENTED_EDGE('',*,*,#2967,.F.);
#4004=ORIENTED_EDGE('',*,*,#2971,.F.);
#4005=ORIENTED_EDGE('',*,*,#2972,.T.);
#4006=ORIENTED_EDGE('',*,*,#2973,.T.);
#4007=ORIENTED_EDGE('',*,*,#2974,.F.);
#4008=ORIENTED_EDGE('',*,*,#2975,.F.);
#4009=ORIENTED_EDGE('',*,*,#2976,.T.);
#4010=ORIENTED_EDGE('',*,*,#2977,.T.);
#4011=ORIENTED_EDGE('',*,*,#2972,.F.);
#4012=ORIENTED_EDGE('',*,*,#2978,.F.);
#4013=ORIENTED_EDGE('',*,*,#2979,.T.);
#4014=ORIENTED_EDGE('',*,*,#2980,.T.);
#4015=ORIENTED_EDGE('',*,*,#2976,.F.);
#4016=ORIENTED_EDGE('',*,*,#2981,.F.);
#4017=ORIENTED_EDGE('',*,*,#2982,.T.);
#4018=ORIENTED_EDGE('',*,*,#2983,.T.);
#4019=ORIENTED_EDGE('',*,*,#2979,.F.);
#4020=ORIENTED_EDGE('',*,*,#2984,.F.);
#4021=ORIENTED_EDGE('',*,*,#2985,.T.);
#4022=ORIENTED_EDGE('',*,*,#2986,.T.);
#4023=ORIENTED_EDGE('',*,*,#2982,.F.);
#4024=ORIENTED_EDGE('',*,*,#2987,.F.);
#4025=ORIENTED_EDGE('',*,*,#2988,.T.);
#4026=ORIENTED_EDGE('',*,*,#2989,.T.);
#4027=ORIENTED_EDGE('',*,*,#2985,.F.);
#4028=ORIENTED_EDGE('',*,*,#2990,.F.);
#4029=ORIENTED_EDGE('',*,*,#2991,.T.);
#4030=ORIENTED_EDGE('',*,*,#2992,.T.);
#4031=ORIENTED_EDGE('',*,*,#2988,.F.);
#4032=ORIENTED_EDGE('',*,*,#2993,.F.);
#4033=ORIENTED_EDGE('',*,*,#2994,.T.);
#4034=ORIENTED_EDGE('',*,*,#2995,.T.);
#4035=ORIENTED_EDGE('',*,*,#2991,.F.);
#4036=ORIENTED_EDGE('',*,*,#2996,.F.);
#4037=ORIENTED_EDGE('',*,*,#2997,.T.);
#4038=ORIENTED_EDGE('',*,*,#2998,.T.);
#4039=ORIENTED_EDGE('',*,*,#2994,.F.);
#4040=ORIENTED_EDGE('',*,*,#2999,.F.);
#4041=ORIENTED_EDGE('',*,*,#3000,.T.);
#4042=ORIENTED_EDGE('',*,*,#3001,.T.);
#4043=ORIENTED_EDGE('',*,*,#2997,.F.);
#4044=ORIENTED_EDGE('',*,*,#3002,.F.);
#4045=ORIENTED_EDGE('',*,*,#3003,.T.);
#4046=ORIENTED_EDGE('',*,*,#3004,.T.);
#4047=ORIENTED_EDGE('',*,*,#3000,.F.);
#4048=ORIENTED_EDGE('',*,*,#3005,.F.);
#4049=ORIENTED_EDGE('',*,*,#2974,.T.);
#4050=ORIENTED_EDGE('',*,*,#3006,.T.);
#4051=ORIENTED_EDGE('',*,*,#3003,.F.);
#4052=ORIENTED_EDGE('',*,*,#3006,.F.);
#4053=ORIENTED_EDGE('',*,*,#2973,.F.);
#4054=ORIENTED_EDGE('',*,*,#2977,.F.);
#4055=ORIENTED_EDGE('',*,*,#2980,.F.);
#4056=ORIENTED_EDGE('',*,*,#2983,.F.);
#4057=ORIENTED_EDGE('',*,*,#2986,.F.);
#4058=ORIENTED_EDGE('',*,*,#2989,.F.);
#4059=ORIENTED_EDGE('',*,*,#2992,.F.);
#4060=ORIENTED_EDGE('',*,*,#2995,.F.);
#4061=ORIENTED_EDGE('',*,*,#2998,.F.);
#4062=ORIENTED_EDGE('',*,*,#3001,.F.);
#4063=ORIENTED_EDGE('',*,*,#3004,.F.);
#4064=ORIENTED_EDGE('',*,*,#2970,.F.);
#4065=ORIENTED_EDGE('',*,*,#2961,.F.);
#4066=ORIENTED_EDGE('',*,*,#2965,.F.);
#4067=ORIENTED_EDGE('',*,*,#2968,.F.);
#4068=ORIENTED_EDGE('',*,*,#3007,.F.);
#4069=ORIENTED_EDGE('',*,*,#3008,.T.);
#4070=ORIENTED_EDGE('',*,*,#3009,.T.);
#4071=ORIENTED_EDGE('',*,*,#3010,.F.);
#4072=ORIENTED_EDGE('',*,*,#3011,.F.);
#4073=ORIENTED_EDGE('',*,*,#3012,.T.);
#4074=ORIENTED_EDGE('',*,*,#3013,.T.);
#4075=ORIENTED_EDGE('',*,*,#3008,.F.);
#4076=ORIENTED_EDGE('',*,*,#3014,.F.);
#4077=ORIENTED_EDGE('',*,*,#3015,.T.);
#4078=ORIENTED_EDGE('',*,*,#3016,.T.);
#4079=ORIENTED_EDGE('',*,*,#3012,.F.);
#4080=ORIENTED_EDGE('',*,*,#3017,.F.);
#4081=ORIENTED_EDGE('',*,*,#3018,.T.);
#4082=ORIENTED_EDGE('',*,*,#3019,.T.);
#4083=ORIENTED_EDGE('',*,*,#3015,.F.);
#4084=ORIENTED_EDGE('',*,*,#3020,.F.);
#4085=ORIENTED_EDGE('',*,*,#3010,.T.);
#4086=ORIENTED_EDGE('',*,*,#3021,.T.);
#4087=ORIENTED_EDGE('',*,*,#3018,.F.);
#4088=ORIENTED_EDGE('',*,*,#3022,.F.);
#4089=ORIENTED_EDGE('',*,*,#3023,.T.);
#4090=ORIENTED_EDGE('',*,*,#3024,.T.);
#4091=ORIENTED_EDGE('',*,*,#3025,.F.);
#4092=ORIENTED_EDGE('',*,*,#3026,.F.);
#4093=ORIENTED_EDGE('',*,*,#3027,.T.);
#4094=ORIENTED_EDGE('',*,*,#3028,.T.);
#4095=ORIENTED_EDGE('',*,*,#3023,.F.);
#4096=ORIENTED_EDGE('',*,*,#3029,.F.);
#4097=ORIENTED_EDGE('',*,*,#3030,.T.);
#4098=ORIENTED_EDGE('',*,*,#3031,.T.);
#4099=ORIENTED_EDGE('',*,*,#3027,.F.);
#4100=ORIENTED_EDGE('',*,*,#3032,.F.);
#4101=ORIENTED_EDGE('',*,*,#3033,.T.);
#4102=ORIENTED_EDGE('',*,*,#3034,.T.);
#4103=ORIENTED_EDGE('',*,*,#3030,.F.);
#4104=ORIENTED_EDGE('',*,*,#3035,.F.);
#4105=ORIENTED_EDGE('',*,*,#3036,.T.);
#4106=ORIENTED_EDGE('',*,*,#3037,.T.);
#4107=ORIENTED_EDGE('',*,*,#3033,.F.);
#4108=ORIENTED_EDGE('',*,*,#3038,.F.);
#4109=ORIENTED_EDGE('',*,*,#3039,.T.);
#4110=ORIENTED_EDGE('',*,*,#3040,.T.);
#4111=ORIENTED_EDGE('',*,*,#3036,.F.);
#4112=ORIENTED_EDGE('',*,*,#3041,.F.);
#4113=ORIENTED_EDGE('',*,*,#3042,.T.);
#4114=ORIENTED_EDGE('',*,*,#3043,.T.);
#4115=ORIENTED_EDGE('',*,*,#3039,.F.);
#4116=ORIENTED_EDGE('',*,*,#3044,.F.);
#4117=ORIENTED_EDGE('',*,*,#3025,.T.);
#4118=ORIENTED_EDGE('',*,*,#3045,.T.);
#4119=ORIENTED_EDGE('',*,*,#3042,.F.);
#4120=ORIENTED_EDGE('',*,*,#3045,.F.);
#4121=ORIENTED_EDGE('',*,*,#3024,.F.);
#4122=ORIENTED_EDGE('',*,*,#3028,.F.);
#4123=ORIENTED_EDGE('',*,*,#3031,.F.);
#4124=ORIENTED_EDGE('',*,*,#3034,.F.);
#4125=ORIENTED_EDGE('',*,*,#3037,.F.);
#4126=ORIENTED_EDGE('',*,*,#3040,.F.);
#4127=ORIENTED_EDGE('',*,*,#3043,.F.);
#4128=ORIENTED_EDGE('',*,*,#3021,.F.);
#4129=ORIENTED_EDGE('',*,*,#3009,.F.);
#4130=ORIENTED_EDGE('',*,*,#3013,.F.);
#4131=ORIENTED_EDGE('',*,*,#3016,.F.);
#4132=ORIENTED_EDGE('',*,*,#3019,.F.);
#4133=ORIENTED_EDGE('',*,*,#3046,.F.);
#4134=ORIENTED_EDGE('',*,*,#3047,.T.);
#4135=ORIENTED_EDGE('',*,*,#3048,.T.);
#4136=ORIENTED_EDGE('',*,*,#3049,.F.);
#4137=ORIENTED_EDGE('',*,*,#3050,.F.);
#4138=ORIENTED_EDGE('',*,*,#3051,.T.);
#4139=ORIENTED_EDGE('',*,*,#3052,.T.);
#4140=ORIENTED_EDGE('',*,*,#3047,.F.);
#4141=ORIENTED_EDGE('',*,*,#3053,.F.);
#4142=ORIENTED_EDGE('',*,*,#3054,.T.);
#4143=ORIENTED_EDGE('',*,*,#3055,.T.);
#4144=ORIENTED_EDGE('',*,*,#3051,.F.);
#4145=ORIENTED_EDGE('',*,*,#3056,.F.);
#4146=ORIENTED_EDGE('',*,*,#3057,.T.);
#4147=ORIENTED_EDGE('',*,*,#3058,.T.);
#4148=ORIENTED_EDGE('',*,*,#3054,.F.);
#4149=ORIENTED_EDGE('',*,*,#3059,.F.);
#4150=ORIENTED_EDGE('',*,*,#3060,.T.);
#4151=ORIENTED_EDGE('',*,*,#3061,.T.);
#4152=ORIENTED_EDGE('',*,*,#3057,.F.);
#4153=ORIENTED_EDGE('',*,*,#3062,.F.);
#4154=ORIENTED_EDGE('',*,*,#3063,.T.);
#4155=ORIENTED_EDGE('',*,*,#3064,.T.);
#4156=ORIENTED_EDGE('',*,*,#3060,.F.);
#4157=ORIENTED_EDGE('',*,*,#3065,.F.);
#4158=ORIENTED_EDGE('',*,*,#3066,.T.);
#4159=ORIENTED_EDGE('',*,*,#3067,.T.);
#4160=ORIENTED_EDGE('',*,*,#3063,.F.);
#4161=ORIENTED_EDGE('',*,*,#3068,.F.);
#4162=ORIENTED_EDGE('',*,*,#3069,.T.);
#4163=ORIENTED_EDGE('',*,*,#3070,.T.);
#4164=ORIENTED_EDGE('',*,*,#3066,.F.);
#4165=ORIENTED_EDGE('',*,*,#3071,.F.);
#4166=ORIENTED_EDGE('',*,*,#3072,.T.);
#4167=ORIENTED_EDGE('',*,*,#3073,.T.);
#4168=ORIENTED_EDGE('',*,*,#3069,.F.);
#4169=ORIENTED_EDGE('',*,*,#3074,.F.);
#4170=ORIENTED_EDGE('',*,*,#3075,.T.);
#4171=ORIENTED_EDGE('',*,*,#3076,.T.);
#4172=ORIENTED_EDGE('',*,*,#3072,.F.);
#4173=ORIENTED_EDGE('',*,*,#3077,.F.);
#4174=ORIENTED_EDGE('',*,*,#3078,.T.);
#4175=ORIENTED_EDGE('',*,*,#3079,.T.);
#4176=ORIENTED_EDGE('',*,*,#3075,.F.);
#4177=ORIENTED_EDGE('',*,*,#3080,.F.);
#4178=ORIENTED_EDGE('',*,*,#3049,.T.);
#4179=ORIENTED_EDGE('',*,*,#3081,.T.);
#4180=ORIENTED_EDGE('',*,*,#3078,.F.);
#4181=ORIENTED_EDGE('',*,*,#3081,.F.);
#4182=ORIENTED_EDGE('',*,*,#3048,.F.);
#4183=ORIENTED_EDGE('',*,*,#3052,.F.);
#4184=ORIENTED_EDGE('',*,*,#3055,.F.);
#4185=ORIENTED_EDGE('',*,*,#3058,.F.);
#4186=ORIENTED_EDGE('',*,*,#3061,.F.);
#4187=ORIENTED_EDGE('',*,*,#3064,.F.);
#4188=ORIENTED_EDGE('',*,*,#3067,.F.);
#4189=ORIENTED_EDGE('',*,*,#3070,.F.);
#4190=ORIENTED_EDGE('',*,*,#3073,.F.);
#4191=ORIENTED_EDGE('',*,*,#3076,.F.);
#4192=ORIENTED_EDGE('',*,*,#3079,.F.);
#4193=ORIENTED_EDGE('',*,*,#3082,.F.);
#4194=ORIENTED_EDGE('',*,*,#3083,.T.);
#4195=ORIENTED_EDGE('',*,*,#3084,.T.);
#4196=ORIENTED_EDGE('',*,*,#3085,.F.);
#4197=ORIENTED_EDGE('',*,*,#3086,.F.);
#4198=ORIENTED_EDGE('',*,*,#3087,.T.);
#4199=ORIENTED_EDGE('',*,*,#3088,.T.);
#4200=ORIENTED_EDGE('',*,*,#3083,.F.);
#4201=ORIENTED_EDGE('',*,*,#3089,.F.);
#4202=ORIENTED_EDGE('',*,*,#3090,.T.);
#4203=ORIENTED_EDGE('',*,*,#3091,.T.);
#4204=ORIENTED_EDGE('',*,*,#3087,.F.);
#4205=ORIENTED_EDGE('',*,*,#3092,.F.);
#4206=ORIENTED_EDGE('',*,*,#3093,.T.);
#4207=ORIENTED_EDGE('',*,*,#3094,.T.);
#4208=ORIENTED_EDGE('',*,*,#3090,.F.);
#4209=ORIENTED_EDGE('',*,*,#3095,.F.);
#4210=ORIENTED_EDGE('',*,*,#3096,.T.);
#4211=ORIENTED_EDGE('',*,*,#3097,.T.);
#4212=ORIENTED_EDGE('',*,*,#3093,.F.);
#4213=ORIENTED_EDGE('',*,*,#3098,.F.);
#4214=ORIENTED_EDGE('',*,*,#3099,.T.);
#4215=ORIENTED_EDGE('',*,*,#3100,.T.);
#4216=ORIENTED_EDGE('',*,*,#3096,.F.);
#4217=ORIENTED_EDGE('',*,*,#3101,.F.);
#4218=ORIENTED_EDGE('',*,*,#3102,.T.);
#4219=ORIENTED_EDGE('',*,*,#3103,.T.);
#4220=ORIENTED_EDGE('',*,*,#3099,.F.);
#4221=ORIENTED_EDGE('',*,*,#3104,.F.);
#4222=ORIENTED_EDGE('',*,*,#3105,.T.);
#4223=ORIENTED_EDGE('',*,*,#3106,.T.);
#4224=ORIENTED_EDGE('',*,*,#3102,.F.);
#4225=ORIENTED_EDGE('',*,*,#3107,.F.);
#4226=ORIENTED_EDGE('',*,*,#3085,.T.);
#4227=ORIENTED_EDGE('',*,*,#3108,.T.);
#4228=ORIENTED_EDGE('',*,*,#3105,.F.);
#4229=ORIENTED_EDGE('',*,*,#3109,.F.);
#4230=ORIENTED_EDGE('',*,*,#3110,.T.);
#4231=ORIENTED_EDGE('',*,*,#3111,.T.);
#4232=ORIENTED_EDGE('',*,*,#3112,.F.);
#4233=ORIENTED_EDGE('',*,*,#3113,.F.);
#4234=ORIENTED_EDGE('',*,*,#3114,.T.);
#4235=ORIENTED_EDGE('',*,*,#3115,.T.);
#4236=ORIENTED_EDGE('',*,*,#3110,.F.);
#4237=ORIENTED_EDGE('',*,*,#3116,.F.);
#4238=ORIENTED_EDGE('',*,*,#3117,.T.);
#4239=ORIENTED_EDGE('',*,*,#3118,.T.);
#4240=ORIENTED_EDGE('',*,*,#3114,.F.);
#4241=ORIENTED_EDGE('',*,*,#3119,.F.);
#4242=ORIENTED_EDGE('',*,*,#3120,.T.);
#4243=ORIENTED_EDGE('',*,*,#3121,.T.);
#4244=ORIENTED_EDGE('',*,*,#3117,.F.);
#4245=ORIENTED_EDGE('',*,*,#3122,.F.);
#4246=ORIENTED_EDGE('',*,*,#3123,.T.);
#4247=ORIENTED_EDGE('',*,*,#3124,.T.);
#4248=ORIENTED_EDGE('',*,*,#3120,.F.);
#4249=ORIENTED_EDGE('',*,*,#3125,.F.);
#4250=ORIENTED_EDGE('',*,*,#3126,.T.);
#4251=ORIENTED_EDGE('',*,*,#3127,.T.);
#4252=ORIENTED_EDGE('',*,*,#3123,.F.);
#4253=ORIENTED_EDGE('',*,*,#3128,.F.);
#4254=ORIENTED_EDGE('',*,*,#3129,.T.);
#4255=ORIENTED_EDGE('',*,*,#3130,.T.);
#4256=ORIENTED_EDGE('',*,*,#3126,.F.);
#4257=ORIENTED_EDGE('',*,*,#3131,.F.);
#4258=ORIENTED_EDGE('',*,*,#3132,.T.);
#4259=ORIENTED_EDGE('',*,*,#3133,.T.);
#4260=ORIENTED_EDGE('',*,*,#3129,.F.);
#4261=ORIENTED_EDGE('',*,*,#3134,.F.);
#4262=ORIENTED_EDGE('',*,*,#3135,.T.);
#4263=ORIENTED_EDGE('',*,*,#3136,.T.);
#4264=ORIENTED_EDGE('',*,*,#3132,.F.);
#4265=ORIENTED_EDGE('',*,*,#3137,.F.);
#4266=ORIENTED_EDGE('',*,*,#3138,.T.);
#4267=ORIENTED_EDGE('',*,*,#3139,.T.);
#4268=ORIENTED_EDGE('',*,*,#3135,.F.);
#4269=ORIENTED_EDGE('',*,*,#3140,.F.);
#4270=ORIENTED_EDGE('',*,*,#3141,.T.);
#4271=ORIENTED_EDGE('',*,*,#3142,.T.);
#4272=ORIENTED_EDGE('',*,*,#3138,.F.);
#4273=ORIENTED_EDGE('',*,*,#3143,.F.);
#4274=ORIENTED_EDGE('',*,*,#3144,.T.);
#4275=ORIENTED_EDGE('',*,*,#3145,.T.);
#4276=ORIENTED_EDGE('',*,*,#3141,.F.);
#4277=ORIENTED_EDGE('',*,*,#3146,.F.);
#4278=ORIENTED_EDGE('',*,*,#3112,.T.);
#4279=ORIENTED_EDGE('',*,*,#3147,.T.);
#4280=ORIENTED_EDGE('',*,*,#3144,.F.);
#4281=ORIENTED_EDGE('',*,*,#3147,.F.);
#4282=ORIENTED_EDGE('',*,*,#3111,.F.);
#4283=ORIENTED_EDGE('',*,*,#3115,.F.);
#4284=ORIENTED_EDGE('',*,*,#3118,.F.);
#4285=ORIENTED_EDGE('',*,*,#3121,.F.);
#4286=ORIENTED_EDGE('',*,*,#3124,.F.);
#4287=ORIENTED_EDGE('',*,*,#3127,.F.);
#4288=ORIENTED_EDGE('',*,*,#3130,.F.);
#4289=ORIENTED_EDGE('',*,*,#3133,.F.);
#4290=ORIENTED_EDGE('',*,*,#3136,.F.);
#4291=ORIENTED_EDGE('',*,*,#3139,.F.);
#4292=ORIENTED_EDGE('',*,*,#3142,.F.);
#4293=ORIENTED_EDGE('',*,*,#3145,.F.);
#4294=ORIENTED_EDGE('',*,*,#3108,.F.);
#4295=ORIENTED_EDGE('',*,*,#3084,.F.);
#4296=ORIENTED_EDGE('',*,*,#3088,.F.);
#4297=ORIENTED_EDGE('',*,*,#3091,.F.);
#4298=ORIENTED_EDGE('',*,*,#3094,.F.);
#4299=ORIENTED_EDGE('',*,*,#3097,.F.);
#4300=ORIENTED_EDGE('',*,*,#3100,.F.);
#4301=ORIENTED_EDGE('',*,*,#3103,.F.);
#4302=ORIENTED_EDGE('',*,*,#3106,.F.);
#4303=ORIENTED_EDGE('',*,*,#3148,.F.);
#4304=ORIENTED_EDGE('',*,*,#3149,.T.);
#4305=ORIENTED_EDGE('',*,*,#3150,.T.);
#4306=ORIENTED_EDGE('',*,*,#3151,.F.);
#4307=ORIENTED_EDGE('',*,*,#3152,.F.);
#4308=ORIENTED_EDGE('',*,*,#3153,.T.);
#4309=ORIENTED_EDGE('',*,*,#3154,.T.);
#4310=ORIENTED_EDGE('',*,*,#3149,.F.);
#4311=ORIENTED_EDGE('',*,*,#3155,.F.);
#4312=ORIENTED_EDGE('',*,*,#3156,.T.);
#4313=ORIENTED_EDGE('',*,*,#3157,.T.);
#4314=ORIENTED_EDGE('',*,*,#3153,.F.);
#4315=ORIENTED_EDGE('',*,*,#3158,.F.);
#4316=ORIENTED_EDGE('',*,*,#3159,.T.);
#4317=ORIENTED_EDGE('',*,*,#3160,.T.);
#4318=ORIENTED_EDGE('',*,*,#3156,.F.);
#4319=ORIENTED_EDGE('',*,*,#3161,.F.);
#4320=ORIENTED_EDGE('',*,*,#3162,.T.);
#4321=ORIENTED_EDGE('',*,*,#3163,.T.);
#4322=ORIENTED_EDGE('',*,*,#3159,.F.);
#4323=ORIENTED_EDGE('',*,*,#3164,.F.);
#4324=ORIENTED_EDGE('',*,*,#3165,.T.);
#4325=ORIENTED_EDGE('',*,*,#3166,.T.);
#4326=ORIENTED_EDGE('',*,*,#3162,.F.);
#4327=ORIENTED_EDGE('',*,*,#3167,.F.);
#4328=ORIENTED_EDGE('',*,*,#3168,.T.);
#4329=ORIENTED_EDGE('',*,*,#3169,.T.);
#4330=ORIENTED_EDGE('',*,*,#3165,.F.);
#4331=ORIENTED_EDGE('',*,*,#3170,.F.);
#4332=ORIENTED_EDGE('',*,*,#3171,.T.);
#4333=ORIENTED_EDGE('',*,*,#3172,.T.);
#4334=ORIENTED_EDGE('',*,*,#3168,.F.);
#4335=ORIENTED_EDGE('',*,*,#3173,.F.);
#4336=ORIENTED_EDGE('',*,*,#3174,.T.);
#4337=ORIENTED_EDGE('',*,*,#3175,.T.);
#4338=ORIENTED_EDGE('',*,*,#3171,.F.);
#4339=ORIENTED_EDGE('',*,*,#3176,.F.);
#4340=ORIENTED_EDGE('',*,*,#3177,.T.);
#4341=ORIENTED_EDGE('',*,*,#3178,.T.);
#4342=ORIENTED_EDGE('',*,*,#3174,.F.);
#4343=ORIENTED_EDGE('',*,*,#3179,.F.);
#4344=ORIENTED_EDGE('',*,*,#3180,.T.);
#4345=ORIENTED_EDGE('',*,*,#3181,.T.);
#4346=ORIENTED_EDGE('',*,*,#3177,.F.);
#4347=ORIENTED_EDGE('',*,*,#3182,.F.);
#4348=ORIENTED_EDGE('',*,*,#3183,.T.);
#4349=ORIENTED_EDGE('',*,*,#3184,.T.);
#4350=ORIENTED_EDGE('',*,*,#3180,.F.);
#4351=ORIENTED_EDGE('',*,*,#3185,.F.);
#4352=ORIENTED_EDGE('',*,*,#3186,.T.);
#4353=ORIENTED_EDGE('',*,*,#3187,.T.);
#4354=ORIENTED_EDGE('',*,*,#3183,.F.);
#4355=ORIENTED_EDGE('',*,*,#3188,.F.);
#4356=ORIENTED_EDGE('',*,*,#3189,.T.);
#4357=ORIENTED_EDGE('',*,*,#3190,.T.);
#4358=ORIENTED_EDGE('',*,*,#3186,.F.);
#4359=ORIENTED_EDGE('',*,*,#3191,.F.);
#4360=ORIENTED_EDGE('',*,*,#3192,.T.);
#4361=ORIENTED_EDGE('',*,*,#3193,.T.);
#4362=ORIENTED_EDGE('',*,*,#3189,.F.);
#4363=ORIENTED_EDGE('',*,*,#3194,.F.);
#4364=ORIENTED_EDGE('',*,*,#3195,.T.);
#4365=ORIENTED_EDGE('',*,*,#3196,.T.);
#4366=ORIENTED_EDGE('',*,*,#3192,.F.);
#4367=ORIENTED_EDGE('',*,*,#3197,.F.);
#4368=ORIENTED_EDGE('',*,*,#3198,.T.);
#4369=ORIENTED_EDGE('',*,*,#3199,.T.);
#4370=ORIENTED_EDGE('',*,*,#3195,.F.);
#4371=ORIENTED_EDGE('',*,*,#3200,.F.);
#4372=ORIENTED_EDGE('',*,*,#3201,.T.);
#4373=ORIENTED_EDGE('',*,*,#3202,.T.);
#4374=ORIENTED_EDGE('',*,*,#3198,.F.);
#4375=ORIENTED_EDGE('',*,*,#3203,.F.);
#4376=ORIENTED_EDGE('',*,*,#3204,.T.);
#4377=ORIENTED_EDGE('',*,*,#3205,.T.);
#4378=ORIENTED_EDGE('',*,*,#3201,.F.);
#4379=ORIENTED_EDGE('',*,*,#3206,.F.);
#4380=ORIENTED_EDGE('',*,*,#3207,.T.);
#4381=ORIENTED_EDGE('',*,*,#3208,.T.);
#4382=ORIENTED_EDGE('',*,*,#3204,.F.);
#4383=ORIENTED_EDGE('',*,*,#3209,.F.);
#4384=ORIENTED_EDGE('',*,*,#3210,.T.);
#4385=ORIENTED_EDGE('',*,*,#3211,.T.);
#4386=ORIENTED_EDGE('',*,*,#3207,.F.);
#4387=ORIENTED_EDGE('',*,*,#3212,.F.);
#4388=ORIENTED_EDGE('',*,*,#3213,.T.);
#4389=ORIENTED_EDGE('',*,*,#3214,.T.);
#4390=ORIENTED_EDGE('',*,*,#3210,.F.);
#4391=ORIENTED_EDGE('',*,*,#3215,.F.);
#4392=ORIENTED_EDGE('',*,*,#3151,.T.);
#4393=ORIENTED_EDGE('',*,*,#3216,.T.);
#4394=ORIENTED_EDGE('',*,*,#3213,.F.);
#4395=ORIENTED_EDGE('',*,*,#3216,.F.);
#4396=ORIENTED_EDGE('',*,*,#3150,.F.);
#4397=ORIENTED_EDGE('',*,*,#3154,.F.);
#4398=ORIENTED_EDGE('',*,*,#3157,.F.);
#4399=ORIENTED_EDGE('',*,*,#3160,.F.);
#4400=ORIENTED_EDGE('',*,*,#3163,.F.);
#4401=ORIENTED_EDGE('',*,*,#3166,.F.);
#4402=ORIENTED_EDGE('',*,*,#3169,.F.);
#4403=ORIENTED_EDGE('',*,*,#3172,.F.);
#4404=ORIENTED_EDGE('',*,*,#3175,.F.);
#4405=ORIENTED_EDGE('',*,*,#3178,.F.);
#4406=ORIENTED_EDGE('',*,*,#3181,.F.);
#4407=ORIENTED_EDGE('',*,*,#3184,.F.);
#4408=ORIENTED_EDGE('',*,*,#3187,.F.);
#4409=ORIENTED_EDGE('',*,*,#3190,.F.);
#4410=ORIENTED_EDGE('',*,*,#3193,.F.);
#4411=ORIENTED_EDGE('',*,*,#3196,.F.);
#4412=ORIENTED_EDGE('',*,*,#3199,.F.);
#4413=ORIENTED_EDGE('',*,*,#3202,.F.);
#4414=ORIENTED_EDGE('',*,*,#3205,.F.);
#4415=ORIENTED_EDGE('',*,*,#3208,.F.);
#4416=ORIENTED_EDGE('',*,*,#3211,.F.);
#4417=ORIENTED_EDGE('',*,*,#3214,.F.);
#4418=ORIENTED_EDGE('',*,*,#3217,.F.);
#4419=ORIENTED_EDGE('',*,*,#3218,.T.);
#4420=ORIENTED_EDGE('',*,*,#3219,.T.);
#4421=ORIENTED_EDGE('',*,*,#3220,.F.);
#4422=ORIENTED_EDGE('',*,*,#3221,.F.);
#4423=ORIENTED_EDGE('',*,*,#3222,.T.);
#4424=ORIENTED_EDGE('',*,*,#3223,.T.);
#4425=ORIENTED_EDGE('',*,*,#3218,.F.);
#4426=ORIENTED_EDGE('',*,*,#3224,.F.);
#4427=ORIENTED_EDGE('',*,*,#3225,.T.);
#4428=ORIENTED_EDGE('',*,*,#3226,.T.);
#4429=ORIENTED_EDGE('',*,*,#3222,.F.);
#4430=ORIENTED_EDGE('',*,*,#3227,.F.);
#4431=ORIENTED_EDGE('',*,*,#3228,.T.);
#4432=ORIENTED_EDGE('',*,*,#3229,.T.);
#4433=ORIENTED_EDGE('',*,*,#3225,.F.);
#4434=ORIENTED_EDGE('',*,*,#3230,.F.);
#4435=ORIENTED_EDGE('',*,*,#3220,.T.);
#4436=ORIENTED_EDGE('',*,*,#3231,.T.);
#4437=ORIENTED_EDGE('',*,*,#3228,.F.);
#4438=ORIENTED_EDGE('',*,*,#3232,.F.);
#4439=ORIENTED_EDGE('',*,*,#3233,.T.);
#4440=ORIENTED_EDGE('',*,*,#3234,.T.);
#4441=ORIENTED_EDGE('',*,*,#3235,.F.);
#4442=ORIENTED_EDGE('',*,*,#3236,.F.);
#4443=ORIENTED_EDGE('',*,*,#3237,.T.);
#4444=ORIENTED_EDGE('',*,*,#3238,.T.);
#4445=ORIENTED_EDGE('',*,*,#3233,.F.);
#4446=ORIENTED_EDGE('',*,*,#3239,.F.);
#4447=ORIENTED_EDGE('',*,*,#3240,.T.);
#4448=ORIENTED_EDGE('',*,*,#3241,.T.);
#4449=ORIENTED_EDGE('',*,*,#3237,.F.);
#4450=ORIENTED_EDGE('',*,*,#3242,.F.);
#4451=ORIENTED_EDGE('',*,*,#3243,.T.);
#4452=ORIENTED_EDGE('',*,*,#3244,.T.);
#4453=ORIENTED_EDGE('',*,*,#3240,.F.);
#4454=ORIENTED_EDGE('',*,*,#3245,.F.);
#4455=ORIENTED_EDGE('',*,*,#3246,.T.);
#4456=ORIENTED_EDGE('',*,*,#3247,.T.);
#4457=ORIENTED_EDGE('',*,*,#3243,.F.);
#4458=ORIENTED_EDGE('',*,*,#3248,.F.);
#4459=ORIENTED_EDGE('',*,*,#3249,.T.);
#4460=ORIENTED_EDGE('',*,*,#3250,.T.);
#4461=ORIENTED_EDGE('',*,*,#3246,.F.);
#4462=ORIENTED_EDGE('',*,*,#3251,.F.);
#4463=ORIENTED_EDGE('',*,*,#3252,.T.);
#4464=ORIENTED_EDGE('',*,*,#3253,.T.);
#4465=ORIENTED_EDGE('',*,*,#3249,.F.);
#4466=ORIENTED_EDGE('',*,*,#3254,.F.);
#4467=ORIENTED_EDGE('',*,*,#3235,.T.);
#4468=ORIENTED_EDGE('',*,*,#3255,.T.);
#4469=ORIENTED_EDGE('',*,*,#3252,.F.);
#4470=ORIENTED_EDGE('',*,*,#3255,.F.);
#4471=ORIENTED_EDGE('',*,*,#3234,.F.);
#4472=ORIENTED_EDGE('',*,*,#3238,.F.);
#4473=ORIENTED_EDGE('',*,*,#3241,.F.);
#4474=ORIENTED_EDGE('',*,*,#3244,.F.);
#4475=ORIENTED_EDGE('',*,*,#3247,.F.);
#4476=ORIENTED_EDGE('',*,*,#3250,.F.);
#4477=ORIENTED_EDGE('',*,*,#3253,.F.);
#4478=ORIENTED_EDGE('',*,*,#3231,.F.);
#4479=ORIENTED_EDGE('',*,*,#3219,.F.);
#4480=ORIENTED_EDGE('',*,*,#3223,.F.);
#4481=ORIENTED_EDGE('',*,*,#3226,.F.);
#4482=ORIENTED_EDGE('',*,*,#3229,.F.);
#4483=ORIENTED_EDGE('',*,*,#3256,.F.);
#4484=ORIENTED_EDGE('',*,*,#3257,.F.);
#4485=ORIENTED_EDGE('',*,*,#3258,.F.);
#4486=ORIENTED_EDGE('',*,*,#3259,.F.);
#4487=ORIENTED_EDGE('',*,*,#3232,.T.);
#4488=ORIENTED_EDGE('',*,*,#3254,.T.);
#4489=ORIENTED_EDGE('',*,*,#3251,.T.);
#4490=ORIENTED_EDGE('',*,*,#3248,.T.);
#4491=ORIENTED_EDGE('',*,*,#3245,.T.);
#4492=ORIENTED_EDGE('',*,*,#3242,.T.);
#4493=ORIENTED_EDGE('',*,*,#3239,.T.);
#4494=ORIENTED_EDGE('',*,*,#3236,.T.);
#4495=ORIENTED_EDGE('',*,*,#3148,.T.);
#4496=ORIENTED_EDGE('',*,*,#3215,.T.);
#4497=ORIENTED_EDGE('',*,*,#3212,.T.);
#4498=ORIENTED_EDGE('',*,*,#3209,.T.);
#4499=ORIENTED_EDGE('',*,*,#3206,.T.);
#4500=ORIENTED_EDGE('',*,*,#3203,.T.);
#4501=ORIENTED_EDGE('',*,*,#3200,.T.);
#4502=ORIENTED_EDGE('',*,*,#3197,.T.);
#4503=ORIENTED_EDGE('',*,*,#3194,.T.);
#4504=ORIENTED_EDGE('',*,*,#3191,.T.);
#4505=ORIENTED_EDGE('',*,*,#3188,.T.);
#4506=ORIENTED_EDGE('',*,*,#3185,.T.);
#4507=ORIENTED_EDGE('',*,*,#3182,.T.);
#4508=ORIENTED_EDGE('',*,*,#3179,.T.);
#4509=ORIENTED_EDGE('',*,*,#3176,.T.);
#4510=ORIENTED_EDGE('',*,*,#3173,.T.);
#4511=ORIENTED_EDGE('',*,*,#3170,.T.);
#4512=ORIENTED_EDGE('',*,*,#3167,.T.);
#4513=ORIENTED_EDGE('',*,*,#3164,.T.);
#4514=ORIENTED_EDGE('',*,*,#3161,.T.);
#4515=ORIENTED_EDGE('',*,*,#3158,.T.);
#4516=ORIENTED_EDGE('',*,*,#3155,.T.);
#4517=ORIENTED_EDGE('',*,*,#3152,.T.);
#4518=ORIENTED_EDGE('',*,*,#3109,.T.);
#4519=ORIENTED_EDGE('',*,*,#3146,.T.);
#4520=ORIENTED_EDGE('',*,*,#3143,.T.);
#4521=ORIENTED_EDGE('',*,*,#3140,.T.);
#4522=ORIENTED_EDGE('',*,*,#3137,.T.);
#4523=ORIENTED_EDGE('',*,*,#3134,.T.);
#4524=ORIENTED_EDGE('',*,*,#3131,.T.);
#4525=ORIENTED_EDGE('',*,*,#3128,.T.);
#4526=ORIENTED_EDGE('',*,*,#3125,.T.);
#4527=ORIENTED_EDGE('',*,*,#3122,.T.);
#4528=ORIENTED_EDGE('',*,*,#3119,.T.);
#4529=ORIENTED_EDGE('',*,*,#3116,.T.);
#4530=ORIENTED_EDGE('',*,*,#3113,.T.);
#4531=ORIENTED_EDGE('',*,*,#3046,.T.);
#4532=ORIENTED_EDGE('',*,*,#3080,.T.);
#4533=ORIENTED_EDGE('',*,*,#3077,.T.);
#4534=ORIENTED_EDGE('',*,*,#3074,.T.);
#4535=ORIENTED_EDGE('',*,*,#3071,.T.);
#4536=ORIENTED_EDGE('',*,*,#3068,.T.);
#4537=ORIENTED_EDGE('',*,*,#3065,.T.);
#4538=ORIENTED_EDGE('',*,*,#3062,.T.);
#4539=ORIENTED_EDGE('',*,*,#3059,.T.);
#4540=ORIENTED_EDGE('',*,*,#3056,.T.);
#4541=ORIENTED_EDGE('',*,*,#3053,.T.);
#4542=ORIENTED_EDGE('',*,*,#3050,.T.);
#4543=ORIENTED_EDGE('',*,*,#3022,.T.);
#4544=ORIENTED_EDGE('',*,*,#3044,.T.);
#4545=ORIENTED_EDGE('',*,*,#3041,.T.);
#4546=ORIENTED_EDGE('',*,*,#3038,.T.);
#4547=ORIENTED_EDGE('',*,*,#3035,.T.);
#4548=ORIENTED_EDGE('',*,*,#3032,.T.);
#4549=ORIENTED_EDGE('',*,*,#3029,.T.);
#4550=ORIENTED_EDGE('',*,*,#3026,.T.);
#4551=ORIENTED_EDGE('',*,*,#2971,.T.);
#4552=ORIENTED_EDGE('',*,*,#3005,.T.);
#4553=ORIENTED_EDGE('',*,*,#3002,.T.);
#4554=ORIENTED_EDGE('',*,*,#2999,.T.);
#4555=ORIENTED_EDGE('',*,*,#2996,.T.);
#4556=ORIENTED_EDGE('',*,*,#2993,.T.);
#4557=ORIENTED_EDGE('',*,*,#2990,.T.);
#4558=ORIENTED_EDGE('',*,*,#2987,.T.);
#4559=ORIENTED_EDGE('',*,*,#2984,.T.);
#4560=ORIENTED_EDGE('',*,*,#2981,.T.);
#4561=ORIENTED_EDGE('',*,*,#2978,.T.);
#4562=ORIENTED_EDGE('',*,*,#2975,.T.);
#4563=ORIENTED_EDGE('',*,*,#2920,.T.);
#4564=ORIENTED_EDGE('',*,*,#2957,.T.);
#4565=ORIENTED_EDGE('',*,*,#2954,.T.);
#4566=ORIENTED_EDGE('',*,*,#2951,.T.);
#4567=ORIENTED_EDGE('',*,*,#2948,.T.);
#4568=ORIENTED_EDGE('',*,*,#2945,.T.);
#4569=ORIENTED_EDGE('',*,*,#2942,.T.);
#4570=ORIENTED_EDGE('',*,*,#2939,.T.);
#4571=ORIENTED_EDGE('',*,*,#2936,.T.);
#4572=ORIENTED_EDGE('',*,*,#2933,.T.);
#4573=ORIENTED_EDGE('',*,*,#2930,.T.);
#4574=ORIENTED_EDGE('',*,*,#2927,.T.);
#4575=ORIENTED_EDGE('',*,*,#2924,.T.);
#4576=ORIENTED_EDGE('',*,*,#2881,.T.);
#4577=ORIENTED_EDGE('',*,*,#2891,.T.);
#4578=ORIENTED_EDGE('',*,*,#2888,.T.);
#4579=ORIENTED_EDGE('',*,*,#2885,.T.);
#4580=ORIENTED_EDGE('',*,*,#2842,.T.);
#4581=ORIENTED_EDGE('',*,*,#2879,.T.);
#4582=ORIENTED_EDGE('',*,*,#2876,.T.);
#4583=ORIENTED_EDGE('',*,*,#2873,.T.);
#4584=ORIENTED_EDGE('',*,*,#2870,.T.);
#4585=ORIENTED_EDGE('',*,*,#2867,.T.);
#4586=ORIENTED_EDGE('',*,*,#2864,.T.);
#4587=ORIENTED_EDGE('',*,*,#2861,.T.);
#4588=ORIENTED_EDGE('',*,*,#2858,.T.);
#4589=ORIENTED_EDGE('',*,*,#2855,.T.);
#4590=ORIENTED_EDGE('',*,*,#2852,.T.);
#4591=ORIENTED_EDGE('',*,*,#2849,.T.);
#4592=ORIENTED_EDGE('',*,*,#2846,.T.);
#4593=ORIENTED_EDGE('',*,*,#2791,.T.);
#4594=ORIENTED_EDGE('',*,*,#2813,.T.);
#4595=ORIENTED_EDGE('',*,*,#2810,.T.);
#4596=ORIENTED_EDGE('',*,*,#2807,.T.);
#4597=ORIENTED_EDGE('',*,*,#2804,.T.);
#4598=ORIENTED_EDGE('',*,*,#2801,.T.);
#4599=ORIENTED_EDGE('',*,*,#2798,.T.);
#4600=ORIENTED_EDGE('',*,*,#2795,.T.);
#4601=ORIENTED_EDGE('',*,*,#2740,.T.);
#4602=ORIENTED_EDGE('',*,*,#2774,.T.);
#4603=ORIENTED_EDGE('',*,*,#2771,.T.);
#4604=ORIENTED_EDGE('',*,*,#2768,.T.);
#4605=ORIENTED_EDGE('',*,*,#2765,.T.);
#4606=ORIENTED_EDGE('',*,*,#2762,.T.);
#4607=ORIENTED_EDGE('',*,*,#2759,.T.);
#4608=ORIENTED_EDGE('',*,*,#2756,.T.);
#4609=ORIENTED_EDGE('',*,*,#2753,.T.);
#4610=ORIENTED_EDGE('',*,*,#2750,.T.);
#4611=ORIENTED_EDGE('',*,*,#2747,.T.);
#4612=ORIENTED_EDGE('',*,*,#2744,.T.);
#4613=ORIENTED_EDGE('',*,*,#2704,.T.);
#4614=ORIENTED_EDGE('',*,*,#2726,.T.);
#4615=ORIENTED_EDGE('',*,*,#2723,.T.);
#4616=ORIENTED_EDGE('',*,*,#2720,.T.);
#4617=ORIENTED_EDGE('',*,*,#2717,.T.);
#4618=ORIENTED_EDGE('',*,*,#2714,.T.);
#4619=ORIENTED_EDGE('',*,*,#2711,.T.);
#4620=ORIENTED_EDGE('',*,*,#2708,.T.);
#4621=ORIENTED_EDGE('',*,*,#2665,.T.);
#4622=ORIENTED_EDGE('',*,*,#2687,.T.);
#4623=ORIENTED_EDGE('',*,*,#2684,.T.);
#4624=ORIENTED_EDGE('',*,*,#2681,.T.);
#4625=ORIENTED_EDGE('',*,*,#2678,.T.);
#4626=ORIENTED_EDGE('',*,*,#2675,.T.);
#4627=ORIENTED_EDGE('',*,*,#2672,.T.);
#4628=ORIENTED_EDGE('',*,*,#2669,.T.);
#4629=ORIENTED_EDGE('',*,*,#2626,.T.);
#4630=ORIENTED_EDGE('',*,*,#2648,.T.);
#4631=ORIENTED_EDGE('',*,*,#2645,.T.);
#4632=ORIENTED_EDGE('',*,*,#2642,.T.);
#4633=ORIENTED_EDGE('',*,*,#2639,.T.);
#4634=ORIENTED_EDGE('',*,*,#2636,.T.);
#4635=ORIENTED_EDGE('',*,*,#2633,.T.);
#4636=ORIENTED_EDGE('',*,*,#2630,.T.);
#4637=ORIENTED_EDGE('',*,*,#3217,.T.);
#4638=ORIENTED_EDGE('',*,*,#3230,.T.);
#4639=ORIENTED_EDGE('',*,*,#3227,.T.);
#4640=ORIENTED_EDGE('',*,*,#3224,.T.);
#4641=ORIENTED_EDGE('',*,*,#3221,.T.);
#4642=ORIENTED_EDGE('',*,*,#3082,.T.);
#4643=ORIENTED_EDGE('',*,*,#3107,.T.);
#4644=ORIENTED_EDGE('',*,*,#3104,.T.);
#4645=ORIENTED_EDGE('',*,*,#3101,.T.);
#4646=ORIENTED_EDGE('',*,*,#3098,.T.);
#4647=ORIENTED_EDGE('',*,*,#3095,.T.);
#4648=ORIENTED_EDGE('',*,*,#3092,.T.);
#4649=ORIENTED_EDGE('',*,*,#3089,.T.);
#4650=ORIENTED_EDGE('',*,*,#3086,.T.);
#4651=ORIENTED_EDGE('',*,*,#3007,.T.);
#4652=ORIENTED_EDGE('',*,*,#3020,.T.);
#4653=ORIENTED_EDGE('',*,*,#3017,.T.);
#4654=ORIENTED_EDGE('',*,*,#3014,.T.);
#4655=ORIENTED_EDGE('',*,*,#3011,.T.);
#4656=ORIENTED_EDGE('',*,*,#2959,.T.);
#4657=ORIENTED_EDGE('',*,*,#2969,.T.);
#4658=ORIENTED_EDGE('',*,*,#2966,.T.);
#4659=ORIENTED_EDGE('',*,*,#2963,.T.);
#4660=ORIENTED_EDGE('',*,*,#2893,.T.);
#4661=ORIENTED_EDGE('',*,*,#2918,.T.);
#4662=ORIENTED_EDGE('',*,*,#2915,.T.);
#4663=ORIENTED_EDGE('',*,*,#2912,.T.);
#4664=ORIENTED_EDGE('',*,*,#2909,.T.);
#4665=ORIENTED_EDGE('',*,*,#2906,.T.);
#4666=ORIENTED_EDGE('',*,*,#2903,.T.);
#4667=ORIENTED_EDGE('',*,*,#2900,.T.);
#4668=ORIENTED_EDGE('',*,*,#2897,.T.);
#4669=ORIENTED_EDGE('',*,*,#2815,.T.);
#4670=ORIENTED_EDGE('',*,*,#2840,.T.);
#4671=ORIENTED_EDGE('',*,*,#2837,.T.);
#4672=ORIENTED_EDGE('',*,*,#2834,.T.);
#4673=ORIENTED_EDGE('',*,*,#2831,.T.);
#4674=ORIENTED_EDGE('',*,*,#2828,.T.);
#4675=ORIENTED_EDGE('',*,*,#2825,.T.);
#4676=ORIENTED_EDGE('',*,*,#2822,.T.);
#4677=ORIENTED_EDGE('',*,*,#2819,.T.);
#4678=ORIENTED_EDGE('',*,*,#2776,.T.);
#4679=ORIENTED_EDGE('',*,*,#2789,.T.);
#4680=ORIENTED_EDGE('',*,*,#2786,.T.);
#4681=ORIENTED_EDGE('',*,*,#2783,.T.);
#4682=ORIENTED_EDGE('',*,*,#2780,.T.);
#4683=ORIENTED_EDGE('',*,*,#2728,.T.);
#4684=ORIENTED_EDGE('',*,*,#2738,.T.);
#4685=ORIENTED_EDGE('',*,*,#2735,.T.);
#4686=ORIENTED_EDGE('',*,*,#2732,.T.);
#4687=ORIENTED_EDGE('',*,*,#2689,.T.);
#4688=ORIENTED_EDGE('',*,*,#2702,.T.);
#4689=ORIENTED_EDGE('',*,*,#2699,.T.);
#4690=ORIENTED_EDGE('',*,*,#2696,.T.);
#4691=ORIENTED_EDGE('',*,*,#2693,.T.);
#4692=ORIENTED_EDGE('',*,*,#2650,.T.);
#4693=ORIENTED_EDGE('',*,*,#2663,.T.);
#4694=ORIENTED_EDGE('',*,*,#2660,.T.);
#4695=ORIENTED_EDGE('',*,*,#2657,.T.);
#4696=ORIENTED_EDGE('',*,*,#2654,.T.);
#4697=ORIENTED_EDGE('',*,*,#3260,.F.);
#4698=ORIENTED_EDGE('',*,*,#3261,.F.);
#4699=ORIENTED_EDGE('',*,*,#3262,.F.);
#4700=ORIENTED_EDGE('',*,*,#3263,.F.);
#4701=ORIENTED_EDGE('',*,*,#3264,.F.);
#4702=ORIENTED_EDGE('',*,*,#3265,.F.);
#4703=ORIENTED_EDGE('',*,*,#3266,.T.);
#4704=ORIENTED_EDGE('',*,*,#3261,.T.);
#4705=ORIENTED_EDGE('',*,*,#3267,.F.);
#4706=ORIENTED_EDGE('',*,*,#3268,.F.);
#4707=ORIENTED_EDGE('',*,*,#3262,.T.);
#4708=ORIENTED_EDGE('',*,*,#3266,.F.);
#4709=ORIENTED_EDGE('',*,*,#3264,.T.);
#4710=ORIENTED_EDGE('',*,*,#3260,.T.);
#4711=ORIENTED_EDGE('',*,*,#3269,.T.);
#4712=ORIENTED_EDGE('',*,*,#3270,.F.);
#4713=ORIENTED_EDGE('',*,*,#3271,.T.);
#4714=ORIENTED_EDGE('',*,*,#3272,.F.);
#4715=ORIENTED_EDGE('',*,*,#3263,.T.);
#4716=ORIENTED_EDGE('',*,*,#3268,.T.);
#4717=ORIENTED_EDGE('',*,*,#3273,.F.);
#4718=ORIENTED_EDGE('',*,*,#3274,.F.);
#4719=ORIENTED_EDGE('',*,*,#3275,.T.);
#4720=ORIENTED_EDGE('',*,*,#3269,.F.);
#4721=ORIENTED_EDGE('',*,*,#3276,.F.);
#4722=ORIENTED_EDGE('',*,*,#3277,.T.);
#4723=ORIENTED_EDGE('',*,*,#3278,.F.);
#4724=ORIENTED_EDGE('',*,*,#3279,.F.);
#4725=ORIENTED_EDGE('',*,*,#3276,.T.);
#4726=ORIENTED_EDGE('',*,*,#3280,.F.);
#4727=ORIENTED_EDGE('',*,*,#3281,.T.);
#4728=ORIENTED_EDGE('',*,*,#3282,.F.);
#4729=ORIENTED_EDGE('',*,*,#3283,.T.);
#4730=ORIENTED_EDGE('',*,*,#3270,.T.);
#4731=ORIENTED_EDGE('',*,*,#3275,.F.);
#4732=ORIENTED_EDGE('',*,*,#3284,.F.);
#4733=ORIENTED_EDGE('',*,*,#3277,.F.);
#4734=ORIENTED_EDGE('',*,*,#3282,.T.);
#4735=ORIENTED_EDGE('',*,*,#3285,.T.);
#4736=ORIENTED_EDGE('',*,*,#3286,.T.);
#4737=ORIENTED_EDGE('',*,*,#3287,.T.);
#4738=ORIENTED_EDGE('',*,*,#3286,.F.);
#4739=ORIENTED_EDGE('',*,*,#3288,.T.);
#4740=ORIENTED_EDGE('',*,*,#3289,.F.);
#4741=ORIENTED_EDGE('',*,*,#3288,.F.);
#4742=ORIENTED_EDGE('',*,*,#3290,.F.);
#4743=ORIENTED_EDGE('',*,*,#3291,.T.);
#4744=ORIENTED_EDGE('',*,*,#3292,.F.);
#4745=ORIENTED_EDGE('',*,*,#3290,.T.);
#4746=ORIENTED_EDGE('',*,*,#3285,.F.);
#4747=ORIENTED_EDGE('',*,*,#3281,.F.);
#4748=ORIENTED_EDGE('',*,*,#3291,.F.);
#4749=ORIENTED_EDGE('',*,*,#3293,.F.);
#4750=ORIENTED_EDGE('',*,*,#3271,.F.);
#4751=ORIENTED_EDGE('',*,*,#3294,.T.);
#4752=ORIENTED_EDGE('',*,*,#3295,.F.);
#4753=ORIENTED_EDGE('',*,*,#3293,.T.);
#4754=ORIENTED_EDGE('',*,*,#3283,.F.);
#4755=ORIENTED_EDGE('',*,*,#3287,.F.);
#4756=ORIENTED_EDGE('',*,*,#3294,.F.);
#4757=ORIENTED_EDGE('',*,*,#3274,.T.);
#4758=ORIENTED_EDGE('',*,*,#3296,.F.);
#4759=ORIENTED_EDGE('',*,*,#3297,.F.);
#4760=ORIENTED_EDGE('',*,*,#3259,.T.);
#4761=ORIENTED_EDGE('',*,*,#3298,.F.);
#4762=ORIENTED_EDGE('',*,*,#3299,.F.);
#4763=ORIENTED_EDGE('',*,*,#3278,.T.);
#4764=ORIENTED_EDGE('',*,*,#3284,.T.);
#4765=ORIENTED_EDGE('',*,*,#2611,.T.);
#4766=ORIENTED_EDGE('',*,*,#2624,.T.);
#4767=ORIENTED_EDGE('',*,*,#2621,.T.);
#4768=ORIENTED_EDGE('',*,*,#2618,.T.);
#4769=ORIENTED_EDGE('',*,*,#2615,.T.);
#4770=ORIENTED_EDGE('',*,*,#3300,.F.);
#4771=ORIENTED_EDGE('',*,*,#3301,.T.);
#4772=ORIENTED_EDGE('',*,*,#3297,.T.);
#4773=ORIENTED_EDGE('',*,*,#3302,.F.);
#4774=ORIENTED_EDGE('',*,*,#3303,.F.);
#4775=ORIENTED_EDGE('',*,*,#3256,.T.);
#4776=ORIENTED_EDGE('',*,*,#3301,.F.);
#4777=ORIENTED_EDGE('',*,*,#3304,.F.);
#4778=ORIENTED_EDGE('',*,*,#3305,.T.);
#4779=ORIENTED_EDGE('',*,*,#3303,.T.);
#4780=ORIENTED_EDGE('',*,*,#3306,.F.);
#4781=ORIENTED_EDGE('',*,*,#3298,.T.);
#4782=ORIENTED_EDGE('',*,*,#3307,.T.);
#4783=ORIENTED_EDGE('',*,*,#3308,.F.);
#4784=ORIENTED_EDGE('',*,*,#3307,.F.);
#4785=ORIENTED_EDGE('',*,*,#3258,.T.);
#4786=ORIENTED_EDGE('',*,*,#3309,.F.);
#4787=ORIENTED_EDGE('',*,*,#3310,.F.);
#4788=ORIENTED_EDGE('',*,*,#3309,.T.);
#4789=ORIENTED_EDGE('',*,*,#3311,.T.);
#4790=ORIENTED_EDGE('',*,*,#3312,.F.);
#4791=ORIENTED_EDGE('',*,*,#3311,.F.);
#4792=ORIENTED_EDGE('',*,*,#3257,.T.);
#4793=ORIENTED_EDGE('',*,*,#3305,.F.);
#4794=ORIENTED_EDGE('',*,*,#3265,.T.);
#4795=ORIENTED_EDGE('',*,*,#3272,.T.);
#4796=ORIENTED_EDGE('',*,*,#3295,.T.);
#4797=ORIENTED_EDGE('',*,*,#3289,.T.);
#4798=ORIENTED_EDGE('',*,*,#3292,.T.);
#4799=ORIENTED_EDGE('',*,*,#3280,.T.);
#4800=ORIENTED_EDGE('',*,*,#3279,.T.);
#4801=ORIENTED_EDGE('',*,*,#3299,.T.);
#4802=ORIENTED_EDGE('',*,*,#3306,.T.);
#4803=ORIENTED_EDGE('',*,*,#3308,.T.);
#4804=ORIENTED_EDGE('',*,*,#3310,.T.);
#4805=ORIENTED_EDGE('',*,*,#3312,.T.);
#4806=ORIENTED_EDGE('',*,*,#3304,.T.);
#4807=ORIENTED_EDGE('',*,*,#3302,.T.);
#4808=ORIENTED_EDGE('',*,*,#3300,.T.);
#4809=ORIENTED_EDGE('',*,*,#3296,.T.);
#4810=ORIENTED_EDGE('',*,*,#3273,.T.);
#4811=ORIENTED_EDGE('',*,*,#3267,.T.);
#4812=ORIENTED_EDGE('',*,*,#3313,.F.);
#4813=ORIENTED_EDGE('',*,*,#3314,.F.);
#4814=ORIENTED_EDGE('',*,*,#3315,.F.);
#4815=ORIENTED_EDGE('',*,*,#3316,.T.);
#4816=ORIENTED_EDGE('',*,*,#3317,.F.);
#4817=ORIENTED_EDGE('',*,*,#3316,.F.);
#4818=ORIENTED_EDGE('',*,*,#3318,.F.);
#4819=ORIENTED_EDGE('',*,*,#3319,.T.);
#4820=ORIENTED_EDGE('',*,*,#3320,.F.);
#4821=ORIENTED_EDGE('',*,*,#3319,.F.);
#4822=ORIENTED_EDGE('',*,*,#3321,.F.);
#4823=ORIENTED_EDGE('',*,*,#3322,.T.);
#4824=ORIENTED_EDGE('',*,*,#3323,.F.);
#4825=ORIENTED_EDGE('',*,*,#3322,.F.);
#4826=ORIENTED_EDGE('',*,*,#3324,.F.);
#4827=ORIENTED_EDGE('',*,*,#3325,.T.);
#4828=ORIENTED_EDGE('',*,*,#3326,.F.);
#4829=ORIENTED_EDGE('',*,*,#3325,.F.);
#4830=ORIENTED_EDGE('',*,*,#3327,.F.);
#4831=ORIENTED_EDGE('',*,*,#3328,.T.);
#4832=ORIENTED_EDGE('',*,*,#3329,.F.);
#4833=ORIENTED_EDGE('',*,*,#3328,.F.);
#4834=ORIENTED_EDGE('',*,*,#3330,.F.);
#4835=ORIENTED_EDGE('',*,*,#3331,.T.);
#4836=ORIENTED_EDGE('',*,*,#3332,.F.);
#4837=ORIENTED_EDGE('',*,*,#3331,.F.);
#4838=ORIENTED_EDGE('',*,*,#3333,.F.);
#4839=ORIENTED_EDGE('',*,*,#3334,.T.);
#4840=ORIENTED_EDGE('',*,*,#3335,.F.);
#4841=ORIENTED_EDGE('',*,*,#3334,.F.);
#4842=ORIENTED_EDGE('',*,*,#3336,.F.);
#4843=ORIENTED_EDGE('',*,*,#3314,.T.);
#4844=ORIENTED_EDGE('',*,*,#3337,.F.);
#4845=ORIENTED_EDGE('',*,*,#3338,.F.);
#4846=ORIENTED_EDGE('',*,*,#3339,.F.);
#4847=ORIENTED_EDGE('',*,*,#3340,.T.);
#4848=ORIENTED_EDGE('',*,*,#3341,.F.);
#4849=ORIENTED_EDGE('',*,*,#3340,.F.);
#4850=ORIENTED_EDGE('',*,*,#3342,.F.);
#4851=ORIENTED_EDGE('',*,*,#3343,.T.);
#4852=ORIENTED_EDGE('',*,*,#3344,.F.);
#4853=ORIENTED_EDGE('',*,*,#3343,.F.);
#4854=ORIENTED_EDGE('',*,*,#3345,.F.);
#4855=ORIENTED_EDGE('',*,*,#3346,.T.);
#4856=ORIENTED_EDGE('',*,*,#3347,.F.);
#4857=ORIENTED_EDGE('',*,*,#3346,.F.);
#4858=ORIENTED_EDGE('',*,*,#3348,.F.);
#4859=ORIENTED_EDGE('',*,*,#3338,.T.);
#4860=ORIENTED_EDGE('',*,*,#3349,.F.);
#4861=ORIENTED_EDGE('',*,*,#3350,.F.);
#4862=ORIENTED_EDGE('',*,*,#3351,.F.);
#4863=ORIENTED_EDGE('',*,*,#3352,.T.);
#4864=ORIENTED_EDGE('',*,*,#3353,.F.);
#4865=ORIENTED_EDGE('',*,*,#3352,.F.);
#4866=ORIENTED_EDGE('',*,*,#3354,.F.);
#4867=ORIENTED_EDGE('',*,*,#3355,.T.);
#4868=ORIENTED_EDGE('',*,*,#3356,.F.);
#4869=ORIENTED_EDGE('',*,*,#3355,.F.);
#4870=ORIENTED_EDGE('',*,*,#3357,.F.);
#4871=ORIENTED_EDGE('',*,*,#3358,.T.);
#4872=ORIENTED_EDGE('',*,*,#3359,.F.);
#4873=ORIENTED_EDGE('',*,*,#3358,.F.);
#4874=ORIENTED_EDGE('',*,*,#3360,.F.);
#4875=ORIENTED_EDGE('',*,*,#3361,.T.);
#4876=ORIENTED_EDGE('',*,*,#3362,.F.);
#4877=ORIENTED_EDGE('',*,*,#3361,.F.);
#4878=ORIENTED_EDGE('',*,*,#3363,.F.);
#4879=ORIENTED_EDGE('',*,*,#3364,.T.);
#4880=ORIENTED_EDGE('',*,*,#3365,.F.);
#4881=ORIENTED_EDGE('',*,*,#3364,.F.);
#4882=ORIENTED_EDGE('',*,*,#3366,.F.);
#4883=ORIENTED_EDGE('',*,*,#3367,.T.);
#4884=ORIENTED_EDGE('',*,*,#3368,.F.);
#4885=ORIENTED_EDGE('',*,*,#3367,.F.);
#4886=ORIENTED_EDGE('',*,*,#3369,.F.);
#4887=ORIENTED_EDGE('',*,*,#3370,.T.);
#4888=ORIENTED_EDGE('',*,*,#3371,.F.);
#4889=ORIENTED_EDGE('',*,*,#3370,.F.);
#4890=ORIENTED_EDGE('',*,*,#3372,.F.);
#4891=ORIENTED_EDGE('',*,*,#3350,.T.);
#4892=ORIENTED_EDGE('',*,*,#3373,.F.);
#4893=ORIENTED_EDGE('',*,*,#3374,.F.);
#4894=ORIENTED_EDGE('',*,*,#3375,.F.);
#4895=ORIENTED_EDGE('',*,*,#3376,.F.);
#4896=ORIENTED_EDGE('',*,*,#3377,.T.);
#4897=ORIENTED_EDGE('',*,*,#3378,.F.);
#4898=ORIENTED_EDGE('',*,*,#3379,.F.);
#4899=ORIENTED_EDGE('',*,*,#3380,.F.);
#4900=ORIENTED_EDGE('',*,*,#3374,.T.);
#4901=ORIENTED_EDGE('',*,*,#3381,.F.);
#4902=ORIENTED_EDGE('',*,*,#3377,.F.);
#4903=ORIENTED_EDGE('',*,*,#3382,.F.);
#4904=ORIENTED_EDGE('',*,*,#3383,.T.);
#4905=ORIENTED_EDGE('',*,*,#3384,.F.);
#4906=ORIENTED_EDGE('',*,*,#3383,.F.);
#4907=ORIENTED_EDGE('',*,*,#3385,.F.);
#4908=ORIENTED_EDGE('',*,*,#3386,.F.);
#4909=ORIENTED_EDGE('',*,*,#3379,.T.);
#4910=ORIENTED_EDGE('',*,*,#3375,.T.);
#4911=ORIENTED_EDGE('',*,*,#3380,.T.);
#4912=ORIENTED_EDGE('',*,*,#3386,.T.);
#4913=ORIENTED_EDGE('',*,*,#3387,.T.);
#4914=ORIENTED_EDGE('',*,*,#3388,.F.);
#4915=ORIENTED_EDGE('',*,*,#3389,.T.);
#4916=ORIENTED_EDGE('',*,*,#3390,.F.);
#4917=ORIENTED_EDGE('',*,*,#3391,.T.);
#4918=ORIENTED_EDGE('',*,*,#3392,.T.);
#4919=ORIENTED_EDGE('',*,*,#3393,.T.);
#4920=ORIENTED_EDGE('',*,*,#3394,.T.);
#4921=ORIENTED_EDGE('',*,*,#3395,.T.);
#4922=ORIENTED_EDGE('',*,*,#3396,.F.);
#4923=ORIENTED_EDGE('',*,*,#3397,.T.);
#4924=ORIENTED_EDGE('',*,*,#3393,.F.);
#4925=ORIENTED_EDGE('',*,*,#3398,.T.);
#4926=ORIENTED_EDGE('',*,*,#3388,.T.);
#4927=ORIENTED_EDGE('',*,*,#3396,.T.);
#4928=ORIENTED_EDGE('',*,*,#3399,.T.);
#4929=ORIENTED_EDGE('',*,*,#3400,.T.);
#4930=ORIENTED_EDGE('',*,*,#3390,.T.);
#4931=ORIENTED_EDGE('',*,*,#3401,.T.);
#4932=ORIENTED_EDGE('',*,*,#3402,.F.);
#4933=ORIENTED_EDGE('',*,*,#3403,.T.);
#4934=ORIENTED_EDGE('',*,*,#3400,.F.);
#4935=ORIENTED_EDGE('',*,*,#3404,.T.);
#4936=ORIENTED_EDGE('',*,*,#3405,.T.);
#4937=ORIENTED_EDGE('',*,*,#3402,.T.);
#4938=ORIENTED_EDGE('',*,*,#3406,.T.);
#4939=ORIENTED_EDGE('',*,*,#3394,.F.);
#4940=ORIENTED_EDGE('',*,*,#3407,.T.);
#4941=ORIENTED_EDGE('',*,*,#3405,.F.);
#4942=ORIENTED_EDGE('',*,*,#3376,.T.);
#4943=ORIENTED_EDGE('',*,*,#3391,.F.);
#4944=ORIENTED_EDGE('',*,*,#3403,.F.);
#4945=ORIENTED_EDGE('',*,*,#3407,.F.);
#4946=ORIENTED_EDGE('',*,*,#3397,.F.);
#4947=ORIENTED_EDGE('',*,*,#3387,.F.);
#4948=ORIENTED_EDGE('',*,*,#3385,.T.);
#4949=ORIENTED_EDGE('',*,*,#3382,.T.);
#4950=ORIENTED_EDGE('',*,*,#3327,.T.);
#4951=ORIENTED_EDGE('',*,*,#3324,.T.);
#4952=ORIENTED_EDGE('',*,*,#3321,.T.);
#4953=ORIENTED_EDGE('',*,*,#3318,.T.);
#4954=ORIENTED_EDGE('',*,*,#3315,.T.);
#4955=ORIENTED_EDGE('',*,*,#3336,.T.);
#4956=ORIENTED_EDGE('',*,*,#3333,.T.);
#4957=ORIENTED_EDGE('',*,*,#3330,.T.);
#4958=ORIENTED_EDGE('',*,*,#3345,.T.);
#4959=ORIENTED_EDGE('',*,*,#3342,.T.);
#4960=ORIENTED_EDGE('',*,*,#3339,.T.);
#4961=ORIENTED_EDGE('',*,*,#3348,.T.);
#4962=ORIENTED_EDGE('',*,*,#3363,.T.);
#4963=ORIENTED_EDGE('',*,*,#3360,.T.);
#4964=ORIENTED_EDGE('',*,*,#3357,.T.);
#4965=ORIENTED_EDGE('',*,*,#3354,.T.);
#4966=ORIENTED_EDGE('',*,*,#3351,.T.);
#4967=ORIENTED_EDGE('',*,*,#3372,.T.);
#4968=ORIENTED_EDGE('',*,*,#3369,.T.);
#4969=ORIENTED_EDGE('',*,*,#3366,.T.);
#4970=ORIENTED_EDGE('',*,*,#3399,.F.);
#4971=ORIENTED_EDGE('',*,*,#3389,.F.);
#4972=ORIENTED_EDGE('',*,*,#3398,.F.);
#4973=ORIENTED_EDGE('',*,*,#3395,.F.);
#4974=ORIENTED_EDGE('',*,*,#3392,.F.);
#4975=ORIENTED_EDGE('',*,*,#3406,.F.);
#4976=ORIENTED_EDGE('',*,*,#3404,.F.);
#4977=ORIENTED_EDGE('',*,*,#3401,.F.);
#4978=ORIENTED_EDGE('',*,*,#3326,.T.);
#4979=ORIENTED_EDGE('',*,*,#3329,.T.);
#4980=ORIENTED_EDGE('',*,*,#3332,.T.);
#4981=ORIENTED_EDGE('',*,*,#3335,.T.);
#4982=ORIENTED_EDGE('',*,*,#3313,.T.);
#4983=ORIENTED_EDGE('',*,*,#3317,.T.);
#4984=ORIENTED_EDGE('',*,*,#3320,.T.);
#4985=ORIENTED_EDGE('',*,*,#3323,.T.);
#4986=ORIENTED_EDGE('',*,*,#3344,.T.);
#4987=ORIENTED_EDGE('',*,*,#3347,.T.);
#4988=ORIENTED_EDGE('',*,*,#3337,.T.);
#4989=ORIENTED_EDGE('',*,*,#3341,.T.);
#4990=ORIENTED_EDGE('',*,*,#3362,.T.);
#4991=ORIENTED_EDGE('',*,*,#3365,.T.);
#4992=ORIENTED_EDGE('',*,*,#3368,.T.);
#4993=ORIENTED_EDGE('',*,*,#3371,.T.);
#4994=ORIENTED_EDGE('',*,*,#3349,.T.);
#4995=ORIENTED_EDGE('',*,*,#3353,.T.);
#4996=ORIENTED_EDGE('',*,*,#3356,.T.);
#4997=ORIENTED_EDGE('',*,*,#3359,.T.);
#4998=ORIENTED_EDGE('',*,*,#3381,.T.);
#4999=ORIENTED_EDGE('',*,*,#3384,.T.);
#5000=ORIENTED_EDGE('',*,*,#3378,.T.);
#5001=ORIENTED_EDGE('',*,*,#3373,.T.);
#5002=B_SPLINE_SURFACE_WITH_KNOTS('',3,1,((#6547,#6548),(#6549,#6550),(#6551,
#6552),(#6553,#6554),(#6555,#6556)),.UNSPECIFIED.,.F.,.F.,.F.,(4,1,4),(2,
2),(0.,0.0389835711965849,0.0879854167437557),(0.,0.02),.UNSPECIFIED.);
#5003=B_SPLINE_SURFACE_WITH_KNOTS('',3,1,((#6573,#6574),(#6575,#6576),(#6577,
#6578),(#6579,#6580),(#6581,#6582)),.UNSPECIFIED.,.F.,.F.,.F.,(4,1,4),(2,
2),(0.,0.0479311602578818,0.0883360614586322),(0.,0.02),.UNSPECIFIED.);
#5004=B_SPLINE_SURFACE_WITH_KNOTS('',3,1,((#6596,#6597),(#6598,#6599),(#6600,
#6601),(#6602,#6603),(#6604,#6605)),.UNSPECIFIED.,.F.,.F.,.F.,(4,1,4),(2,
2),(0.,0.0217525549511449,0.0481034473872855),(0.,0.02),.UNSPECIFIED.);
#5005=B_SPLINE_SURFACE_WITH_KNOTS('',3,1,((#6619,#6620),(#6621,#6622),(#6623,
#6624),(#6625,#6626),(#6627,#6628)),.UNSPECIFIED.,.F.,.F.,.F.,(4,1,4),(2,
2),(0.,0.0212018995732236,0.040921958362055),(0.,0.02),.UNSPECIFIED.);
#5006=B_SPLINE_SURFACE_WITH_KNOTS('',3,1,((#6642,#6643),(#6644,#6645),(#6646,
#6647),(#6648,#6649),(#6650,#6651)),.UNSPECIFIED.,.F.,.F.,.F.,(4,1,4),(2,
2),(0.,0.0465969504199459,0.085537229589226),(0.,0.02),.UNSPECIFIED.);
#5007=B_SPLINE_SURFACE_WITH_KNOTS('',3,1,((#6662,#6663),(#6664,#6665),(#6666,
#6667),(#6668,#6669),(#6670,#6671)),.UNSPECIFIED.,.F.,.F.,.F.,(4,1,4),(2,
2),(0.,0.0483870048871051,0.0918239124118591),(0.,0.02),.UNSPECIFIED.);
#5008=B_SPLINE_SURFACE_WITH_KNOTS('',3,1,((#6688,#6689),(#6690,#6691),(#6692,
#6693),(#6694,#6695),(#6696,#6697)),.UNSPECIFIED.,.F.,.F.,.F.,(4,1,4),(2,
2),(0.,0.0416262696310026,0.0868018631729248),(0.,0.02),.UNSPECIFIED.);
#5009=B_SPLINE_SURFACE_WITH_KNOTS('',3,1,((#6711,#6712),(#6713,#6714),(#6715,
#6716),(#6717,#6718),(#6719,#6720)),.UNSPECIFIED.,.F.,.F.,.F.,(4,1,4),(2,
2),(0.,0.0481822856379997,0.0907180405597819),(0.,0.02),.UNSPECIFIED.);
#5010=B_SPLINE_SURFACE_WITH_KNOTS('',3,1,((#6734,#6735),(#6736,#6737),(#6738,
#6739),(#6740,#6741),(#6742,#6743)),.UNSPECIFIED.,.F.,.F.,.F.,(4,1,4),(2,
2),(0.,0.0436505564428463,0.0928146552252647),(0.,0.02),.UNSPECIFIED.);
#5011=B_SPLINE_SURFACE_WITH_KNOTS('',3,1,((#6757,#6758),(#6759,#6760),(#6761,
#6762),(#6763,#6764),(#6765,#6766)),.UNSPECIFIED.,.F.,.F.,.F.,(4,1,4),(2,
2),(0.,0.0480213854039162,0.0910382194236316),(0.,0.02),.UNSPECIFIED.);
#5012=B_SPLINE_SURFACE_WITH_KNOTS('',3,1,((#6780,#6781),(#6782,#6783),(#6784,
#6785),(#6786,#6787),(#6788,#6789)),.UNSPECIFIED.,.F.,.F.,.F.,(4,1,4),(2,
2),(0.,0.0421929672315677,0.0889288947800326),(0.,0.02),.UNSPECIFIED.);
#5013=B_SPLINE_SURFACE_WITH_KNOTS('',3,1,((#6803,#6804),(#6805,#6806),(#6807,
#6808),(#6809,#6810),(#6811,#6812)),.UNSPECIFIED.,.F.,.F.,.F.,(4,1,4),(2,
2),(0.,0.0484147711055934,0.0911948602818314),(0.,0.02),.UNSPECIFIED.);
#5014=B_SPLINE_SURFACE_WITH_KNOTS('',3,1,((#6826,#6827),(#6828,#6829),(#6830,
#6831),(#6832,#6833),(#6834,#6835)),.UNSPECIFIED.,.F.,.F.,.F.,(4,1,4),(2,
2),(0.,0.0437304940251299,0.0929568862225551),(0.,0.02),.UNSPECIFIED.);
#5015=B_SPLINE_SURFACE_WITH_KNOTS('',3,1,((#6847,#6848),(#6849,#6850),(#6851,
#6852),(#6853,#6854),(#6855,#6856)),.UNSPECIFIED.,.F.,.F.,.F.,(4,1,4),(2,
2),(0.,0.0389835167390642,0.0879853767275063),(0.,0.02),.UNSPECIFIED.);
#5016=B_SPLINE_SURFACE_WITH_KNOTS('',3,1,((#6873,#6874),(#6875,#6876),(#6877,
#6878),(#6879,#6880),(#6881,#6882)),.UNSPECIFIED.,.F.,.F.,.F.,(4,1,4),(2,
2),(0.,0.0479311602578818,0.0883360063707349),(0.,0.02),.UNSPECIFIED.);
#5017=B_SPLINE_SURFACE_WITH_KNOTS('',3,1,((#6896,#6897),(#6898,#6899),(#6900,
#6901),(#6902,#6903),(#6904,#6905)),.UNSPECIFIED.,.F.,.F.,.F.,(4,1,4),(2,
2),(0.,0.0217525549511449,0.0481034473872855),(0.,0.02),.UNSPECIFIED.);
#5018=B_SPLINE_SURFACE_WITH_KNOTS('',3,1,((#6919,#6920),(#6921,#6922),(#6923,
#6924),(#6925,#6926),(#6927,#6928)),.UNSPECIFIED.,.F.,.F.,.F.,(4,1,4),(2,
2),(0.,0.0212019580927405,0.0409220168815719),(0.,0.02),.UNSPECIFIED.);
#5019=B_SPLINE_SURFACE_WITH_KNOTS('',3,1,((#6942,#6943),(#6944,#6945),(#6946,
#6947),(#6948,#6949),(#6950,#6951)),.UNSPECIFIED.,.F.,.F.,.F.,(4,1,4),(2,
2),(0.,0.0465969350995403,0.0855371592704949),(0.,0.02),.UNSPECIFIED.);
#5020=B_SPLINE_SURFACE_WITH_KNOTS('',3,1,((#6962,#6963),(#6964,#6965),(#6966,
#6967),(#6968,#6969),(#6970,#6971)),.UNSPECIFIED.,.F.,.F.,.F.,(4,1,4),(2,
2),(0.,0.0483870048871051,0.0918238802237609),(0.,0.02),.UNSPECIFIED.);
#5021=B_SPLINE_SURFACE_WITH_KNOTS('',3,1,((#6988,#6989),(#6990,#6991),(#6992,
#6993),(#6994,#6995),(#6996,#6997)),.UNSPECIFIED.,.F.,.F.,.F.,(4,1,4),(2,
2),(0.,0.0416262859196308,0.0868018694556924),(0.,0.02),.UNSPECIFIED.);
#5022=B_SPLINE_SURFACE_WITH_KNOTS('',3,1,((#7011,#7012),(#7013,#7014),(#7015,
#7016),(#7017,#7018),(#7019,#7020)),.UNSPECIFIED.,.F.,.F.,.F.,(4,1,4),(2,
2),(0.,0.0481823150765473,0.0907180699983295),(0.,0.02),.UNSPECIFIED.);
#5023=B_SPLINE_SURFACE_WITH_KNOTS('',3,1,((#7034,#7035),(#7036,#7037),(#7038,
#7039),(#7040,#7041),(#7042,#7043)),.UNSPECIFIED.,.F.,.F.,.F.,(4,1,4),(2,
2),(0.,0.0436505309112294,0.0928146885996822),(0.,0.02),.UNSPECIFIED.);
#5024=B_SPLINE_SURFACE_WITH_KNOTS('',3,1,((#7057,#7058),(#7059,#7060),(#7061,
#7062),(#7063,#7064),(#7065,#7066)),.UNSPECIFIED.,.F.,.F.,.F.,(4,1,4),(2,
2),(0.,0.0480213804702383,0.0910382144899536),(0.,0.02),.UNSPECIFIED.);
#5025=B_SPLINE_SURFACE_WITH_KNOTS('',3,1,((#7080,#7081),(#7082,#7083),(#7084,
#7085),(#7086,#7087),(#7088,#7089)),.UNSPECIFIED.,.F.,.F.,.F.,(4,1,4),(2,
2),(0.,0.0421929672315677,0.0889288947800326),(0.,0.02),.UNSPECIFIED.);
#5026=B_SPLINE_SURFACE_WITH_KNOTS('',3,1,((#7103,#7104),(#7105,#7106),(#7107,
#7108),(#7109,#7110),(#7111,#7112)),.UNSPECIFIED.,.F.,.F.,.F.,(4,1,4),(2,
2),(0.,0.0484147711055934,0.0911948602818314),(0.,0.02),.UNSPECIFIED.);
#5027=B_SPLINE_SURFACE_WITH_KNOTS('',3,1,((#7126,#7127),(#7128,#7129),(#7130,
#7131),(#7132,#7133),(#7134,#7135)),.UNSPECIFIED.,.F.,.F.,.F.,(4,1,4),(2,
2),(0.,0.0437305192784227,0.0929569409074172),(0.,0.02),.UNSPECIFIED.);
#5028=B_SPLINE_SURFACE_WITH_KNOTS('',3,1,((#7147,#7148),(#7149,#7150),(#7151,
#7152),(#7153,#7154),(#7155,#7156)),.UNSPECIFIED.,.F.,.F.,.F.,(4,1,4),(2,
2),(0.,0.0389835167390642,0.0879853767275063),(0.,0.02),.UNSPECIFIED.);
#5029=B_SPLINE_SURFACE_WITH_KNOTS('',3,1,((#7173,#7174),(#7175,#7176),(#7177,
#7178),(#7179,#7180),(#7181,#7182)),.UNSPECIFIED.,.F.,.F.,.F.,(4,1,4),(2,
2),(0.,0.0479311602578818,0.0883361165465423),(0.,0.02),.UNSPECIFIED.);
#5030=B_SPLINE_SURFACE_WITH_KNOTS('',3,1,((#7196,#7197),(#7198,#7199),(#7200,
#7201),(#7202,#7203),(#7204,#7205)),.UNSPECIFIED.,.F.,.F.,.F.,(4,1,4),(2,
2),(0.,0.0217525816071524,0.0481034813781501),(0.,0.02),.UNSPECIFIED.);
#5031=B_SPLINE_SURFACE_WITH_KNOTS('',3,1,((#7219,#7220),(#7221,#7222),(#7223,
#7224),(#7225,#7226),(#7227,#7228)),.UNSPECIFIED.,.F.,.F.,.F.,(4,1,4),(2,
2),(0.,0.0212018410537128,0.0409218998425441),(0.,0.02),.UNSPECIFIED.);
#5032=B_SPLINE_SURFACE_WITH_KNOTS('',3,1,((#7242,#7243),(#7244,#7245),(#7246,
#7247),(#7248,#7249),(#7250,#7251)),.UNSPECIFIED.,.F.,.F.,.F.,(4,1,4),(2,
2),(0.,0.0465969657404227,0.0855371899113773),(0.,0.02),.UNSPECIFIED.);
#5033=B_SPLINE_SURFACE_WITH_KNOTS('',3,1,((#7262,#7263),(#7264,#7265),(#7266,
#7267),(#7268,#7269),(#7270,#7271)),.UNSPECIFIED.,.F.,.F.,.F.,(4,1,4),(2,
2),(0.,0.0483870048871051,0.0918238802237609),(0.,0.02),.UNSPECIFIED.);
#5034=B_SPLINE_SURFACE_WITH_KNOTS('',3,1,((#7288,#7289),(#7290,#7291),(#7292,
#7293),(#7294,#7295),(#7296,#7297)),.UNSPECIFIED.,.F.,.F.,.F.,(4,1,4),(2,
2),(0.,0.0416262207652078,0.0868018243130671),(0.,0.02),.UNSPECIFIED.);
#5035=B_SPLINE_SURFACE_WITH_KNOTS('',3,1,((#7311,#7312),(#7313,#7314),(#7315,
#7316),(#7317,#7318),(#7319,#7320)),.UNSPECIFIED.,.F.,.F.,.F.,(4,1,4),(2,
2),(0.,0.0481821973223598,0.090717952244142),(0.,0.02),.UNSPECIFIED.);
#5036=B_SPLINE_SURFACE_WITH_KNOTS('',3,1,((#7334,#7335),(#7336,#7337),(#7338,
#7339),(#7340,#7341),(#7342,#7343)),.UNSPECIFIED.,.F.,.F.,.F.,(4,1,4),(2,
2),(0.,0.0436505309112294,0.0928146885996822),(0.,0.02),.UNSPECIFIED.);
#5037=B_SPLINE_SURFACE_WITH_KNOTS('',3,1,((#7357,#7358),(#7359,#7360),(#7361,
#7362),(#7363,#7364),(#7365,#7366)),.UNSPECIFIED.,.F.,.F.,.F.,(4,1,4),(2,
2),(0.,0.0480213903376121,0.0910382243573275),(0.,0.02),.UNSPECIFIED.);
#5038=B_SPLINE_SURFACE_WITH_KNOTS('',3,1,((#7380,#7381),(#7382,#7383),(#7384,
#7385),(#7386,#7387),(#7388,#7389)),.UNSPECIFIED.,.F.,.F.,.F.,(4,1,4),(2,
2),(0.,0.0421929672315677,0.0889289045519478),(0.,0.02),.UNSPECIFIED.);
#5039=B_SPLINE_SURFACE_WITH_KNOTS('',3,1,((#7403,#7404),(#7405,#7406),(#7407,
#7408),(#7409,#7410),(#7411,#7412)),.UNSPECIFIED.,.F.,.F.,.F.,(4,1,4),(2,
2),(0.,0.0484147711055934,0.0911947589192975),(0.,0.02),.UNSPECIFIED.);
#5040=B_SPLINE_SURFACE_WITH_KNOTS('',3,1,((#7426,#7427),(#7428,#7429),(#7430,
#7431),(#7432,#7433),(#7434,#7435)),.UNSPECIFIED.,.F.,.F.,.F.,(4,1,4),(2,
2),(0.,0.0437305192784227,0.0929569409074172),(0.,0.02),.UNSPECIFIED.);
#5041=B_SPLINE_SURFACE_WITH_KNOTS('',3,1,((#7447,#7448),(#7449,#7450),(#7451,
#7452),(#7453,#7454),(#7455,#7456)),.UNSPECIFIED.,.F.,.F.,.F.,(4,1,4),(2,
2),(0.,0.0174995106747178,0.0361672628784119),(0.,0.02),.UNSPECIFIED.);
#5042=B_SPLINE_SURFACE_WITH_KNOTS('',3,1,((#7473,#7474),(#7475,#7476),(#7477,
#7478),(#7479,#7480),(#7481,#7482)),.UNSPECIFIED.,.F.,.F.,.F.,(4,1,4),(2,
2),(0.,0.0151889513293071,0.0312692087763487),(0.,0.02),.UNSPECIFIED.);
#5043=B_SPLINE_SURFACE_WITH_KNOTS('',3,1,((#7496,#7497),(#7498,#7499),(#7500,
#7501),(#7502,#7503),(#7504,#7505)),.UNSPECIFIED.,.F.,.F.,.F.,(4,1,4),(2,
2),(0.,0.0357522302069055,0.065958413455215),(0.,0.02),.UNSPECIFIED.);
#5044=B_SPLINE_SURFACE_WITH_KNOTS('',3,1,((#7522,#7523),(#7524,#7525),(#7526,
#7527),(#7528,#7529),(#7530,#7531)),.UNSPECIFIED.,.F.,.F.,.F.,(4,1,4),(2,
2),(0.,0.0380107129375319,0.081218470075119),(0.,0.02),.UNSPECIFIED.);
#5045=B_SPLINE_SURFACE_WITH_KNOTS('',3,1,((#7548,#7549),(#7550,#7551),(#7552,
#7553),(#7554,#7555),(#7556,#7557)),.UNSPECIFIED.,.F.,.F.,.F.,(4,1,4),(2,
2),(0.,0.042131698970142,0.0794483613064302),(0.,0.02),.UNSPECIFIED.);
#5046=B_SPLINE_SURFACE_WITH_KNOTS('',3,1,((#7571,#7572),(#7573,#7574),(#7575,
#7576),(#7577,#7578),(#7579,#7580)),.UNSPECIFIED.,.F.,.F.,.F.,(4,1,4),(2,
2),(0.,0.0416905764302299,0.0840455916738874),(0.,0.02),.UNSPECIFIED.);
#5047=B_SPLINE_SURFACE_WITH_KNOTS('',3,1,((#7594,#7595),(#7596,#7597),(#7598,
#7599),(#7600,#7601),(#7602,#7603)),.UNSPECIFIED.,.F.,.F.,.F.,(4,1,4),(2,
2),(0.,0.0484260109140039,0.0918686631057132),(0.,0.02),.UNSPECIFIED.);
#5048=B_SPLINE_SURFACE_WITH_KNOTS('',3,1,((#7617,#7618),(#7619,#7620),(#7621,
#7622),(#7623,#7624),(#7625,#7626)),.UNSPECIFIED.,.F.,.F.,.F.,(4,1,4),(2,
2),(0.,0.040598142998346,0.0869451068689777),(0.,0.02),.UNSPECIFIED.);
#5049=B_SPLINE_SURFACE_WITH_KNOTS('',3,1,((#7640,#7641),(#7642,#7643),(#7644,
#7645),(#7646,#7647),(#7648,#7649)),.UNSPECIFIED.,.F.,.F.,.F.,(4,1,4),(2,
2),(0.,0.0466350685174376,0.0872971679991052),(0.,0.02),.UNSPECIFIED.);
#5050=B_SPLINE_SURFACE_WITH_KNOTS('',3,1,((#7663,#7664),(#7665,#7666),(#7667,
#7668),(#7669,#7670),(#7671,#7672)),.UNSPECIFIED.,.F.,.F.,.F.,(4,1,4),(2,
2),(0.,0.036174464438825,0.0794016972087315),(0.,0.02),.UNSPECIFIED.);
#5051=B_SPLINE_SURFACE_WITH_KNOTS('',3,1,((#7692,#7693),(#7694,#7695),(#7696,
#7697),(#7698,#7699),(#7700,#7701)),.UNSPECIFIED.,.F.,.F.,.F.,(4,1,4),(2,
2),(0.,0.0334737590966734,0.0650027158331202),(0.,0.02),.UNSPECIFIED.);
#5052=B_SPLINE_SURFACE_WITH_KNOTS('',3,1,((#7715,#7716),(#7717,#7718),(#7719,
#7720),(#7721,#7722),(#7723,#7724)),.UNSPECIFIED.,.F.,.F.,.F.,(4,1,4),(2,
2),(0.,0.0386296054468128,0.0826204661707127),(0.,0.02),.UNSPECIFIED.);
#5053=B_SPLINE_SURFACE_WITH_KNOTS('',3,1,((#7748,#7749),(#7750,#7751),(#7752,
#7753),(#7754,#7755),(#7756,#7757)),.UNSPECIFIED.,.F.,.F.,.F.,(4,1,4),(2,
2),(0.,0.0372087141249395,0.0793076422368713),(0.,0.02),.UNSPECIFIED.);
#5054=B_SPLINE_SURFACE_WITH_KNOTS('',3,1,((#7774,#7775),(#7776,#7777),(#7778,
#7779),(#7780,#7781),(#7782,#7783)),.UNSPECIFIED.,.F.,.F.,.F.,(4,1,4),(2,
2),(0.,0.0421714706079331,0.0801123479389198),(0.,0.02),.UNSPECIFIED.);
#5055=B_SPLINE_SURFACE_WITH_KNOTS('',3,1,((#7812,#7813),(#7814,#7815),(#7816,
#7817),(#7818,#7819),(#7820,#7821)),.UNSPECIFIED.,.F.,.F.,.F.,(4,1,4),(2,
2),(0.,0.0433879783819133,0.09281144712487),(0.,0.02),.UNSPECIFIED.);
#5056=B_SPLINE_SURFACE_WITH_KNOTS('',3,1,((#7838,#7839),(#7840,#7841),(#7842,
#7843),(#7844,#7845),(#7846,#7847)),.UNSPECIFIED.,.F.,.F.,.F.,(4,1,4),(2,
2),(0.,0.0416746768486182,0.082109311247685),(0.,0.02),.UNSPECIFIED.);
#5057=B_SPLINE_SURFACE_WITH_KNOTS('',3,1,((#7861,#7862),(#7863,#7864),(#7865,
#7866),(#7867,#7868),(#7869,#7870)),.UNSPECIFIED.,.F.,.F.,.F.,(4,1,4),(2,
2),(0.,0.0883368047107412,0.165441770575141),(0.,0.02),.UNSPECIFIED.);
#5058=B_SPLINE_SURFACE_WITH_KNOTS('',3,1,((#7912,#7913),(#7914,#7915),(#7916,
#7917),(#7918,#7919),(#7920,#7921)),.UNSPECIFIED.,.F.,.F.,.F.,(4,1,4),(2,
2),(0.,0.0185501259750332,0.0370543167881838),(0.,0.02),.UNSPECIFIED.);
#5059=B_SPLINE_SURFACE_WITH_KNOTS('',3,1,((#7938,#7939),(#7940,#7941),(#7942,
#7943),(#7944,#7945),(#7946,#7947)),.UNSPECIFIED.,.F.,.F.,.F.,(4,1,4),(2,
2),(0.,0.0178109733202087,0.036878997827018),(0.,0.02),.UNSPECIFIED.);
#5060=B_SPLINE_SURFACE_WITH_KNOTS('',3,1,((#7961,#7962),(#7963,#7964),(#7965,
#7966),(#7967,#7968),(#7969,#7970)),.UNSPECIFIED.,.F.,.F.,.F.,(4,1,4),(2,
2),(0.,0.0238373432464282,0.043639692541942),(0.,0.02),.UNSPECIFIED.);
#5061=B_SPLINE_SURFACE_WITH_KNOTS('',3,1,((#7984,#7985),(#7986,#7987),(#7988,
#7989),(#7990,#7991),(#7992,#7993)),.UNSPECIFIED.,.F.,.F.,.F.,(4,1,4),(2,
2),(0.,0.0230764182904494,0.0516200027011911),(0.,0.02),.UNSPECIFIED.);
#5062=B_SPLINE_SURFACE_WITH_KNOTS('',3,1,((#8007,#8008),(#8009,#8010),(#8011,
#8012),(#8013,#8014),(#8015,#8016)),.UNSPECIFIED.,.F.,.F.,.F.,(4,1,4),(2,
2),(0.,0.0205273677986378,0.0404316271112158),(0.,0.02),.UNSPECIFIED.);
#5063=B_SPLINE_SURFACE_WITH_KNOTS('',3,1,((#8030,#8031),(#8032,#8033),(#8034,
#8035),(#8036,#8037),(#8038,#8039)),.UNSPECIFIED.,.F.,.F.,.F.,(4,1,4),(2,
2),(0.,0.0169978082181528,0.0342810522910814),(0.,0.02),.UNSPECIFIED.);
#5064=B_SPLINE_SURFACE_WITH_KNOTS('',3,1,((#8053,#8054),(#8055,#8056),(#8057,
#8058),(#8059,#8060),(#8061,#8062)),.UNSPECIFIED.,.F.,.F.,.F.,(4,1,4),(2,
2),(0.,0.0191663284574752,0.0369546972301109),(0.,0.02),.UNSPECIFIED.);
#5065=B_SPLINE_SURFACE_WITH_KNOTS('',3,1,((#8082,#8083),(#8084,#8085),(#8086,
#8087),(#8088,#8089),(#8090,#8091)),.UNSPECIFIED.,.F.,.F.,.F.,(4,1,4),(2,
2),(0.,0.0197144666302918,0.0415608496596454),(0.,0.02),.UNSPECIFIED.);
#5066=B_SPLINE_SURFACE_WITH_KNOTS('',3,1,((#8102,#8103),(#8104,#8105),(#8106,
#8107),(#8108,#8109),(#8110,#8111)),.UNSPECIFIED.,.F.,.F.,.F.,(4,1,4),(2,
2),(0.,0.0390434319973734,0.0792009260646864),(0.,0.02),.UNSPECIFIED.);
#5067=B_SPLINE_SURFACE_WITH_KNOTS('',3,1,((#8128,#8129),(#8130,#8131),(#8132,
#8133),(#8134,#8135),(#8136,#8137)),.UNSPECIFIED.,.F.,.F.,.F.,(4,1,4),(2,
2),(0.,0.048714751793966,0.0912195173333843),(0.,0.02),.UNSPECIFIED.);
#5068=B_SPLINE_SURFACE_WITH_KNOTS('',3,1,((#8151,#8152),(#8153,#8154),(#8155,
#8156),(#8157,#8158),(#8159,#8160)),.UNSPECIFIED.,.F.,.F.,.F.,(4,1,4),(2,
2),(0.,0.0376342865899353,0.082129847271471),(0.,0.02),.UNSPECIFIED.);
#5069=B_SPLINE_SURFACE_WITH_KNOTS('',3,1,((#8174,#8175),(#8176,#8177),(#8178,
#8179),(#8180,#8181),(#8182,#8183)),.UNSPECIFIED.,.F.,.F.,.F.,(4,1,4),(2,
2),(0.,0.0373466747599353,0.0718744790122962),(0.,0.02),.UNSPECIFIED.);
#5070=B_SPLINE_SURFACE_WITH_KNOTS('',3,1,((#8197,#8198),(#8199,#8200),(#8201,
#8202),(#8203,#8204),(#8205,#8206)),.UNSPECIFIED.,.F.,.F.,.F.,(4,1,4),(2,
2),(0.,0.0408439493440262,0.0819350905827146),(0.,0.02),.UNSPECIFIED.);
#5071=B_SPLINE_SURFACE_WITH_KNOTS('',3,1,((#8262,#8263),(#8264,#8265),(#8266,
#8267),(#8268,#8269),(#8270,#8271)),.UNSPECIFIED.,.F.,.F.,.F.,(4,1,4),(2,
2),(0.,0.0355353215502099,0.0693100584085688),(0.,0.02),.UNSPECIFIED.);
#5072=B_SPLINE_SURFACE_WITH_KNOTS('',3,1,((#8308,#8309),(#8310,#8311),(#8312,
#8313),(#8314,#8315),(#8316,#8317)),.UNSPECIFIED.,.F.,.F.,.F.,(4,1,4),(2,
2),(0.,0.0185498923824049,0.0370542735661504),(0.,0.02),.UNSPECIFIED.);
#5073=B_SPLINE_SURFACE_WITH_KNOTS('',3,1,((#8334,#8335),(#8336,#8337),(#8338,
#8339),(#8340,#8341),(#8342,#8343)),.UNSPECIFIED.,.F.,.F.,.F.,(4,1,4),(2,
2),(0.,0.0178109733202087,0.036878997827018),(0.,0.02),.UNSPECIFIED.);
#5074=B_SPLINE_SURFACE_WITH_KNOTS('',3,1,((#8357,#8358),(#8359,#8360),(#8361,
#8362),(#8363,#8364),(#8365,#8366)),.UNSPECIFIED.,.F.,.F.,.F.,(4,1,4),(2,
2),(0.,0.0238373147368794,0.0436397669883178),(0.,0.02),.UNSPECIFIED.);
#5075=B_SPLINE_SURFACE_WITH_KNOTS('',3,1,((#8380,#8381),(#8382,#8383),(#8384,
#8385),(#8386,#8387),(#8388,#8389)),.UNSPECIFIED.,.F.,.F.,.F.,(4,1,4),(2,
2),(0.,0.0230763218348038,0.0516199322390708),(0.,0.02),.UNSPECIFIED.);
#5076=B_SPLINE_SURFACE_WITH_KNOTS('',3,1,((#8403,#8404),(#8405,#8406),(#8407,
#8408),(#8409,#8410),(#8411,#8412)),.UNSPECIFIED.,.F.,.F.,.F.,(4,1,4),(2,
2),(0.,0.0205276007592215,0.0404316805856071),(0.,0.02),.UNSPECIFIED.);
#5077=B_SPLINE_SURFACE_WITH_KNOTS('',3,1,((#8426,#8427),(#8428,#8429),(#8430,
#8431),(#8432,#8433),(#8434,#8435)),.UNSPECIFIED.,.F.,.F.,.F.,(4,1,4),(2,
2),(0.,0.0169979989530161,0.0342810092651484),(0.,0.02),.UNSPECIFIED.);
#5078=B_SPLINE_SURFACE_WITH_KNOTS('',3,1,((#8449,#8450),(#8451,#8452),(#8453,
#8454),(#8455,#8456),(#8457,#8458)),.UNSPECIFIED.,.F.,.F.,.F.,(4,1,4),(2,
2),(0.,0.0191663284574752,0.0369546972301109),(0.,0.02),.UNSPECIFIED.);
#5079=B_SPLINE_SURFACE_WITH_KNOTS('',3,1,((#8478,#8479),(#8480,#8481),(#8482,
#8483),(#8484,#8485),(#8486,#8487)),.UNSPECIFIED.,.F.,.F.,.F.,(4,1,4),(2,
2),(0.,0.0197145852258437,0.0415609325809931),(0.,0.02),.UNSPECIFIED.);
#5080=B_SPLINE_SURFACE_WITH_KNOTS('',3,1,((#8498,#8499),(#8500,#8501),(#8502,
#8503),(#8504,#8505),(#8506,#8507)),.UNSPECIFIED.,.F.,.F.,.F.,(4,1,4),(2,
2),(0.,0.0390436185132878,0.0792008790706756),(0.,0.02),.UNSPECIFIED.);
#5081=B_SPLINE_SURFACE_WITH_KNOTS('',3,1,((#8524,#8525),(#8526,#8527),(#8528,
#8529),(#8530,#8531),(#8532,#8533)),.UNSPECIFIED.,.F.,.F.,.F.,(4,1,4),(2,
2),(0.,0.048714751793966,0.0912195173333843),(0.,0.02),.UNSPECIFIED.);
#5082=B_SPLINE_SURFACE_WITH_KNOTS('',3,1,((#8547,#8548),(#8549,#8550),(#8551,
#8552),(#8553,#8554),(#8555,#8556)),.UNSPECIFIED.,.F.,.F.,.F.,(4,1,4),(2,
2),(0.,0.0376342865899353,0.082129847271471),(0.,0.02),.UNSPECIFIED.);
#5083=B_SPLINE_SURFACE_WITH_KNOTS('',3,1,((#8570,#8571),(#8572,#8573),(#8574,
#8575),(#8576,#8577),(#8578,#8579)),.UNSPECIFIED.,.F.,.F.,.F.,(4,1,4),(2,
2),(0.,0.0373466747599353,0.0718744790122962),(0.,0.02),.UNSPECIFIED.);
#5084=B_SPLINE_SURFACE_WITH_KNOTS('',3,1,((#8593,#8594),(#8595,#8596),(#8597,
#8598),(#8599,#8600),(#8601,#8602)),.UNSPECIFIED.,.F.,.F.,.F.,(4,1,4),(2,
2),(0.,0.0408439493440262,0.0819350905827146),(0.,0.02),.UNSPECIFIED.);
#5085=B_SPLINE_SURFACE_WITH_KNOTS('',3,1,((#8658,#8659),(#8660,#8661),(#8662,
#8663),(#8664,#8665),(#8666,#8667)),.UNSPECIFIED.,.F.,.F.,.F.,(4,1,4),(2,
2),(0.,0.0355353215502099,0.0693100584085688),(0.,0.02),.UNSPECIFIED.);
#5086=B_SPLINE_SURFACE_WITH_KNOTS('',3,1,((#8679,#8680),(#8681,#8682),(#8683,
#8684),(#8685,#8686),(#8687,#8688)),.UNSPECIFIED.,.F.,.F.,.F.,(4,1,4),(2,
2),(0.,0.0174995106747178,0.0361672628784119),(0.,0.02),.UNSPECIFIED.);
#5087=B_SPLINE_SURFACE_WITH_KNOTS('',3,1,((#8705,#8706),(#8707,#8708),(#8709,
#8710),(#8711,#8712),(#8713,#8714)),.UNSPECIFIED.,.F.,.F.,.F.,(4,1,4),(2,
2),(0.,0.0151889513293071,0.0312692087763487),(0.,0.02),.UNSPECIFIED.);
#5088=B_SPLINE_SURFACE_WITH_KNOTS('',3,1,((#8728,#8729),(#8730,#8731),(#8732,
#8733),(#8734,#8735),(#8736,#8737)),.UNSPECIFIED.,.F.,.F.,.F.,(4,1,4),(2,
2),(0.,0.0357522302069055,0.065958413455215),(0.,0.02),.UNSPECIFIED.);
#5089=B_SPLINE_SURFACE_WITH_KNOTS('',3,1,((#8754,#8755),(#8756,#8757),(#8758,
#8759),(#8760,#8761),(#8762,#8763)),.UNSPECIFIED.,.F.,.F.,.F.,(4,1,4),(2,
2),(0.,0.0380107129375319,0.081218470075119),(0.,0.02),.UNSPECIFIED.);
#5090=B_SPLINE_SURFACE_WITH_KNOTS('',3,1,((#8780,#8781),(#8782,#8783),(#8784,
#8785),(#8786,#8787),(#8788,#8789)),.UNSPECIFIED.,.F.,.F.,.F.,(4,1,4),(2,
2),(0.,0.042131698970142,0.0794483613064302),(0.,0.02),.UNSPECIFIED.);
#5091=B_SPLINE_SURFACE_WITH_KNOTS('',3,1,((#8803,#8804),(#8805,#8806),(#8807,
#8808),(#8809,#8810),(#8811,#8812)),.UNSPECIFIED.,.F.,.F.,.F.,(4,1,4),(2,
2),(0.,0.0416907738348597,0.0840455547302056),(0.,0.02),.UNSPECIFIED.);
#5092=B_SPLINE_SURFACE_WITH_KNOTS('',3,1,((#8826,#8827),(#8828,#8829),(#8830,
#8831),(#8832,#8833),(#8834,#8835)),.UNSPECIFIED.,.F.,.F.,.F.,(4,1,4),(2,
2),(0.,0.0484260109140039,0.0918686631057132),(0.,0.02),.UNSPECIFIED.);
#5093=B_SPLINE_SURFACE_WITH_KNOTS('',3,1,((#8849,#8850),(#8851,#8852),(#8853,
#8854),(#8855,#8856),(#8857,#8858)),.UNSPECIFIED.,.F.,.F.,.F.,(4,1,4),(2,
2),(0.,0.040598142998346,0.0869451068689777),(0.,0.02),.UNSPECIFIED.);
#5094=B_SPLINE_SURFACE_WITH_KNOTS('',3,1,((#8872,#8873),(#8874,#8875),(#8876,
#8877),(#8878,#8879),(#8880,#8881)),.UNSPECIFIED.,.F.,.F.,.F.,(4,1,4),(2,
2),(0.,0.0466350685174376,0.0872971679991052),(0.,0.02),.UNSPECIFIED.);
#5095=B_SPLINE_SURFACE_WITH_KNOTS('',3,1,((#8895,#8896),(#8897,#8898),(#8899,
#8900),(#8901,#8902),(#8903,#8904)),.UNSPECIFIED.,.F.,.F.,.F.,(4,1,4),(2,
2),(0.,0.036174464438825,0.0794016972087315),(0.,0.02),.UNSPECIFIED.);
#5096=B_SPLINE_SURFACE_WITH_KNOTS('',3,1,((#8924,#8925),(#8926,#8927),(#8928,
#8929),(#8930,#8931),(#8932,#8933)),.UNSPECIFIED.,.F.,.F.,.F.,(4,1,4),(2,
2),(0.,0.0334737590966734,0.0650027158331202),(0.,0.02),.UNSPECIFIED.);
#5097=B_SPLINE_SURFACE_WITH_KNOTS('',3,1,((#8947,#8948),(#8949,#8950),(#8951,
#8952),(#8953,#8954),(#8955,#8956)),.UNSPECIFIED.,.F.,.F.,.F.,(4,1,4),(2,
2),(0.,0.0386296054468128,0.0826204661707127),(0.,0.02),.UNSPECIFIED.);
#5098=B_SPLINE_SURFACE_WITH_KNOTS('',3,1,((#8980,#8981),(#8982,#8983),(#8984,
#8985),(#8986,#8987),(#8988,#8989)),.UNSPECIFIED.,.F.,.F.,.F.,(4,1,4),(2,
2),(0.,0.0389837345692372,0.087985565675205),(0.,0.02),.UNSPECIFIED.);
#5099=B_SPLINE_SURFACE_WITH_KNOTS('',3,1,((#9006,#9007),(#9008,#9009),(#9010,
#9011),(#9012,#9013),(#9014,#9015)),.UNSPECIFIED.,.F.,.F.,.F.,(4,1,4),(2,
2),(0.,0.0479311602578818,0.0883361165465423),(0.,0.02),.UNSPECIFIED.);
#5100=B_SPLINE_SURFACE_WITH_KNOTS('',3,1,((#9029,#9030),(#9031,#9032),(#9033,
#9034),(#9035,#9036),(#9037,#9038)),.UNSPECIFIED.,.F.,.F.,.F.,(4,1,4),(2,
2),(0.,0.0217525816071524,0.0481034813781501),(0.,0.02),.UNSPECIFIED.);
#5101=B_SPLINE_SURFACE_WITH_KNOTS('',3,1,((#9052,#9053),(#9054,#9055),(#9056,
#9057),(#9058,#9059),(#9060,#9061)),.UNSPECIFIED.,.F.,.F.,.F.,(4,1,4),(2,
2),(0.,0.0212018410537128,0.0409218998425441),(0.,0.02),.UNSPECIFIED.);
#5102=B_SPLINE_SURFACE_WITH_KNOTS('',3,1,((#9075,#9076),(#9077,#9078),(#9079,
#9080),(#9081,#9082),(#9083,#9084)),.UNSPECIFIED.,.F.,.F.,.F.,(4,1,4),(2,
2),(0.,0.0465969350995403,0.0855373792638782),(0.,0.02),.UNSPECIFIED.);
#5103=B_SPLINE_SURFACE_WITH_KNOTS('',3,1,((#9095,#9096),(#9097,#9098),(#9099,
#9100),(#9101,#9102),(#9103,#9104)),.UNSPECIFIED.,.F.,.F.,.F.,(4,1,4),(2,
2),(0.,0.0483870241507709,0.0918238994874267),(0.,0.02),.UNSPECIFIED.);
#5104=B_SPLINE_SURFACE_WITH_KNOTS('',3,1,((#9121,#9122),(#9123,#9124),(#9125,
#9126),(#9127,#9128),(#9129,#9130)),.UNSPECIFIED.,.F.,.F.,.F.,(4,1,4),(2,
2),(0.,0.0416262859196308,0.0868018694556924),(0.,0.02),.UNSPECIFIED.);
#5105=B_SPLINE_SURFACE_WITH_KNOTS('',3,1,((#9144,#9145),(#9146,#9147),(#9148,
#9149),(#9150,#9151),(#9152,#9153)),.UNSPECIFIED.,.F.,.F.,.F.,(4,1,4),(2,
2),(0.,0.0481821973223598,0.0907180533828526),(0.,0.02),.UNSPECIFIED.);
#5106=B_SPLINE_SURFACE_WITH_KNOTS('',3,1,((#9167,#9168),(#9169,#9170),(#9171,
#9172),(#9173,#9174),(#9175,#9176)),.UNSPECIFIED.,.F.,.F.,.F.,(4,1,4),(2,
2),(0.,0.0436505309112294,0.0928146885996822),(0.,0.02),.UNSPECIFIED.);
#5107=B_SPLINE_SURFACE_WITH_KNOTS('',3,1,((#9190,#9191),(#9192,#9193),(#9194,
#9195),(#9196,#9197),(#9198,#9199)),.UNSPECIFIED.,.F.,.F.,.F.,(4,1,4),(2,
2),(0.,0.0480213903376121,0.0910382243573275),(0.,0.02),.UNSPECIFIED.);
#5108=B_SPLINE_SURFACE_WITH_KNOTS('',3,1,((#9213,#9214),(#9215,#9216),(#9217,
#9218),(#9219,#9220),(#9221,#9222)),.UNSPECIFIED.,.F.,.F.,.F.,(4,1,4),(2,
2),(0.,0.0421930321760129,0.0889289499526366),(0.,0.02),.UNSPECIFIED.);
#5109=B_SPLINE_SURFACE_WITH_KNOTS('',3,1,((#9236,#9237),(#9238,#9239),(#9240,
#9241),(#9242,#9243),(#9244,#9245)),.UNSPECIFIED.,.F.,.F.,.F.,(4,1,4),(2,
2),(0.,0.0484146533373698,0.0911947425136078),(0.,0.02),.UNSPECIFIED.);
#5110=B_SPLINE_SURFACE_WITH_KNOTS('',3,1,((#9259,#9260),(#9261,#9262),(#9263,
#9264),(#9265,#9266),(#9267,#9268)),.UNSPECIFIED.,.F.,.F.,.F.,(4,1,4),(2,
2),(0.,0.0437305192784227,0.0929569409074172),(0.,0.02),.UNSPECIFIED.);
#5111=B_SPLINE_SURFACE_WITH_KNOTS('',3,1,((#9280,#9281),(#9282,#9283),(#9284,
#9285),(#9286,#9287),(#9288,#9289)),.UNSPECIFIED.,.F.,.F.,.F.,(4,1,4),(2,
2),(0.,0.00933078145668755,0.0165876085335708),(0.,0.02),.UNSPECIFIED.);
#5112=B_SPLINE_SURFACE_WITH_KNOTS('',3,1,((#9306,#9307),(#9308,#9309),(#9310,
#9311),(#9312,#9313),(#9314,#9315)),.UNSPECIFIED.,.F.,.F.,.F.,(4,1,4),(2,
2),(0.,0.0393399654802518,0.0755325586826923),(0.,0.02),.UNSPECIFIED.);
#5113=B_SPLINE_SURFACE_WITH_KNOTS('',3,1,((#9365,#9366),(#9367,#9368),(#9369,
#9370),(#9371,#9372),(#9373,#9374)),.UNSPECIFIED.,.F.,.F.,.F.,(4,1,4),(2,
2),(0.,0.0207477495860427,0.0452822262625889),(0.,0.02),.UNSPECIFIED.);
#5114=B_SPLINE_SURFACE_WITH_KNOTS('',3,1,((#9388,#9389),(#9390,#9391),(#9392,
#9393),(#9394,#9395),(#9396,#9397)),.UNSPECIFIED.,.F.,.F.,.F.,(4,1,4),(2,
2),(0.,0.0195964491260105,0.0383106497444924),(0.,0.02),.UNSPECIFIED.);
#5115=B_SPLINE_SURFACE_WITH_KNOTS('',3,1,((#9411,#9412),(#9413,#9414),(#9415,
#9416),(#9417,#9418),(#9419,#9420)),.UNSPECIFIED.,.F.,.F.,.F.,(4,1,4),(2,
2),(0.,0.013803710106232,0.028797557704734),(0.,0.02),.UNSPECIFIED.);
#5116=B_SPLINE_SURFACE_WITH_KNOTS('',3,1,((#9438,#9439),(#9440,#9441),(#9442,
#9443),(#9444,#9445),(#9446,#9447)),.UNSPECIFIED.,.F.,.F.,.F.,(4,1,4),(2,
2),(0.,0.0186665766569301,0.0375506922930187),(0.,0.02),.UNSPECIFIED.);
#5117=B_SPLINE_SURFACE_WITH_KNOTS('',3,1,((#9464,#9465),(#9466,#9467),(#9468,
#9469),(#9470,#9471),(#9472,#9473)),.UNSPECIFIED.,.F.,.F.,.F.,(4,1,4),(2,
2),(0.,0.0182639275082121,0.0374755258550465),(0.,0.02),.UNSPECIFIED.);
#5118=B_SPLINE_SURFACE_WITH_KNOTS('',3,1,((#9487,#9488),(#9489,#9490),(#9491,
#9492),(#9493,#9494),(#9495,#9496)),.UNSPECIFIED.,.F.,.F.,.F.,(4,1,4),(2,
2),(0.,0.0251771278638299,0.0457387150296511),(0.,0.02),.UNSPECIFIED.);
#5119=B_SPLINE_SURFACE_WITH_KNOTS('',3,1,((#9510,#9511),(#9512,#9513),(#9514,
#9515),(#9516,#9517),(#9518,#9519)),.UNSPECIFIED.,.F.,.F.,.F.,(4,1,4),(2,
2),(0.,0.0224713727922111,0.0495567272038162),(0.,0.02),.UNSPECIFIED.);
#5120=B_SPLINE_SURFACE_WITH_KNOTS('',3,1,((#9533,#9534),(#9535,#9536),(#9537,
#9538),(#9539,#9540),(#9541,#9542)),.UNSPECIFIED.,.F.,.F.,.F.,(4,1,4),(2,
2),(0.,0.0200309479796105,0.0396547172598256),(0.,0.02),.UNSPECIFIED.);
#5121=B_SPLINE_SURFACE_WITH_KNOTS('',3,1,((#9556,#9557),(#9558,#9559),(#9560,
#9561),(#9562,#9563),(#9564,#9565)),.UNSPECIFIED.,.F.,.F.,.F.,(4,1,4),(2,
2),(0.,0.0173851773215089,0.0353455846115043),(0.,0.02),.UNSPECIFIED.);
#5122=B_SPLINE_SURFACE_WITH_KNOTS('',3,1,((#9579,#9580),(#9581,#9582),(#9583,
#9584),(#9585,#9586),(#9587,#9588)),.UNSPECIFIED.,.F.,.F.,.F.,(4,1,4),(2,
2),(0.,0.0193810958458401,0.0374292120708212),(0.,0.02),.UNSPECIFIED.);
#5123=B_SPLINE_SURFACE_WITH_KNOTS('',3,1,((#9608,#9609),(#9610,#9611),(#9612,
#9613),(#9614,#9615),(#9616,#9617)),.UNSPECIFIED.,.F.,.F.,.F.,(4,1,4),(2,
2),(0.,0.0209926778347404,0.0451547477413954),(0.,0.02),.UNSPECIFIED.);
#5124=B_SPLINE_SURFACE_WITH_KNOTS('',3,1,((#9649,#9650),(#9651,#9652),(#9653,
#9654),(#9655,#9656),(#9657,#9658)),.UNSPECIFIED.,.F.,.F.,.F.,(4,1,4),(2,
2),(0.,0.0359224671707722,0.0676543412053765),(0.,0.02),.UNSPECIFIED.);
#5125=B_SPLINE_SURFACE_WITH_KNOTS('',3,1,((#9672,#9673),(#9674,#9675),(#9676,
#9677),(#9678,#9679),(#9680,#9681)),.UNSPECIFIED.,.F.,.F.,.F.,(4,1,4),(2,
2),(0.,0.0393442184018621,0.0796856429330836),(0.,0.02),.UNSPECIFIED.);
#5126=B_SPLINE_SURFACE_WITH_KNOTS('',3,1,((#9695,#9696),(#9697,#9698),(#9699,
#9700),(#9701,#9702),(#9703,#9704)),.UNSPECIFIED.,.F.,.F.,.F.,(4,1,4),(2,
2),(0.,0.0483289074803311,0.0907586647051366),(0.,0.02),.UNSPECIFIED.);
#5127=B_SPLINE_SURFACE_WITH_KNOTS('',3,1,((#9718,#9719),(#9720,#9721),(#9722,
#9723),(#9724,#9725),(#9726,#9727)),.UNSPECIFIED.,.F.,.F.,.F.,(4,1,4),(2,
2),(0.,0.038612765234799,0.084239386008038),(0.,0.02),.UNSPECIFIED.);
#5128=B_SPLINE_SURFACE_WITH_KNOTS('',3,1,((#9741,#9742),(#9743,#9744),(#9745,
#9746),(#9747,#9748),(#9749,#9750)),.UNSPECIFIED.,.F.,.F.,.F.,(4,1,4),(2,
2),(0.,0.0369310821543962,0.0724070474624133),(0.,0.02),.UNSPECIFIED.);
#5129=B_SPLINE_SURFACE_WITH_KNOTS('',3,1,((#9764,#9765),(#9766,#9767),(#9768,
#9769),(#9770,#9771),(#9772,#9773)),.UNSPECIFIED.,.F.,.F.,.F.,(4,1,4),(2,
2),(0.,0.0381510389321448,0.0775606834754668),(0.,0.02),.UNSPECIFIED.);
#5130=B_SPLINE_SURFACE_WITH_KNOTS('',3,1,((#9809,#9810),(#9811,#9812),(#9813,
#9814),(#9815,#9816),(#9817,#9818)),.UNSPECIFIED.,.F.,.F.,.F.,(4,1,4),(2,
2),(0.,0.0566629775685794,0.123625990616719),(0.,0.02),.UNSPECIFIED.);
#5131=B_SPLINE_SURFACE_WITH_KNOTS('',3,1,((#9835,#9836),(#9837,#9838),(#9839,
#9840),(#9841,#9842),(#9843,#9844)),.UNSPECIFIED.,.F.,.F.,.F.,(4,1,4),(2,
2),(0.,0.0425673700494406,0.0854826399163758),(0.,0.02),.UNSPECIFIED.);
#5132=B_SPLINE_SURFACE_WITH_KNOTS('',3,1,((#9858,#9859),(#9860,#9861),(#9862,
#9863),(#9864,#9865),(#9866,#9867)),.UNSPECIFIED.,.F.,.F.,.F.,(4,1,4),(2,
2),(0.,0.0395156730839444,0.0778485500301071),(0.,0.02),.UNSPECIFIED.);
#5133=B_SPLINE_SURFACE_WITH_KNOTS('',3,1,((#9881,#9882),(#9883,#9884),(#9885,
#9886),(#9887,#9888),(#9889,#9890)),.UNSPECIFIED.,.F.,.F.,.F.,(4,1,4),(2,
2),(0.,0.0209949128469382,0.0422697299794662),(0.,0.02),.UNSPECIFIED.);
#5134=B_SPLINE_SURFACE_WITH_KNOTS('',3,1,((#9904,#9905),(#9906,#9907),(#9908,
#9909),(#9910,#9911),(#9912,#9913)),.UNSPECIFIED.,.F.,.F.,.F.,(4,1,4),(2,
2),(0.,0.019844635839235,0.0404251706737264),(0.,0.02),.UNSPECIFIED.);
#5135=B_SPLINE_SURFACE_WITH_KNOTS('',3,1,((#9963,#9964),(#9965,#9966),(#9967,
#9968),(#9969,#9970),(#9971,#9972)),.UNSPECIFIED.,.F.,.F.,.F.,(4,1,4),(2,
2),(0.,0.0175325575376218,0.0382947963598379),(0.,0.02),.UNSPECIFIED.);
#5136=B_SPLINE_SURFACE_WITH_KNOTS('',3,1,((#9986,#9987),(#9988,#9989),(#9990,
#9991),(#9992,#9993),(#9994,#9995)),.UNSPECIFIED.,.F.,.F.,.F.,(4,1,4),(2,
2),(0.,0.015608931415224,0.0311386420796234),(0.,0.02),.UNSPECIFIED.);
#5137=B_SPLINE_SURFACE_WITH_KNOTS('',3,1,((#10009,#10010),(#10011,#10012),
(#10013,#10014),(#10015,#10016),(#10017,#10018)),.UNSPECIFIED.,.F.,.F.,
 .F.,(4,1,4),(2,2),(0.,0.0350739089069397,0.0627677687992035),(0.,0.02),
 .UNSPECIFIED.);
#5138=B_SPLINE_SURFACE_WITH_KNOTS('',3,1,((#10050,#10051),(#10052,#10053),
(#10054,#10055),(#10056,#10057),(#10058,#10059)),.UNSPECIFIED.,.F.,.F.,
 .F.,(4,1,4),(2,2),(0.,0.0175197596522951,0.0368846604902302),(0.,0.02),
 .UNSPECIFIED.);
#5139=B_SPLINE_SURFACE_WITH_KNOTS('',3,1,((#10073,#10074),(#10075,#10076),
(#10077,#10078),(#10079,#10080),(#10081,#10082)),.UNSPECIFIED.,.F.,.F.,
 .F.,(4,1,4),(2,2),(0.,0.0152104153776351,0.0309899758764321),(0.,0.02),
 .UNSPECIFIED.);
#5140=B_SPLINE_SURFACE_WITH_KNOTS('',3,1,((#10096,#10097),(#10098,#10099),
(#10100,#10101),(#10102,#10103),(#10104,#10105)),.UNSPECIFIED.,.F.,.F.,
 .F.,(4,1,4),(2,2),(0.,0.0360255397844269,0.0642775593465928),(0.,0.02),
 .UNSPECIFIED.);
#5141=B_SPLINE_SURFACE_WITH_KNOTS('',3,1,((#10135,#10136),(#10137,#10138),
(#10139,#10140),(#10141,#10142),(#10143,#10144)),.UNSPECIFIED.,.F.,.F.,
 .F.,(4,1,4),(2,2),(0.,0.0372086979132011,0.0793076976677286),(0.,0.02),
 .UNSPECIFIED.);
#5142=B_SPLINE_SURFACE_WITH_KNOTS('',3,1,((#10161,#10162),(#10163,#10164),
(#10165,#10166),(#10167,#10168),(#10169,#10170)),.UNSPECIFIED.,.F.,.F.,
 .F.,(4,1,4),(2,2),(0.,0.0421715564311637,0.0801124125636372),(0.,0.02),
 .UNSPECIFIED.);
#5143=B_SPLINE_SURFACE_WITH_KNOTS('',3,1,((#10199,#10200),(#10201,#10202),
(#10203,#10204),(#10205,#10206),(#10207,#10208)),.UNSPECIFIED.,.F.,.F.,
 .F.,(4,1,4),(2,2),(0.,0.0433880566795647,0.0928115696776589),(0.,0.02),
 .UNSPECIFIED.);
#5144=B_SPLINE_SURFACE_WITH_KNOTS('',3,1,((#10225,#10226),(#10227,#10228),
(#10229,#10230),(#10231,#10232),(#10233,#10234)),.UNSPECIFIED.,.F.,.F.,
 .F.,(4,1,4),(2,2),(0.,0.0416747059280721,0.0821091784795953),(0.,0.02),
 .UNSPECIFIED.);
#5145=B_SPLINE_SURFACE_WITH_KNOTS('',3,1,((#10248,#10249),(#10250,#10251),
(#10252,#10253),(#10254,#10255),(#10256,#10257)),.UNSPECIFIED.,.F.,.F.,
 .F.,(4,1,4),(2,2),(0.,0.088336876437415,0.165441853258495),(0.,0.02),
 .UNSPECIFIED.);
#5146=ADVANCED_FACE('',(#259),#5002,.F.);
#5147=ADVANCED_FACE('',(#260),#5003,.F.);
#5148=ADVANCED_FACE('',(#261),#5004,.F.);
#5149=ADVANCED_FACE('',(#262),#5005,.F.);
#5150=ADVANCED_FACE('',(#263),#5006,.F.);
#5151=ADVANCED_FACE('',(#264),#5007,.F.);
#5152=ADVANCED_FACE('',(#265),#5008,.F.);
#5153=ADVANCED_FACE('',(#266),#5009,.F.);
#5154=ADVANCED_FACE('',(#267),#5010,.F.);
#5155=ADVANCED_FACE('',(#268),#5011,.F.);
#5156=ADVANCED_FACE('',(#269),#5012,.F.);
#5157=ADVANCED_FACE('',(#270),#5013,.F.);
#5158=ADVANCED_FACE('',(#271),#5014,.F.);
#5159=ADVANCED_FACE('',(#272,#105),#137,.T.);
#5160=ADVANCED_FACE('',(#273),#5015,.F.);
#5161=ADVANCED_FACE('',(#274),#5016,.F.);
#5162=ADVANCED_FACE('',(#275),#5017,.F.);
#5163=ADVANCED_FACE('',(#276),#5018,.F.);
#5164=ADVANCED_FACE('',(#277),#5019,.F.);
#5165=ADVANCED_FACE('',(#278),#5020,.F.);
#5166=ADVANCED_FACE('',(#279),#5021,.F.);
#5167=ADVANCED_FACE('',(#280),#5022,.F.);
#5168=ADVANCED_FACE('',(#281),#5023,.F.);
#5169=ADVANCED_FACE('',(#282),#5024,.F.);
#5170=ADVANCED_FACE('',(#283),#5025,.F.);
#5171=ADVANCED_FACE('',(#284),#5026,.F.);
#5172=ADVANCED_FACE('',(#285),#5027,.F.);
#5173=ADVANCED_FACE('',(#286,#106),#138,.T.);
#5174=ADVANCED_FACE('',(#287),#5028,.F.);
#5175=ADVANCED_FACE('',(#288),#5029,.F.);
#5176=ADVANCED_FACE('',(#289),#5030,.F.);
#5177=ADVANCED_FACE('',(#290),#5031,.F.);
#5178=ADVANCED_FACE('',(#291),#5032,.F.);
#5179=ADVANCED_FACE('',(#292),#5033,.F.);
#5180=ADVANCED_FACE('',(#293),#5034,.F.);
#5181=ADVANCED_FACE('',(#294),#5035,.F.);
#5182=ADVANCED_FACE('',(#295),#5036,.F.);
#5183=ADVANCED_FACE('',(#296),#5037,.F.);
#5184=ADVANCED_FACE('',(#297),#5038,.F.);
#5185=ADVANCED_FACE('',(#298),#5039,.F.);
#5186=ADVANCED_FACE('',(#299),#5040,.F.);
#5187=ADVANCED_FACE('',(#300,#107),#139,.T.);
#5188=ADVANCED_FACE('',(#301),#5041,.F.);
#5189=ADVANCED_FACE('',(#302),#5042,.F.);
#5190=ADVANCED_FACE('',(#303),#5043,.F.);
#5191=ADVANCED_FACE('',(#304),#140,.F.);
#5192=ADVANCED_FACE('',(#305),#5044,.F.);
#5193=ADVANCED_FACE('',(#306),#5045,.F.);
#5194=ADVANCED_FACE('',(#307),#5046,.F.);
#5195=ADVANCED_FACE('',(#308),#5047,.F.);
#5196=ADVANCED_FACE('',(#309),#5048,.F.);
#5197=ADVANCED_FACE('',(#310),#5049,.F.);
#5198=ADVANCED_FACE('',(#311),#5050,.F.);
#5199=ADVANCED_FACE('',(#312),#141,.F.);
#5200=ADVANCED_FACE('',(#313),#5051,.F.);
#5201=ADVANCED_FACE('',(#314),#5052,.F.);
#5202=ADVANCED_FACE('',(#315),#142,.F.);
#5203=ADVANCED_FACE('',(#316),#143,.F.);
#5204=ADVANCED_FACE('',(#317,#108),#144,.T.);
#5205=ADVANCED_FACE('',(#318),#5053,.F.);
#5206=ADVANCED_FACE('',(#319),#5054,.F.);
#5207=ADVANCED_FACE('',(#320),#145,.F.);
#5208=ADVANCED_FACE('',(#321),#146,.F.);
#5209=ADVANCED_FACE('',(#322),#147,.F.);
#5210=ADVANCED_FACE('',(#323),#5055,.F.);
#5211=ADVANCED_FACE('',(#324),#5056,.F.);
#5212=ADVANCED_FACE('',(#325),#5057,.F.);
#5213=ADVANCED_FACE('',(#326),#148,.F.);
#5214=ADVANCED_FACE('',(#327),#149,.F.);
#5215=ADVANCED_FACE('',(#328),#150,.F.);
#5216=ADVANCED_FACE('',(#329),#151,.F.);
#5217=ADVANCED_FACE('',(#330),#152,.F.);
#5218=ADVANCED_FACE('',(#331,#109),#153,.T.);
#5219=ADVANCED_FACE('',(#332),#5058,.F.);
#5220=ADVANCED_FACE('',(#333),#5059,.F.);
#5221=ADVANCED_FACE('',(#334),#5060,.F.);
#5222=ADVANCED_FACE('',(#335),#5061,.F.);
#5223=ADVANCED_FACE('',(#336),#5062,.F.);
#5224=ADVANCED_FACE('',(#337),#5063,.F.);
#5225=ADVANCED_FACE('',(#338),#5064,.F.);
#5226=ADVANCED_FACE('',(#339),#154,.F.);
#5227=ADVANCED_FACE('',(#340),#5065,.F.);
#5228=ADVANCED_FACE('',(#341),#5066,.F.);
#5229=ADVANCED_FACE('',(#342),#5067,.F.);
#5230=ADVANCED_FACE('',(#343),#5068,.F.);
#5231=ADVANCED_FACE('',(#344),#5069,.F.);
#5232=ADVANCED_FACE('',(#345),#5070,.F.);
#5233=ADVANCED_FACE('',(#346),#155,.F.);
#5234=ADVANCED_FACE('',(#347),#156,.F.);
#5235=ADVANCED_FACE('',(#348),#157,.F.);
#5236=ADVANCED_FACE('',(#349),#158,.F.);
#5237=ADVANCED_FACE('',(#350),#159,.F.);
#5238=ADVANCED_FACE('',(#351),#160,.F.);
#5239=ADVANCED_FACE('',(#352),#161,.F.);
#5240=ADVANCED_FACE('',(#353),#5071,.F.);
#5241=ADVANCED_FACE('',(#354,#110),#162,.T.);
#5242=ADVANCED_FACE('',(#355),#163,.F.);
#5243=ADVANCED_FACE('',(#356),#164,.F.);
#5244=ADVANCED_FACE('',(#357),#165,.F.);
#5245=ADVANCED_FACE('',(#358),#166,.F.);
#5246=ADVANCED_FACE('',(#359),#167,.F.);
#5247=ADVANCED_FACE('',(#360),#5072,.F.);
#5248=ADVANCED_FACE('',(#361),#5073,.F.);
#5249=ADVANCED_FACE('',(#362),#5074,.F.);
#5250=ADVANCED_FACE('',(#363),#5075,.F.);
#5251=ADVANCED_FACE('',(#364),#5076,.F.);
#5252=ADVANCED_FACE('',(#365),#5077,.F.);
#5253=ADVANCED_FACE('',(#366),#5078,.F.);
#5254=ADVANCED_FACE('',(#367),#168,.F.);
#5255=ADVANCED_FACE('',(#368),#5079,.F.);
#5256=ADVANCED_FACE('',(#369),#5080,.F.);
#5257=ADVANCED_FACE('',(#370),#5081,.F.);
#5258=ADVANCED_FACE('',(#371),#5082,.F.);
#5259=ADVANCED_FACE('',(#372),#5083,.F.);
#5260=ADVANCED_FACE('',(#373),#5084,.F.);
#5261=ADVANCED_FACE('',(#374),#169,.F.);
#5262=ADVANCED_FACE('',(#375),#170,.F.);
#5263=ADVANCED_FACE('',(#376),#171,.F.);
#5264=ADVANCED_FACE('',(#377),#172,.F.);
#5265=ADVANCED_FACE('',(#378),#173,.F.);
#5266=ADVANCED_FACE('',(#379),#174,.F.);
#5267=ADVANCED_FACE('',(#380),#175,.F.);
#5268=ADVANCED_FACE('',(#381),#5085,.F.);
#5269=ADVANCED_FACE('',(#382,#111),#176,.T.);
#5270=ADVANCED_FACE('',(#383),#5086,.F.);
#5271=ADVANCED_FACE('',(#384),#5087,.F.);
#5272=ADVANCED_FACE('',(#385),#5088,.F.);
#5273=ADVANCED_FACE('',(#386),#177,.F.);
#5274=ADVANCED_FACE('',(#387),#5089,.F.);
#5275=ADVANCED_FACE('',(#388),#5090,.F.);
#5276=ADVANCED_FACE('',(#389),#5091,.F.);
#5277=ADVANCED_FACE('',(#390),#5092,.F.);
#5278=ADVANCED_FACE('',(#391),#5093,.F.);
#5279=ADVANCED_FACE('',(#392),#5094,.F.);
#5280=ADVANCED_FACE('',(#393),#5095,.F.);
#5281=ADVANCED_FACE('',(#394),#178,.F.);
#5282=ADVANCED_FACE('',(#395),#5096,.F.);
#5283=ADVANCED_FACE('',(#396),#5097,.F.);
#5284=ADVANCED_FACE('',(#397),#179,.F.);
#5285=ADVANCED_FACE('',(#398),#180,.F.);
#5286=ADVANCED_FACE('',(#399,#112),#181,.T.);
#5287=ADVANCED_FACE('',(#400),#5098,.F.);
#5288=ADVANCED_FACE('',(#401),#5099,.F.);
#5289=ADVANCED_FACE('',(#402),#5100,.F.);
#5290=ADVANCED_FACE('',(#403),#5101,.F.);
#5291=ADVANCED_FACE('',(#404),#5102,.F.);
#5292=ADVANCED_FACE('',(#405),#5103,.F.);
#5293=ADVANCED_FACE('',(#406),#5104,.F.);
#5294=ADVANCED_FACE('',(#407),#5105,.F.);
#5295=ADVANCED_FACE('',(#408),#5106,.F.);
#5296=ADVANCED_FACE('',(#409),#5107,.F.);
#5297=ADVANCED_FACE('',(#410),#5108,.F.);
#5298=ADVANCED_FACE('',(#411),#5109,.F.);
#5299=ADVANCED_FACE('',(#412),#5110,.F.);
#5300=ADVANCED_FACE('',(#413,#113),#182,.T.);
#5301=ADVANCED_FACE('',(#414),#5111,.F.);
#5302=ADVANCED_FACE('',(#415),#5112,.F.);
#5303=ADVANCED_FACE('',(#416),#183,.F.);
#5304=ADVANCED_FACE('',(#417),#184,.F.);
#5305=ADVANCED_FACE('',(#418),#185,.F.);
#5306=ADVANCED_FACE('',(#419),#186,.F.);
#5307=ADVANCED_FACE('',(#420),#187,.F.);
#5308=ADVANCED_FACE('',(#421),#188,.F.);
#5309=ADVANCED_FACE('',(#422),#5113,.F.);
#5310=ADVANCED_FACE('',(#423),#5114,.F.);
#5311=ADVANCED_FACE('',(#424),#5115,.F.);
#5312=ADVANCED_FACE('',(#425),#189,.F.);
#5313=ADVANCED_FACE('',(#426),#190,.T.);
#5314=ADVANCED_FACE('',(#427),#5116,.F.);
#5315=ADVANCED_FACE('',(#428),#5117,.F.);
#5316=ADVANCED_FACE('',(#429),#5118,.F.);
#5317=ADVANCED_FACE('',(#430),#5119,.F.);
#5318=ADVANCED_FACE('',(#431),#5120,.F.);
#5319=ADVANCED_FACE('',(#432),#5121,.F.);
#5320=ADVANCED_FACE('',(#433),#5122,.F.);
#5321=ADVANCED_FACE('',(#434),#191,.F.);
#5322=ADVANCED_FACE('',(#435),#5123,.F.);
#5323=ADVANCED_FACE('',(#436),#192,.F.);
#5324=ADVANCED_FACE('',(#437),#193,.F.);
#5325=ADVANCED_FACE('',(#438),#194,.F.);
#5326=ADVANCED_FACE('',(#439),#5124,.F.);
#5327=ADVANCED_FACE('',(#440),#5125,.F.);
#5328=ADVANCED_FACE('',(#441),#5126,.F.);
#5329=ADVANCED_FACE('',(#442),#5127,.F.);
#5330=ADVANCED_FACE('',(#443),#5128,.F.);
#5331=ADVANCED_FACE('',(#444),#5129,.F.);
#5332=ADVANCED_FACE('',(#445),#195,.F.);
#5333=ADVANCED_FACE('',(#446),#196,.F.);
#5334=ADVANCED_FACE('',(#447),#197,.F.);
#5335=ADVANCED_FACE('',(#448),#198,.F.);
#5336=ADVANCED_FACE('',(#449,#114),#199,.T.);
#5337=ADVANCED_FACE('',(#450),#5130,.F.);
#5338=ADVANCED_FACE('',(#451),#5131,.F.);
#5339=ADVANCED_FACE('',(#452),#5132,.F.);
#5340=ADVANCED_FACE('',(#453),#5133,.F.);
#5341=ADVANCED_FACE('',(#454),#5134,.F.);
#5342=ADVANCED_FACE('',(#455),#200,.F.);
#5343=ADVANCED_FACE('',(#456),#201,.F.);
#5344=ADVANCED_FACE('',(#457),#202,.F.);
#5345=ADVANCED_FACE('',(#458),#203,.F.);
#5346=ADVANCED_FACE('',(#459),#204,.F.);
#5347=ADVANCED_FACE('',(#460),#205,.F.);
#5348=ADVANCED_FACE('',(#461),#5135,.F.);
#5349=ADVANCED_FACE('',(#462),#5136,.F.);
#5350=ADVANCED_FACE('',(#463),#5137,.F.);
#5351=ADVANCED_FACE('',(#464),#206,.F.);
#5352=ADVANCED_FACE('',(#465),#207,.F.);
#5353=ADVANCED_FACE('',(#466),#208,.F.);
#5354=ADVANCED_FACE('',(#467),#5138,.F.);
#5355=ADVANCED_FACE('',(#468),#5139,.F.);
#5356=ADVANCED_FACE('',(#469),#5140,.F.);
#5357=ADVANCED_FACE('',(#470),#209,.F.);
#5358=ADVANCED_FACE('',(#471),#210,.F.);
#5359=ADVANCED_FACE('',(#472),#211,.F.);
#5360=ADVANCED_FACE('',(#473),#212,.T.);
#5361=ADVANCED_FACE('',(#474),#5141,.F.);
#5362=ADVANCED_FACE('',(#475),#5142,.F.);
#5363=ADVANCED_FACE('',(#476),#213,.F.);
#5364=ADVANCED_FACE('',(#477),#214,.F.);
#5365=ADVANCED_FACE('',(#478),#215,.F.);
#5366=ADVANCED_FACE('',(#479),#5143,.F.);
#5367=ADVANCED_FACE('',(#480),#5144,.F.);
#5368=ADVANCED_FACE('',(#481),#5145,.F.);
#5369=ADVANCED_FACE('',(#482),#216,.F.);
#5370=ADVANCED_FACE('',(#483),#217,.F.);
#5371=ADVANCED_FACE('',(#484),#218,.F.);
#5372=ADVANCED_FACE('',(#485),#219,.F.);
#5373=ADVANCED_FACE('',(#486),#220,.F.);
#5374=ADVANCED_FACE('',(#487,#115),#221,.T.);
#5375=ADVANCED_FACE('',(#488,#116,#117,#118,#119,#120,#121,#122,#123,#124,
#125,#126,#127,#128,#129),#222,.F.);
#5376=ADVANCED_FACE('',(#489),#223,.F.);
#5377=ADVANCED_FACE('',(#490),#224,.F.);
#5378=ADVANCED_FACE('',(#491),#225,.F.);
#5379=ADVANCED_FACE('',(#492),#226,.F.);
#5380=ADVANCED_FACE('',(#493),#227,.F.);
#5381=ADVANCED_FACE('',(#494),#228,.F.);
#5382=ADVANCED_FACE('',(#495),#229,.F.);
#5383=ADVANCED_FACE('',(#496),#230,.F.);
#5384=ADVANCED_FACE('',(#497),#231,.F.);
#5385=ADVANCED_FACE('',(#498),#232,.F.);
#5386=ADVANCED_FACE('',(#499),#233,.F.);
#5387=ADVANCED_FACE('',(#500),#234,.F.);
#5388=ADVANCED_FACE('',(#501),#235,.F.);
#5389=ADVANCED_FACE('',(#502),#29,.F.);
#5390=ADVANCED_FACE('',(#503),#236,.F.);
#5391=ADVANCED_FACE('',(#504),#237,.F.);
#5392=ADVANCED_FACE('',(#505),#30,.F.);
#5393=ADVANCED_FACE('',(#506),#238,.T.);
#5394=ADVANCED_FACE('',(#507),#31,.F.);
#5395=ADVANCED_FACE('',(#508),#17,.F.);
#5396=ADVANCED_FACE('',(#509),#32,.F.);
#5397=ADVANCED_FACE('',(#510),#18,.F.);
#5398=ADVANCED_FACE('',(#511),#19,.F.);
#5399=ADVANCED_FACE('',(#512),#33,.F.);
#5400=ADVANCED_FACE('',(#513),#20,.F.);
#5401=ADVANCED_FACE('',(#514),#34,.T.);
#5402=ADVANCED_FACE('',(#515),#239,.F.);
#5403=ADVANCED_FACE('',(#516),#21,.T.);
#5404=ADVANCED_FACE('',(#517),#35,.T.);
#5405=ADVANCED_FACE('',(#518),#22,.T.);
#5406=ADVANCED_FACE('',(#519),#23,.T.);
#5407=ADVANCED_FACE('',(#520),#36,.T.);
#5408=ADVANCED_FACE('',(#521),#24,.T.);
#5409=ADVANCED_FACE('',(#522),#37,.T.);
#5410=ADVANCED_FACE('',(#523),#240,.T.);
#5411=ADVANCED_FACE('',(#524),#241,.F.);
#5412=ADVANCED_FACE('',(#525),#38,.F.);
#5413=ADVANCED_FACE('',(#526),#242,.F.);
#5414=ADVANCED_FACE('',(#527),#39,.F.);
#5415=ADVANCED_FACE('',(#528),#243,.F.);
#5416=ADVANCED_FACE('',(#529),#40,.F.);
#5417=ADVANCED_FACE('',(#530),#244,.F.);
#5418=ADVANCED_FACE('',(#531),#41,.F.);
#5419=ADVANCED_FACE('',(#532),#245,.F.);
#5420=ADVANCED_FACE('',(#533),#246,.F.);
#5421=ADVANCED_FACE('',(#534),#247,.F.);
#5422=ADVANCED_FACE('',(#535),#248,.F.);
#5423=ADVANCED_FACE('',(#536),#249,.F.);
#5424=ADVANCED_FACE('',(#537),#42,.F.);
#5425=ADVANCED_FACE('',(#538),#250,.F.);
#5426=ADVANCED_FACE('',(#539),#43,.F.);
#5427=ADVANCED_FACE('',(#540),#251,.F.);
#5428=ADVANCED_FACE('',(#541),#44,.F.);
#5429=ADVANCED_FACE('',(#542),#252,.F.);
#5430=ADVANCED_FACE('',(#543),#45,.F.);
#5431=ADVANCED_FACE('',(#544),#253,.F.);
#5432=ADVANCED_FACE('',(#545),#254,.F.);
#5433=ADVANCED_FACE('',(#546),#255,.F.);
#5434=ADVANCED_FACE('',(#547),#256,.F.);
#5435=ADVANCED_FACE('',(#548),#46,.T.);
#5436=ADVANCED_FACE('',(#549),#25,.T.);
#5437=ADVANCED_FACE('',(#550),#47,.T.);
#5438=ADVANCED_FACE('',(#551),#26,.T.);
#5439=ADVANCED_FACE('',(#552),#27,.T.);
#5440=ADVANCED_FACE('',(#553),#48,.T.);
#5441=ADVANCED_FACE('',(#554),#28,.T.);
#5442=ADVANCED_FACE('',(#555),#49,.T.);
#5443=ADVANCED_FACE('',(#556,#130,#131,#132),#257,.T.);
#5444=ADVANCED_FACE('',(#557,#133,#134,#135,#136),#258,.F.);
#5445=CLOSED_SHELL('',(#5146,#5147,#5148,#5149,#5150,#5151,#5152,#5153,
#5154,#5155,#5156,#5157,#5158,#5159,#5160,#5161,#5162,#5163,#5164,#5165,
#5166,#5167,#5168,#5169,#5170,#5171,#5172,#5173,#5174,#5175,#5176,#5177,
#5178,#5179,#5180,#5181,#5182,#5183,#5184,#5185,#5186,#5187,#5188,#5189,
#5190,#5191,#5192,#5193,#5194,#5195,#5196,#5197,#5198,#5199,#5200,#5201,
#5202,#5203,#5204,#5205,#5206,#5207,#5208,#5209,#5210,#5211,#5212,#5213,
#5214,#5215,#5216,#5217,#5218,#5219,#5220,#5221,#5222,#5223,#5224,#5225,
#5226,#5227,#5228,#5229,#5230,#5231,#5232,#5233,#5234,#5235,#5236,#5237,
#5238,#5239,#5240,#5241,#5242,#5243,#5244,#5245,#5246,#5247,#5248,#5249,
#5250,#5251,#5252,#5253,#5254,#5255,#5256,#5257,#5258,#5259,#5260,#5261,
#5262,#5263,#5264,#5265,#5266,#5267,#5268,#5269,#5270,#5271,#5272,#5273,
#5274,#5275,#5276,#5277,#5278,#5279,#5280,#5281,#5282,#5283,#5284,#5285,
#5286,#5287,#5288,#5289,#5290,#5291,#5292,#5293,#5294,#5295,#5296,#5297,
#5298,#5299,#5300,#5301,#5302,#5303,#5304,#5305,#5306,#5307,#5308,#5309,
#5310,#5311,#5312,#5313,#5314,#5315,#5316,#5317,#5318,#5319,#5320,#5321,
#5322,#5323,#5324,#5325,#5326,#5327,#5328,#5329,#5330,#5331,#5332,#5333,
#5334,#5335,#5336,#5337,#5338,#5339,#5340,#5341,#5342,#5343,#5344,#5345,
#5346,#5347,#5348,#5349,#5350,#5351,#5352,#5353,#5354,#5355,#5356,#5357,
#5358,#5359,#5360,#5361,#5362,#5363,#5364,#5365,#5366,#5367,#5368,#5369,
#5370,#5371,#5372,#5373,#5374,#5375,#5376,#5377,#5378,#5379,#5380,#5381,
#5382,#5383,#5384,#5385,#5386,#5387,#5388,#5389,#5390,#5391,#5392,#5393,
#5394,#5395,#5396,#5397,#5398,#5399,#5400,#5401,#5402,#5403,#5404,#5405,
#5406,#5407,#5408,#5409,#5410));
#5446=CLOSED_SHELL('',(#5411,#5412,#5413,#5414,#5415,#5416,#5417,#5418,
#5419,#5420,#5421,#5422,#5423,#5424,#5425,#5426,#5427,#5428,#5429,#5430,
#5431,#5432,#5433,#5434,#5435,#5436,#5437,#5438,#5439,#5440,#5441,#5442,
#5443,#5444));
#5447=DERIVED_UNIT_ELEMENT(#5449,1.);
#5448=DERIVED_UNIT_ELEMENT(#10622,-3.);
#5449=(
MASS_UNIT()
NAMED_UNIT(*)
SI_UNIT(.KILO.,.GRAM.)
);
#5450=DERIVED_UNIT((#5447,#5448));
#5451=MEASURE_REPRESENTATION_ITEM('density measure',
POSITIVE_RATIO_MEASURE(7850.),#5450);
#5452=PROPERTY_DEFINITION_REPRESENTATION(#5457,#5454);
#5453=PROPERTY_DEFINITION_REPRESENTATION(#5458,#5455);
#5454=REPRESENTATION('material name',(#5456),#10619);
#5455=REPRESENTATION('density',(#5451),#10619);
#5456=DESCRIPTIVE_REPRESENTATION_ITEM('Steel','Steel');
#5457=PROPERTY_DEFINITION('material property','material name',#10629);
#5458=PROPERTY_DEFINITION('material property','density of part',#10629);
#5459=AXIS2_PLACEMENT_3D('',#6546,#5670,#5671);
#5460=AXIS2_PLACEMENT_3D('',#6846,#5685,#5686);
#5461=AXIS2_PLACEMENT_3D('',#7146,#5700,#5701);
#5462=AXIS2_PLACEMENT_3D('',#7446,#5715,#5716);
#5463=AXIS2_PLACEMENT_3D('',#7519,#5721,#5722);
#5464=AXIS2_PLACEMENT_3D('',#7686,#5733,#5734);
#5465=AXIS2_PLACEMENT_3D('',#7738,#5740,#5741);
#5466=AXIS2_PLACEMENT_3D('',#7744,#5745,#5746);
#5467=AXIS2_PLACEMENT_3D('',#7747,#5749,#5750);
#5468=AXIS2_PLACEMENT_3D('',#7797,#5754,#5755);
#5469=AXIS2_PLACEMENT_3D('',#7803,#5759,#5760);
#5470=AXIS2_PLACEMENT_3D('',#7809,#5764,#5765);
#5471=AXIS2_PLACEMENT_3D('',#7884,#5772,#5773);
#5472=AXIS2_PLACEMENT_3D('',#7890,#5777,#5778);
#5473=AXIS2_PLACEMENT_3D('',#7896,#5782,#5783);
#5474=AXIS2_PLACEMENT_3D('',#7902,#5787,#5788);
#5475=AXIS2_PLACEMENT_3D('',#7908,#5792,#5793);
#5476=AXIS2_PLACEMENT_3D('',#7911,#5796,#5797);
#5477=AXIS2_PLACEMENT_3D('',#8076,#5806,#5807);
#5478=AXIS2_PLACEMENT_3D('',#8220,#5817,#5818);
#5479=AXIS2_PLACEMENT_3D('',#8226,#5822,#5823);
#5480=AXIS2_PLACEMENT_3D('',#8232,#5827,#5828);
#5481=AXIS2_PLACEMENT_3D('',#8238,#5832,#5833);
#5482=AXIS2_PLACEMENT_3D('',#8244,#5837,#5838);
#5483=AXIS2_PLACEMENT_3D('',#8250,#5842,#5843);
#5484=AXIS2_PLACEMENT_3D('',#8256,#5847,#5848);
#5485=AXIS2_PLACEMENT_3D('',#8282,#5852,#5853);
#5486=AXIS2_PLACEMENT_3D('',#8283,#5854,#5855);
#5487=AXIS2_PLACEMENT_3D('',#8292,#5860,#5861);
#5488=AXIS2_PLACEMENT_3D('',#8298,#5865,#5866);
#5489=AXIS2_PLACEMENT_3D('',#8304,#5870,#5871);
#5490=AXIS2_PLACEMENT_3D('',#8307,#5874,#5875);
#5491=AXIS2_PLACEMENT_3D('',#8472,#5884,#5885);
#5492=AXIS2_PLACEMENT_3D('',#8616,#5895,#5896);
#5493=AXIS2_PLACEMENT_3D('',#8622,#5900,#5901);
#5494=AXIS2_PLACEMENT_3D('',#8628,#5905,#5906);
#5495=AXIS2_PLACEMENT_3D('',#8634,#5910,#5911);
#5496=AXIS2_PLACEMENT_3D('',#8640,#5915,#5916);
#5497=AXIS2_PLACEMENT_3D('',#8646,#5920,#5921);
#5498=AXIS2_PLACEMENT_3D('',#8652,#5925,#5926);
#5499=AXIS2_PLACEMENT_3D('',#8678,#5930,#5931);
#5500=AXIS2_PLACEMENT_3D('',#8751,#5936,#5937);
#5501=AXIS2_PLACEMENT_3D('',#8918,#5948,#5949);
#5502=AXIS2_PLACEMENT_3D('',#8970,#5955,#5956);
#5503=AXIS2_PLACEMENT_3D('',#8976,#5960,#5961);
#5504=AXIS2_PLACEMENT_3D('',#8979,#5964,#5965);
#5505=AXIS2_PLACEMENT_3D('',#9279,#5979,#5980);
#5506=AXIS2_PLACEMENT_3D('',#9329,#5984,#5985);
#5507=AXIS2_PLACEMENT_3D('',#9335,#5989,#5990);
#5508=AXIS2_PLACEMENT_3D('',#9341,#5994,#5995);
#5509=AXIS2_PLACEMENT_3D('',#9347,#5999,#6000);
#5510=AXIS2_PLACEMENT_3D('',#9353,#6004,#6005);
#5511=AXIS2_PLACEMENT_3D('',#9359,#6009,#6010);
#5512=AXIS2_PLACEMENT_3D('',#9434,#6017,#6018);
#5513=AXIS2_PLACEMENT_3D('',#9437,#6021,#6022);
#5514=AXIS2_PLACEMENT_3D('',#9602,#6031,#6032);
#5515=AXIS2_PLACEMENT_3D('',#9628,#6036,#6037);
#5516=AXIS2_PLACEMENT_3D('',#9637,#6042,#6043);
#5517=AXIS2_PLACEMENT_3D('',#9643,#6047,#6048);
#5518=AXIS2_PLACEMENT_3D('',#9787,#6058,#6059);
#5519=AXIS2_PLACEMENT_3D('',#9793,#6063,#6064);
#5520=AXIS2_PLACEMENT_3D('',#9799,#6068,#6069);
#5521=AXIS2_PLACEMENT_3D('',#9805,#6073,#6074);
#5522=AXIS2_PLACEMENT_3D('',#9808,#6077,#6078);
#5523=AXIS2_PLACEMENT_3D('',#9927,#6085,#6086);
#5524=AXIS2_PLACEMENT_3D('',#9933,#6090,#6091);
#5525=AXIS2_PLACEMENT_3D('',#9939,#6095,#6096);
#5526=AXIS2_PLACEMENT_3D('',#9945,#6100,#6101);
#5527=AXIS2_PLACEMENT_3D('',#9951,#6105,#6106);
#5528=AXIS2_PLACEMENT_3D('',#9957,#6110,#6111);
#5529=AXIS2_PLACEMENT_3D('',#10032,#6118,#6119);
#5530=AXIS2_PLACEMENT_3D('',#10038,#6123,#6124);
#5531=AXIS2_PLACEMENT_3D('',#10044,#6128,#6129);
#5532=AXIS2_PLACEMENT_3D('',#10119,#6136,#6137);
#5533=AXIS2_PLACEMENT_3D('',#10125,#6141,#6142);
#5534=AXIS2_PLACEMENT_3D('',#10131,#6146,#6147);
#5535=AXIS2_PLACEMENT_3D('',#10134,#6150,#6151);
#5536=AXIS2_PLACEMENT_3D('',#10184,#6155,#6156);
#5537=AXIS2_PLACEMENT_3D('',#10190,#6160,#6161);
#5538=AXIS2_PLACEMENT_3D('',#10196,#6165,#6166);
#5539=AXIS2_PLACEMENT_3D('',#10271,#6173,#6174);
#5540=AXIS2_PLACEMENT_3D('',#10277,#6178,#6179);
#5541=AXIS2_PLACEMENT_3D('',#10283,#6183,#6184);
#5542=AXIS2_PLACEMENT_3D('',#10289,#6188,#6189);
#5543=AXIS2_PLACEMENT_3D('',#10295,#6193,#6194);
#5544=AXIS2_PLACEMENT_3D('',#10298,#6197,#6198);
#5545=AXIS2_PLACEMENT_3D('',#10299,#6199,#6200);
#5546=AXIS2_PLACEMENT_3D('',#10308,#6205,#6206);
#5547=AXIS2_PLACEMENT_3D('',#10309,#6207,#6208);
#5548=AXIS2_PLACEMENT_3D('',#10310,#6209,#6210);
#5549=AXIS2_PLACEMENT_3D('',#10311,#6211,#6212);
#5550=AXIS2_PLACEMENT_3D('',#10312,#6213,#6214);
#5551=AXIS2_PLACEMENT_3D('',#10313,#6215,#6216);
#5552=AXIS2_PLACEMENT_3D('',#10314,#6217,#6218);
#5553=AXIS2_PLACEMENT_3D('',#10315,#6219,#6220);
#5554=AXIS2_PLACEMENT_3D('',#10316,#6221,#6222);
#5555=AXIS2_PLACEMENT_3D('',#10317,#6223,#6224);
#5556=AXIS2_PLACEMENT_3D('',#10318,#6225,#6226);
#5557=AXIS2_PLACEMENT_3D('',#10327,#6231,#6232);
#5558=AXIS2_PLACEMENT_3D('',#10329,#6233,#6234);
#5559=AXIS2_PLACEMENT_3D('',#10333,#6237,#6238);
#5560=AXIS2_PLACEMENT_3D('',#10337,#6241,#6242);
#5561=AXIS2_PLACEMENT_3D('',#10339,#6243,#6244);
#5562=AXIS2_PLACEMENT_3D('',#10343,#6246,#6247);
#5563=AXIS2_PLACEMENT_3D('',#10345,#6249,#6250);
#5564=AXIS2_PLACEMENT_3D('',#10349,#6252,#6253);
#5565=AXIS2_PLACEMENT_3D('',#10351,#6255,#6256);
#5566=AXIS2_PLACEMENT_3D('',#10354,#6257,#6258);
#5567=AXIS2_PLACEMENT_3D('',#10358,#6260,#6261);
#5568=AXIS2_PLACEMENT_3D('',#10360,#6263,#6264);
#5569=AXIS2_PLACEMENT_3D('',#10364,#6266,#6267);
#5570=AXIS2_PLACEMENT_3D('',#10366,#6269,#6270);
#5571=AXIS2_PLACEMENT_3D('',#10373,#6275,#6276);
#5572=AXIS2_PLACEMENT_3D('',#10375,#6277,#6278);
#5573=AXIS2_PLACEMENT_3D('',#10377,#6279,#6280);
#5574=AXIS2_PLACEMENT_3D('',#10379,#6282,#6283);
#5575=AXIS2_PLACEMENT_3D('',#10380,#6284,#6285);
#5576=AXIS2_PLACEMENT_3D('',#10381,#6286,#6287);
#5577=AXIS2_PLACEMENT_3D('',#10382,#6288,#6289);
#5578=AXIS2_PLACEMENT_3D('',#10384,#6291,#6292);
#5579=AXIS2_PLACEMENT_3D('',#10385,#6293,#6294);
#5580=AXIS2_PLACEMENT_3D('',#10386,#6295,#6296);
#5581=AXIS2_PLACEMENT_3D('',#10387,#6297,#6298);
#5582=AXIS2_PLACEMENT_3D('',#10388,#6299,#6300);
#5583=AXIS2_PLACEMENT_3D('',#10390,#6302,#6303);
#5584=AXIS2_PLACEMENT_3D('',#10391,#6304,#6305);
#5585=AXIS2_PLACEMENT_3D('',#10394,#6307,#6308);
#5586=AXIS2_PLACEMENT_3D('',#10396,#6309,#6310);
#5587=AXIS2_PLACEMENT_3D('',#10398,#6312,#6313);
#5588=AXIS2_PLACEMENT_3D('',#10399,#6314,#6315);
#5589=AXIS2_PLACEMENT_3D('',#10401,#6316,#6317);
#5590=AXIS2_PLACEMENT_3D('',#10402,#6318,#6319);
#5591=AXIS2_PLACEMENT_3D('',#10403,#6320,#6321);
#5592=AXIS2_PLACEMENT_3D('',#10406,#6323,#6324);
#5593=AXIS2_PLACEMENT_3D('',#10407,#6325,#6326);
#5594=AXIS2_PLACEMENT_3D('',#10409,#6327,#6328);
#5595=AXIS2_PLACEMENT_3D('',#10410,#6329,#6330);
#5596=AXIS2_PLACEMENT_3D('',#10411,#6331,#6332);
#5597=AXIS2_PLACEMENT_3D('',#10413,#6333,#6334);
#5598=AXIS2_PLACEMENT_3D('',#10414,#6335,#6336);
#5599=AXIS2_PLACEMENT_3D('',#10415,#6337,#6338);
#5600=AXIS2_PLACEMENT_3D('',#10418,#6340,#6341);
#5601=AXIS2_PLACEMENT_3D('',#10419,#6342,#6343);
#5602=AXIS2_PLACEMENT_3D('',#10421,#6344,#6345);
#5603=AXIS2_PLACEMENT_3D('',#10422,#6346,#6347);
#5604=AXIS2_PLACEMENT_3D('',#10423,#6348,#6349);
#5605=AXIS2_PLACEMENT_3D('',#10425,#6351,#6352);
#5606=AXIS2_PLACEMENT_3D('',#10426,#6353,#6354);
#5607=AXIS2_PLACEMENT_3D('',#10435,#6359,#6360);
#5608=AXIS2_PLACEMENT_3D('',#10437,#6361,#6362);
#5609=AXIS2_PLACEMENT_3D('',#10439,#6363,#6364);
#5610=AXIS2_PLACEMENT_3D('',#10441,#6366,#6367);
#5611=AXIS2_PLACEMENT_3D('',#10447,#6371,#6372);
#5612=AXIS2_PLACEMENT_3D('',#10449,#6373,#6374);
#5613=AXIS2_PLACEMENT_3D('',#10451,#6375,#6376);
#5614=AXIS2_PLACEMENT_3D('',#10453,#6378,#6379);
#5615=AXIS2_PLACEMENT_3D('',#10459,#6383,#6384);
#5616=AXIS2_PLACEMENT_3D('',#10461,#6385,#6386);
#5617=AXIS2_PLACEMENT_3D('',#10463,#6387,#6388);
#5618=AXIS2_PLACEMENT_3D('',#10465,#6390,#6391);
#5619=AXIS2_PLACEMENT_3D('',#10471,#6395,#6396);
#5620=AXIS2_PLACEMENT_3D('',#10472,#6397,#6398);
#5621=AXIS2_PLACEMENT_3D('',#10473,#6399,#6400);
#5622=AXIS2_PLACEMENT_3D('',#10474,#6401,#6402);
#5623=AXIS2_PLACEMENT_3D('',#10483,#6407,#6408);
#5624=AXIS2_PLACEMENT_3D('',#10489,#6412,#6413);
#5625=AXIS2_PLACEMENT_3D('',#10495,#6417,#6418);
#5626=AXIS2_PLACEMENT_3D('',#10498,#6421,#6422);
#5627=AXIS2_PLACEMENT_3D('',#10507,#6427,#6428);
#5628=AXIS2_PLACEMENT_3D('',#10509,#6429,#6430);
#5629=AXIS2_PLACEMENT_3D('',#10511,#6431,#6432);
#5630=AXIS2_PLACEMENT_3D('',#10513,#6434,#6435);
#5631=AXIS2_PLACEMENT_3D('',#10519,#6439,#6440);
#5632=AXIS2_PLACEMENT_3D('',#10521,#6441,#6442);
#5633=AXIS2_PLACEMENT_3D('',#10523,#6443,#6444);
#5634=AXIS2_PLACEMENT_3D('',#10525,#6446,#6447);
#5635=AXIS2_PLACEMENT_3D('',#10531,#6451,#6452);
#5636=AXIS2_PLACEMENT_3D('',#10533,#6453,#6454);
#5637=AXIS2_PLACEMENT_3D('',#10535,#6455,#6456);
#5638=AXIS2_PLACEMENT_3D('',#10537,#6458,#6459);
#5639=AXIS2_PLACEMENT_3D('',#10543,#6463,#6464);
#5640=AXIS2_PLACEMENT_3D('',#10544,#6465,#6466);
#5641=AXIS2_PLACEMENT_3D('',#10545,#6467,#6468);
#5642=AXIS2_PLACEMENT_3D('',#10546,#6469,#6470);
#5643=AXIS2_PLACEMENT_3D('',#10553,#6473,#6474);
#5644=AXIS2_PLACEMENT_3D('',#10557,#6477,#6478);
#5645=AXIS2_PLACEMENT_3D('',#10563,#6482,#6483);
#5646=AXIS2_PLACEMENT_3D('',#10569,#6487,#6488);
#5647=AXIS2_PLACEMENT_3D('',#10573,#6491,#6492);
#5648=AXIS2_PLACEMENT_3D('',#10574,#6493,#6494);
#5649=AXIS2_PLACEMENT_3D('',#10578,#6496,#6497);
#5650=AXIS2_PLACEMENT_3D('',#10582,#6499,#6500);
#5651=AXIS2_PLACEMENT_3D('',#10584,#6502,#6503);
#5652=AXIS2_PLACEMENT_3D('',#10587,#6504,#6505);
#5653=AXIS2_PLACEMENT_3D('',#10589,#6506,#6507);
#5654=AXIS2_PLACEMENT_3D('',#10590,#6508,#6509);
#5655=AXIS2_PLACEMENT_3D('',#10591,#6510,#6511);
#5656=AXIS2_PLACEMENT_3D('',#10594,#6513,#6514);
#5657=AXIS2_PLACEMENT_3D('',#10596,#6516,#6517);
#5658=AXIS2_PLACEMENT_3D('',#10597,#6518,#6519);
#5659=AXIS2_PLACEMENT_3D('',#10598,#6520,#6521);
#5660=AXIS2_PLACEMENT_3D('',#10600,#6522,#6523);
#5661=AXIS2_PLACEMENT_3D('',#10601,#6524,#6525);
#5662=AXIS2_PLACEMENT_3D('',#10602,#6526,#6527);
#5663=AXIS2_PLACEMENT_3D('',#10606,#6529,#6530);
#5664=AXIS2_PLACEMENT_3D('',#10608,#6532,#6533);
#5665=AXIS2_PLACEMENT_3D('',#10610,#6534,#6535);
#5666=AXIS2_PLACEMENT_3D('',#10611,#6536,#6537);
#5667=AXIS2_PLACEMENT_3D('',#10612,#6538,#6539);
#5668=AXIS2_PLACEMENT_3D('',#10615,#6542,#6543);
#5669=AXIS2_PLACEMENT_3D('',#10616,#6544,#6545);
#5670=DIRECTION('axis',(0.,0.,1.));
#5671=DIRECTION('refdir',(1.,0.,0.));
#5672=DIRECTION('',(0.,1.,0.));
#5673=DIRECTION('',(0.,1.,0.));
#5674=DIRECTION('',(0.,1.,0.));
#5675=DIRECTION('',(0.,1.,0.));
#5676=DIRECTION('',(0.,1.,0.));
#5677=DIRECTION('',(0.,1.,0.));
#5678=DIRECTION('',(0.,1.,0.));
#5679=DIRECTION('',(0.,1.,0.));
#5680=DIRECTION('',(0.,1.,0.));
#5681=DIRECTION('',(0.,1.,0.));
#5682=DIRECTION('',(0.,1.,0.));
#5683=DIRECTION('',(0.,1.,0.));
#5684=DIRECTION('',(0.,1.,0.));
#5685=DIRECTION('center_axis',(0.,-1.,0.));
#5686=DIRECTION('ref_axis',(1.,0.,0.));
#5687=DIRECTION('',(0.,1.,0.));
#5688=DIRECTION('',(0.,1.,0.));
#5689=DIRECTION('',(0.,1.,0.));
#5690=DIRECTION('',(0.,1.,0.));
#5691=DIRECTION('',(0.,1.,0.));
#5692=DIRECTION('',(0.,1.,0.));
#5693=DIRECTION('',(0.,1.,0.));
#5694=DIRECTION('',(0.,1.,0.));
#5695=DIRECTION('',(0.,1.,0.));
#5696=DIRECTION('',(0.,1.,0.));
#5697=DIRECTION('',(0.,1.,0.));
#5698=DIRECTION('',(0.,1.,0.));
#5699=DIRECTION('',(0.,1.,0.));
#5700=DIRECTION('center_axis',(0.,-1.,0.));
#5701=DIRECTION('ref_axis',(1.,0.,0.));
#5702=DIRECTION('',(0.,1.,0.));
#5703=DIRECTION('',(0.,1.,0.));
#5704=DIRECTION('',(0.,1.,0.));
#5705=DIRECTION('',(0.,1.,0.));
#5706=DIRECTION('',(0.,1.,0.));
#5707=DIRECTION('',(0.,1.,0.));
#5708=DIRECTION('',(0.,1.,0.));
#5709=DIRECTION('',(0.,1.,0.));
#5710=DIRECTION('',(0.,1.,0.));
#5711=DIRECTION('',(0.,1.,0.));
#5712=DIRECTION('',(0.,1.,0.));
#5713=DIRECTION('',(0.,1.,0.));
#5714=DIRECTION('',(0.,1.,0.));
#5715=DIRECTION('center_axis',(0.,-1.,0.));
#5716=DIRECTION('ref_axis',(1.,0.,0.));
#5717=DIRECTION('',(0.,1.,0.));
#5718=DIRECTION('',(0.,1.,0.));
#5719=DIRECTION('',(0.,1.,0.));
#5720=DIRECTION('',(0.,1.,0.));
#5721=DIRECTION('center_axis',(0.,0.,1.));
#5722=DIRECTION('ref_axis',(1.,0.,0.));
#5723=DIRECTION('',(1.,0.,0.));
#5724=DIRECTION('',(1.,0.,0.));
#5725=DIRECTION('',(0.,1.,0.));
#5726=DIRECTION('',(0.,1.,0.));
#5727=DIRECTION('',(0.,1.,0.));
#5728=DIRECTION('',(0.,1.,0.));
#5729=DIRECTION('',(0.,1.,0.));
#5730=DIRECTION('',(0.,1.,0.));
#5731=DIRECTION('',(0.,1.,0.));
#5732=DIRECTION('',(0.,1.,0.));
#5733=DIRECTION('center_axis',(1.,0.,0.));
#5734=DIRECTION('ref_axis',(0.,0.,-1.));
#5735=DIRECTION('',(0.,0.,-1.));
#5736=DIRECTION('',(0.,1.,0.));
#5737=DIRECTION('',(0.,0.,-1.));
#5738=DIRECTION('',(0.,1.,0.));
#5739=DIRECTION('',(0.,1.,0.));
#5740=DIRECTION('center_axis',(0.,0.,-1.));
#5741=DIRECTION('ref_axis',(-1.,0.,0.));
#5742=DIRECTION('',(-1.,0.,0.));
#5743=DIRECTION('',(0.,1.,0.));
#5744=DIRECTION('',(-1.,0.,0.));
#5745=DIRECTION('center_axis',(1.,0.,0.));
#5746=DIRECTION('ref_axis',(0.,0.,-1.));
#5747=DIRECTION('',(0.,0.,-1.));
#5748=DIRECTION('',(0.,0.,-1.));
#5749=DIRECTION('center_axis',(0.,-1.,0.));
#5750=DIRECTION('ref_axis',(1.,0.,0.));
#5751=DIRECTION('',(0.,1.,0.));
#5752=DIRECTION('',(0.,1.,0.));
#5753=DIRECTION('',(0.,1.,0.));
#5754=DIRECTION('center_axis',(0.,0.,1.));
#5755=DIRECTION('ref_axis',(1.,0.,0.));
#5756=DIRECTION('',(1.,0.,0.));
#5757=DIRECTION('',(0.,1.,0.));
#5758=DIRECTION('',(1.,0.,0.));
#5759=DIRECTION('center_axis',(1.,0.,0.));
#5760=DIRECTION('ref_axis',(0.,0.,-1.));
#5761=DIRECTION('',(0.,0.,-1.));
#5762=DIRECTION('',(0.,1.,0.));
#5763=DIRECTION('',(0.,0.,-1.));
#5764=DIRECTION('center_axis',(0.,0.,-1.));
#5765=DIRECTION('ref_axis',(-1.,0.,0.));
#5766=DIRECTION('',(-1.,0.,0.));
#5767=DIRECTION('',(-1.,0.,0.));
#5768=DIRECTION('',(0.,1.,0.));
#5769=DIRECTION('',(0.,1.,0.));
#5770=DIRECTION('',(0.,1.,0.));
#5771=DIRECTION('',(0.,1.,0.));
#5772=DIRECTION('center_axis',(0.,0.,1.));
#5773=DIRECTION('ref_axis',(1.,0.,0.));
#5774=DIRECTION('',(1.,0.,0.));
#5775=DIRECTION('',(0.,1.,0.));
#5776=DIRECTION('',(1.,0.,0.));
#5777=DIRECTION('center_axis',(-1.,0.,0.));
#5778=DIRECTION('ref_axis',(0.,0.,1.));
#5779=DIRECTION('',(0.,0.,1.));
#5780=DIRECTION('',(0.,1.,0.));
#5781=DIRECTION('',(0.,0.,1.));
#5782=DIRECTION('center_axis',(0.,0.,-1.));
#5783=DIRECTION('ref_axis',(-1.,0.,0.));
#5784=DIRECTION('',(-1.,0.,0.));
#5785=DIRECTION('',(0.,1.,0.));
#5786=DIRECTION('',(-1.,0.,0.));
#5787=DIRECTION('center_axis',(1.,0.,0.));
#5788=DIRECTION('ref_axis',(0.,0.,-1.));
#5789=DIRECTION('',(0.,0.,-1.));
#5790=DIRECTION('',(0.,1.,0.));
#5791=DIRECTION('',(0.,0.,-1.));
#5792=DIRECTION('center_axis',(0.,0.,-1.));
#5793=DIRECTION('ref_axis',(-1.,0.,0.));
#5794=DIRECTION('',(-1.,0.,0.));
#5795=DIRECTION('',(-1.,0.,0.));
#5796=DIRECTION('center_axis',(0.,-1.,0.));
#5797=DIRECTION('ref_axis',(1.,0.,0.));
#5798=DIRECTION('',(0.,1.,0.));
#5799=DIRECTION('',(0.,1.,0.));
#5800=DIRECTION('',(0.,1.,0.));
#5801=DIRECTION('',(0.,1.,0.));
#5802=DIRECTION('',(0.,1.,0.));
#5803=DIRECTION('',(0.,1.,0.));
#5804=DIRECTION('',(0.,1.,0.));
#5805=DIRECTION('',(0.,1.,0.));
#5806=DIRECTION('center_axis',(1.,0.,0.));
#5807=DIRECTION('ref_axis',(0.,0.,-1.));
#5808=DIRECTION('',(0.,0.,-1.));
#5809=DIRECTION('',(0.,1.,0.));
#5810=DIRECTION('',(0.,0.,-1.));
#5811=DIRECTION('',(0.,1.,0.));
#5812=DIRECTION('',(0.,1.,0.));
#5813=DIRECTION('',(0.,1.,0.));
#5814=DIRECTION('',(0.,1.,0.));
#5815=DIRECTION('',(0.,1.,0.));
#5816=DIRECTION('',(0.,1.,0.));
#5817=DIRECTION('center_axis',(0.,0.,1.));
#5818=DIRECTION('ref_axis',(1.,0.,0.));
#5819=DIRECTION('',(1.,0.,0.));
#5820=DIRECTION('',(0.,1.,0.));
#5821=DIRECTION('',(1.,0.,0.));
#5822=DIRECTION('center_axis',(1.,0.,0.));
#5823=DIRECTION('ref_axis',(0.,0.,-1.));
#5824=DIRECTION('',(0.,0.,-1.));
#5825=DIRECTION('',(0.,1.,0.));
#5826=DIRECTION('',(0.,0.,-1.));
#5827=DIRECTION('center_axis',(0.,0.,1.));
#5828=DIRECTION('ref_axis',(1.,0.,0.));
#5829=DIRECTION('',(1.,0.,0.));
#5830=DIRECTION('',(0.,1.,0.));
#5831=DIRECTION('',(1.,0.,0.));
#5832=DIRECTION('center_axis',(-1.,0.,0.));
#5833=DIRECTION('ref_axis',(0.,0.,1.));
#5834=DIRECTION('',(0.,0.,1.));
#5835=DIRECTION('',(0.,1.,0.));
#5836=DIRECTION('',(0.,0.,1.));
#5837=DIRECTION('center_axis',(0.,0.,-1.));
#5838=DIRECTION('ref_axis',(-1.,0.,0.));
#5839=DIRECTION('',(-1.,0.,0.));
#5840=DIRECTION('',(0.,1.,0.));
#5841=DIRECTION('',(-1.,0.,0.));
#5842=DIRECTION('center_axis',(1.,0.,0.));
#5843=DIRECTION('ref_axis',(0.,0.,-1.));
#5844=DIRECTION('',(0.,0.,-1.));
#5845=DIRECTION('',(0.,1.,0.));
#5846=DIRECTION('',(0.,0.,-1.));
#5847=DIRECTION('center_axis',(0.,0.,-1.));
#5848=DIRECTION('ref_axis',(-1.,0.,0.));
#5849=DIRECTION('',(-1.,0.,0.));
#5850=DIRECTION('',(0.,1.,0.));
#5851=DIRECTION('',(-1.,0.,0.));
#5852=DIRECTION('center_axis',(0.,-1.,0.));
#5853=DIRECTION('ref_axis',(1.,0.,0.));
#5854=DIRECTION('center_axis',(0.,0.,1.));
#5855=DIRECTION('ref_axis',(1.,0.,0.));
#5856=DIRECTION('',(1.,0.,0.));
#5857=DIRECTION('',(0.,1.,0.));
#5858=DIRECTION('',(1.,0.,0.));
#5859=DIRECTION('',(0.,1.,0.));
#5860=DIRECTION('center_axis',(-1.,0.,0.));
#5861=DIRECTION('ref_axis',(0.,0.,1.));
#5862=DIRECTION('',(0.,0.,1.));
#5863=DIRECTION('',(0.,1.,0.));
#5864=DIRECTION('',(0.,0.,1.));
#5865=DIRECTION('center_axis',(0.,0.,-1.));
#5866=DIRECTION('ref_axis',(-1.,0.,0.));
#5867=DIRECTION('',(-1.,0.,0.));
#5868=DIRECTION('',(0.,1.,0.));
#5869=DIRECTION('',(-1.,0.,0.));
#5870=DIRECTION('center_axis',(1.,0.,0.));
#5871=DIRECTION('ref_axis',(0.,0.,-1.));
#5872=DIRECTION('',(0.,0.,-1.));
#5873=DIRECTION('',(0.,0.,-1.));
#5874=DIRECTION('center_axis',(0.,1.,0.));
#5875=DIRECTION('ref_axis',(0.,0.,1.));
#5876=DIRECTION('',(0.,1.,0.));
#5877=DIRECTION('',(0.,1.,0.));
#5878=DIRECTION('',(0.,1.,0.));
#5879=DIRECTION('',(0.,1.,0.));
#5880=DIRECTION('',(0.,1.,0.));
#5881=DIRECTION('',(0.,1.,0.));
#5882=DIRECTION('',(0.,1.,0.));
#5883=DIRECTION('',(0.,1.,0.));
#5884=DIRECTION('center_axis',(1.,0.,0.));
#5885=DIRECTION('ref_axis',(0.,0.,-1.));
#5886=DIRECTION('',(0.,0.,-1.));
#5887=DIRECTION('',(0.,1.,0.));
#5888=DIRECTION('',(0.,0.,-1.));
#5889=DIRECTION('',(0.,1.,0.));
#5890=DIRECTION('',(0.,1.,0.));
#5891=DIRECTION('',(0.,1.,0.));
#5892=DIRECTION('',(0.,1.,0.));
#5893=DIRECTION('',(0.,1.,0.));
#5894=DIRECTION('',(0.,1.,0.));
#5895=DIRECTION('center_axis',(0.,0.,1.));
#5896=DIRECTION('ref_axis',(1.,0.,0.));
#5897=DIRECTION('',(1.,0.,0.));
#5898=DIRECTION('',(0.,1.,0.));
#5899=DIRECTION('',(1.,0.,0.));
#5900=DIRECTION('center_axis',(1.,0.,0.));
#5901=DIRECTION('ref_axis',(0.,0.,-1.));
#5902=DIRECTION('',(0.,0.,-1.));
#5903=DIRECTION('',(0.,1.,0.));
#5904=DIRECTION('',(0.,0.,-1.));
#5905=DIRECTION('center_axis',(0.,0.,1.));
#5906=DIRECTION('ref_axis',(1.,0.,0.));
#5907=DIRECTION('',(1.,0.,0.));
#5908=DIRECTION('',(0.,1.,0.));
#5909=DIRECTION('',(1.,0.,0.));
#5910=DIRECTION('center_axis',(-1.,0.,0.));
#5911=DIRECTION('ref_axis',(0.,0.,1.));
#5912=DIRECTION('',(0.,0.,1.));
#5913=DIRECTION('',(0.,1.,0.));
#5914=DIRECTION('',(0.,0.,1.));
#5915=DIRECTION('center_axis',(0.,0.,-1.));
#5916=DIRECTION('ref_axis',(-1.,0.,0.));
#5917=DIRECTION('',(-1.,0.,0.));
#5918=DIRECTION('',(0.,1.,0.));
#5919=DIRECTION('',(-1.,0.,0.));
#5920=DIRECTION('center_axis',(1.,0.,0.));
#5921=DIRECTION('ref_axis',(0.,0.,-1.));
#5922=DIRECTION('',(0.,0.,-1.));
#5923=DIRECTION('',(0.,1.,0.));
#5924=DIRECTION('',(0.,0.,-1.));
#5925=DIRECTION('center_axis',(0.,0.,-1.));
#5926=DIRECTION('ref_axis',(-1.,0.,0.));
#5927=DIRECTION('',(-1.,0.,0.));
#5928=DIRECTION('',(0.,1.,0.));
#5929=DIRECTION('',(-1.,0.,0.));
#5930=DIRECTION('center_axis',(0.,-1.,0.));
#5931=DIRECTION('ref_axis',(1.,0.,0.));
#5932=DIRECTION('',(0.,1.,0.));
#5933=DIRECTION('',(0.,1.,0.));
#5934=DIRECTION('',(0.,1.,0.));
#5935=DIRECTION('',(0.,1.,0.));
#5936=DIRECTION('center_axis',(0.,0.,1.));
#5937=DIRECTION('ref_axis',(1.,0.,0.));
#5938=DIRECTION('',(1.,0.,0.));
#5939=DIRECTION('',(1.,0.,0.));
#5940=DIRECTION('',(0.,1.,0.));
#5941=DIRECTION('',(0.,1.,0.));
#5942=DIRECTION('',(0.,1.,0.));
#5943=DIRECTION('',(0.,1.,0.));
#5944=DIRECTION('',(0.,1.,0.));
#5945=DIRECTION('',(0.,1.,0.));
#5946=DIRECTION('',(0.,1.,0.));
#5947=DIRECTION('',(0.,1.,0.));
#5948=DIRECTION('center_axis',(1.,0.,0.));
#5949=DIRECTION('ref_axis',(0.,0.,-1.));
#5950=DIRECTION('',(0.,0.,-1.));
#5951=DIRECTION('',(0.,1.,0.));
#5952=DIRECTION('',(0.,0.,-1.));
#5953=DIRECTION('',(0.,1.,0.));
#5954=DIRECTION('',(0.,1.,0.));
#5955=DIRECTION('center_axis',(0.,0.,-1.));
#5956=DIRECTION('ref_axis',(-1.,0.,0.));
#5957=DIRECTION('',(-1.,0.,0.));
#5958=DIRECTION('',(0.,1.,0.));
#5959=DIRECTION('',(-1.,0.,0.));
#5960=DIRECTION('center_axis',(1.,0.,0.));
#5961=DIRECTION('ref_axis',(0.,0.,-1.));
#5962=DIRECTION('',(0.,0.,-1.));
#5963=DIRECTION('',(0.,0.,-1.));
#5964=DIRECTION('center_axis',(0.,-1.,0.));
#5965=DIRECTION('ref_axis',(1.,0.,0.));
#5966=DIRECTION('',(0.,1.,0.));
#5967=DIRECTION('',(0.,1.,0.));
#5968=DIRECTION('',(0.,1.,0.));
#5969=DIRECTION('',(0.,1.,0.));
#5970=DIRECTION('',(0.,1.,0.));
#5971=DIRECTION('',(0.,1.,0.));
#5972=DIRECTION('',(0.,1.,0.));
#5973=DIRECTION('',(0.,1.,0.));
#5974=DIRECTION('',(0.,1.,0.));
#5975=DIRECTION('',(0.,1.,0.));
#5976=DIRECTION('',(0.,1.,0.));
#5977=DIRECTION('',(0.,1.,0.));
#5978=DIRECTION('',(0.,1.,0.));
#5979=DIRECTION('center_axis',(0.,-1.,0.));
#5980=DIRECTION('ref_axis',(1.,0.,0.));
#5981=DIRECTION('',(0.,1.,0.));
#5982=DIRECTION('',(0.,1.,0.));
#5983=DIRECTION('',(0.,1.,0.));
#5984=DIRECTION('center_axis',(0.,0.,1.));
#5985=DIRECTION('ref_axis',(1.,0.,0.));
#5986=DIRECTION('',(1.,0.,0.));
#5987=DIRECTION('',(0.,1.,0.));
#5988=DIRECTION('',(1.,0.,0.));
#5989=DIRECTION('center_axis',(1.,0.,0.));
#5990=DIRECTION('ref_axis',(0.,0.,-1.));
#5991=DIRECTION('',(0.,0.,-1.));
#5992=DIRECTION('',(0.,1.,0.));
#5993=DIRECTION('',(0.,0.,-1.));
#5994=DIRECTION('center_axis',(0.,0.,1.));
#5995=DIRECTION('ref_axis',(1.,0.,0.));
#5996=DIRECTION('',(1.,0.,0.));
#5997=DIRECTION('',(0.,1.,0.));
#5998=DIRECTION('',(1.,0.,0.));
#5999=DIRECTION('center_axis',(-1.,0.,0.));
#6000=DIRECTION('ref_axis',(0.,0.,1.));
#6001=DIRECTION('',(0.,0.,1.));
#6002=DIRECTION('',(0.,1.,0.));
#6003=DIRECTION('',(0.,0.,1.));
#6004=DIRECTION('center_axis',(0.,0.,-1.));
#6005=DIRECTION('ref_axis',(-1.,0.,0.));
#6006=DIRECTION('',(-1.,0.,0.));
#6007=DIRECTION('',(0.,1.,0.));
#6008=DIRECTION('',(-1.,0.,0.));
#6009=DIRECTION('center_axis',(1.,0.,0.));
#6010=DIRECTION('ref_axis',(0.,0.,-1.));
#6011=DIRECTION('',(0.,0.,-1.));
#6012=DIRECTION('',(0.,1.,0.));
#6013=DIRECTION('',(0.,0.,-1.));
#6014=DIRECTION('',(0.,1.,0.));
#6015=DIRECTION('',(0.,1.,0.));
#6016=DIRECTION('',(0.,1.,0.));
#6017=DIRECTION('center_axis',(1.,0.,0.));
#6018=DIRECTION('ref_axis',(0.,0.,-1.));
#6019=DIRECTION('',(0.,0.,-1.));
#6020=DIRECTION('',(0.,0.,-1.));
#6021=DIRECTION('center_axis',(0.,-1.,0.));
#6022=DIRECTION('ref_axis',(1.,0.,0.));
#6023=DIRECTION('',(0.,1.,0.));
#6024=DIRECTION('',(0.,1.,0.));
#6025=DIRECTION('',(0.,1.,0.));
#6026=DIRECTION('',(0.,1.,0.));
#6027=DIRECTION('',(0.,1.,0.));
#6028=DIRECTION('',(0.,1.,0.));
#6029=DIRECTION('',(0.,1.,0.));
#6030=DIRECTION('',(0.,1.,0.));
#6031=DIRECTION('center_axis',(-1.,0.,0.));
#6032=DIRECTION('ref_axis',(0.,0.,1.));
#6033=DIRECTION('',(0.,0.,1.));
#6034=DIRECTION('',(0.,1.,0.));
#6035=DIRECTION('',(0.,0.,1.));
#6036=DIRECTION('center_axis',(0.,0.,1.));
#6037=DIRECTION('ref_axis',(1.,0.,0.));
#6038=DIRECTION('',(1.,0.,0.));
#6039=DIRECTION('',(0.,1.,0.));
#6040=DIRECTION('',(1.,0.,0.));
#6041=DIRECTION('',(0.,1.,0.));
#6042=DIRECTION('center_axis',(-1.,0.,0.));
#6043=DIRECTION('ref_axis',(0.,0.,1.));
#6044=DIRECTION('',(0.,0.,1.));
#6045=DIRECTION('',(0.,1.,0.));
#6046=DIRECTION('',(0.,0.,1.));
#6047=DIRECTION('center_axis',(0.,0.,1.));
#6048=DIRECTION('ref_axis',(1.,0.,0.));
#6049=DIRECTION('',(1.,0.,0.));
#6050=DIRECTION('',(0.,1.,0.));
#6051=DIRECTION('',(1.,0.,0.));
#6052=DIRECTION('',(0.,1.,0.));
#6053=DIRECTION('',(0.,1.,0.));
#6054=DIRECTION('',(0.,1.,0.));
#6055=DIRECTION('',(0.,1.,0.));
#6056=DIRECTION('',(0.,1.,0.));
#6057=DIRECTION('',(0.,1.,0.));
#6058=DIRECTION('center_axis',(0.,0.,-1.));
#6059=DIRECTION('ref_axis',(-1.,0.,0.));
#6060=DIRECTION('',(-1.,0.,0.));
#6061=DIRECTION('',(0.,1.,0.));
#6062=DIRECTION('',(-1.,0.,0.));
#6063=DIRECTION('center_axis',(-1.,0.,0.));
#6064=DIRECTION('ref_axis',(0.,0.,1.));
#6065=DIRECTION('',(0.,0.,1.));
#6066=DIRECTION('',(0.,1.,0.));
#6067=DIRECTION('',(0.,0.,1.));
#6068=DIRECTION('center_axis',(0.,0.,-1.));
#6069=DIRECTION('ref_axis',(-1.,0.,0.));
#6070=DIRECTION('',(-1.,0.,0.));
#6071=DIRECTION('',(0.,1.,0.));
#6072=DIRECTION('',(-1.,0.,0.));
#6073=DIRECTION('center_axis',(1.,0.,0.));
#6074=DIRECTION('ref_axis',(0.,0.,-1.));
#6075=DIRECTION('',(0.,0.,-1.));
#6076=DIRECTION('',(0.,0.,-1.));
#6077=DIRECTION('center_axis',(0.,-1.,0.));
#6078=DIRECTION('ref_axis',(1.,0.,0.));
#6079=DIRECTION('',(0.,1.,0.));
#6080=DIRECTION('',(0.,1.,0.));
#6081=DIRECTION('',(0.,1.,0.));
#6082=DIRECTION('',(0.,1.,0.));
#6083=DIRECTION('',(0.,1.,0.));
#6084=DIRECTION('',(0.,1.,0.));
#6085=DIRECTION('center_axis',(0.,0.,1.));
#6086=DIRECTION('ref_axis',(1.,0.,0.));
#6087=DIRECTION('',(1.,0.,0.));
#6088=DIRECTION('',(0.,1.,0.));
#6089=DIRECTION('',(1.,0.,0.));
#6090=DIRECTION('center_axis',(1.,0.,0.));
#6091=DIRECTION('ref_axis',(0.,0.,-1.));
#6092=DIRECTION('',(0.,0.,-1.));
#6093=DIRECTION('',(0.,1.,0.));
#6094=DIRECTION('',(0.,0.,-1.));
#6095=DIRECTION('center_axis',(0.,0.,1.));
#6096=DIRECTION('ref_axis',(1.,0.,0.));
#6097=DIRECTION('',(1.,0.,0.));
#6098=DIRECTION('',(0.,1.,0.));
#6099=DIRECTION('',(1.,0.,0.));
#6100=DIRECTION('center_axis',(-1.,0.,0.));
#6101=DIRECTION('ref_axis',(0.,0.,1.));
#6102=DIRECTION('',(0.,0.,1.));
#6103=DIRECTION('',(0.,1.,0.));
#6104=DIRECTION('',(0.,0.,1.));
#6105=DIRECTION('center_axis',(0.,0.,-1.));
#6106=DIRECTION('ref_axis',(-1.,0.,0.));
#6107=DIRECTION('',(-1.,0.,0.));
#6108=DIRECTION('',(0.,1.,0.));
#6109=DIRECTION('',(-1.,0.,0.));
#6110=DIRECTION('center_axis',(1.,0.,0.));
#6111=DIRECTION('ref_axis',(0.,0.,-1.));
#6112=DIRECTION('',(0.,0.,-1.));
#6113=DIRECTION('',(0.,1.,0.));
#6114=DIRECTION('',(0.,0.,-1.));
#6115=DIRECTION('',(0.,1.,0.));
#6116=DIRECTION('',(0.,1.,0.));
#6117=DIRECTION('',(0.,1.,0.));
#6118=DIRECTION('center_axis',(-1.,0.,0.));
#6119=DIRECTION('ref_axis',(0.,0.,1.));
#6120=DIRECTION('',(0.,0.,1.));
#6121=DIRECTION('',(0.,1.,0.));
#6122=DIRECTION('',(0.,0.,1.));
#6123=DIRECTION('center_axis',(0.,0.,-1.));
#6124=DIRECTION('ref_axis',(-1.,0.,0.));
#6125=DIRECTION('',(-1.,0.,0.));
#6126=DIRECTION('',(0.,1.,0.));
#6127=DIRECTION('',(-1.,0.,0.));
#6128=DIRECTION('center_axis',(1.,0.,0.));
#6129=DIRECTION('ref_axis',(0.,0.,-1.));
#6130=DIRECTION('',(0.,0.,-1.));
#6131=DIRECTION('',(0.,1.,0.));
#6132=DIRECTION('',(0.,0.,-1.));
#6133=DIRECTION('',(0.,1.,0.));
#6134=DIRECTION('',(0.,1.,0.));
#6135=DIRECTION('',(0.,1.,0.));
#6136=DIRECTION('center_axis',(-1.,0.,0.));
#6137=DIRECTION('ref_axis',(0.,0.,1.));
#6138=DIRECTION('',(0.,0.,1.));
#6139=DIRECTION('',(0.,1.,0.));
#6140=DIRECTION('',(0.,0.,1.));
#6141=DIRECTION('center_axis',(0.,0.,-1.));
#6142=DIRECTION('ref_axis',(-1.,0.,0.));
#6143=DIRECTION('',(-1.,0.,0.));
#6144=DIRECTION('',(0.,1.,0.));
#6145=DIRECTION('',(-1.,0.,0.));
#6146=DIRECTION('center_axis',(1.,0.,0.));
#6147=DIRECTION('ref_axis',(0.,0.,-1.));
#6148=DIRECTION('',(0.,0.,-1.));
#6149=DIRECTION('',(0.,0.,-1.));
#6150=DIRECTION('center_axis',(0.,-1.,0.));
#6151=DIRECTION('ref_axis',(1.,0.,0.));
#6152=DIRECTION('',(0.,1.,0.));
#6153=DIRECTION('',(0.,1.,0.));
#6154=DIRECTION('',(0.,1.,0.));
#6155=DIRECTION('center_axis',(0.,0.,1.));
#6156=DIRECTION('ref_axis',(1.,0.,0.));
#6157=DIRECTION('',(1.,0.,0.));
#6158=DIRECTION('',(0.,1.,0.));
#6159=DIRECTION('',(1.,0.,0.));
#6160=DIRECTION('center_axis',(1.,0.,0.));
#6161=DIRECTION('ref_axis',(0.,0.,-1.));
#6162=DIRECTION('',(0.,0.,-1.));
#6163=DIRECTION('',(0.,1.,0.));
#6164=DIRECTION('',(0.,0.,-1.));
#6165=DIRECTION('center_axis',(0.,0.,-1.));
#6166=DIRECTION('ref_axis',(-1.,0.,0.));
#6167=DIRECTION('',(-1.,0.,0.));
#6168=DIRECTION('',(-1.,0.,0.));
#6169=DIRECTION('',(0.,1.,0.));
#6170=DIRECTION('',(0.,1.,0.));
#6171=DIRECTION('',(0.,1.,0.));
#6172=DIRECTION('',(0.,1.,0.));
#6173=DIRECTION('center_axis',(0.,0.,1.));
#6174=DIRECTION('ref_axis',(1.,0.,0.));
#6175=DIRECTION('',(1.,0.,0.));
#6176=DIRECTION('',(0.,1.,0.));
#6177=DIRECTION('',(1.,0.,0.));
#6178=DIRECTION('center_axis',(-1.,0.,0.));
#6179=DIRECTION('ref_axis',(0.,0.,1.));
#6180=DIRECTION('',(0.,0.,1.));
#6181=DIRECTION('',(0.,1.,0.));
#6182=DIRECTION('',(0.,0.,1.));
#6183=DIRECTION('center_axis',(0.,0.,-1.));
#6184=DIRECTION('ref_axis',(-1.,0.,0.));
#6185=DIRECTION('',(-1.,0.,0.));
#6186=DIRECTION('',(0.,1.,0.));
#6187=DIRECTION('',(-1.,0.,0.));
#6188=DIRECTION('center_axis',(1.,0.,0.));
#6189=DIRECTION('ref_axis',(0.,0.,-1.));
#6190=DIRECTION('',(0.,0.,-1.));
#6191=DIRECTION('',(0.,1.,0.));
#6192=DIRECTION('',(0.,0.,-1.));
#6193=DIRECTION('center_axis',(0.,0.,-1.));
#6194=DIRECTION('ref_axis',(-1.,0.,0.));
#6195=DIRECTION('',(-1.,0.,0.));
#6196=DIRECTION('',(-1.,0.,0.));
#6197=DIRECTION('center_axis',(0.,-1.,0.));
#6198=DIRECTION('ref_axis',(1.,0.,0.));
#6199=DIRECTION('center_axis',(0.,1.,0.));
#6200=DIRECTION('ref_axis',(1.,0.,0.));
#6201=DIRECTION('',(-1.,0.,0.));
#6202=DIRECTION('',(-1.47641732041261E-16,0.,-1.));
#6203=DIRECTION('',(1.,0.,0.));
#6204=DIRECTION('',(1.47641732041261E-16,0.,1.));
#6205=DIRECTION('center_axis',(0.,1.,0.));
#6206=DIRECTION('ref_axis',(1.,0.,0.));
#6207=DIRECTION('center_axis',(0.,1.,0.));
#6208=DIRECTION('ref_axis',(1.,0.,0.));
#6209=DIRECTION('center_axis',(0.,1.,0.));
#6210=DIRECTION('ref_axis',(1.,0.,0.));
#6211=DIRECTION('center_axis',(0.,1.,0.));
#6212=DIRECTION('ref_axis',(1.,0.,0.));
#6213=DIRECTION('center_axis',(0.,1.,0.));
#6214=DIRECTION('ref_axis',(1.,0.,0.));
#6215=DIRECTION('center_axis',(0.,1.,0.));
#6216=DIRECTION('ref_axis',(1.,0.,0.));
#6217=DIRECTION('center_axis',(0.,1.,0.));
#6218=DIRECTION('ref_axis',(1.,0.,0.));
#6219=DIRECTION('center_axis',(0.,1.,0.));
#6220=DIRECTION('ref_axis',(1.,0.,0.));
#6221=DIRECTION('center_axis',(0.,1.,0.));
#6222=DIRECTION('ref_axis',(1.,0.,0.));
#6223=DIRECTION('center_axis',(0.,1.,0.));
#6224=DIRECTION('ref_axis',(1.,0.,0.));
#6225=DIRECTION('center_axis',(0.,-1.,0.));
#6226=DIRECTION('ref_axis',(0.,0.,-1.));
#6227=DIRECTION('',(1.47641732041261E-16,0.,1.));
#6228=DIRECTION('',(1.,0.,0.));
#6229=DIRECTION('',(0.,0.,-1.));
#6230=DIRECTION('',(-1.,0.,0.));
#6231=DIRECTION('center_axis',(0.,0.,-1.));
#6232=DIRECTION('ref_axis',(1.,0.,0.));
#6233=DIRECTION('center_axis',(0.,0.,1.));
#6234=DIRECTION('ref_axis',(-0.707106781186547,0.707106781186548,0.));
#6235=DIRECTION('',(1.,0.,0.));
#6236=DIRECTION('',(0.,-1.,0.));
#6237=DIRECTION('center_axis',(-1.,0.,0.));
#6238=DIRECTION('ref_axis',(0.,0.,-1.));
#6239=DIRECTION('',(0.,0.,-1.));
#6240=DIRECTION('',(0.,1.,0.));
#6241=DIRECTION('center_axis',(1.47641732041261E-16,0.,1.));
#6242=DIRECTION('ref_axis',(-0.707106781186547,0.707106781186548,0.));
#6243=DIRECTION('center_axis',(0.,0.,1.));
#6244=DIRECTION('ref_axis',(-0.707106781186547,0.707106781186548,0.));
#6245=DIRECTION('',(1.47641732041261E-16,0.,1.));
#6246=DIRECTION('center_axis',(-1.47641732041261E-16,0.,-1.));
#6247=DIRECTION('ref_axis',(-0.707106781186547,0.707106781186547,0.));
#6248=DIRECTION('',(-1.47641732041261E-16,0.,-1.));
#6249=DIRECTION('center_axis',(0.,0.,-1.));
#6250=DIRECTION('ref_axis',(1.,0.,0.));
#6251=DIRECTION('',(1.,0.,0.));
#6252=DIRECTION('center_axis',(0.,0.,-1.));
#6253=DIRECTION('ref_axis',(-0.707106781186547,0.707106781186548,0.));
#6254=DIRECTION('',(1.,0.,0.));
#6255=DIRECTION('center_axis',(0.,0.,1.));
#6256=DIRECTION('ref_axis',(-1.,0.,0.));
#6257=DIRECTION('center_axis',(0.,0.,-1.));
#6258=DIRECTION('ref_axis',(-0.707106781186547,0.707106781186548,0.));
#6259=DIRECTION('',(-1.,0.,0.));
#6260=DIRECTION('center_axis',(0.,0.,1.));
#6261=DIRECTION('ref_axis',(-0.707106781186547,0.707106781186548,0.));
#6262=DIRECTION('',(-1.,0.,0.));
#6263=DIRECTION('center_axis',(1.47641732041261E-16,0.,1.));
#6264=DIRECTION('ref_axis',(-0.707106781186547,0.707106781186548,0.));
#6265=DIRECTION('',(-1.47641732041261E-16,0.,-1.));
#6266=DIRECTION('center_axis',(1.47641732041261E-16,0.,1.));
#6267=DIRECTION('ref_axis',(-0.707106781186547,0.707106781186547,0.));
#6268=DIRECTION('',(1.47641732041261E-16,0.,1.));
#6269=DIRECTION('center_axis',(0.,1.,0.));
#6270=DIRECTION('ref_axis',(1.,0.,0.));
#6271=DIRECTION('',(-1.,0.,0.));
#6272=DIRECTION('',(-1.47641732041261E-16,0.,-1.));
#6273=DIRECTION('',(1.,0.,0.));
#6274=DIRECTION('',(-1.47641732041261E-16,0.,-1.));
#6275=DIRECTION('center_axis',(-1.47641732041261E-16,0.,-1.));
#6276=DIRECTION('ref_axis',(0.707106781186547,0.707106781186548,0.));
#6277=DIRECTION('center_axis',(-1.47641732041261E-16,0.,-1.));
#6278=DIRECTION('ref_axis',(0.707106781186547,0.707106781186548,0.));
#6279=DIRECTION('center_axis',(1.47641732041261E-16,0.,1.));
#6280=DIRECTION('ref_axis',(0.707106781186547,0.707106781186548,0.));
#6281=DIRECTION('',(1.47641732041261E-16,0.,1.));
#6282=DIRECTION('center_axis',(0.,1.,0.));
#6283=DIRECTION('ref_axis',(0.,0.,-1.));
#6284=DIRECTION('center_axis',(1.,0.,0.));
#6285=DIRECTION('ref_axis',(0.,0.707106781186547,0.707106781186548));
#6286=DIRECTION('center_axis',(1.,0.,0.));
#6287=DIRECTION('ref_axis',(0.,0.707106781186547,0.707106781186548));
#6288=DIRECTION('center_axis',(-1.,0.,0.));
#6289=DIRECTION('ref_axis',(0.,0.707106781186547,0.707106781186548));
#6290=DIRECTION('',(-1.,0.,0.));
#6291=DIRECTION('center_axis',(0.,1.,0.));
#6292=DIRECTION('ref_axis',(0.,0.,-1.));
#6293=DIRECTION('center_axis',(0.,1.,0.));
#6294=DIRECTION('ref_axis',(0.,0.,-1.));
#6295=DIRECTION('center_axis',(-1.,0.,0.));
#6296=DIRECTION('ref_axis',(0.,0.707106781186547,-0.707106781186548));
#6297=DIRECTION('center_axis',(-1.,0.,0.));
#6298=DIRECTION('ref_axis',(0.,0.707106781186547,-0.707106781186548));
#6299=DIRECTION('center_axis',(1.,0.,0.));
#6300=DIRECTION('ref_axis',(0.,0.707106781186547,-0.707106781186548));
#6301=DIRECTION('',(1.,0.,0.));
#6302=DIRECTION('center_axis',(0.,1.,0.));
#6303=DIRECTION('ref_axis',(0.,0.,-1.));
#6304=DIRECTION('center_axis',(1.47641732041261E-16,0.,1.));
#6305=DIRECTION('ref_axis',(-0.707106781186547,0.707106781186548,0.));
#6306=DIRECTION('',(1.47641732041261E-16,0.,1.));
#6307=DIRECTION('center_axis',(-1.47641732041261E-16,0.,-1.));
#6308=DIRECTION('ref_axis',(-0.707106781186548,0.707106781186548,0.));
#6309=DIRECTION('center_axis',(1.47641732041261E-16,0.,1.));
#6310=DIRECTION('ref_axis',(-0.707106781186548,0.707106781186548,0.));
#6311=DIRECTION('',(1.47641732041261E-16,0.,1.));
#6312=DIRECTION('center_axis',(0.,1.,0.));
#6313=DIRECTION('ref_axis',(1.,0.,0.));
#6314=DIRECTION('center_axis',(0.,1.,0.));
#6315=DIRECTION('ref_axis',(0.,0.,-1.));
#6316=DIRECTION('center_axis',(0.,1.,0.));
#6317=DIRECTION('ref_axis',(0.,0.,-1.));
#6318=DIRECTION('center_axis',(-1.,0.,0.));
#6319=DIRECTION('ref_axis',(0.,0.707106781186547,-0.707106781186548));
#6320=DIRECTION('center_axis',(-1.,0.,0.));
#6321=DIRECTION('ref_axis',(0.,0.707106781186547,-0.707106781186548));
#6322=DIRECTION('',(-1.,0.,0.));
#6323=DIRECTION('center_axis',(1.,0.,0.));
#6324=DIRECTION('ref_axis',(0.,0.707106781186547,-0.707106781186548));
#6325=DIRECTION('center_axis',(0.,1.,0.));
#6326=DIRECTION('ref_axis',(0.,0.,-1.));
#6327=DIRECTION('center_axis',(0.,1.,0.));
#6328=DIRECTION('ref_axis',(0.,0.,-1.));
#6329=DIRECTION('center_axis',(-1.47641732041261E-16,0.,-1.));
#6330=DIRECTION('ref_axis',(0.707106781186547,0.707106781186548,0.));
#6331=DIRECTION('center_axis',(0.,1.,0.));
#6332=DIRECTION('ref_axis',(0.,0.,-1.));
#6333=DIRECTION('center_axis',(0.,1.,0.));
#6334=DIRECTION('ref_axis',(0.,0.,-1.));
#6335=DIRECTION('center_axis',(-1.,0.,0.));
#6336=DIRECTION('ref_axis',(0.,0.707106781186547,0.707106781186548));
#6337=DIRECTION('center_axis',(1.,0.,0.));
#6338=DIRECTION('ref_axis',(0.,0.707106781186547,0.707106781186548));
#6339=DIRECTION('',(1.,0.,0.));
#6340=DIRECTION('center_axis',(1.,0.,0.));
#6341=DIRECTION('ref_axis',(0.,0.707106781186547,0.707106781186548));
#6342=DIRECTION('center_axis',(0.,1.,0.));
#6343=DIRECTION('ref_axis',(0.,0.,-1.));
#6344=DIRECTION('center_axis',(0.,1.,0.));
#6345=DIRECTION('ref_axis',(0.,0.,-1.));
#6346=DIRECTION('center_axis',(1.47641732041261E-16,0.,1.));
#6347=DIRECTION('ref_axis',(0.707106781186547,0.707106781186548,0.));
#6348=DIRECTION('center_axis',(-1.47641732041261E-16,0.,-1.));
#6349=DIRECTION('ref_axis',(0.707106781186547,0.707106781186548,0.));
#6350=DIRECTION('',(-1.47641732041261E-16,0.,-1.));
#6351=DIRECTION('center_axis',(0.,1.,0.));
#6352=DIRECTION('ref_axis',(0.,0.,1.));
#6353=DIRECTION('center_axis',(0.,0.,1.));
#6354=DIRECTION('ref_axis',(-1.,0.,0.));
#6355=DIRECTION('',(1.,0.,0.));
#6356=DIRECTION('',(0.,-1.,0.));
#6357=DIRECTION('',(-1.,0.,0.));
#6358=DIRECTION('',(0.,-1.,0.));
#6359=DIRECTION('center_axis',(0.,-1.,0.));
#6360=DIRECTION('ref_axis',(0.,0.,1.));
#6361=DIRECTION('center_axis',(0.,1.,0.));
#6362=DIRECTION('ref_axis',(0.,0.,1.));
#6363=DIRECTION('center_axis',(0.,-1.,0.));
#6364=DIRECTION('ref_axis',(0.,0.,1.));
#6365=DIRECTION('',(0.,-1.,0.));
#6366=DIRECTION('center_axis',(1.,0.,0.));
#6367=DIRECTION('ref_axis',(0.,0.,1.));
#6368=DIRECTION('',(0.,0.,-1.));
#6369=DIRECTION('',(0.,0.,1.));
#6370=DIRECTION('',(0.,-1.,0.));
#6371=DIRECTION('center_axis',(0.,-1.,0.));
#6372=DIRECTION('ref_axis',(1.,0.,0.));
#6373=DIRECTION('center_axis',(0.,1.,0.));
#6374=DIRECTION('ref_axis',(1.,0.,0.));
#6375=DIRECTION('center_axis',(0.,-1.,0.));
#6376=DIRECTION('ref_axis',(1.,0.,0.));
#6377=DIRECTION('',(0.,-1.,0.));
#6378=DIRECTION('center_axis',(6.83214169000102E-16,0.,-1.));
#6379=DIRECTION('ref_axis',(1.,0.,6.83214169000102E-16));
#6380=DIRECTION('',(-1.,0.,-6.83214169000102E-16));
#6381=DIRECTION('',(1.,0.,6.83214169000102E-16));
#6382=DIRECTION('',(0.,-1.,0.));
#6383=DIRECTION('center_axis',(0.,-1.,0.));
#6384=DIRECTION('ref_axis',(0.,0.,-1.));
#6385=DIRECTION('center_axis',(0.,1.,0.));
#6386=DIRECTION('ref_axis',(0.,0.,-1.));
#6387=DIRECTION('center_axis',(0.,-1.,0.));
#6388=DIRECTION('ref_axis',(0.,0.,-1.));
#6389=DIRECTION('',(0.,-1.,0.));
#6390=DIRECTION('center_axis',(-1.,0.,0.));
#6391=DIRECTION('ref_axis',(0.,0.,-1.));
#6392=DIRECTION('',(0.,0.,1.));
#6393=DIRECTION('',(0.,0.,-1.));
#6394=DIRECTION('',(0.,-1.,0.));
#6395=DIRECTION('center_axis',(0.,-1.,0.));
#6396=DIRECTION('ref_axis',(-1.,0.,0.));
#6397=DIRECTION('center_axis',(0.,1.,0.));
#6398=DIRECTION('ref_axis',(-1.,0.,0.));
#6399=DIRECTION('center_axis',(0.,-1.,0.));
#6400=DIRECTION('ref_axis',(-1.,0.,0.));
#6401=DIRECTION('center_axis',(0.,0.,-1.));
#6402=DIRECTION('ref_axis',(1.,0.,0.));
#6403=DIRECTION('',(-1.,0.,0.));
#6404=DIRECTION('',(0.,-1.,0.));
#6405=DIRECTION('',(1.,0.,0.));
#6406=DIRECTION('',(0.,-1.,0.));
#6407=DIRECTION('center_axis',(-1.,0.,0.));
#6408=DIRECTION('ref_axis',(0.,0.,-1.));
#6409=DIRECTION('',(0.,0.,1.));
#6410=DIRECTION('',(0.,0.,-1.));
#6411=DIRECTION('',(0.,-1.,0.));
#6412=DIRECTION('center_axis',(0.,0.,1.));
#6413=DIRECTION('ref_axis',(-1.,0.,0.));
#6414=DIRECTION('',(1.,0.,0.));
#6415=DIRECTION('',(-1.,0.,0.));
#6416=DIRECTION('',(0.,-1.,0.));
#6417=DIRECTION('center_axis',(1.,0.,0.));
#6418=DIRECTION('ref_axis',(0.,0.,1.));
#6419=DIRECTION('',(0.,0.,-1.));
#6420=DIRECTION('',(0.,0.,1.));
#6421=DIRECTION('center_axis',(0.,0.,1.));
#6422=DIRECTION('ref_axis',(-1.,0.,0.));
#6423=DIRECTION('',(1.,0.,0.));
#6424=DIRECTION('',(0.,-1.,0.));
#6425=DIRECTION('',(-1.,0.,0.));
#6426=DIRECTION('',(0.,-1.,0.));
#6427=DIRECTION('center_axis',(0.,-1.,0.));
#6428=DIRECTION('ref_axis',(0.,0.,1.));
#6429=DIRECTION('center_axis',(0.,1.,0.));
#6430=DIRECTION('ref_axis',(0.,0.,1.));
#6431=DIRECTION('center_axis',(0.,-1.,0.));
#6432=DIRECTION('ref_axis',(0.,0.,1.));
#6433=DIRECTION('',(0.,-1.,0.));
#6434=DIRECTION('center_axis',(1.,0.,0.));
#6435=DIRECTION('ref_axis',(0.,0.,1.));
#6436=DIRECTION('',(0.,0.,-1.));
#6437=DIRECTION('',(0.,0.,1.));
#6438=DIRECTION('',(0.,-1.,0.));
#6439=DIRECTION('center_axis',(0.,-1.,0.));
#6440=DIRECTION('ref_axis',(1.,0.,0.));
#6441=DIRECTION('center_axis',(0.,1.,0.));
#6442=DIRECTION('ref_axis',(1.,0.,0.));
#6443=DIRECTION('center_axis',(0.,-1.,0.));
#6444=DIRECTION('ref_axis',(1.,0.,0.));
#6445=DIRECTION('',(0.,-1.,0.));
#6446=DIRECTION('center_axis',(-6.83214169000102E-16,0.,-1.));
#6447=DIRECTION('ref_axis',(1.,0.,-6.83214169000102E-16));
#6448=DIRECTION('',(-1.,0.,6.83214169000102E-16));
#6449=DIRECTION('',(1.,0.,-6.83214169000102E-16));
#6450=DIRECTION('',(0.,-1.,0.));
#6451=DIRECTION('center_axis',(0.,-1.,0.));
#6452=DIRECTION('ref_axis',(0.,0.,-1.));
#6453=DIRECTION('center_axis',(0.,1.,0.));
#6454=DIRECTION('ref_axis',(0.,0.,-1.));
#6455=DIRECTION('center_axis',(0.,-1.,0.));
#6456=DIRECTION('ref_axis',(0.,0.,-1.));
#6457=DIRECTION('',(0.,-1.,0.));
#6458=DIRECTION('center_axis',(-1.,0.,1.36642833800021E-15));
#6459=DIRECTION('ref_axis',(-1.36642833800021E-15,0.,-1.));
#6460=DIRECTION('',(1.36642833800021E-15,0.,1.));
#6461=DIRECTION('',(-1.36642833800021E-15,0.,-1.));
#6462=DIRECTION('',(0.,-1.,0.));
#6463=DIRECTION('center_axis',(0.,-1.,0.));
#6464=DIRECTION('ref_axis',(-1.,0.,0.));
#6465=DIRECTION('center_axis',(0.,1.,0.));
#6466=DIRECTION('ref_axis',(-1.,0.,0.));
#6467=DIRECTION('center_axis',(0.,-1.,0.));
#6468=DIRECTION('ref_axis',(-1.,0.,0.));
#6469=DIRECTION('center_axis',(0.,0.,1.));
#6470=DIRECTION('ref_axis',(-1.,0.,0.));
#6471=DIRECTION('',(1.,0.,0.));
#6472=DIRECTION('',(0.,-1.,0.));
#6473=DIRECTION('center_axis',(0.,0.,1.));
#6474=DIRECTION('ref_axis',(-0.707106781186547,0.707106781186548,0.));
#6475=DIRECTION('',(-1.,0.,0.));
#6476=DIRECTION('',(0.,-1.,0.));
#6477=DIRECTION('center_axis',(-1.,0.,0.));
#6478=DIRECTION('ref_axis',(0.,0.,-1.));
#6479=DIRECTION('',(0.,0.,1.));
#6480=DIRECTION('',(0.,-1.,0.));
#6481=DIRECTION('',(-1.47641732041261E-16,0.,-1.));
#6482=DIRECTION('center_axis',(1.,0.,0.));
#6483=DIRECTION('ref_axis',(0.,0.,1.));
#6484=DIRECTION('',(0.,0.,-1.));
#6485=DIRECTION('',(0.,0.,1.));
#6486=DIRECTION('',(0.,-1.,0.));
#6487=DIRECTION('center_axis',(0.,0.,-1.));
#6488=DIRECTION('ref_axis',(1.,0.,0.));
#6489=DIRECTION('',(-1.,0.,0.));
#6490=DIRECTION('',(1.,0.,0.));
#6491=DIRECTION('center_axis',(0.,0.,-1.));
#6492=DIRECTION('ref_axis',(-0.707106781186547,0.707106781186548,0.));
#6493=DIRECTION('center_axis',(1.47641732041261E-16,0.,1.));
#6494=DIRECTION('ref_axis',(-0.707106781186547,0.707106781186548,0.));
#6495=DIRECTION('',(-1.47641732041261E-16,0.,-1.));
#6496=DIRECTION('center_axis',(-1.47641732041261E-16,0.,-1.));
#6497=DIRECTION('ref_axis',(-0.707106781186548,0.707106781186548,0.));
#6498=DIRECTION('',(1.47641732041261E-16,0.,1.));
#6499=DIRECTION('center_axis',(1.47641732041261E-16,0.,1.));
#6500=DIRECTION('ref_axis',(-0.707106781186548,0.707106781186548,0.));
#6501=DIRECTION('',(-1.47641732041261E-16,0.,-1.));
#6502=DIRECTION('center_axis',(0.,1.,0.));
#6503=DIRECTION('ref_axis',(0.,0.,-1.));
#6504=DIRECTION('center_axis',(0.,1.,0.));
#6505=DIRECTION('ref_axis',(0.,0.,-1.));
#6506=DIRECTION('center_axis',(1.,0.,0.));
#6507=DIRECTION('ref_axis',(0.,0.707106781186547,-0.707106781186548));
#6508=DIRECTION('center_axis',(-1.47641732041261E-16,0.,-1.));
#6509=DIRECTION('ref_axis',(0.707106781186547,0.707106781186548,0.));
#6510=DIRECTION('center_axis',(-1.,0.,0.));
#6511=DIRECTION('ref_axis',(0.,0.707106781186547,-0.707106781186548));
#6512=DIRECTION('',(-1.,0.,0.));
#6513=DIRECTION('center_axis',(-1.,0.,0.));
#6514=DIRECTION('ref_axis',(0.,0.707106781186547,-0.707106781186548));
#6515=DIRECTION('',(1.,0.,0.));
#6516=DIRECTION('center_axis',(0.,1.,0.));
#6517=DIRECTION('ref_axis',(0.,0.,-1.));
#6518=DIRECTION('center_axis',(0.,1.,0.));
#6519=DIRECTION('ref_axis',(0.,0.,-1.));
#6520=DIRECTION('center_axis',(0.,1.,0.));
#6521=DIRECTION('ref_axis',(0.,0.,-1.));
#6522=DIRECTION('center_axis',(0.,1.,0.));
#6523=DIRECTION('ref_axis',(0.,0.,-1.));
#6524=DIRECTION('center_axis',(-1.,0.,0.));
#6525=DIRECTION('ref_axis',(0.,0.707106781186547,0.707106781186548));
#6526=DIRECTION('center_axis',(1.,0.,0.));
#6527=DIRECTION('ref_axis',(0.,0.707106781186547,0.707106781186548));
#6528=DIRECTION('',(1.,0.,0.));
#6529=DIRECTION('center_axis',(1.,0.,0.));
#6530=DIRECTION('ref_axis',(0.,0.707106781186547,0.707106781186548));
#6531=DIRECTION('',(-1.,0.,0.));
#6532=DIRECTION('center_axis',(0.,1.,0.));
#6533=DIRECTION('ref_axis',(0.,0.,-1.));
#6534=DIRECTION('center_axis',(0.,1.,0.));
#6535=DIRECTION('ref_axis',(0.,0.,-1.));
#6536=DIRECTION('center_axis',(1.47641732041261E-16,0.,1.));
#6537=DIRECTION('ref_axis',(0.707106781186547,0.707106781186548,0.));
#6538=DIRECTION('center_axis',(-1.47641732041261E-16,0.,-1.));
#6539=DIRECTION('ref_axis',(0.707106781186547,0.707106781186548,0.));
#6540=DIRECTION('',(-1.47641732041261E-16,0.,-1.));
#6541=DIRECTION('',(1.47641732041261E-16,0.,1.));
#6542=DIRECTION('center_axis',(0.,1.,0.));
#6543=DIRECTION('ref_axis',(0.,0.,1.));
#6544=DIRECTION('center_axis',(0.,1.,0.));
#6545=DIRECTION('ref_axis',(0.,0.,1.));
#6546=CARTESIAN_POINT('',(0.,0.,0.));
#6547=CARTESIAN_POINT('Ctrl Pts',(8.48117180168629,0.,89.4539761543274));
#6548=CARTESIAN_POINT('Ctrl Pts',(8.48117180168629,0.2,89.4539761543274));
#6549=CARTESIAN_POINT('Ctrl Pts',(8.61922242499661,0.,89.4905731303131));
#6550=CARTESIAN_POINT('Ctrl Pts',(8.61922242499661,0.2,89.4905731303131));
#6551=CARTESIAN_POINT('Ctrl Pts',(8.93080089897589,0.,89.5731720324872));
#6552=CARTESIAN_POINT('Ctrl Pts',(8.93080089897589,0.2,89.5731720324872));
#6553=CARTESIAN_POINT('Ctrl Pts',(8.94702906471801,0.,89.9037552109394));
#6554=CARTESIAN_POINT('Ctrl Pts',(8.94702906471801,0.2,89.9037552109394));
#6555=CARTESIAN_POINT('Ctrl Pts',(8.95606704056263,0.,90.0878673791885));
#6556=CARTESIAN_POINT('Ctrl Pts',(8.95606704056263,0.2,90.0878673791885));
#6557=CARTESIAN_POINT('',(8.48117180168629,0.,89.4539761543274));
#6558=CARTESIAN_POINT('',(8.95606704056263,0.,90.0878673791885));
#6559=CARTESIAN_POINT('Ctrl Pts',(8.48117180168629,0.,89.4539761543274));
#6560=CARTESIAN_POINT('Ctrl Pts',(8.61922242499661,0.,89.4905731303131));
#6561=CARTESIAN_POINT('Ctrl Pts',(8.93080089897589,0.,89.5731720324872));
#6562=CARTESIAN_POINT('Ctrl Pts',(8.94702906471801,0.,89.9037552109394));
#6563=CARTESIAN_POINT('Ctrl Pts',(8.95606704056263,0.,90.0878673791885));
#6564=CARTESIAN_POINT('',(8.48117180168629,0.2,89.4539761543274));
#6565=CARTESIAN_POINT('',(8.48117180168629,0.,89.4539761543274));
#6566=CARTESIAN_POINT('',(8.95606704056263,0.2,90.0878673791885));
#6567=CARTESIAN_POINT('Ctrl Pts',(8.48117180168629,0.2,89.4539761543274));
#6568=CARTESIAN_POINT('Ctrl Pts',(8.61922242499661,0.2,89.4905731303131));
#6569=CARTESIAN_POINT('Ctrl Pts',(8.93080089897589,0.2,89.5731720324872));
#6570=CARTESIAN_POINT('Ctrl Pts',(8.94702906471801,0.2,89.9037552109394));
#6571=CARTESIAN_POINT('Ctrl Pts',(8.95606704056263,0.2,90.0878673791885));
#6572=CARTESIAN_POINT('',(8.95606704056263,0.,90.0878673791885));
#6573=CARTESIAN_POINT('Ctrl Pts',(7.98326380550861,0.,90.0711309909821));
#6574=CARTESIAN_POINT('Ctrl Pts',(7.98326380550861,0.2,90.0711309909821));
#6575=CARTESIAN_POINT('Ctrl Pts',(7.99595198641463,0.,89.8915355993493));
#6576=CARTESIAN_POINT('Ctrl Pts',(7.99595198641463,0.2,89.8915355993493));
#6577=CARTESIAN_POINT('Ctrl Pts',(8.01933602139901,0.,89.5605452901725));
#6578=CARTESIAN_POINT('Ctrl Pts',(8.01933602139901,0.2,89.5605452901725));
#6579=CARTESIAN_POINT('Ctrl Pts',(8.33622625608826,0.,89.4874225051696));
#6580=CARTESIAN_POINT('Ctrl Pts',(8.33622625608826,0.2,89.4874225051696));
#6581=CARTESIAN_POINT('Ctrl Pts',(8.48117180168629,0.,89.4539761543274));
#6582=CARTESIAN_POINT('Ctrl Pts',(8.48117180168629,0.2,89.4539761543274));
#6583=CARTESIAN_POINT('',(7.98326380550861,0.,90.0711309909821));
#6584=CARTESIAN_POINT('Ctrl Pts',(7.98326380550861,0.,90.0711309909821));
#6585=CARTESIAN_POINT('Ctrl Pts',(7.99595198641463,0.,89.8915355993493));
#6586=CARTESIAN_POINT('Ctrl Pts',(8.01933602139901,0.,89.5605452901725));
#6587=CARTESIAN_POINT('Ctrl Pts',(8.33622625608826,0.,89.4874225051696));
#6588=CARTESIAN_POINT('Ctrl Pts',(8.48117180168629,0.,89.4539761543274));
#6589=CARTESIAN_POINT('',(7.98326380550861,0.2,90.0711309909821));
#6590=CARTESIAN_POINT('',(7.98326380550861,0.,90.0711309909821));
#6591=CARTESIAN_POINT('Ctrl Pts',(7.98326380550861,0.2,90.0711309909821));
#6592=CARTESIAN_POINT('Ctrl Pts',(7.99595198641463,0.2,89.8915355993493));
#6593=CARTESIAN_POINT('Ctrl Pts',(8.01933602139901,0.2,89.5605452901725));
#6594=CARTESIAN_POINT('Ctrl Pts',(8.33622625608826,0.2,89.4874225051696));
#6595=CARTESIAN_POINT('Ctrl Pts',(8.48117180168629,0.2,89.4539761543274));
#6596=CARTESIAN_POINT('Ctrl Pts',(8.11297066509724,0.,90.5271980166435));
#6597=CARTESIAN_POINT('Ctrl Pts',(8.11297066509724,0.2,90.5271980166435));
#6598=CARTESIAN_POINT('Ctrl Pts',(8.07522965106473,0.,90.4639505683785));
#6599=CARTESIAN_POINT('Ctrl Pts',(8.07522965106473,0.2,90.4639505683785));
#6600=CARTESIAN_POINT('Ctrl Pts',(7.99176943745154,0.,90.3240856050752));
#6601=CARTESIAN_POINT('Ctrl Pts',(7.99176943745154,0.2,90.3240856050752));
#6602=CARTESIAN_POINT('Ctrl Pts',(7.98627412019223,0.,90.1606567304219));
#6603=CARTESIAN_POINT('Ctrl Pts',(7.98627412019223,0.2,90.1606567304219));
#6604=CARTESIAN_POINT('Ctrl Pts',(7.98326380550861,0.,90.0711309909821));
#6605=CARTESIAN_POINT('Ctrl Pts',(7.98326380550861,0.2,90.0711309909821));
#6606=CARTESIAN_POINT('',(8.11297066509724,0.,90.5271980166435));
#6607=CARTESIAN_POINT('Ctrl Pts',(8.11297066509724,0.,90.5271980166435));
#6608=CARTESIAN_POINT('Ctrl Pts',(8.07522965106473,0.,90.4639505683785));
#6609=CARTESIAN_POINT('Ctrl Pts',(7.99176943745154,0.,90.3240856050752));
#6610=CARTESIAN_POINT('Ctrl Pts',(7.98627412019223,0.,90.1606567304219));
#6611=CARTESIAN_POINT('Ctrl Pts',(7.98326380550861,0.,90.0711309909821));
#6612=CARTESIAN_POINT('',(8.11297066509724,0.2,90.5271980166435));
#6613=CARTESIAN_POINT('',(8.11297066509724,0.,90.5271980166435));
#6614=CARTESIAN_POINT('Ctrl Pts',(8.11297066509724,0.2,90.5271980166435));
#6615=CARTESIAN_POINT('Ctrl Pts',(8.07522965106473,0.2,90.4639505683785));
#6616=CARTESIAN_POINT('Ctrl Pts',(7.99176943745154,0.2,90.3240856050752));
#6617=CARTESIAN_POINT('Ctrl Pts',(7.98627412019223,0.2,90.1606567304219));
#6618=CARTESIAN_POINT('Ctrl Pts',(7.98326380550861,0.2,90.0711309909821));
#6619=CARTESIAN_POINT('Ctrl Pts',(8.47698755562305,0.,90.6882858276367));
#6620=CARTESIAN_POINT('Ctrl Pts',(8.47698755562305,0.2,90.6882858276367));
#6621=CARTESIAN_POINT('Ctrl Pts',(8.40409624771961,0.,90.6826007143192));
#6622=CARTESIAN_POINT('Ctrl Pts',(8.40409624771961,0.2,90.6826007143192));
#6623=CARTESIAN_POINT('Ctrl Pts',(8.26340814302036,0.,90.6716278309858));
#6624=CARTESIAN_POINT('Ctrl Pts',(8.26340814302036,0.2,90.6716278309858));
#6625=CARTESIAN_POINT('Ctrl Pts',(8.16189113390859,0.,90.5741648651011));
#6626=CARTESIAN_POINT('Ctrl Pts',(8.16189113390859,0.2,90.5741648651011));
#6627=CARTESIAN_POINT('Ctrl Pts',(8.11297066509724,0.,90.5271980166435));
#6628=CARTESIAN_POINT('Ctrl Pts',(8.11297066509724,0.2,90.5271980166435));
#6629=CARTESIAN_POINT('',(8.47698755562305,0.,90.6882858276367));
#6630=CARTESIAN_POINT('Ctrl Pts',(8.47698755562305,0.,90.6882858276367));
#6631=CARTESIAN_POINT('Ctrl Pts',(8.40409624771961,0.,90.6826007143192));
#6632=CARTESIAN_POINT('Ctrl Pts',(8.26340814302036,0.,90.6716278309858));
#6633=CARTESIAN_POINT('Ctrl Pts',(8.16189113390859,0.,90.5741648651011));
#6634=CARTESIAN_POINT('Ctrl Pts',(8.11297066509724,0.,90.5271980166435));
#6635=CARTESIAN_POINT('',(8.47698755562305,0.2,90.6882858276367));
#6636=CARTESIAN_POINT('',(8.47698755562305,0.,90.6882858276367));
#6637=CARTESIAN_POINT('Ctrl Pts',(8.47698755562305,0.2,90.6882858276367));
#6638=CARTESIAN_POINT('Ctrl Pts',(8.40409624771961,0.2,90.6826007143192));
#6639=CARTESIAN_POINT('Ctrl Pts',(8.26340814302036,0.2,90.6716278309858));
#6640=CARTESIAN_POINT('Ctrl Pts',(8.16189113390859,0.2,90.5741648651011));
#6641=CARTESIAN_POINT('Ctrl Pts',(8.11297066509724,0.2,90.5271980166435));
#6642=CARTESIAN_POINT('Ctrl Pts',(8.95606704056263,0.,90.0878673791885));
#6643=CARTESIAN_POINT('Ctrl Pts',(8.95606704056263,0.2,90.0878673791885));
#6644=CARTESIAN_POINT('Ctrl Pts',(8.94430652894276,0.,90.2625491859056));
#6645=CARTESIAN_POINT('Ctrl Pts',(8.94430652894276,0.2,90.2625491859056));
#6646=CARTESIAN_POINT('Ctrl Pts',(8.92271795772836,0.,90.5832096083488));
#6647=CARTESIAN_POINT('Ctrl Pts',(8.92271795772836,0.2,90.5832096083488));
#6648=CARTESIAN_POINT('Ctrl Pts',(8.61642532607112,0.,90.6554148507516));
#6649=CARTESIAN_POINT('Ctrl Pts',(8.61642532607112,0.2,90.6554148507516));
#6650=CARTESIAN_POINT('Ctrl Pts',(8.47698755562305,0.,90.6882858276367));
#6651=CARTESIAN_POINT('Ctrl Pts',(8.47698755562305,0.2,90.6882858276367));
#6652=CARTESIAN_POINT('Ctrl Pts',(8.95606704056263,0.,90.0878673791885));
#6653=CARTESIAN_POINT('Ctrl Pts',(8.94430652894276,0.,90.2625491859056));
#6654=CARTESIAN_POINT('Ctrl Pts',(8.92271795772836,0.,90.5832096083488));
#6655=CARTESIAN_POINT('Ctrl Pts',(8.61642532607112,0.,90.6554148507516));
#6656=CARTESIAN_POINT('Ctrl Pts',(8.47698755562305,0.,90.6882858276367));
#6657=CARTESIAN_POINT('Ctrl Pts',(8.95606704056263,0.2,90.0878673791885));
#6658=CARTESIAN_POINT('Ctrl Pts',(8.94430652894276,0.2,90.2625491859056));
#6659=CARTESIAN_POINT('Ctrl Pts',(8.92271795772836,0.2,90.5832096083488));
#6660=CARTESIAN_POINT('Ctrl Pts',(8.61642532607112,0.2,90.6554148507516));
#6661=CARTESIAN_POINT('Ctrl Pts',(8.47698755562305,0.2,90.6882858276367));
#6662=CARTESIAN_POINT('Ctrl Pts',(9.62970741093159,0.,90.100419819355));
#6663=CARTESIAN_POINT('Ctrl Pts',(9.62970741093159,0.2,90.100419819355));
#6664=CARTESIAN_POINT('Ctrl Pts',(9.61972586718536,0.,89.9350787232949));
#6665=CARTESIAN_POINT('Ctrl Pts',(9.61972586718536,0.2,89.9350787232949));
#6666=CARTESIAN_POINT('Ctrl Pts',(9.60078391364169,0.,89.6213112901145));
#6667=CARTESIAN_POINT('Ctrl Pts',(9.60078391364169,0.2,89.6213112901145));
#6668=CARTESIAN_POINT('Ctrl Pts',(9.40809595709072,0.,89.3742124766784));
#6669=CARTESIAN_POINT('Ctrl Pts',(9.40809595709072,0.2,89.3742124766784));
#6670=CARTESIAN_POINT('Ctrl Pts',(9.31694574654102,0.,89.2573234438896));
#6671=CARTESIAN_POINT('Ctrl Pts',(9.31694574654102,0.2,89.2573234438896));
#6672=CARTESIAN_POINT('',(9.62970741093159,0.,90.100419819355));
#6673=CARTESIAN_POINT('',(9.31694574654102,0.,89.2573234438896));
#6674=CARTESIAN_POINT('Ctrl Pts',(9.62970741093159,0.,90.100419819355));
#6675=CARTESIAN_POINT('Ctrl Pts',(9.61972586718536,0.,89.9350787232949));
#6676=CARTESIAN_POINT('Ctrl Pts',(9.60078391364169,0.,89.6213112901145));
#6677=CARTESIAN_POINT('Ctrl Pts',(9.40809595709072,0.,89.3742124766784));
#6678=CARTESIAN_POINT('Ctrl Pts',(9.31694574654102,0.,89.2573234438896));
#6679=CARTESIAN_POINT('',(9.62970741093159,0.2,90.100419819355));
#6680=CARTESIAN_POINT('',(9.62970741093159,0.,90.100419819355));
#6681=CARTESIAN_POINT('',(9.31694574654102,0.2,89.2573234438896));
#6682=CARTESIAN_POINT('Ctrl Pts',(9.62970741093159,0.2,90.100419819355));
#6683=CARTESIAN_POINT('Ctrl Pts',(9.61972586718536,0.2,89.9350787232949));
#6684=CARTESIAN_POINT('Ctrl Pts',(9.60078391364169,0.2,89.6213112901145));
#6685=CARTESIAN_POINT('Ctrl Pts',(9.40809595709072,0.2,89.3742124766784));
#6686=CARTESIAN_POINT('Ctrl Pts',(9.31694574654102,0.2,89.2573234438896));
#6687=CARTESIAN_POINT('',(9.31694574654102,0.,89.2573234438896));
#6688=CARTESIAN_POINT('Ctrl Pts',(9.32636000216007,0.,90.8943527936935));
#6689=CARTESIAN_POINT('Ctrl Pts',(9.32636000216007,0.2,90.8943527936935));
#6690=CARTESIAN_POINT('Ctrl Pts',(9.4147957602582,0.,90.7830936410125));
#6691=CARTESIAN_POINT('Ctrl Pts',(9.4147957602582,0.2,90.7830936410125));
#6692=CARTESIAN_POINT('Ctrl Pts',(9.59920787890527,0.,90.551088663546));
#6693=CARTESIAN_POINT('Ctrl Pts',(9.59920787890527,0.2,90.551088663546));
#6694=CARTESIAN_POINT('Ctrl Pts',(9.61926748811192,0.,90.2546827748169));
#6695=CARTESIAN_POINT('Ctrl Pts',(9.61926748811192,0.2,90.2546827748169));
#6696=CARTESIAN_POINT('Ctrl Pts',(9.62970741093159,0.,90.100419819355));
#6697=CARTESIAN_POINT('Ctrl Pts',(9.62970741093159,0.2,90.100419819355));
#6698=CARTESIAN_POINT('',(9.32636000216007,0.,90.8943527936935));
#6699=CARTESIAN_POINT('Ctrl Pts',(9.32636000216007,0.,90.8943527936935));
#6700=CARTESIAN_POINT('Ctrl Pts',(9.4147957602582,0.,90.7830936410125));
#6701=CARTESIAN_POINT('Ctrl Pts',(9.59920787890527,0.,90.551088663546));
#6702=CARTESIAN_POINT('Ctrl Pts',(9.61926748811192,0.,90.2546827748169));
#6703=CARTESIAN_POINT('Ctrl Pts',(9.62970741093159,0.,90.100419819355));
#6704=CARTESIAN_POINT('',(9.32636000216007,0.2,90.8943527936935));
#6705=CARTESIAN_POINT('',(9.32636000216007,0.,90.8943527936935));
#6706=CARTESIAN_POINT('Ctrl Pts',(9.32636000216007,0.2,90.8943527936935));
#6707=CARTESIAN_POINT('Ctrl Pts',(9.4147957602582,0.2,90.7830936410125));
#6708=CARTESIAN_POINT('Ctrl Pts',(9.59920787890527,0.2,90.551088663546));
#6709=CARTESIAN_POINT('Ctrl Pts',(9.61926748811192,0.2,90.2546827748169));
#6710=CARTESIAN_POINT('Ctrl Pts',(9.62970741093159,0.2,90.100419819355));
#6711=CARTESIAN_POINT('Ctrl Pts',(8.4895396977663,0.,91.1945620179176));
#6712=CARTESIAN_POINT('Ctrl Pts',(8.4895396977663,0.2,91.1945620179176));
#6713=CARTESIAN_POINT('Ctrl Pts',(8.65413165092838,0.,91.185477626767));
#6714=CARTESIAN_POINT('Ctrl Pts',(8.65413165092838,0.2,91.185477626767));
#6715=CARTESIAN_POINT('Ctrl Pts',(8.96402686002978,0.,91.1683734534396));
#6716=CARTESIAN_POINT('Ctrl Pts',(8.96402686002978,0.2,91.1683734534396));
#6717=CARTESIAN_POINT('Ctrl Pts',(9.21070015413852,0.,90.9818225395596));
#6718=CARTESIAN_POINT('Ctrl Pts',(9.21070015413852,0.2,90.9818225395596));
#6719=CARTESIAN_POINT('Ctrl Pts',(9.32636000216007,0.,90.8943527936935));
#6720=CARTESIAN_POINT('Ctrl Pts',(9.32636000216007,0.2,90.8943527936935));
#6721=CARTESIAN_POINT('',(8.4895396977663,0.,91.1945620179176));
#6722=CARTESIAN_POINT('Ctrl Pts',(8.4895396977663,0.,91.1945620179176));
#6723=CARTESIAN_POINT('Ctrl Pts',(8.65413165092838,0.,91.185477626767));
#6724=CARTESIAN_POINT('Ctrl Pts',(8.96402686002978,0.,91.1683734534396));
#6725=CARTESIAN_POINT('Ctrl Pts',(9.21070015413852,0.,90.9818225395596));
#6726=CARTESIAN_POINT('Ctrl Pts',(9.32636000216007,0.,90.8943527936935));
#6727=CARTESIAN_POINT('',(8.4895396977663,0.2,91.1945620179176));
#6728=CARTESIAN_POINT('',(8.4895396977663,0.,91.1945620179176));
#6729=CARTESIAN_POINT('Ctrl Pts',(8.4895396977663,0.2,91.1945620179176));
#6730=CARTESIAN_POINT('Ctrl Pts',(8.65413165092838,0.2,91.185477626767));
#6731=CARTESIAN_POINT('Ctrl Pts',(8.96402686002978,0.2,91.1683734534396));
#6732=CARTESIAN_POINT('Ctrl Pts',(9.21070015413852,0.2,90.9818225395596));
#6733=CARTESIAN_POINT('Ctrl Pts',(9.32636000216007,0.2,90.8943527936935));
#6734=CARTESIAN_POINT('Ctrl Pts',(7.62970723211765,0.,90.8943527936935));
#6735=CARTESIAN_POINT('Ctrl Pts',(7.62970723211765,0.2,90.8943527936935));
#6736=CARTESIAN_POINT('Ctrl Pts',(7.74985655625943,0.,90.9818304499922));
#6737=CARTESIAN_POINT('Ctrl Pts',(7.74985655625943,0.2,90.9818304499922));
#6738=CARTESIAN_POINT('Ctrl Pts',(8.00533137730483,0.,91.1678351466312));
#6739=CARTESIAN_POINT('Ctrl Pts',(8.00533137730483,0.2,91.1678351466312));
#6740=CARTESIAN_POINT('Ctrl Pts',(8.32186907785687,0.,91.1853070941845));
#6741=CARTESIAN_POINT('Ctrl Pts',(8.32186907785687,0.2,91.1853070941845));
#6742=CARTESIAN_POINT('Ctrl Pts',(8.4895396977663,0.,91.1945620179176));
#6743=CARTESIAN_POINT('Ctrl Pts',(8.4895396977663,0.2,91.1945620179176));
#6744=CARTESIAN_POINT('',(7.62970723211765,0.,90.8943527936935));
#6745=CARTESIAN_POINT('Ctrl Pts',(7.62970723211765,0.,90.8943527936935));
#6746=CARTESIAN_POINT('Ctrl Pts',(7.74985655625943,0.,90.9818304499922));
#6747=CARTESIAN_POINT('Ctrl Pts',(8.00533137730483,0.,91.1678351466312));
#6748=CARTESIAN_POINT('Ctrl Pts',(8.32186907785687,0.,91.1853070941845));
#6749=CARTESIAN_POINT('Ctrl Pts',(8.4895396977663,0.,91.1945620179176));
#6750=CARTESIAN_POINT('',(7.62970723211765,0.2,90.8943527936935));
#6751=CARTESIAN_POINT('',(7.62970723211765,0.,90.8943527936935));
#6752=CARTESIAN_POINT('Ctrl Pts',(7.62970723211765,0.2,90.8943527936935));
#6753=CARTESIAN_POINT('Ctrl Pts',(7.74985655625943,0.2,90.9818304499922));
#6754=CARTESIAN_POINT('Ctrl Pts',(8.00533137730483,0.2,91.1678351466312));
#6755=CARTESIAN_POINT('Ctrl Pts',(8.32186907785687,0.2,91.1853070941845));
#6756=CARTESIAN_POINT('Ctrl Pts',(8.4895396977663,0.2,91.1945620179176));
#6757=CARTESIAN_POINT('Ctrl Pts',(7.31171555817127,0.,90.0627627968788));
#6758=CARTESIAN_POINT('Ctrl Pts',(7.31171555817127,0.2,90.0627627968788));
#6759=CARTESIAN_POINT('Ctrl Pts',(7.32179760044816,0.,90.2271254237074));
#6760=CARTESIAN_POINT('Ctrl Pts',(7.32179760044816,0.2,90.2271254237074));
#6761=CARTESIAN_POINT('Ctrl Pts',(7.34091098439827,0.,90.5387216169537));
#6762=CARTESIAN_POINT('Ctrl Pts',(7.34091098439827,0.2,90.5387216169537));
#6763=CARTESIAN_POINT('Ctrl Pts',(7.53703560255531,0.,90.7802345496654));
#6764=CARTESIAN_POINT('Ctrl Pts',(7.53703560255531,0.2,90.7802345496654));
#6765=CARTESIAN_POINT('Ctrl Pts',(7.62970723211765,0.,90.8943527936935));
#6766=CARTESIAN_POINT('Ctrl Pts',(7.62970723211765,0.2,90.8943527936935));
#6767=CARTESIAN_POINT('',(7.31171555817127,0.,90.0627627968788));
#6768=CARTESIAN_POINT('Ctrl Pts',(7.31171555817127,0.,90.0627627968788));
#6769=CARTESIAN_POINT('Ctrl Pts',(7.32179760044816,0.,90.2271254237074));
#6770=CARTESIAN_POINT('Ctrl Pts',(7.34091098439827,0.,90.5387216169537));
#6771=CARTESIAN_POINT('Ctrl Pts',(7.53703560255531,0.,90.7802345496654));
#6772=CARTESIAN_POINT('Ctrl Pts',(7.62970723211765,0.,90.8943527936935));
#6773=CARTESIAN_POINT('',(7.31171555817127,0.2,90.0627627968788));
#6774=CARTESIAN_POINT('',(7.31171555817127,0.,90.0627627968788));
#6775=CARTESIAN_POINT('Ctrl Pts',(7.31171555817127,0.2,90.0627627968788));
#6776=CARTESIAN_POINT('Ctrl Pts',(7.32179760044816,0.2,90.2271254237074));
#6777=CARTESIAN_POINT('Ctrl Pts',(7.34091098439827,0.2,90.5387216169537));
#6778=CARTESIAN_POINT('Ctrl Pts',(7.53703560255531,0.2,90.7802345496654));
#6779=CARTESIAN_POINT('Ctrl Pts',(7.62970723211765,0.2,90.8943527936935));
#6780=CARTESIAN_POINT('Ctrl Pts',(7.61820085346699,0.,89.2479091882706));
#6781=CARTESIAN_POINT('Ctrl Pts',(7.61820085346699,0.2,89.2479091882706));
#6782=CARTESIAN_POINT('Ctrl Pts',(7.52887265053116,0.,89.360913922833));
#6783=CARTESIAN_POINT('Ctrl Pts',(7.52887265053116,0.2,89.360913922833));
#6784=CARTESIAN_POINT('Ctrl Pts',(7.34059818487976,0.,89.5990907283275));
#6785=CARTESIAN_POINT('Ctrl Pts',(7.34059818487976,0.2,89.5990907283275));
#6786=CARTESIAN_POINT('Ctrl Pts',(7.32166549453716,0.,89.9030298327241));
#6787=CARTESIAN_POINT('Ctrl Pts',(7.32166549453716,0.2,89.9030298327241));
#6788=CARTESIAN_POINT('Ctrl Pts',(7.31171555817127,0.,90.0627627968788));
#6789=CARTESIAN_POINT('Ctrl Pts',(7.31171555817127,0.2,90.0627627968788));
#6790=CARTESIAN_POINT('',(7.61820085346699,0.,89.2479091882706));
#6791=CARTESIAN_POINT('Ctrl Pts',(7.61820085346699,0.,89.2479091882706));
#6792=CARTESIAN_POINT('Ctrl Pts',(7.52887265053116,0.,89.360913922833));
#6793=CARTESIAN_POINT('Ctrl Pts',(7.34059818487976,0.,89.5990907283275));
#6794=CARTESIAN_POINT('Ctrl Pts',(7.32166549453716,0.,89.9030298327241));
#6795=CARTESIAN_POINT('Ctrl Pts',(7.31171555817127,0.,90.0627627968788));
#6796=CARTESIAN_POINT('',(7.61820085346699,0.2,89.2479091882706));
#6797=CARTESIAN_POINT('',(7.61820085346699,0.,89.2479091882706));
#6798=CARTESIAN_POINT('Ctrl Pts',(7.61820085346699,0.2,89.2479091882706));
#6799=CARTESIAN_POINT('Ctrl Pts',(7.52887265053116,0.2,89.360913922833));
#6800=CARTESIAN_POINT('Ctrl Pts',(7.34059818487976,0.2,89.5990907283275));
#6801=CARTESIAN_POINT('Ctrl Pts',(7.32166549453716,0.2,89.9030298327241));
#6802=CARTESIAN_POINT('Ctrl Pts',(7.31171555817127,0.2,90.0627627968788));
#6803=CARTESIAN_POINT('Ctrl Pts',(8.46025116741657,0.,88.9476999640465));
#6804=CARTESIAN_POINT('Ctrl Pts',(8.46025116741657,0.2,88.9476999640465));
#6805=CARTESIAN_POINT('Ctrl Pts',(8.29492401520437,0.,88.9568116525142));
#6806=CARTESIAN_POINT('Ctrl Pts',(8.29492401520437,0.2,88.9568116525142));
#6807=CARTESIAN_POINT('Ctrl Pts',(7.98351106823615,0.,88.9739745789883));
#6808=CARTESIAN_POINT('Ctrl Pts',(7.98351106823615,0.2,88.9739745789883));
#6809=CARTESIAN_POINT('Ctrl Pts',(7.73484955255612,0.,89.1604380075688));
#6810=CARTESIAN_POINT('Ctrl Pts',(7.73484955255612,0.2,89.1604380075688));
#6811=CARTESIAN_POINT('Ctrl Pts',(7.61820085346699,0.,89.2479091882706));
#6812=CARTESIAN_POINT('Ctrl Pts',(7.61820085346699,0.2,89.2479091882706));
#6813=CARTESIAN_POINT('',(8.46025116741657,0.,88.9476999640465));
#6814=CARTESIAN_POINT('Ctrl Pts',(8.46025116741657,0.,88.9476999640465));
#6815=CARTESIAN_POINT('Ctrl Pts',(8.29492401520437,0.,88.9568116525142));
#6816=CARTESIAN_POINT('Ctrl Pts',(7.98351106823615,0.,88.9739745789883));
#6817=CARTESIAN_POINT('Ctrl Pts',(7.73484955255612,0.,89.1604380075688));
#6818=CARTESIAN_POINT('Ctrl Pts',(7.61820085346699,0.,89.2479091882706));
#6819=CARTESIAN_POINT('',(8.46025116741657,0.2,88.9476999640465));
#6820=CARTESIAN_POINT('',(8.46025116741657,0.,88.9476999640465));
#6821=CARTESIAN_POINT('Ctrl Pts',(8.46025116741657,0.2,88.9476999640465));
#6822=CARTESIAN_POINT('Ctrl Pts',(8.29492401520437,0.2,88.9568116525142));
#6823=CARTESIAN_POINT('Ctrl Pts',(7.98351106823615,0.2,88.9739745789883));
#6824=CARTESIAN_POINT('Ctrl Pts',(7.73484955255612,0.2,89.1604380075688));
#6825=CARTESIAN_POINT('Ctrl Pts',(7.61820085346699,0.2,89.2479091882706));
#6826=CARTESIAN_POINT('Ctrl Pts',(9.31694574654102,0.,89.2573234438896));
#6827=CARTESIAN_POINT('Ctrl Pts',(9.31694574654102,0.2,89.2573234438896));
#6828=CARTESIAN_POINT('Ctrl Pts',(9.19823463939095,0.,89.1671018960823));
#6829=CARTESIAN_POINT('Ctrl Pts',(9.19823463939095,0.2,89.1671018960823));
#6830=CARTESIAN_POINT('Ctrl Pts',(8.94589322119519,0.,88.9753200664619));
#6831=CARTESIAN_POINT('Ctrl Pts',(8.94589322119519,0.2,88.9753200664619));
#6832=CARTESIAN_POINT('Ctrl Pts',(8.62838912620139,0.,88.9572625371503));
#6833=CARTESIAN_POINT('Ctrl Pts',(8.62838912620139,0.2,88.9572625371503));
#6834=CARTESIAN_POINT('Ctrl Pts',(8.46025116741657,0.,88.9476999640465));
#6835=CARTESIAN_POINT('Ctrl Pts',(8.46025116741657,0.2,88.9476999640465));
#6836=CARTESIAN_POINT('Ctrl Pts',(9.31694574654102,0.,89.2573234438896));
#6837=CARTESIAN_POINT('Ctrl Pts',(9.19823463939095,0.,89.1671018960823));
#6838=CARTESIAN_POINT('Ctrl Pts',(8.94589322119519,0.,88.9753200664619));
#6839=CARTESIAN_POINT('Ctrl Pts',(8.62838912620139,0.,88.9572625371503));
#6840=CARTESIAN_POINT('Ctrl Pts',(8.46025116741657,0.,88.9476999640465));
#6841=CARTESIAN_POINT('Ctrl Pts',(9.31694574654102,0.2,89.2573234438896));
#6842=CARTESIAN_POINT('Ctrl Pts',(9.19823463939095,0.2,89.1671018960823));
#6843=CARTESIAN_POINT('Ctrl Pts',(8.94589322119519,0.2,88.9753200664619));
#6844=CARTESIAN_POINT('Ctrl Pts',(8.62838912620139,0.2,88.9572625371503));
#6845=CARTESIAN_POINT('Ctrl Pts',(8.46025116741657,0.2,88.9476999640465));
#6846=CARTESIAN_POINT('Origin',(22.2301269322634,0.2,90.5596247315407));
#6847=CARTESIAN_POINT('Ctrl Pts',(15.0251043587923,0.,89.4539761543274));
#6848=CARTESIAN_POINT('Ctrl Pts',(15.0251043587923,0.2,89.4539761543274));
#6849=CARTESIAN_POINT('Ctrl Pts',(15.1631546979799,0.,89.4905731928482));
#6850=CARTESIAN_POINT('Ctrl Pts',(15.1631546979799,0.2,89.4905731928482));
#6851=CARTESIAN_POINT('Ctrl Pts',(15.4747328242451,0.,89.5731723139823));
#6852=CARTESIAN_POINT('Ctrl Pts',(15.4747328242451,0.2,89.5731723139823));
#6853=CARTESIAN_POINT('Ctrl Pts',(15.490961391458,0.,89.9037552230008));
#6854=CARTESIAN_POINT('Ctrl Pts',(15.490961391458,0.2,89.9037552230008));
#6855=CARTESIAN_POINT('Ctrl Pts',(15.4999995976686,0.,90.0878673791885));
#6856=CARTESIAN_POINT('Ctrl Pts',(15.4999995976686,0.2,90.0878673791885));
#6857=CARTESIAN_POINT('',(15.0251043587923,0.,89.4539761543274));
#6858=CARTESIAN_POINT('',(15.4999995976686,0.,90.0878673791885));
#6859=CARTESIAN_POINT('Ctrl Pts',(15.0251043587923,0.,89.4539761543274));
#6860=CARTESIAN_POINT('Ctrl Pts',(15.1631546979799,0.,89.4905731928482));
#6861=CARTESIAN_POINT('Ctrl Pts',(15.4747328242451,0.,89.5731723139823));
#6862=CARTESIAN_POINT('Ctrl Pts',(15.490961391458,0.,89.9037552230008));
#6863=CARTESIAN_POINT('Ctrl Pts',(15.4999995976686,0.,90.0878673791885));
#6864=CARTESIAN_POINT('',(15.0251043587923,0.2,89.4539761543274));
#6865=CARTESIAN_POINT('',(15.0251043587923,0.,89.4539761543274));
#6866=CARTESIAN_POINT('',(15.4999995976686,0.2,90.0878673791885));
#6867=CARTESIAN_POINT('Ctrl Pts',(15.0251043587923,0.2,89.4539761543274));
#6868=CARTESIAN_POINT('Ctrl Pts',(15.1631546979799,0.2,89.4905731928482));
#6869=CARTESIAN_POINT('Ctrl Pts',(15.4747328242451,0.2,89.5731723139823));
#6870=CARTESIAN_POINT('Ctrl Pts',(15.490961391458,0.2,89.9037552230008));
#6871=CARTESIAN_POINT('Ctrl Pts',(15.4999995976686,0.2,90.0878673791885));
#6872=CARTESIAN_POINT('',(15.4999995976686,0.,90.0878673791885));
#6873=CARTESIAN_POINT('Ctrl Pts',(14.5271969586611,0.,90.0711309909821));
#6874=CARTESIAN_POINT('Ctrl Pts',(14.5271969586611,0.2,90.0711309909821));
#6875=CARTESIAN_POINT('Ctrl Pts',(14.5398851309281,0.,89.8915356061344));
#6876=CARTESIAN_POINT('Ctrl Pts',(14.5398851309281,0.2,89.8915356061344));
#6877=CARTESIAN_POINT('Ctrl Pts',(14.5632691354083,0.,89.5605455158737));
#6878=CARTESIAN_POINT('Ctrl Pts',(14.5632691354083,0.2,89.5605455158737));
#6879=CARTESIAN_POINT('Ctrl Pts',(14.8801590615511,0.,89.4874225590276));
#6880=CARTESIAN_POINT('Ctrl Pts',(14.8801590615511,0.2,89.4874225590276));
#6881=CARTESIAN_POINT('Ctrl Pts',(15.0251043587923,0.,89.4539761543274));
#6882=CARTESIAN_POINT('Ctrl Pts',(15.0251043587923,0.2,89.4539761543274));
#6883=CARTESIAN_POINT('',(14.5271969586611,0.,90.0711309909821));
#6884=CARTESIAN_POINT('Ctrl Pts',(14.5271969586611,0.,90.0711309909821));
#6885=CARTESIAN_POINT('Ctrl Pts',(14.5398851309281,0.,89.8915356061344));
#6886=CARTESIAN_POINT('Ctrl Pts',(14.5632691354083,0.,89.5605455158737));
#6887=CARTESIAN_POINT('Ctrl Pts',(14.8801590615511,0.,89.4874225590276));
#6888=CARTESIAN_POINT('Ctrl Pts',(15.0251043587923,0.,89.4539761543274));
#6889=CARTESIAN_POINT('',(14.5271969586611,0.2,90.0711309909821));
#6890=CARTESIAN_POINT('',(14.5271969586611,0.,90.0711309909821));
#6891=CARTESIAN_POINT('Ctrl Pts',(14.5271969586611,0.2,90.0711309909821));
#6892=CARTESIAN_POINT('Ctrl Pts',(14.5398851309281,0.2,89.8915356061344));
#6893=CARTESIAN_POINT('Ctrl Pts',(14.5632691354083,0.2,89.5605455158737));
#6894=CARTESIAN_POINT('Ctrl Pts',(14.8801590615511,0.2,89.4874225590276));
#6895=CARTESIAN_POINT('Ctrl Pts',(15.0251043587923,0.2,89.4539761543274));
#6896=CARTESIAN_POINT('Ctrl Pts',(14.6569038182497,0.,90.5271980166435));
#6897=CARTESIAN_POINT('Ctrl Pts',(14.6569038182497,0.2,90.5271980166435));
#6898=CARTESIAN_POINT('Ctrl Pts',(14.6191628042172,0.,90.4639505683785));
#6899=CARTESIAN_POINT('Ctrl Pts',(14.6191628042172,0.2,90.4639505683785));
#6900=CARTESIAN_POINT('Ctrl Pts',(14.535702590604,0.,90.3240856050752));
#6901=CARTESIAN_POINT('Ctrl Pts',(14.535702590604,0.2,90.3240856050752));
#6902=CARTESIAN_POINT('Ctrl Pts',(14.5302072733447,0.,90.1606567304219));
#6903=CARTESIAN_POINT('Ctrl Pts',(14.5302072733447,0.2,90.1606567304219));
#6904=CARTESIAN_POINT('Ctrl Pts',(14.5271969586611,0.,90.0711309909821));
#6905=CARTESIAN_POINT('Ctrl Pts',(14.5271969586611,0.2,90.0711309909821));
#6906=CARTESIAN_POINT('',(14.6569038182497,0.,90.5271980166435));
#6907=CARTESIAN_POINT('Ctrl Pts',(14.6569038182497,0.,90.5271980166435));
#6908=CARTESIAN_POINT('Ctrl Pts',(14.6191628042172,0.,90.4639505683785));
#6909=CARTESIAN_POINT('Ctrl Pts',(14.535702590604,0.,90.3240856050752));
#6910=CARTESIAN_POINT('Ctrl Pts',(14.5302072733447,0.,90.1606567304219));
#6911=CARTESIAN_POINT('Ctrl Pts',(14.5271969586611,0.,90.0711309909821));
#6912=CARTESIAN_POINT('',(14.6569038182497,0.2,90.5271980166435));
#6913=CARTESIAN_POINT('',(14.6569038182497,0.,90.5271980166435));
#6914=CARTESIAN_POINT('Ctrl Pts',(14.6569038182497,0.2,90.5271980166435));
#6915=CARTESIAN_POINT('Ctrl Pts',(14.6191628042172,0.2,90.4639505683785));
#6916=CARTESIAN_POINT('Ctrl Pts',(14.535702590604,0.2,90.3240856050752));
#6917=CARTESIAN_POINT('Ctrl Pts',(14.5302072733447,0.2,90.1606567304219));
#6918=CARTESIAN_POINT('Ctrl Pts',(14.5271969586611,0.2,90.0711309909821));
#6919=CARTESIAN_POINT('Ctrl Pts',(15.020921304822,0.,90.6882858276367));
#6920=CARTESIAN_POINT('Ctrl Pts',(15.020921304822,0.2,90.6882858276367));
#6921=CARTESIAN_POINT('Ctrl Pts',(14.9480297820435,0.,90.6826007555713));
#6922=CARTESIAN_POINT('Ctrl Pts',(14.9480297820435,0.2,90.6826007555713));
#6923=CARTESIAN_POINT('Ctrl Pts',(14.8073414497387,0.,90.6716279664537));
#6924=CARTESIAN_POINT('Ctrl Pts',(14.8073414497387,0.2,90.6716279664537));
#6925=CARTESIAN_POINT('Ctrl Pts',(14.7058242897906,0.,90.5741648638307));
#6926=CARTESIAN_POINT('Ctrl Pts',(14.7058242897906,0.2,90.5741648638307));
#6927=CARTESIAN_POINT('Ctrl Pts',(14.6569038182497,0.,90.5271980166435));
#6928=CARTESIAN_POINT('Ctrl Pts',(14.6569038182497,0.2,90.5271980166435));
#6929=CARTESIAN_POINT('',(15.020921304822,0.,90.6882858276367));
#6930=CARTESIAN_POINT('Ctrl Pts',(15.020921304822,0.,90.6882858276367));
#6931=CARTESIAN_POINT('Ctrl Pts',(14.9480297820435,0.,90.6826007555713));
#6932=CARTESIAN_POINT('Ctrl Pts',(14.8073414497387,0.,90.6716279664537));
#6933=CARTESIAN_POINT('Ctrl Pts',(14.7058242897906,0.,90.5741648638307));
#6934=CARTESIAN_POINT('Ctrl Pts',(14.6569038182497,0.,90.5271980166435));
#6935=CARTESIAN_POINT('',(15.020921304822,0.2,90.6882858276367));
#6936=CARTESIAN_POINT('',(15.020921304822,0.,90.6882858276367));
#6937=CARTESIAN_POINT('Ctrl Pts',(15.020921304822,0.2,90.6882858276367));
#6938=CARTESIAN_POINT('Ctrl Pts',(14.9480297820435,0.2,90.6826007555713));
#6939=CARTESIAN_POINT('Ctrl Pts',(14.8073414497387,0.2,90.6716279664537));
#6940=CARTESIAN_POINT('Ctrl Pts',(14.7058242897906,0.2,90.5741648638307));
#6941=CARTESIAN_POINT('Ctrl Pts',(14.6569038182497,0.2,90.5271980166435));
#6942=CARTESIAN_POINT('Ctrl Pts',(15.4999995976686,0.,90.0878673791885));
#6943=CARTESIAN_POINT('Ctrl Pts',(15.4999995976686,0.2,90.0878673791885));
#6944=CARTESIAN_POINT('Ctrl Pts',(15.4882393302832,0.,90.2625491803582));
#6945=CARTESIAN_POINT('Ctrl Pts',(15.4882393302832,0.2,90.2625491803582));
#6946=CARTESIAN_POINT('Ctrl Pts',(15.466651218055,0.,90.5832094344368));
#6947=CARTESIAN_POINT('Ctrl Pts',(15.466651218055,0.2,90.5832094344368));
#6948=CARTESIAN_POINT('Ctrl Pts',(15.1603588657758,0.,90.6554148096802));
#6949=CARTESIAN_POINT('Ctrl Pts',(15.1603588657758,0.2,90.6554148096802));
#6950=CARTESIAN_POINT('Ctrl Pts',(15.020921304822,0.,90.6882858276367));
#6951=CARTESIAN_POINT('Ctrl Pts',(15.020921304822,0.2,90.6882858276367));
#6952=CARTESIAN_POINT('Ctrl Pts',(15.4999995976686,0.,90.0878673791885));
#6953=CARTESIAN_POINT('Ctrl Pts',(15.4882393302832,0.,90.2625491803582));
#6954=CARTESIAN_POINT('Ctrl Pts',(15.466651218055,0.,90.5832094344368));
#6955=CARTESIAN_POINT('Ctrl Pts',(15.1603588657758,0.,90.6554148096802));
#6956=CARTESIAN_POINT('Ctrl Pts',(15.020921304822,0.,90.6882858276367));
#6957=CARTESIAN_POINT('Ctrl Pts',(15.4999995976686,0.2,90.0878673791885));
#6958=CARTESIAN_POINT('Ctrl Pts',(15.4882393302832,0.2,90.2625491803582));
#6959=CARTESIAN_POINT('Ctrl Pts',(15.466651218055,0.2,90.5832094344368));
#6960=CARTESIAN_POINT('Ctrl Pts',(15.1603588657758,0.2,90.6554148096802));
#6961=CARTESIAN_POINT('Ctrl Pts',(15.020921304822,0.2,90.6882858276367));
#6962=CARTESIAN_POINT('Ctrl Pts',(16.1736405640841,0.,90.100419819355));
#6963=CARTESIAN_POINT('Ctrl Pts',(16.1736405640841,0.2,90.100419819355));
#6964=CARTESIAN_POINT('Ctrl Pts',(16.1636589846674,0.,89.9350787476361));
#6965=CARTESIAN_POINT('Ctrl Pts',(16.1636589846674,0.2,89.9350787476361));
#6966=CARTESIAN_POINT('Ctrl Pts',(16.1447169700719,0.,89.6213114706366));
#6967=CARTESIAN_POINT('Ctrl Pts',(16.1447169700719,0.2,89.6213114706366));
#6968=CARTESIAN_POINT('Ctrl Pts',(15.9520294596548,0.,89.3742125036641));
#6969=CARTESIAN_POINT('Ctrl Pts',(15.9520294596548,0.2,89.3742125036641));
#6970=CARTESIAN_POINT('Ctrl Pts',(15.8608794957399,0.,89.2573234438896));
#6971=CARTESIAN_POINT('Ctrl Pts',(15.8608794957399,0.2,89.2573234438896));
#6972=CARTESIAN_POINT('',(16.1736405640841,0.,90.100419819355));
#6973=CARTESIAN_POINT('',(15.8608794957399,0.,89.2573234438896));
#6974=CARTESIAN_POINT('Ctrl Pts',(16.1736405640841,0.,90.100419819355));
#6975=CARTESIAN_POINT('Ctrl Pts',(16.1636589846674,0.,89.9350787476361));
#6976=CARTESIAN_POINT('Ctrl Pts',(16.1447169700719,0.,89.6213114706366));
#6977=CARTESIAN_POINT('Ctrl Pts',(15.9520294596548,0.,89.3742125036641));
#6978=CARTESIAN_POINT('Ctrl Pts',(15.8608794957399,0.,89.2573234438896));
#6979=CARTESIAN_POINT('',(16.1736405640841,0.2,90.100419819355));
#6980=CARTESIAN_POINT('',(16.1736405640841,0.,90.100419819355));
#6981=CARTESIAN_POINT('',(15.8608794957399,0.2,89.2573234438896));
#6982=CARTESIAN_POINT('Ctrl Pts',(16.1736405640841,0.2,90.100419819355));
#6983=CARTESIAN_POINT('Ctrl Pts',(16.1636589846674,0.2,89.9350787476361));
#6984=CARTESIAN_POINT('Ctrl Pts',(16.1447169700719,0.2,89.6213114706366));
#6985=CARTESIAN_POINT('Ctrl Pts',(15.9520294596548,0.2,89.3742125036641));
#6986=CARTESIAN_POINT('Ctrl Pts',(15.8608794957399,0.2,89.2573234438896));
#6987=CARTESIAN_POINT('',(15.8608794957399,0.,89.2573234438896));
#6988=CARTESIAN_POINT('Ctrl Pts',(15.8702934533358,0.,90.8943527936935));
#6989=CARTESIAN_POINT('Ctrl Pts',(15.8702934533358,0.2,90.8943527936935));
#6990=CARTESIAN_POINT('Ctrl Pts',(15.958729379087,0.,90.7830936626854));
#6991=CARTESIAN_POINT('Ctrl Pts',(15.958729379087,0.2,90.7830936626854));
#6992=CARTESIAN_POINT('Ctrl Pts',(16.1431417885215,0.,90.5510888044051));
#6993=CARTESIAN_POINT('Ctrl Pts',(16.1431417885215,0.2,90.5510888044051));
#6994=CARTESIAN_POINT('Ctrl Pts',(16.163200902218,0.,90.254682793217));
#6995=CARTESIAN_POINT('Ctrl Pts',(16.163200902218,0.2,90.254682793217));
#6996=CARTESIAN_POINT('Ctrl Pts',(16.1736405640841,0.,90.100419819355));
#6997=CARTESIAN_POINT('Ctrl Pts',(16.1736405640841,0.2,90.100419819355));
#6998=CARTESIAN_POINT('',(15.8702934533358,0.,90.8943527936935));
#6999=CARTESIAN_POINT('Ctrl Pts',(15.8702934533358,0.,90.8943527936935));
#7000=CARTESIAN_POINT('Ctrl Pts',(15.958729379087,0.,90.7830936626854));
#7001=CARTESIAN_POINT('Ctrl Pts',(16.1431417885215,0.,90.5510888044051));
#7002=CARTESIAN_POINT('Ctrl Pts',(16.163200902218,0.,90.254682793217));
#7003=CARTESIAN_POINT('Ctrl Pts',(16.1736405640841,0.,90.100419819355));
#7004=CARTESIAN_POINT('',(15.8702934533358,0.2,90.8943527936935));
#7005=CARTESIAN_POINT('',(15.8702934533358,0.,90.8943527936935));
#7006=CARTESIAN_POINT('Ctrl Pts',(15.8702934533358,0.2,90.8943527936935));
#7007=CARTESIAN_POINT('Ctrl Pts',(15.958729379087,0.2,90.7830936626854));
#7008=CARTESIAN_POINT('Ctrl Pts',(16.1431417885215,0.2,90.5510888044051));
#7009=CARTESIAN_POINT('Ctrl Pts',(16.163200902218,0.2,90.254682793217));
#7010=CARTESIAN_POINT('Ctrl Pts',(16.1736405640841,0.2,90.100419819355));
#7011=CARTESIAN_POINT('Ctrl Pts',(15.0334728509188,0.,91.1945620179176));
#7012=CARTESIAN_POINT('Ctrl Pts',(15.0334728509188,0.2,91.1945620179176));
#7013=CARTESIAN_POINT('Ctrl Pts',(15.1980649093972,0.,91.1854776451254));
#7014=CARTESIAN_POINT('Ctrl Pts',(15.1980649093972,0.2,91.1854776451254));
#7015=CARTESIAN_POINT('Ctrl Pts',(15.5079602280114,0.,91.1683735112634));
#7016=CARTESIAN_POINT('Ctrl Pts',(15.5079602280114,0.2,91.1683735112634));
#7017=CARTESIAN_POINT('Ctrl Pts',(15.7546336043096,0.,90.9818225386936));
#7018=CARTESIAN_POINT('Ctrl Pts',(15.7546336043096,0.2,90.9818225386936));
#7019=CARTESIAN_POINT('Ctrl Pts',(15.8702934533358,0.,90.8943527936935));
#7020=CARTESIAN_POINT('Ctrl Pts',(15.8702934533358,0.2,90.8943527936935));
#7021=CARTESIAN_POINT('',(15.0334728509188,0.,91.1945620179176));
#7022=CARTESIAN_POINT('Ctrl Pts',(15.0334728509188,0.,91.1945620179176));
#7023=CARTESIAN_POINT('Ctrl Pts',(15.1980649093972,0.,91.1854776451254));
#7024=CARTESIAN_POINT('Ctrl Pts',(15.5079602280114,0.,91.1683735112634));
#7025=CARTESIAN_POINT('Ctrl Pts',(15.7546336043096,0.,90.9818225386936));
#7026=CARTESIAN_POINT('Ctrl Pts',(15.8702934533358,0.,90.8943527936935));
#7027=CARTESIAN_POINT('',(15.0334728509188,0.2,91.1945620179176));
#7028=CARTESIAN_POINT('',(15.0334728509188,0.,91.1945620179176));
#7029=CARTESIAN_POINT('Ctrl Pts',(15.0334728509188,0.2,91.1945620179176));
#7030=CARTESIAN_POINT('Ctrl Pts',(15.1980649093972,0.2,91.1854776451254));
#7031=CARTESIAN_POINT('Ctrl Pts',(15.5079602280114,0.2,91.1683735112634));
#7032=CARTESIAN_POINT('Ctrl Pts',(15.7546336043096,0.2,90.9818225386936));
#7033=CARTESIAN_POINT('Ctrl Pts',(15.8702934533358,0.2,90.8943527936935));
#7034=CARTESIAN_POINT('Ctrl Pts',(14.1736400872469,0.,90.8943527936935));
#7035=CARTESIAN_POINT('Ctrl Pts',(14.1736400872469,0.2,90.8943527936935));
#7036=CARTESIAN_POINT('Ctrl Pts',(14.2937893117509,0.,90.9818304475696));
#7037=CARTESIAN_POINT('Ctrl Pts',(14.2937893117509,0.2,90.9818304475696));
#7038=CARTESIAN_POINT('Ctrl Pts',(14.549264162229,0.,91.1678353147373));
#7039=CARTESIAN_POINT('Ctrl Pts',(14.549264162229,0.2,91.1678353147373));
#7040=CARTESIAN_POINT('Ctrl Pts',(14.8658020115844,0.,91.1853071473224));
#7041=CARTESIAN_POINT('Ctrl Pts',(14.8658020115844,0.2,91.1853071473224));
#7042=CARTESIAN_POINT('Ctrl Pts',(15.0334728509188,0.,91.1945620179176));
#7043=CARTESIAN_POINT('Ctrl Pts',(15.0334728509188,0.2,91.1945620179176));
#7044=CARTESIAN_POINT('',(14.1736400872469,0.,90.8943527936935));
#7045=CARTESIAN_POINT('Ctrl Pts',(14.1736400872469,0.,90.8943527936935));
#7046=CARTESIAN_POINT('Ctrl Pts',(14.2937893117509,0.,90.9818304475696));
#7047=CARTESIAN_POINT('Ctrl Pts',(14.549264162229,0.,91.1678353147373));
#7048=CARTESIAN_POINT('Ctrl Pts',(14.8658020115844,0.,91.1853071473224));
#7049=CARTESIAN_POINT('Ctrl Pts',(15.0334728509188,0.,91.1945620179176));
#7050=CARTESIAN_POINT('',(14.1736400872469,0.2,90.8943527936935));
#7051=CARTESIAN_POINT('',(14.1736400872469,0.,90.8943527936935));
#7052=CARTESIAN_POINT('Ctrl Pts',(14.1736400872469,0.2,90.8943527936935));
#7053=CARTESIAN_POINT('Ctrl Pts',(14.2937893117509,0.2,90.9818304475696));
#7054=CARTESIAN_POINT('Ctrl Pts',(14.549264162229,0.2,91.1678353147373));
#7055=CARTESIAN_POINT('Ctrl Pts',(14.8658020115844,0.2,91.1853071473224));
#7056=CARTESIAN_POINT('Ctrl Pts',(15.0334728509188,0.2,91.1945620179176));
#7057=CARTESIAN_POINT('Ctrl Pts',(13.8556487113237,0.,90.0627627968788));
#7058=CARTESIAN_POINT('Ctrl Pts',(13.8556487113237,0.2,90.0627627968788));
#7059=CARTESIAN_POINT('Ctrl Pts',(13.8657306312608,0.,90.2271254270017));
#7060=CARTESIAN_POINT('Ctrl Pts',(13.8657306312608,0.2,90.2271254270017));
#7061=CARTESIAN_POINT('Ctrl Pts',(13.8848437842087,0.,90.5387216416196));
#7062=CARTESIAN_POINT('Ctrl Pts',(13.8848437842087,0.2,90.5387216416196));
#7063=CARTESIAN_POINT('Ctrl Pts',(14.0809684365227,0.,90.7802345533805));
#7064=CARTESIAN_POINT('Ctrl Pts',(14.0809684365227,0.2,90.7802345533805));
#7065=CARTESIAN_POINT('Ctrl Pts',(14.1736400872469,0.,90.8943527936935));
#7066=CARTESIAN_POINT('Ctrl Pts',(14.1736400872469,0.2,90.8943527936935));
#7067=CARTESIAN_POINT('',(13.8556487113237,0.,90.0627627968788));
#7068=CARTESIAN_POINT('Ctrl Pts',(13.8556487113237,0.,90.0627627968788));
#7069=CARTESIAN_POINT('Ctrl Pts',(13.8657306312608,0.,90.2271254270017));
#7070=CARTESIAN_POINT('Ctrl Pts',(13.8848437842087,0.,90.5387216416196));
#7071=CARTESIAN_POINT('Ctrl Pts',(14.0809684365227,0.,90.7802345533805));
#7072=CARTESIAN_POINT('Ctrl Pts',(14.1736400872469,0.,90.8943527936935));
#7073=CARTESIAN_POINT('',(13.8556487113237,0.2,90.0627627968788));
#7074=CARTESIAN_POINT('',(13.8556487113237,0.,90.0627627968788));
#7075=CARTESIAN_POINT('Ctrl Pts',(13.8556487113237,0.2,90.0627627968788));
#7076=CARTESIAN_POINT('Ctrl Pts',(13.8657306312608,0.2,90.2271254270017));
#7077=CARTESIAN_POINT('Ctrl Pts',(13.8848437842087,0.2,90.5387216416196));
#7078=CARTESIAN_POINT('Ctrl Pts',(14.0809684365227,0.2,90.7802345533805));
#7079=CARTESIAN_POINT('Ctrl Pts',(14.1736400872469,0.2,90.8943527936935));
#7080=CARTESIAN_POINT('Ctrl Pts',(14.1621340066195,0.,89.2479091882706));
#7081=CARTESIAN_POINT('Ctrl Pts',(14.1621340066195,0.2,89.2479091882706));
#7082=CARTESIAN_POINT('Ctrl Pts',(14.0728058036836,0.,89.360913922833));
#7083=CARTESIAN_POINT('Ctrl Pts',(14.0728058036836,0.2,89.360913922833));
#7084=CARTESIAN_POINT('Ctrl Pts',(13.8845313380322,0.,89.5990907283275));
#7085=CARTESIAN_POINT('Ctrl Pts',(13.8845313380322,0.2,89.5990907283275));
#7086=CARTESIAN_POINT('Ctrl Pts',(13.8655986476896,0.,89.9030298327241));
#7087=CARTESIAN_POINT('Ctrl Pts',(13.8655986476896,0.2,89.9030298327241));
#7088=CARTESIAN_POINT('Ctrl Pts',(13.8556487113237,0.,90.0627627968788));
#7089=CARTESIAN_POINT('Ctrl Pts',(13.8556487113237,0.2,90.0627627968788));
#7090=CARTESIAN_POINT('',(14.1621340066195,0.,89.2479091882706));
#7091=CARTESIAN_POINT('Ctrl Pts',(14.1621340066195,0.,89.2479091882706));
#7092=CARTESIAN_POINT('Ctrl Pts',(14.0728058036836,0.,89.360913922833));
#7093=CARTESIAN_POINT('Ctrl Pts',(13.8845313380322,0.,89.5990907283275));
#7094=CARTESIAN_POINT('Ctrl Pts',(13.8655986476896,0.,89.9030298327241));
#7095=CARTESIAN_POINT('Ctrl Pts',(13.8556487113237,0.,90.0627627968788));
#7096=CARTESIAN_POINT('',(14.1621340066195,0.2,89.2479091882706));
#7097=CARTESIAN_POINT('',(14.1621340066195,0.,89.2479091882706));
#7098=CARTESIAN_POINT('Ctrl Pts',(14.1621340066195,0.2,89.2479091882706));
#7099=CARTESIAN_POINT('Ctrl Pts',(14.0728058036836,0.2,89.360913922833));
#7100=CARTESIAN_POINT('Ctrl Pts',(13.8845313380322,0.2,89.5990907283275));
#7101=CARTESIAN_POINT('Ctrl Pts',(13.8655986476896,0.2,89.9030298327241));
#7102=CARTESIAN_POINT('Ctrl Pts',(13.8556487113237,0.2,90.0627627968788));
#7103=CARTESIAN_POINT('Ctrl Pts',(15.004184320569,0.,88.9476999640465));
#7104=CARTESIAN_POINT('Ctrl Pts',(15.004184320569,0.2,88.9476999640465));
#7105=CARTESIAN_POINT('Ctrl Pts',(14.8388571683568,0.,88.9568116525142));
#7106=CARTESIAN_POINT('Ctrl Pts',(14.8388571683568,0.2,88.9568116525142));
#7107=CARTESIAN_POINT('Ctrl Pts',(14.5274442213886,0.,88.9739745789883));
#7108=CARTESIAN_POINT('Ctrl Pts',(14.5274442213886,0.2,88.9739745789883));
#7109=CARTESIAN_POINT('Ctrl Pts',(14.2787827057086,0.,89.1604380075688));
#7110=CARTESIAN_POINT('Ctrl Pts',(14.2787827057086,0.2,89.1604380075688));
#7111=CARTESIAN_POINT('Ctrl Pts',(14.1621340066195,0.,89.2479091882706));
#7112=CARTESIAN_POINT('Ctrl Pts',(14.1621340066195,0.2,89.2479091882706));
#7113=CARTESIAN_POINT('',(15.004184320569,0.,88.9476999640465));
#7114=CARTESIAN_POINT('Ctrl Pts',(15.004184320569,0.,88.9476999640465));
#7115=CARTESIAN_POINT('Ctrl Pts',(14.8388571683568,0.,88.9568116525142));
#7116=CARTESIAN_POINT('Ctrl Pts',(14.5274442213886,0.,88.9739745789883));
#7117=CARTESIAN_POINT('Ctrl Pts',(14.2787827057086,0.,89.1604380075688));
#7118=CARTESIAN_POINT('Ctrl Pts',(14.1621340066195,0.,89.2479091882706));
#7119=CARTESIAN_POINT('',(15.004184320569,0.2,88.9476999640465));
#7120=CARTESIAN_POINT('',(15.004184320569,0.,88.9476999640465));
#7121=CARTESIAN_POINT('Ctrl Pts',(15.004184320569,0.2,88.9476999640465));
#7122=CARTESIAN_POINT('Ctrl Pts',(14.8388571683568,0.2,88.9568116525142));
#7123=CARTESIAN_POINT('Ctrl Pts',(14.5274442213886,0.2,88.9739745789883));
#7124=CARTESIAN_POINT('Ctrl Pts',(14.2787827057086,0.2,89.1604380075688));
#7125=CARTESIAN_POINT('Ctrl Pts',(14.1621340066195,0.2,89.2479091882706));
#7126=CARTESIAN_POINT('Ctrl Pts',(15.8608794957399,0.,89.2573234438896));
#7127=CARTESIAN_POINT('Ctrl Pts',(15.8608794957399,0.2,89.2573234438896));
#7128=CARTESIAN_POINT('Ctrl Pts',(15.7421682858971,0.,89.1671018961108));
#7129=CARTESIAN_POINT('Ctrl Pts',(15.7421682858971,0.2,89.1671018961108));
#7130=CARTESIAN_POINT('Ctrl Pts',(15.4898266466827,0.,88.9753200644784));
#7131=CARTESIAN_POINT('Ctrl Pts',(15.4898266466827,0.2,88.9753200644784));
#7132=CARTESIAN_POINT('Ctrl Pts',(15.1723223746964,0.,88.9572625365236));
#7133=CARTESIAN_POINT('Ctrl Pts',(15.1723223746964,0.2,88.9572625365236));
#7134=CARTESIAN_POINT('Ctrl Pts',(15.004184320569,0.,88.9476999640465));
#7135=CARTESIAN_POINT('Ctrl Pts',(15.004184320569,0.2,88.9476999640465));
#7136=CARTESIAN_POINT('Ctrl Pts',(15.8608794957399,0.,89.2573234438896));
#7137=CARTESIAN_POINT('Ctrl Pts',(15.7421682858971,0.,89.1671018961108));
#7138=CARTESIAN_POINT('Ctrl Pts',(15.4898266466827,0.,88.9753200644784));
#7139=CARTESIAN_POINT('Ctrl Pts',(15.1723223746964,0.,88.9572625365236));
#7140=CARTESIAN_POINT('Ctrl Pts',(15.004184320569,0.,88.9476999640465));
#7141=CARTESIAN_POINT('Ctrl Pts',(15.8608794957399,0.2,89.2573234438896));
#7142=CARTESIAN_POINT('Ctrl Pts',(15.7421682858971,0.2,89.1671018961108));
#7143=CARTESIAN_POINT('Ctrl Pts',(15.4898266466827,0.2,88.9753200644784));
#7144=CARTESIAN_POINT('Ctrl Pts',(15.1723223746964,0.2,88.9572625365236));
#7145=CARTESIAN_POINT('Ctrl Pts',(15.004184320569,0.2,88.9476999640465));
#7146=CARTESIAN_POINT('Origin',(22.2301269322634,0.2,90.5596247315407));
#7147=CARTESIAN_POINT('Ctrl Pts',(20.2970720082521,0.,89.4539761543274));
#7148=CARTESIAN_POINT('Ctrl Pts',(20.2970720082521,0.2,89.4539761543274));
#7149=CARTESIAN_POINT('Ctrl Pts',(20.4351223474398,0.,89.4905731928482));
#7150=CARTESIAN_POINT('Ctrl Pts',(20.4351223474398,0.2,89.4905731928482));
#7151=CARTESIAN_POINT('Ctrl Pts',(20.7467004737049,0.,89.5731723139823));
#7152=CARTESIAN_POINT('Ctrl Pts',(20.7467004737049,0.2,89.5731723139823));
#7153=CARTESIAN_POINT('Ctrl Pts',(20.7629290409179,0.,89.9037552230008));
#7154=CARTESIAN_POINT('Ctrl Pts',(20.7629290409179,0.2,89.9037552230008));
#7155=CARTESIAN_POINT('Ctrl Pts',(20.7719672471285,0.,90.0878673791885));
#7156=CARTESIAN_POINT('Ctrl Pts',(20.7719672471285,0.2,90.0878673791885));
#7157=CARTESIAN_POINT('',(20.2970720082521,0.,89.4539761543274));
#7158=CARTESIAN_POINT('',(20.7719672471285,0.,90.0878673791885));
#7159=CARTESIAN_POINT('Ctrl Pts',(20.2970720082521,0.,89.4539761543274));
#7160=CARTESIAN_POINT('Ctrl Pts',(20.4351223474398,0.,89.4905731928482));
#7161=CARTESIAN_POINT('Ctrl Pts',(20.7467004737049,0.,89.5731723139823));
#7162=CARTESIAN_POINT('Ctrl Pts',(20.7629290409179,0.,89.9037552230008));
#7163=CARTESIAN_POINT('Ctrl Pts',(20.7719672471285,0.,90.0878673791885));
#7164=CARTESIAN_POINT('',(20.2970720082521,0.2,89.4539761543274));
#7165=CARTESIAN_POINT('',(20.2970720082521,0.,89.4539761543274));
#7166=CARTESIAN_POINT('',(20.7719672471285,0.2,90.0878673791885));
#7167=CARTESIAN_POINT('Ctrl Pts',(20.2970720082521,0.2,89.4539761543274));
#7168=CARTESIAN_POINT('Ctrl Pts',(20.4351223474398,0.2,89.4905731928482));
#7169=CARTESIAN_POINT('Ctrl Pts',(20.7467004737049,0.2,89.5731723139823));
#7170=CARTESIAN_POINT('Ctrl Pts',(20.7629290409179,0.2,89.9037552230008));
#7171=CARTESIAN_POINT('Ctrl Pts',(20.7719672471285,0.2,90.0878673791885));
#7172=CARTESIAN_POINT('',(20.7719672471285,0.,90.0878673791885));
#7173=CARTESIAN_POINT('Ctrl Pts',(19.799163416028,0.,90.0711309909821));
#7174=CARTESIAN_POINT('Ctrl Pts',(19.799163416028,0.2,90.0711309909821));
#7175=CARTESIAN_POINT('Ctrl Pts',(19.8118516055731,0.,89.8915355925643));
#7176=CARTESIAN_POINT('Ctrl Pts',(19.8118516055731,0.2,89.8915355925643));
#7177=CARTESIAN_POINT('Ctrl Pts',(19.8352356710617,0.,89.5605450644715));
#7178=CARTESIAN_POINT('Ctrl Pts',(19.8352356710617,0.2,89.5605450644715));
#7179=CARTESIAN_POINT('Ctrl Pts',(20.1521262142973,0.,89.4874224513115));
#7180=CARTESIAN_POINT('Ctrl Pts',(20.1521262142973,0.2,89.4874224513115));
#7181=CARTESIAN_POINT('Ctrl Pts',(20.2970720082521,0.,89.4539761543274));
#7182=CARTESIAN_POINT('Ctrl Pts',(20.2970720082521,0.2,89.4539761543274));
#7183=CARTESIAN_POINT('',(19.799163416028,0.,90.0711309909821));
#7184=CARTESIAN_POINT('Ctrl Pts',(19.799163416028,0.,90.0711309909821));
#7185=CARTESIAN_POINT('Ctrl Pts',(19.8118516055731,0.,89.8915355925643));
#7186=CARTESIAN_POINT('Ctrl Pts',(19.8352356710617,0.,89.5605450644715));
#7187=CARTESIAN_POINT('Ctrl Pts',(20.1521262142973,0.,89.4874224513115));
#7188=CARTESIAN_POINT('Ctrl Pts',(20.2970720082521,0.,89.4539761543274));
#7189=CARTESIAN_POINT('',(19.799163416028,0.2,90.0711309909821));
#7190=CARTESIAN_POINT('',(19.799163416028,0.,90.0711309909821));
#7191=CARTESIAN_POINT('Ctrl Pts',(19.799163416028,0.2,90.0711309909821));
#7192=CARTESIAN_POINT('Ctrl Pts',(19.8118516055731,0.2,89.8915355925643));
#7193=CARTESIAN_POINT('Ctrl Pts',(19.8352356710617,0.2,89.5605450644715));
#7194=CARTESIAN_POINT('Ctrl Pts',(20.1521262142973,0.2,89.4874224513115));
#7195=CARTESIAN_POINT('Ctrl Pts',(20.2970720082521,0.2,89.4539761543274));
#7196=CARTESIAN_POINT('Ctrl Pts',(19.9288714677095,0.,90.5271980166435));
#7197=CARTESIAN_POINT('Ctrl Pts',(19.9288714677095,0.2,90.5271980166435));
#7198=CARTESIAN_POINT('Ctrl Pts',(19.8911302463094,0.,90.4639505846203));
#7199=CARTESIAN_POINT('Ctrl Pts',(19.8911302463094,0.2,90.4639505846203));
#7200=CARTESIAN_POINT('Ctrl Pts',(19.8076696174241,0.,90.3240857297957));
#7201=CARTESIAN_POINT('Ctrl Pts',(19.8076696174241,0.2,90.3240857297957));
#7202=CARTESIAN_POINT('Ctrl Pts',(19.8021739314196,0.,90.1606567497917));
#7203=CARTESIAN_POINT('Ctrl Pts',(19.8021739314196,0.2,90.1606567497917));
#7204=CARTESIAN_POINT('Ctrl Pts',(19.799163416028,0.,90.0711309909821));
#7205=CARTESIAN_POINT('Ctrl Pts',(19.799163416028,0.2,90.0711309909821));
#7206=CARTESIAN_POINT('',(19.9288714677095,0.,90.5271980166435));
#7207=CARTESIAN_POINT('Ctrl Pts',(19.9288714677095,0.,90.5271980166435));
#7208=CARTESIAN_POINT('Ctrl Pts',(19.8911302463094,0.,90.4639505846203));
#7209=CARTESIAN_POINT('Ctrl Pts',(19.8076696174241,0.,90.3240857297957));
#7210=CARTESIAN_POINT('Ctrl Pts',(19.8021739314196,0.,90.1606567497917));
#7211=CARTESIAN_POINT('Ctrl Pts',(19.799163416028,0.,90.0711309909821));
#7212=CARTESIAN_POINT('',(19.9288714677095,0.2,90.5271980166435));
#7213=CARTESIAN_POINT('',(19.9288714677095,0.,90.5271980166435));
#7214=CARTESIAN_POINT('Ctrl Pts',(19.9288714677095,0.2,90.5271980166435));
#7215=CARTESIAN_POINT('Ctrl Pts',(19.8911302463094,0.2,90.4639505846203));
#7216=CARTESIAN_POINT('Ctrl Pts',(19.8076696174241,0.2,90.3240857297957));
#7217=CARTESIAN_POINT('Ctrl Pts',(19.8021739314196,0.2,90.1606567497917));
#7218=CARTESIAN_POINT('Ctrl Pts',(19.799163416028,0.2,90.0711309909821));
#7219=CARTESIAN_POINT('Ctrl Pts',(20.2928877621889,0.,90.6882858276367));
#7220=CARTESIAN_POINT('Ctrl Pts',(20.2928877621889,0.2,90.6882858276367));
#7221=CARTESIAN_POINT('Ctrl Pts',(20.2199966691605,0.,90.6826006730671));
#7222=CARTESIAN_POINT('Ctrl Pts',(20.2199966691605,0.2,90.6826006730671));
#7223=CARTESIAN_POINT('Ctrl Pts',(20.0793087920668,0.,90.6716276955178));
#7224=CARTESIAN_POINT('Ctrl Pts',(20.0793087920668,0.2,90.6716276955178));
#7225=CARTESIAN_POINT('Ctrl Pts',(19.9777919337913,0.,90.5741648663715));
#7226=CARTESIAN_POINT('Ctrl Pts',(19.9777919337913,0.2,90.5741648663715));
#7227=CARTESIAN_POINT('Ctrl Pts',(19.9288714677095,0.,90.5271980166435));
#7228=CARTESIAN_POINT('Ctrl Pts',(19.9288714677095,0.2,90.5271980166435));
#7229=CARTESIAN_POINT('',(20.2928877621889,0.,90.6882858276367));
#7230=CARTESIAN_POINT('Ctrl Pts',(20.2928877621889,0.,90.6882858276367));
#7231=CARTESIAN_POINT('Ctrl Pts',(20.2199966691605,0.,90.6826006730671));
#7232=CARTESIAN_POINT('Ctrl Pts',(20.0793087920668,0.,90.6716276955178));
#7233=CARTESIAN_POINT('Ctrl Pts',(19.9777919337913,0.,90.5741648663715));
#7234=CARTESIAN_POINT('Ctrl Pts',(19.9288714677095,0.,90.5271980166435));
#7235=CARTESIAN_POINT('',(20.2928877621889,0.2,90.6882858276367));
#7236=CARTESIAN_POINT('',(20.2928877621889,0.,90.6882858276367));
#7237=CARTESIAN_POINT('Ctrl Pts',(20.2928877621889,0.2,90.6882858276367));
#7238=CARTESIAN_POINT('Ctrl Pts',(20.2199966691605,0.2,90.6826006730671));
#7239=CARTESIAN_POINT('Ctrl Pts',(20.0793087920668,0.2,90.6716276955178));
#7240=CARTESIAN_POINT('Ctrl Pts',(19.9777919337913,0.2,90.5741648663715));
#7241=CARTESIAN_POINT('Ctrl Pts',(19.9288714677095,0.2,90.5271980166435));
#7242=CARTESIAN_POINT('Ctrl Pts',(20.7719672471285,0.,90.0878673791885));
#7243=CARTESIAN_POINT('Ctrl Pts',(20.7719672471285,0.2,90.0878673791885));
#7244=CARTESIAN_POINT('Ctrl Pts',(20.7602065082457,0.,90.2625491769917));
#7245=CARTESIAN_POINT('Ctrl Pts',(20.7602065082457,0.2,90.2625491769917));
#7246=CARTESIAN_POINT('Ctrl Pts',(20.7386175369613,0.,90.5832093288991));
#7247=CARTESIAN_POINT('Ctrl Pts',(20.7386175369613,0.2,90.5832093288991));
#7248=CARTESIAN_POINT('Ctrl Pts',(20.4323252455048,0.,90.6554147847563));
#7249=CARTESIAN_POINT('Ctrl Pts',(20.4323252455048,0.2,90.6554147847563));
#7250=CARTESIAN_POINT('Ctrl Pts',(20.2928877621889,0.,90.6882858276367));
#7251=CARTESIAN_POINT('Ctrl Pts',(20.2928877621889,0.2,90.6882858276367));
#7252=CARTESIAN_POINT('Ctrl Pts',(20.7719672471285,0.,90.0878673791885));
#7253=CARTESIAN_POINT('Ctrl Pts',(20.7602065082457,0.,90.2625491769917));
#7254=CARTESIAN_POINT('Ctrl Pts',(20.7386175369613,0.,90.5832093288991));
#7255=CARTESIAN_POINT('Ctrl Pts',(20.4323252455048,0.,90.6554147847563));
#7256=CARTESIAN_POINT('Ctrl Pts',(20.2928877621889,0.,90.6882858276367));
#7257=CARTESIAN_POINT('Ctrl Pts',(20.7719672471285,0.2,90.0878673791885));
#7258=CARTESIAN_POINT('Ctrl Pts',(20.7602065082457,0.2,90.2625491769917));
#7259=CARTESIAN_POINT('Ctrl Pts',(20.7386175369613,0.2,90.5832093288991));
#7260=CARTESIAN_POINT('Ctrl Pts',(20.4323252455048,0.2,90.6554147847563));
#7261=CARTESIAN_POINT('Ctrl Pts',(20.2928877621889,0.2,90.6882858276367));
#7262=CARTESIAN_POINT('Ctrl Pts',(21.445607021451,0.,90.100419819355));
#7263=CARTESIAN_POINT('Ctrl Pts',(21.445607021451,0.2,90.100419819355));
#7264=CARTESIAN_POINT('Ctrl Pts',(21.4356254420343,0.,89.9350787476361));
#7265=CARTESIAN_POINT('Ctrl Pts',(21.4356254420343,0.2,89.9350787476361));
#7266=CARTESIAN_POINT('Ctrl Pts',(21.4166834274388,0.,89.6213114706366));
#7267=CARTESIAN_POINT('Ctrl Pts',(21.4166834274388,0.2,89.6213114706366));
#7268=CARTESIAN_POINT('Ctrl Pts',(21.2239959170217,0.,89.3742125036641));
#7269=CARTESIAN_POINT('Ctrl Pts',(21.2239959170217,0.2,89.3742125036641));
#7270=CARTESIAN_POINT('Ctrl Pts',(21.1328459531069,0.,89.2573234438896));
#7271=CARTESIAN_POINT('Ctrl Pts',(21.1328459531069,0.2,89.2573234438896));
#7272=CARTESIAN_POINT('',(21.445607021451,0.,90.100419819355));
#7273=CARTESIAN_POINT('',(21.1328459531069,0.,89.2573234438896));
#7274=CARTESIAN_POINT('Ctrl Pts',(21.445607021451,0.,90.100419819355));
#7275=CARTESIAN_POINT('Ctrl Pts',(21.4356254420343,0.,89.9350787476361));
#7276=CARTESIAN_POINT('Ctrl Pts',(21.4166834274388,0.,89.6213114706366));
#7277=CARTESIAN_POINT('Ctrl Pts',(21.2239959170217,0.,89.3742125036641));
#7278=CARTESIAN_POINT('Ctrl Pts',(21.1328459531069,0.,89.2573234438896));
#7279=CARTESIAN_POINT('',(21.445607021451,0.2,90.100419819355));
#7280=CARTESIAN_POINT('',(21.445607021451,0.,90.100419819355));
#7281=CARTESIAN_POINT('',(21.1328459531069,0.2,89.2573234438896));
#7282=CARTESIAN_POINT('Ctrl Pts',(21.445607021451,0.2,90.100419819355));
#7283=CARTESIAN_POINT('Ctrl Pts',(21.4356254420343,0.2,89.9350787476361));
#7284=CARTESIAN_POINT('Ctrl Pts',(21.4166834274388,0.2,89.6213114706366));
#7285=CARTESIAN_POINT('Ctrl Pts',(21.2239959170217,0.2,89.3742125036641));
#7286=CARTESIAN_POINT('Ctrl Pts',(21.1328459531069,0.2,89.2573234438896));
#7287=CARTESIAN_POINT('',(21.1328459531069,0.,89.2573234438896));
#7288=CARTESIAN_POINT('Ctrl Pts',(21.1422599107027,0.,90.8943527936935));
#7289=CARTESIAN_POINT('Ctrl Pts',(21.1422599107027,0.2,90.8943527936935));
#7290=CARTESIAN_POINT('Ctrl Pts',(21.2306952540656,0.,90.7830935916607));
#7291=CARTESIAN_POINT('Ctrl Pts',(21.2306952540656,0.2,90.7830935916607));
#7292=CARTESIAN_POINT('Ctrl Pts',(21.4151066418049,0.,90.5510883427926));
#7293=CARTESIAN_POINT('Ctrl Pts',(21.4151066418049,0.2,90.5510883427926));
#7294=CARTESIAN_POINT('Ctrl Pts',(21.435166803898,0.,90.2546827329176));
#7295=CARTESIAN_POINT('Ctrl Pts',(21.435166803898,0.2,90.2546827329176));
#7296=CARTESIAN_POINT('Ctrl Pts',(21.445607021451,0.,90.100419819355));
#7297=CARTESIAN_POINT('Ctrl Pts',(21.445607021451,0.2,90.100419819355));
#7298=CARTESIAN_POINT('',(21.1422599107027,0.,90.8943527936935));
#7299=CARTESIAN_POINT('Ctrl Pts',(21.1422599107027,0.,90.8943527936935));
#7300=CARTESIAN_POINT('Ctrl Pts',(21.2306952540656,0.,90.7830935916607));
#7301=CARTESIAN_POINT('Ctrl Pts',(21.4151066418049,0.,90.5510883427926));
#7302=CARTESIAN_POINT('Ctrl Pts',(21.435166803898,0.,90.2546827329176));
#7303=CARTESIAN_POINT('Ctrl Pts',(21.445607021451,0.,90.100419819355));
#7304=CARTESIAN_POINT('',(21.1422599107027,0.2,90.8943527936935));
#7305=CARTESIAN_POINT('',(21.1422599107027,0.,90.8943527936935));
#7306=CARTESIAN_POINT('Ctrl Pts',(21.1422599107027,0.2,90.8943527936935));
#7307=CARTESIAN_POINT('Ctrl Pts',(21.2306952540656,0.2,90.7830935916607));
#7308=CARTESIAN_POINT('Ctrl Pts',(21.4151066418049,0.2,90.5510883427926));
#7309=CARTESIAN_POINT('Ctrl Pts',(21.435166803898,0.2,90.2546827329176));
#7310=CARTESIAN_POINT('Ctrl Pts',(21.445607021451,0.2,90.100419819355));
#7311=CARTESIAN_POINT('Ctrl Pts',(20.3054405003786,0.,91.1945620179176));
#7312=CARTESIAN_POINT('Ctrl Pts',(20.3054405003786,0.2,91.1945620179176));
#7313=CARTESIAN_POINT('Ctrl Pts',(20.4700321375916,0.,91.1854775716917));
#7314=CARTESIAN_POINT('Ctrl Pts',(20.4700321375916,0.2,91.1854775716917));
#7315=CARTESIAN_POINT('Ctrl Pts',(20.7799270181547,0.,91.168373279968));
#7316=CARTESIAN_POINT('Ctrl Pts',(20.7799270181547,0.2,91.168373279968));
#7317=CARTESIAN_POINT('Ctrl Pts',(21.0266000656949,0.,90.9818225421577));
#7318=CARTESIAN_POINT('Ctrl Pts',(21.0266000656949,0.2,90.9818225421577));
#7319=CARTESIAN_POINT('Ctrl Pts',(21.1422599107027,0.,90.8943527936935));
#7320=CARTESIAN_POINT('Ctrl Pts',(21.1422599107027,0.2,90.8943527936935));
#7321=CARTESIAN_POINT('',(20.3054405003786,0.,91.1945620179176));
#7322=CARTESIAN_POINT('Ctrl Pts',(20.3054405003786,0.,91.1945620179176));
#7323=CARTESIAN_POINT('Ctrl Pts',(20.4700321375916,0.,91.1854775716917));
#7324=CARTESIAN_POINT('Ctrl Pts',(20.7799270181547,0.,91.168373279968));
#7325=CARTESIAN_POINT('Ctrl Pts',(21.0266000656949,0.,90.9818225421577));
#7326=CARTESIAN_POINT('Ctrl Pts',(21.1422599107027,0.,90.8943527936935));
#7327=CARTESIAN_POINT('',(20.3054405003786,0.2,91.1945620179176));
#7328=CARTESIAN_POINT('',(20.3054405003786,0.,91.1945620179176));
#7329=CARTESIAN_POINT('Ctrl Pts',(20.3054405003786,0.2,91.1945620179176));
#7330=CARTESIAN_POINT('Ctrl Pts',(20.4700321375916,0.2,91.1854775716917));
#7331=CARTESIAN_POINT('Ctrl Pts',(20.7799270181547,0.2,91.168373279968));
#7332=CARTESIAN_POINT('Ctrl Pts',(21.0266000656949,0.2,90.9818225421577));
#7333=CARTESIAN_POINT('Ctrl Pts',(21.1422599107027,0.2,90.8943527936935));
#7334=CARTESIAN_POINT('Ctrl Pts',(19.4456077367067,0.,90.8943527936935));
#7335=CARTESIAN_POINT('Ctrl Pts',(19.4456077367067,0.2,90.8943527936935));
#7336=CARTESIAN_POINT('Ctrl Pts',(19.5657569612108,0.,90.9818304475696));
#7337=CARTESIAN_POINT('Ctrl Pts',(19.5657569612108,0.2,90.9818304475696));
#7338=CARTESIAN_POINT('Ctrl Pts',(19.8212318116889,0.,91.1678353147373));
#7339=CARTESIAN_POINT('Ctrl Pts',(19.8212318116889,0.2,91.1678353147373));
#7340=CARTESIAN_POINT('Ctrl Pts',(20.1377696610442,0.,91.1853071473224));
#7341=CARTESIAN_POINT('Ctrl Pts',(20.1377696610442,0.2,91.1853071473224));
#7342=CARTESIAN_POINT('Ctrl Pts',(20.3054405003786,0.,91.1945620179176));
#7343=CARTESIAN_POINT('Ctrl Pts',(20.3054405003786,0.2,91.1945620179176));
#7344=CARTESIAN_POINT('',(19.4456077367067,0.,90.8943527936935));
#7345=CARTESIAN_POINT('Ctrl Pts',(19.4456077367067,0.,90.8943527936935));
#7346=CARTESIAN_POINT('Ctrl Pts',(19.5657569612108,0.,90.9818304475696));
#7347=CARTESIAN_POINT('Ctrl Pts',(19.8212318116889,0.,91.1678353147373));
#7348=CARTESIAN_POINT('Ctrl Pts',(20.1377696610442,0.,91.1853071473224));
#7349=CARTESIAN_POINT('Ctrl Pts',(20.3054405003786,0.,91.1945620179176));
#7350=CARTESIAN_POINT('',(19.4456077367067,0.2,90.8943527936935));
#7351=CARTESIAN_POINT('',(19.4456077367067,0.,90.8943527936935));
#7352=CARTESIAN_POINT('Ctrl Pts',(19.4456077367067,0.2,90.8943527936935));
#7353=CARTESIAN_POINT('Ctrl Pts',(19.5657569612108,0.2,90.9818304475696));
#7354=CARTESIAN_POINT('Ctrl Pts',(19.8212318116889,0.2,91.1678353147373));
#7355=CARTESIAN_POINT('Ctrl Pts',(20.1377696610442,0.2,91.1853071473224));
#7356=CARTESIAN_POINT('Ctrl Pts',(20.3054405003786,0.2,91.1945620179176));
#7357=CARTESIAN_POINT('Ctrl Pts',(19.1276157647371,0.,90.0627627968788));
#7358=CARTESIAN_POINT('Ctrl Pts',(19.1276157647371,0.2,90.0627627968788));
#7359=CARTESIAN_POINT('Ctrl Pts',(19.1376979293539,0.,90.2271254204132));
#7360=CARTESIAN_POINT('Ctrl Pts',(19.1376979293539,0.2,90.2271254204132));
#7361=CARTESIAN_POINT('Ctrl Pts',(19.1568115443061,0.,90.5387215922876));
#7362=CARTESIAN_POINT('Ctrl Pts',(19.1568115443061,0.2,90.5387215922876));
#7363=CARTESIAN_POINT('Ctrl Pts',(19.3529361283062,0.,90.7802345459503));
#7364=CARTESIAN_POINT('Ctrl Pts',(19.3529361283062,0.2,90.7802345459503));
#7365=CARTESIAN_POINT('Ctrl Pts',(19.4456077367067,0.,90.8943527936935));
#7366=CARTESIAN_POINT('Ctrl Pts',(19.4456077367067,0.2,90.8943527936935));
#7367=CARTESIAN_POINT('',(19.1276157647371,0.,90.0627627968788));
#7368=CARTESIAN_POINT('Ctrl Pts',(19.1276157647371,0.,90.0627627968788));
#7369=CARTESIAN_POINT('Ctrl Pts',(19.1376979293539,0.,90.2271254204132));
#7370=CARTESIAN_POINT('Ctrl Pts',(19.1568115443061,0.,90.5387215922876));
#7371=CARTESIAN_POINT('Ctrl Pts',(19.3529361283062,0.,90.7802345459503));
#7372=CARTESIAN_POINT('Ctrl Pts',(19.4456077367067,0.,90.8943527936935));
#7373=CARTESIAN_POINT('',(19.1276157647371,0.2,90.0627627968788));
#7374=CARTESIAN_POINT('',(19.1276157647371,0.,90.0627627968788));
#7375=CARTESIAN_POINT('Ctrl Pts',(19.1276157647371,0.2,90.0627627968788));
#7376=CARTESIAN_POINT('Ctrl Pts',(19.1376979293539,0.2,90.2271254204132));
#7377=CARTESIAN_POINT('Ctrl Pts',(19.1568115443061,0.2,90.5387215922876));
#7378=CARTESIAN_POINT('Ctrl Pts',(19.3529361283062,0.2,90.7802345459503));
#7379=CARTESIAN_POINT('Ctrl Pts',(19.4456077367067,0.2,90.8943527936935));
#7380=CARTESIAN_POINT('Ctrl Pts',(19.4341016560793,0.,89.2479091882706));
#7381=CARTESIAN_POINT('Ctrl Pts',(19.4341016560793,0.2,89.2479091882706));
#7382=CARTESIAN_POINT('Ctrl Pts',(19.3447734959476,0.,89.360913930257));
#7383=CARTESIAN_POINT('Ctrl Pts',(19.3447734959476,0.2,89.360913930257));
#7384=CARTESIAN_POINT('Ctrl Pts',(19.1564990998247,0.,89.5990907775708));
#7385=CARTESIAN_POINT('Ctrl Pts',(19.1564990998247,0.2,89.5990907775708));
#7386=CARTESIAN_POINT('Ctrl Pts',(19.1375659457835,0.,89.903029839301));
#7387=CARTESIAN_POINT('Ctrl Pts',(19.1375659457835,0.2,89.903029839301));
#7388=CARTESIAN_POINT('Ctrl Pts',(19.1276157647371,0.,90.0627627968788));
#7389=CARTESIAN_POINT('Ctrl Pts',(19.1276157647371,0.2,90.0627627968788));
#7390=CARTESIAN_POINT('',(19.4341016560793,0.,89.2479091882706));
#7391=CARTESIAN_POINT('Ctrl Pts',(19.4341016560793,0.,89.2479091882706));
#7392=CARTESIAN_POINT('Ctrl Pts',(19.3447734959476,0.,89.360913930257));
#7393=CARTESIAN_POINT('Ctrl Pts',(19.1564990998247,0.,89.5990907775708));
#7394=CARTESIAN_POINT('Ctrl Pts',(19.1375659457835,0.,89.903029839301));
#7395=CARTESIAN_POINT('Ctrl Pts',(19.1276157647371,0.,90.0627627968788));
#7396=CARTESIAN_POINT('',(19.4341016560793,0.2,89.2479091882706));
#7397=CARTESIAN_POINT('',(19.4341016560793,0.,89.2479091882706));
#7398=CARTESIAN_POINT('Ctrl Pts',(19.4341016560793,0.2,89.2479091882706));
#7399=CARTESIAN_POINT('Ctrl Pts',(19.3447734959476,0.2,89.360913930257));
#7400=CARTESIAN_POINT('Ctrl Pts',(19.1564990998247,0.2,89.5990907775708));
#7401=CARTESIAN_POINT('Ctrl Pts',(19.1375659457835,0.2,89.903029839301));
#7402=CARTESIAN_POINT('Ctrl Pts',(19.1276157647371,0.2,90.0627627968788));
#7403=CARTESIAN_POINT('Ctrl Pts',(20.276150777936,0.,88.9476999640465));
#7404=CARTESIAN_POINT('Ctrl Pts',(20.276150777936,0.2,88.9476999640465));
#7405=CARTESIAN_POINT('Ctrl Pts',(20.1108235861042,0.,88.9568115814137));
#7406=CARTESIAN_POINT('Ctrl Pts',(20.1108235861042,0.2,88.9568115814137));
#7407=CARTESIAN_POINT('Ctrl Pts',(19.7994109106415,0.,88.9739743548854));
#7408=CARTESIAN_POINT('Ctrl Pts',(19.7994109106415,0.2,88.9739743548854));
#7409=CARTESIAN_POINT('Ctrl Pts',(19.5507499486829,0.,89.1604380109052));
#7410=CARTESIAN_POINT('Ctrl Pts',(19.5507499486829,0.2,89.1604380109052));
#7411=CARTESIAN_POINT('Ctrl Pts',(19.4341016560793,0.,89.2479091882706));
#7412=CARTESIAN_POINT('Ctrl Pts',(19.4341016560793,0.2,89.2479091882706));
#7413=CARTESIAN_POINT('',(20.276150777936,0.,88.9476999640465));
#7414=CARTESIAN_POINT('Ctrl Pts',(20.276150777936,0.,88.9476999640465));
#7415=CARTESIAN_POINT('Ctrl Pts',(20.1108235861042,0.,88.9568115814137));
#7416=CARTESIAN_POINT('Ctrl Pts',(19.7994109106415,0.,88.9739743548854));
#7417=CARTESIAN_POINT('Ctrl Pts',(19.5507499486829,0.,89.1604380109052));
#7418=CARTESIAN_POINT('Ctrl Pts',(19.4341016560793,0.,89.2479091882706));
#7419=CARTESIAN_POINT('',(20.276150777936,0.2,88.9476999640465));
#7420=CARTESIAN_POINT('',(20.276150777936,0.,88.9476999640465));
#7421=CARTESIAN_POINT('Ctrl Pts',(20.276150777936,0.2,88.9476999640465));
#7422=CARTESIAN_POINT('Ctrl Pts',(20.1108235861042,0.2,88.9568115814137));
#7423=CARTESIAN_POINT('Ctrl Pts',(19.7994109106415,0.2,88.9739743548854));
#7424=CARTESIAN_POINT('Ctrl Pts',(19.5507499486829,0.2,89.1604380109052));
#7425=CARTESIAN_POINT('Ctrl Pts',(19.4341016560793,0.2,89.2479091882706));
#7426=CARTESIAN_POINT('Ctrl Pts',(21.1328459531069,0.,89.2573234438896));
#7427=CARTESIAN_POINT('Ctrl Pts',(21.1328459531069,0.2,89.2573234438896));
#7428=CARTESIAN_POINT('Ctrl Pts',(21.014134743264,0.,89.1671018961108));
#7429=CARTESIAN_POINT('Ctrl Pts',(21.014134743264,0.2,89.1671018961108));
#7430=CARTESIAN_POINT('Ctrl Pts',(20.7617931040496,0.,88.9753200644784));
#7431=CARTESIAN_POINT('Ctrl Pts',(20.7617931040496,0.2,88.9753200644784));
#7432=CARTESIAN_POINT('Ctrl Pts',(20.4442888320633,0.,88.9572625365236));
#7433=CARTESIAN_POINT('Ctrl Pts',(20.4442888320633,0.2,88.9572625365236));
#7434=CARTESIAN_POINT('Ctrl Pts',(20.276150777936,0.,88.9476999640465));
#7435=CARTESIAN_POINT('Ctrl Pts',(20.276150777936,0.2,88.9476999640465));
#7436=CARTESIAN_POINT('Ctrl Pts',(21.1328459531069,0.,89.2573234438896));
#7437=CARTESIAN_POINT('Ctrl Pts',(21.014134743264,0.,89.1671018961108));
#7438=CARTESIAN_POINT('Ctrl Pts',(20.7617931040496,0.,88.9753200644784));
#7439=CARTESIAN_POINT('Ctrl Pts',(20.4442888320633,0.,88.9572625365236));
#7440=CARTESIAN_POINT('Ctrl Pts',(20.276150777936,0.,88.9476999640465));
#7441=CARTESIAN_POINT('Ctrl Pts',(21.1328459531069,0.2,89.2573234438896));
#7442=CARTESIAN_POINT('Ctrl Pts',(21.014134743264,0.2,89.1671018961108));
#7443=CARTESIAN_POINT('Ctrl Pts',(20.7617931040496,0.2,88.9753200644784));
#7444=CARTESIAN_POINT('Ctrl Pts',(20.4442888320633,0.2,88.9572625365236));
#7445=CARTESIAN_POINT('Ctrl Pts',(20.276150777936,0.2,88.9476999640465));
#7446=CARTESIAN_POINT('Origin',(22.2301269322634,0.2,90.5596247315407));
#7447=CARTESIAN_POINT('Ctrl Pts',(38.19979198277,0.,90.6171560287476));
#7448=CARTESIAN_POINT('Ctrl Pts',(38.19979198277,0.2,90.6171560287476));
#7449=CARTESIAN_POINT('Ctrl Pts',(38.1647619197188,0.,90.5695229407217));
#7450=CARTESIAN_POINT('Ctrl Pts',(38.1647619197188,0.2,90.5695229407217));
#7451=CARTESIAN_POINT('Ctrl Pts',(38.0923632382601,0.,90.4710768499502));
#7452=CARTESIAN_POINT('Ctrl Pts',(38.0923632382601,0.2,90.4710768499502));
#7453=CARTESIAN_POINT('Ctrl Pts',(38.0700803614265,0.,90.3507903021087));
#7454=CARTESIAN_POINT('Ctrl Pts',(38.0700803614265,0.2,90.3507903021087));
#7455=CARTESIAN_POINT('Ctrl Pts',(38.0585790425539,0.,90.2887043356895));
#7456=CARTESIAN_POINT('Ctrl Pts',(38.0585790425539,0.2,90.2887043356895));
#7457=CARTESIAN_POINT('',(38.19979198277,0.,90.6171560287476));
#7458=CARTESIAN_POINT('',(38.0585790425539,0.,90.2887043356895));
#7459=CARTESIAN_POINT('Ctrl Pts',(38.19979198277,0.,90.6171560287476));
#7460=CARTESIAN_POINT('Ctrl Pts',(38.1647619197188,0.,90.5695229407217));
#7461=CARTESIAN_POINT('Ctrl Pts',(38.0923632382601,0.,90.4710768499502));
#7462=CARTESIAN_POINT('Ctrl Pts',(38.0700803614265,0.,90.3507903021087));
#7463=CARTESIAN_POINT('Ctrl Pts',(38.0585790425539,0.,90.2887043356895));
#7464=CARTESIAN_POINT('',(38.19979198277,0.2,90.6171560287476));
#7465=CARTESIAN_POINT('',(38.19979198277,0.,90.6171560287476));
#7466=CARTESIAN_POINT('',(38.0585790425539,0.2,90.2887043356895));
#7467=CARTESIAN_POINT('Ctrl Pts',(38.19979198277,0.2,90.6171560287476));
#7468=CARTESIAN_POINT('Ctrl Pts',(38.1647619197188,0.2,90.5695229407217));
#7469=CARTESIAN_POINT('Ctrl Pts',(38.0923632382601,0.2,90.4710768499502));
#7470=CARTESIAN_POINT('Ctrl Pts',(38.0700803614265,0.2,90.3507903021087));
#7471=CARTESIAN_POINT('Ctrl Pts',(38.0585790425539,0.2,90.2887043356895));
#7472=CARTESIAN_POINT('',(38.0585790425539,0.,90.2887043356895));
#7473=CARTESIAN_POINT('Ctrl Pts',(38.4748960286379,0.,90.748955309391));
#7474=CARTESIAN_POINT('Ctrl Pts',(38.4748960286379,0.2,90.748955309391));
#7475=CARTESIAN_POINT('Ctrl Pts',(38.4231668964121,0.,90.7428635983446));
#7476=CARTESIAN_POINT('Ctrl Pts',(38.4231668964121,0.2,90.7428635983446));
#7477=CARTESIAN_POINT('Ctrl Pts',(38.3166731036334,0.,90.7303227072464));
#7478=CARTESIAN_POINT('Ctrl Pts',(38.3166731036334,0.2,90.7303227072464));
#7479=CARTESIAN_POINT('Ctrl Pts',(38.2394857462712,0.,90.6555883379124));
#7480=CARTESIAN_POINT('Ctrl Pts',(38.2394857462712,0.2,90.6555883379124));
#7481=CARTESIAN_POINT('Ctrl Pts',(38.19979198277,0.,90.6171560287476));
#7482=CARTESIAN_POINT('Ctrl Pts',(38.19979198277,0.2,90.6171560287476));
#7483=CARTESIAN_POINT('',(38.4748960286379,0.,90.748955309391));
#7484=CARTESIAN_POINT('Ctrl Pts',(38.4748960286379,0.,90.748955309391));
#7485=CARTESIAN_POINT('Ctrl Pts',(38.4231668964121,0.,90.7428635983446));
#7486=CARTESIAN_POINT('Ctrl Pts',(38.3166731036334,0.,90.7303227072464));
#7487=CARTESIAN_POINT('Ctrl Pts',(38.2394857462712,0.,90.6555883379124));
#7488=CARTESIAN_POINT('Ctrl Pts',(38.19979198277,0.,90.6171560287476));
#7489=CARTESIAN_POINT('',(38.4748960286379,0.2,90.748955309391));
#7490=CARTESIAN_POINT('',(38.4748960286379,0.,90.748955309391));
#7491=CARTESIAN_POINT('Ctrl Pts',(38.4748960286379,0.2,90.748955309391));
#7492=CARTESIAN_POINT('Ctrl Pts',(38.4231668964121,0.2,90.7428635983446));
#7493=CARTESIAN_POINT('Ctrl Pts',(38.3166731036334,0.2,90.7303227072464));
#7494=CARTESIAN_POINT('Ctrl Pts',(38.2394857462712,0.2,90.6555883379124));
#7495=CARTESIAN_POINT('Ctrl Pts',(38.19979198277,0.2,90.6171560287476));
#7496=CARTESIAN_POINT('Ctrl Pts',(38.8472820073366,0.,90.2887043356895));
#7497=CARTESIAN_POINT('Ctrl Pts',(38.8472820073366,0.2,90.2887043356895));
#7498=CARTESIAN_POINT('Ctrl Pts',(38.8377025375893,0.,90.4226482188325));
#7499=CARTESIAN_POINT('Ctrl Pts',(38.8377025375893,0.2,90.4226482188325));
#7500=CARTESIAN_POINT('Ctrl Pts',(38.8200296085828,0.,90.6697580067538));
#7501=CARTESIAN_POINT('Ctrl Pts',(38.8200296085828,0.2,90.6697580067538));
#7502=CARTESIAN_POINT('Ctrl Pts',(38.5833056566957,0.,90.7240787090803));
#7503=CARTESIAN_POINT('Ctrl Pts',(38.5833056566957,0.2,90.7240787090803));
#7504=CARTESIAN_POINT('Ctrl Pts',(38.4748960286379,0.,90.748955309391));
#7505=CARTESIAN_POINT('Ctrl Pts',(38.4748960286379,0.2,90.748955309391));
#7506=CARTESIAN_POINT('',(38.8472820073366,0.,90.2887043356895));
#7507=CARTESIAN_POINT('Ctrl Pts',(38.8472820073366,0.,90.2887043356895));
#7508=CARTESIAN_POINT('Ctrl Pts',(38.8377025375893,0.,90.4226482188325));
#7509=CARTESIAN_POINT('Ctrl Pts',(38.8200296085828,0.,90.6697580067538));
#7510=CARTESIAN_POINT('Ctrl Pts',(38.5833056566957,0.,90.7240787090803));
#7511=CARTESIAN_POINT('Ctrl Pts',(38.4748960286379,0.,90.748955309391));
#7512=CARTESIAN_POINT('',(38.8472820073366,0.2,90.2887043356895));
#7513=CARTESIAN_POINT('',(38.8472820073366,0.,90.2887043356895));
#7514=CARTESIAN_POINT('Ctrl Pts',(38.8472820073366,0.2,90.2887043356895));
#7515=CARTESIAN_POINT('Ctrl Pts',(38.8377025375893,0.2,90.4226482188325));
#7516=CARTESIAN_POINT('Ctrl Pts',(38.8200296085828,0.2,90.6697580067538));
#7517=CARTESIAN_POINT('Ctrl Pts',(38.5833056566957,0.2,90.7240787090803));
#7518=CARTESIAN_POINT('Ctrl Pts',(38.4748960286379,0.2,90.748955309391));
#7519=CARTESIAN_POINT('Origin',(38.0585790425539,0.,90.2887043356895));
#7520=CARTESIAN_POINT('',(35.3542895212769,0.,90.2887043356895));
#7521=CARTESIAN_POINT('',(38.0585790425539,0.2,90.2887043356895));
#7522=CARTESIAN_POINT('Ctrl Pts',(39.2039776593447,0.,90.9163191914558));
#7523=CARTESIAN_POINT('Ctrl Pts',(39.2039776593447,0.2,90.9163191914558));
#7524=CARTESIAN_POINT('Ctrl Pts',(39.2786432511511,0.,90.8107517376087));
#7525=CARTESIAN_POINT('Ctrl Pts',(39.2786432511511,0.2,90.8107517376087));
#7526=CARTESIAN_POINT('Ctrl Pts',(39.4381831456996,0.,90.5851830379298));
#7527=CARTESIAN_POINT('Ctrl Pts',(39.4381831456996,0.2,90.5851830379298));
#7528=CARTESIAN_POINT('Ctrl Pts',(39.4525896257923,0.,90.3083582120906));
#7529=CARTESIAN_POINT('Ctrl Pts',(39.4525896257923,0.2,90.3083582120906));
#7530=CARTESIAN_POINT('Ctrl Pts',(39.4602537900209,0.,90.1610890030861));
#7531=CARTESIAN_POINT('Ctrl Pts',(39.4602537900209,0.2,90.1610890030861));
#7532=CARTESIAN_POINT('',(39.2039776593447,0.,90.9163191914558));
#7533=CARTESIAN_POINT('',(39.4602537900209,0.,90.1610890030861));
#7534=CARTESIAN_POINT('Ctrl Pts',(39.2039776593447,0.,90.9163191914558));
#7535=CARTESIAN_POINT('Ctrl Pts',(39.2786432511511,0.,90.8107517376087));
#7536=CARTESIAN_POINT('Ctrl Pts',(39.4381831456996,0.,90.5851830379298));
#7537=CARTESIAN_POINT('Ctrl Pts',(39.4525896257923,0.,90.3083582120906));
#7538=CARTESIAN_POINT('Ctrl Pts',(39.4602537900209,0.,90.1610890030861));
#7539=CARTESIAN_POINT('',(39.2039776593447,0.2,90.9163191914558));
#7540=CARTESIAN_POINT('',(39.2039776593447,0.,90.9163191914558));
#7541=CARTESIAN_POINT('',(39.4602537900209,0.2,90.1610890030861));
#7542=CARTESIAN_POINT('Ctrl Pts',(39.2039776593447,0.2,90.9163191914558));
#7543=CARTESIAN_POINT('Ctrl Pts',(39.2786432511511,0.2,90.8107517376087));
#7544=CARTESIAN_POINT('Ctrl Pts',(39.4381831456996,0.2,90.5851830379298));
#7545=CARTESIAN_POINT('Ctrl Pts',(39.4525896257923,0.2,90.3083582120906));
#7546=CARTESIAN_POINT('Ctrl Pts',(39.4602537900209,0.2,90.1610890030861));
#7547=CARTESIAN_POINT('',(39.4602537900209,0.,90.1610890030861));
#7548=CARTESIAN_POINT('Ctrl Pts',(38.4790802747011,0.,91.1945620179176));
#7549=CARTESIAN_POINT('Ctrl Pts',(38.4790802747011,0.2,91.1945620179176));
#7550=CARTESIAN_POINT('Ctrl Pts',(38.6234477997626,0.,91.1860510766368));
#7551=CARTESIAN_POINT('Ctrl Pts',(38.6234477997626,0.2,91.1860510766368));
#7552=CARTESIAN_POINT('Ctrl Pts',(38.8956837544563,0.,91.1700018701139));
#7553=CARTESIAN_POINT('Ctrl Pts',(38.8956837544563,0.2,91.1700018701139));
#7554=CARTESIAN_POINT('Ctrl Pts',(39.105450727305,0.,90.9973930487182));
#7555=CARTESIAN_POINT('Ctrl Pts',(39.105450727305,0.2,90.9973930487182));
#7556=CARTESIAN_POINT('Ctrl Pts',(39.2039776593447,0.,90.9163191914558));
#7557=CARTESIAN_POINT('Ctrl Pts',(39.2039776593447,0.2,90.9163191914558));
#7558=CARTESIAN_POINT('',(38.4790802747011,0.,91.1945620179176));
#7559=CARTESIAN_POINT('Ctrl Pts',(38.4790802747011,0.,91.1945620179176));
#7560=CARTESIAN_POINT('Ctrl Pts',(38.6234477997626,0.,91.1860510766368));
#7561=CARTESIAN_POINT('Ctrl Pts',(38.8956837544563,0.,91.1700018701139));
#7562=CARTESIAN_POINT('Ctrl Pts',(39.105450727305,0.,90.9973930487182));
#7563=CARTESIAN_POINT('Ctrl Pts',(39.2039776593447,0.,90.9163191914558));
#7564=CARTESIAN_POINT('',(38.4790802747011,0.2,91.1945620179176));
#7565=CARTESIAN_POINT('',(38.4790802747011,0.,91.1945620179176));
#7566=CARTESIAN_POINT('Ctrl Pts',(38.4790802747011,0.2,91.1945620179176));
#7567=CARTESIAN_POINT('Ctrl Pts',(38.6234477997626,0.2,91.1860510766368));
#7568=CARTESIAN_POINT('Ctrl Pts',(38.8956837544563,0.2,91.1700018701139));
#7569=CARTESIAN_POINT('Ctrl Pts',(39.105450727305,0.2,90.9973930487182));
#7570=CARTESIAN_POINT('Ctrl Pts',(39.2039776593447,0.2,90.9163191914558));
#7571=CARTESIAN_POINT('Ctrl Pts',(37.7175737172365,0.,90.8828464150429));
#7572=CARTESIAN_POINT('Ctrl Pts',(37.7175737172365,0.2,90.8828464150429));
#7573=CARTESIAN_POINT('Ctrl Pts',(37.8272952371929,0.,90.9737618550966));
#7574=CARTESIAN_POINT('Ctrl Pts',(37.8272952371929,0.2,90.9737618550966));
#7575=CARTESIAN_POINT('Ctrl Pts',(38.048486951333,0.,91.1570416896749));
#7576=CARTESIAN_POINT('Ctrl Pts',(38.048486951333,0.2,91.1570416896749));
#7577=CARTESIAN_POINT('Ctrl Pts',(38.33479467972,0.,91.1819894985807));
#7578=CARTESIAN_POINT('Ctrl Pts',(38.33479467972,0.2,91.1819894985807));
#7579=CARTESIAN_POINT('Ctrl Pts',(38.4790802747011,0.,91.1945620179176));
#7580=CARTESIAN_POINT('Ctrl Pts',(38.4790802747011,0.2,91.1945620179176));
#7581=CARTESIAN_POINT('',(37.7175737172365,0.,90.8828464150429));
#7582=CARTESIAN_POINT('Ctrl Pts',(37.7175737172365,0.,90.8828464150429));
#7583=CARTESIAN_POINT('Ctrl Pts',(37.8272952371929,0.,90.9737618550966));
#7584=CARTESIAN_POINT('Ctrl Pts',(38.048486951333,0.,91.1570416896749));
#7585=CARTESIAN_POINT('Ctrl Pts',(38.33479467972,0.,91.1819894985807));
#7586=CARTESIAN_POINT('Ctrl Pts',(38.4790802747011,0.,91.1945620179176));
#7587=CARTESIAN_POINT('',(37.7175737172365,0.2,90.8828464150429));
#7588=CARTESIAN_POINT('',(37.7175737172365,0.,90.8828464150429));
#7589=CARTESIAN_POINT('Ctrl Pts',(37.7175737172365,0.2,90.8828464150429));
#7590=CARTESIAN_POINT('Ctrl Pts',(37.8272952371929,0.2,90.9737618550966));
#7591=CARTESIAN_POINT('Ctrl Pts',(38.048486951333,0.2,91.1570416896749));
#7592=CARTESIAN_POINT('Ctrl Pts',(38.33479467972,0.2,91.1819894985807));
#7593=CARTESIAN_POINT('Ctrl Pts',(38.4790802747011,0.2,91.1945620179176));
#7594=CARTESIAN_POINT('Ctrl Pts',(37.4079514294863,0.,90.0376582145691));
#7595=CARTESIAN_POINT('Ctrl Pts',(37.4079514294863,0.2,90.0376582145691));
#7596=CARTESIAN_POINT('Ctrl Pts',(37.4178132491812,0.,90.2030436746555));
#7597=CARTESIAN_POINT('Ctrl Pts',(37.4178132491812,0.2,90.2030436746555));
#7598=CARTESIAN_POINT('Ctrl Pts',(37.4365220417096,0.,90.5167953306044));
#7599=CARTESIAN_POINT('Ctrl Pts',(37.4365220417096,0.2,90.5167953306044));
#7600=CARTESIAN_POINT('Ctrl Pts',(37.6273400944166,0.,90.7653231324504));
#7601=CARTESIAN_POINT('Ctrl Pts',(37.6273400944166,0.2,90.7653231324504));
#7602=CARTESIAN_POINT('Ctrl Pts',(37.7175737172365,0.,90.8828464150429));
#7603=CARTESIAN_POINT('Ctrl Pts',(37.7175737172365,0.2,90.8828464150429));
#7604=CARTESIAN_POINT('',(37.4079514294863,0.,90.0376582145691));
#7605=CARTESIAN_POINT('Ctrl Pts',(37.4079514294863,0.,90.0376582145691));
#7606=CARTESIAN_POINT('Ctrl Pts',(37.4178132491812,0.,90.2030436746555));
#7607=CARTESIAN_POINT('Ctrl Pts',(37.4365220417096,0.,90.5167953306044));
#7608=CARTESIAN_POINT('Ctrl Pts',(37.6273400944166,0.,90.7653231324504));
#7609=CARTESIAN_POINT('Ctrl Pts',(37.7175737172365,0.,90.8828464150429));
#7610=CARTESIAN_POINT('',(37.4079514294863,0.2,90.0376582145691));
#7611=CARTESIAN_POINT('',(37.4079514294863,0.,90.0376582145691));
#7612=CARTESIAN_POINT('Ctrl Pts',(37.4079514294863,0.2,90.0376582145691));
#7613=CARTESIAN_POINT('Ctrl Pts',(37.4178132491812,0.2,90.2030436746555));
#7614=CARTESIAN_POINT('Ctrl Pts',(37.4365220417096,0.2,90.5167953306044));
#7615=CARTESIAN_POINT('Ctrl Pts',(37.6273400944166,0.2,90.7653231324504));
#7616=CARTESIAN_POINT('Ctrl Pts',(37.7175737172365,0.2,90.8828464150429));
#7617=CARTESIAN_POINT('Ctrl Pts',(37.6945615559816,0.,89.2353570461273));
#7618=CARTESIAN_POINT('Ctrl Pts',(37.6945615559816,0.2,89.2353570461273));
#7619=CARTESIAN_POINT('Ctrl Pts',(37.6110645926028,0.,89.3457459443011));
#7620=CARTESIAN_POINT('Ctrl Pts',(37.6110645926028,0.2,89.3457459443011));
#7621=CARTESIAN_POINT('Ctrl Pts',(37.4322472411664,0.,89.5821551453145));
#7622=CARTESIAN_POINT('Ctrl Pts',(37.4322472411664,0.2,89.5821551453145));
#7623=CARTESIAN_POINT('Ctrl Pts',(37.4163993221471,0.,89.8792753176979));
#7624=CARTESIAN_POINT('Ctrl Pts',(37.4163993221471,0.2,89.8792753176979));
#7625=CARTESIAN_POINT('Ctrl Pts',(37.4079514294863,0.,90.0376582145691));
#7626=CARTESIAN_POINT('Ctrl Pts',(37.4079514294863,0.2,90.0376582145691));
#7627=CARTESIAN_POINT('',(37.6945615559816,0.,89.2353570461273));
#7628=CARTESIAN_POINT('Ctrl Pts',(37.6945615559816,0.,89.2353570461273));
#7629=CARTESIAN_POINT('Ctrl Pts',(37.6110645926028,0.,89.3457459443011));
#7630=CARTESIAN_POINT('Ctrl Pts',(37.4322472411664,0.,89.5821551453145));
#7631=CARTESIAN_POINT('Ctrl Pts',(37.4163993221471,0.,89.8792753176979));
#7632=CARTESIAN_POINT('Ctrl Pts',(37.4079514294863,0.,90.0376582145691));
#7633=CARTESIAN_POINT('',(37.6945615559816,0.2,89.2353570461273));
#7634=CARTESIAN_POINT('',(37.6945615559816,0.,89.2353570461273));
#7635=CARTESIAN_POINT('Ctrl Pts',(37.6945615559816,0.2,89.2353570461273));
#7636=CARTESIAN_POINT('Ctrl Pts',(37.6110645926028,0.2,89.3457459443011));
#7637=CARTESIAN_POINT('Ctrl Pts',(37.4322472411664,0.2,89.5821551453145));
#7638=CARTESIAN_POINT('Ctrl Pts',(37.4163993221471,0.2,89.8792753176979));
#7639=CARTESIAN_POINT('Ctrl Pts',(37.4079514294863,0.2,90.0376582145691));
#7640=CARTESIAN_POINT('Ctrl Pts',(38.5000015050173,0.,88.9476999640465));
#7641=CARTESIAN_POINT('Ctrl Pts',(38.5000015050173,0.2,88.9476999640465));
#7642=CARTESIAN_POINT('Ctrl Pts',(38.3405810122905,0.,88.9560439443624));
#7643=CARTESIAN_POINT('Ctrl Pts',(38.3405810122905,0.2,88.9560439443624));
#7644=CARTESIAN_POINT('Ctrl Pts',(38.0421584307761,0.,88.9716632170379));
#7645=CARTESIAN_POINT('Ctrl Pts',(38.0421584307761,0.2,88.9716632170379));
#7646=CARTESIAN_POINT('Ctrl Pts',(37.8050187270852,0.,89.1515620625968));
#7647=CARTESIAN_POINT('Ctrl Pts',(37.8050187270852,0.2,89.1515620625968));
#7648=CARTESIAN_POINT('Ctrl Pts',(37.6945615559816,0.,89.2353570461273));
#7649=CARTESIAN_POINT('Ctrl Pts',(37.6945615559816,0.2,89.2353570461273));
#7650=CARTESIAN_POINT('',(38.5000015050173,0.,88.9476999640465));
#7651=CARTESIAN_POINT('Ctrl Pts',(38.5000015050173,0.,88.9476999640465));
#7652=CARTESIAN_POINT('Ctrl Pts',(38.3405810122905,0.,88.9560439443624));
#7653=CARTESIAN_POINT('Ctrl Pts',(38.0421584307761,0.,88.9716632170379));
#7654=CARTESIAN_POINT('Ctrl Pts',(37.8050187270852,0.,89.1515620625968));
#7655=CARTESIAN_POINT('Ctrl Pts',(37.6945615559816,0.,89.2353570461273));
#7656=CARTESIAN_POINT('',(38.5000015050173,0.2,88.9476999640465));
#7657=CARTESIAN_POINT('',(38.5000015050173,0.,88.9476999640465));
#7658=CARTESIAN_POINT('Ctrl Pts',(38.5000015050173,0.2,88.9476999640465));
#7659=CARTESIAN_POINT('Ctrl Pts',(38.3405810122905,0.2,88.9560439443624));
#7660=CARTESIAN_POINT('Ctrl Pts',(38.0421584307761,0.2,88.9716632170379));
#7661=CARTESIAN_POINT('Ctrl Pts',(37.8050187270852,0.2,89.1515620625968));
#7662=CARTESIAN_POINT('Ctrl Pts',(37.6945615559816,0.2,89.2353570461273));
#7663=CARTESIAN_POINT('Ctrl Pts',(39.2719674855471,0.,89.1066959500313));
#7664=CARTESIAN_POINT('Ctrl Pts',(39.2719674855471,0.2,89.1066959500313));
#7665=CARTESIAN_POINT('Ctrl Pts',(39.1595447180482,0.,89.0604181991317));
#7666=CARTESIAN_POINT('Ctrl Pts',(39.1595447180482,0.2,89.0604181991317));
#7667=CARTESIAN_POINT('Ctrl Pts',(38.9127806350744,0.,88.9588401378824));
#7668=CARTESIAN_POINT('Ctrl Pts',(38.9127806350744,0.2,88.9588401378824));
#7669=CARTESIAN_POINT('Ctrl Pts',(38.6455079490566,0.,88.9516269239212));
#7670=CARTESIAN_POINT('Ctrl Pts',(38.6455079490566,0.2,88.9516269239212));
#7671=CARTESIAN_POINT('Ctrl Pts',(38.5000015050173,0.,88.9476999640465));
#7672=CARTESIAN_POINT('Ctrl Pts',(38.5000015050173,0.2,88.9476999640465));
#7673=CARTESIAN_POINT('',(39.2719674855471,0.,89.1066959500313));
#7674=CARTESIAN_POINT('Ctrl Pts',(39.2719674855471,0.,89.1066959500313));
#7675=CARTESIAN_POINT('Ctrl Pts',(39.1595447180482,0.,89.0604181991317));
#7676=CARTESIAN_POINT('Ctrl Pts',(38.9127806350744,0.,88.9588401378824));
#7677=CARTESIAN_POINT('Ctrl Pts',(38.6455079490566,0.,88.9516269239212));
#7678=CARTESIAN_POINT('Ctrl Pts',(38.5000015050173,0.,88.9476999640465));
#7679=CARTESIAN_POINT('',(39.2719674855471,0.2,89.1066959500313));
#7680=CARTESIAN_POINT('',(39.2719674855471,0.,89.1066959500313));
#7681=CARTESIAN_POINT('Ctrl Pts',(39.2719674855471,0.2,89.1066959500313));
#7682=CARTESIAN_POINT('Ctrl Pts',(39.1595447180482,0.2,89.0604181991317));
#7683=CARTESIAN_POINT('Ctrl Pts',(38.9127806350744,0.2,88.9588401378824));
#7684=CARTESIAN_POINT('Ctrl Pts',(38.6455079490566,0.2,88.9516269239212));
#7685=CARTESIAN_POINT('Ctrl Pts',(38.5000015050173,0.2,88.9476999640465));
#7686=CARTESIAN_POINT('Origin',(39.2719674855471,0.,89.5836833119392));
#7687=CARTESIAN_POINT('',(39.2719674855471,0.,89.5836833119392));
#7688=CARTESIAN_POINT('',(39.2719674855471,0.,80.7668416559696));
#7689=CARTESIAN_POINT('',(39.2719674855471,0.2,89.5836833119392));
#7690=CARTESIAN_POINT('',(39.2719674855471,0.,89.5836833119392));
#7691=CARTESIAN_POINT('',(39.2719674855471,0.2,89.5836833119392));
#7692=CARTESIAN_POINT('Ctrl Pts',(38.6506295949221,0.,89.4163191318512));
#7693=CARTESIAN_POINT('Ctrl Pts',(38.6506295949221,0.2,89.4163191318512));
#7694=CARTESIAN_POINT('Ctrl Pts',(38.763483346966,0.,89.4224194373642));
#7695=CARTESIAN_POINT('Ctrl Pts',(38.763483346966,0.2,89.4224194373642));
#7696=CARTESIAN_POINT('Ctrl Pts',(38.9826341257484,0.,89.4342656248393));
#7697=CARTESIAN_POINT('Ctrl Pts',(38.9826341257484,0.2,89.4342656248393));
#7698=CARTESIAN_POINT('Ctrl Pts',(39.177466077453,0.,89.5348808446574));
#7699=CARTESIAN_POINT('Ctrl Pts',(39.177466077453,0.2,89.5348808446574));
#7700=CARTESIAN_POINT('Ctrl Pts',(39.2719674855471,0.,89.5836833119392));
#7701=CARTESIAN_POINT('Ctrl Pts',(39.2719674855471,0.2,89.5836833119392));
#7702=CARTESIAN_POINT('',(38.6506295949221,0.,89.4163191318512));
#7703=CARTESIAN_POINT('Ctrl Pts',(38.6506295949221,0.,89.4163191318512));
#7704=CARTESIAN_POINT('Ctrl Pts',(38.763483346966,0.,89.4224194373642));
#7705=CARTESIAN_POINT('Ctrl Pts',(38.9826341257484,0.,89.4342656248393));
#7706=CARTESIAN_POINT('Ctrl Pts',(39.177466077453,0.,89.5348808446574));
#7707=CARTESIAN_POINT('Ctrl Pts',(39.2719674855471,0.,89.5836833119392));
#7708=CARTESIAN_POINT('',(38.6506295949221,0.2,89.4163191318512));
#7709=CARTESIAN_POINT('',(38.6506295949221,0.,89.4163191318512));
#7710=CARTESIAN_POINT('Ctrl Pts',(38.6506295949221,0.2,89.4163191318512));
#7711=CARTESIAN_POINT('Ctrl Pts',(38.763483346966,0.2,89.4224194373642));
#7712=CARTESIAN_POINT('Ctrl Pts',(38.9826341257484,0.2,89.4342656248393));
#7713=CARTESIAN_POINT('Ctrl Pts',(39.177466077453,0.2,89.5348808446574));
#7714=CARTESIAN_POINT('Ctrl Pts',(39.2719674855471,0.2,89.5836833119392));
#7715=CARTESIAN_POINT('Ctrl Pts',(38.0627632886171,0.,89.8828464746475));
#7716=CARTESIAN_POINT('Ctrl Pts',(38.0627632886171,0.2,89.8828464746475));
#7717=CARTESIAN_POINT('Ctrl Pts',(38.1010614811492,0.,89.7469297976423));
#7718=CARTESIAN_POINT('Ctrl Pts',(38.1010614811492,0.2,89.7469297976423));
#7719=CARTESIAN_POINT('Ctrl Pts',(38.1829731259587,0.,89.4562330875761));
#7720=CARTESIAN_POINT('Ctrl Pts',(38.1829731259587,0.2,89.4562330875761));
#7721=CARTESIAN_POINT('Ctrl Pts',(38.4881432590042,0.,89.4301871585934));
#7722=CARTESIAN_POINT('Ctrl Pts',(38.4881432590042,0.2,89.4301871585934));
#7723=CARTESIAN_POINT('Ctrl Pts',(38.6506295949221,0.,89.4163191318512));
#7724=CARTESIAN_POINT('Ctrl Pts',(38.6506295949221,0.2,89.4163191318512));
#7725=CARTESIAN_POINT('',(38.0627632886171,0.,89.8828464746475));
#7726=CARTESIAN_POINT('Ctrl Pts',(38.0627632886171,0.,89.8828464746475));
#7727=CARTESIAN_POINT('Ctrl Pts',(38.1010614811492,0.,89.7469297976423));
#7728=CARTESIAN_POINT('Ctrl Pts',(38.1829731259587,0.,89.4562330875761));
#7729=CARTESIAN_POINT('Ctrl Pts',(38.4881432590042,0.,89.4301871585934));
#7730=CARTESIAN_POINT('Ctrl Pts',(38.6506295949221,0.,89.4163191318512));
#7731=CARTESIAN_POINT('',(38.0627632886171,0.2,89.8828464746475));
#7732=CARTESIAN_POINT('',(38.0627632886171,0.,89.8828464746475));
#7733=CARTESIAN_POINT('Ctrl Pts',(38.0627632886171,0.2,89.8828464746475));
#7734=CARTESIAN_POINT('Ctrl Pts',(38.1010614811492,0.2,89.7469297976423));
#7735=CARTESIAN_POINT('Ctrl Pts',(38.1829731259587,0.2,89.4562330875761));
#7736=CARTESIAN_POINT('Ctrl Pts',(38.4881432590042,0.2,89.4301871585934));
#7737=CARTESIAN_POINT('Ctrl Pts',(38.6506295949221,0.2,89.4163191318512));
#7738=CARTESIAN_POINT('Origin',(39.4602537900209,0.,89.8828464746475));
#7739=CARTESIAN_POINT('',(39.4602537900209,0.,89.8828464746475));
#7740=CARTESIAN_POINT('',(36.0551268950105,0.,89.8828464746475));
#7741=CARTESIAN_POINT('',(39.4602537900209,0.2,89.8828464746475));
#7742=CARTESIAN_POINT('',(39.4602537900209,0.,89.8828464746475));
#7743=CARTESIAN_POINT('',(39.4602537900209,0.2,89.8828464746475));
#7744=CARTESIAN_POINT('Origin',(39.4602537900209,0.,90.1610890030861));
#7745=CARTESIAN_POINT('',(39.4602537900209,0.,81.055544501543));
#7746=CARTESIAN_POINT('',(39.4602537900209,0.2,90.1610890030861));
#7747=CARTESIAN_POINT('Origin',(22.2301269322634,0.2,90.5596247315407));
#7748=CARTESIAN_POINT('Ctrl Pts',(27.7280331403017,0.,91.0188296437263));
#7749=CARTESIAN_POINT('Ctrl Pts',(27.7280331403017,0.2,91.0188296437263));
#7750=CARTESIAN_POINT('Ctrl Pts',(27.7004796392789,0.,91.1535417211972));
#7751=CARTESIAN_POINT('Ctrl Pts',(27.7004796392789,0.2,91.1535417211972));
#7752=CARTESIAN_POINT('Ctrl Pts',(27.6417513748688,0.,91.4406706235604));
#7753=CARTESIAN_POINT('Ctrl Pts',(27.6417513748688,0.2,91.4406706235604));
#7754=CARTESIAN_POINT('Ctrl Pts',(27.3455286018762,0.,91.4671283284885));
#7755=CARTESIAN_POINT('Ctrl Pts',(27.3455286018762,0.2,91.4671283284885));
#7756=CARTESIAN_POINT('Ctrl Pts',(27.1882844716311,0.,91.4811728894711));
#7757=CARTESIAN_POINT('Ctrl Pts',(27.1882844716311,0.2,91.4811728894711));
#7758=CARTESIAN_POINT('',(27.7280331403017,0.,91.0188296437263));
#7759=CARTESIAN_POINT('',(27.1882844716311,0.,91.4811728894711));
#7760=CARTESIAN_POINT('Ctrl Pts',(27.7280331403017,0.,91.0188296437263));
#7761=CARTESIAN_POINT('Ctrl Pts',(27.7004796392789,0.,91.1535417211972));
#7762=CARTESIAN_POINT('Ctrl Pts',(27.6417513748688,0.,91.4406706235604));
#7763=CARTESIAN_POINT('Ctrl Pts',(27.3455286018762,0.,91.4671283284885));
#7764=CARTESIAN_POINT('Ctrl Pts',(27.1882844716311,0.,91.4811728894711));
#7765=CARTESIAN_POINT('',(27.7280331403017,0.2,91.0188296437263));
#7766=CARTESIAN_POINT('',(27.7280331403017,0.,91.0188296437263));
#7767=CARTESIAN_POINT('',(27.1882844716311,0.2,91.4811728894711));
#7768=CARTESIAN_POINT('Ctrl Pts',(27.7280331403017,0.2,91.0188296437263));
#7769=CARTESIAN_POINT('Ctrl Pts',(27.7004796392789,0.2,91.1535417211972));
#7770=CARTESIAN_POINT('Ctrl Pts',(27.6417513748688,0.2,91.4406706235604));
#7771=CARTESIAN_POINT('Ctrl Pts',(27.3455286018762,0.2,91.4671283284885));
#7772=CARTESIAN_POINT('Ctrl Pts',(27.1882844716311,0.2,91.4811728894711));
#7773=CARTESIAN_POINT('',(27.1882844716311,0.,91.4811728894711));
#7774=CARTESIAN_POINT('Ctrl Pts',(27.1882844716311,0.,90.5460265278816));
#7775=CARTESIAN_POINT('Ctrl Pts',(27.1882844716311,0.2,90.5460265278816));
#7776=CARTESIAN_POINT('Ctrl Pts',(27.3455784307068,0.,90.5612173343476));
#7777=CARTESIAN_POINT('Ctrl Pts',(27.3455784307068,0.2,90.5612173343476));
#7778=CARTESIAN_POINT('Ctrl Pts',(27.6443868003583,0.,90.5900750231011));
#7779=CARTESIAN_POINT('Ctrl Pts',(27.6443868003583,0.2,90.5900750231011));
#7780=CARTESIAN_POINT('Ctrl Pts',(27.7011502193504,0.,90.8810330995909));
#7781=CARTESIAN_POINT('Ctrl Pts',(27.7011502193504,0.2,90.8810330995909));
#7782=CARTESIAN_POINT('Ctrl Pts',(27.7280331403017,0.,91.0188296437263));
#7783=CARTESIAN_POINT('Ctrl Pts',(27.7280331403017,0.2,91.0188296437263));
#7784=CARTESIAN_POINT('',(27.1882844716311,0.,90.5460265278816));
#7785=CARTESIAN_POINT('Ctrl Pts',(27.1882844716311,0.,90.5460265278816));
#7786=CARTESIAN_POINT('Ctrl Pts',(27.3455784307068,0.,90.5612173343476));
#7787=CARTESIAN_POINT('Ctrl Pts',(27.6443868003583,0.,90.5900750231011));
#7788=CARTESIAN_POINT('Ctrl Pts',(27.7011502193504,0.,90.8810330995909));
#7789=CARTESIAN_POINT('Ctrl Pts',(27.7280331403017,0.,91.0188296437263));
#7790=CARTESIAN_POINT('',(27.1882844716311,0.2,90.5460265278816));
#7791=CARTESIAN_POINT('',(27.1882844716311,0.,90.5460265278816));
#7792=CARTESIAN_POINT('Ctrl Pts',(27.1882844716311,0.2,90.5460265278816));
#7793=CARTESIAN_POINT('Ctrl Pts',(27.3455784307068,0.2,90.5612173343476));
#7794=CARTESIAN_POINT('Ctrl Pts',(27.6443868003583,0.2,90.5900750231011));
#7795=CARTESIAN_POINT('Ctrl Pts',(27.7011502193504,0.2,90.8810330995909));
#7796=CARTESIAN_POINT('Ctrl Pts',(27.7280331403017,0.2,91.0188296437263));
#7797=CARTESIAN_POINT('Origin',(26.9225955754519,0.,90.5460265278816));
#7798=CARTESIAN_POINT('',(26.9225955754519,0.,90.5460265278816));
#7799=CARTESIAN_POINT('',(29.7862977877259,0.,90.5460265278816));
#7800=CARTESIAN_POINT('',(26.9225955754519,0.2,90.5460265278816));
#7801=CARTESIAN_POINT('',(26.9225955754519,0.,90.5460265278816));
#7802=CARTESIAN_POINT('',(26.9225955754519,0.2,90.5460265278816));
#7803=CARTESIAN_POINT('Origin',(26.9225955754519,0.,91.4811728894711));
#7804=CARTESIAN_POINT('',(26.9225955754519,0.,91.4811728894711));
#7805=CARTESIAN_POINT('',(26.9225955754519,0.,81.7155864447355));
#7806=CARTESIAN_POINT('',(26.9225955754519,0.2,91.4811728894711));
#7807=CARTESIAN_POINT('',(26.9225955754519,0.,91.4811728894711));
#7808=CARTESIAN_POINT('',(26.9225955754519,0.2,91.4811728894711));
#7809=CARTESIAN_POINT('Origin',(27.1882844716311,0.,91.4811728894711));
#7810=CARTESIAN_POINT('',(29.9191422358155,0.,91.4811728894711));
#7811=CARTESIAN_POINT('',(27.1882844716311,0.2,91.4811728894711));
#7812=CARTESIAN_POINT('Ctrl Pts',(28.1140161305666,0.,90.3127628564835));
#7813=CARTESIAN_POINT('Ctrl Pts',(28.1140161305666,0.2,90.3127628564835));
#7814=CARTESIAN_POINT('Ctrl Pts',(27.9912217059848,0.,90.2313960615146));
#7815=CARTESIAN_POINT('Ctrl Pts',(27.9912217059848,0.2,90.2313960615146));
#7816=CARTESIAN_POINT('Ctrl Pts',(27.7285515224609,0.,90.057343933008));
#7817=CARTESIAN_POINT('Ctrl Pts',(27.7285515224609,0.2,90.057343933008));
#7818=CARTESIAN_POINT('Ctrl Pts',(27.4128737080377,0.,90.041768444565));
#7819=CARTESIAN_POINT('Ctrl Pts',(27.4128737080377,0.2,90.041768444565));
#7820=CARTESIAN_POINT('Ctrl Pts',(27.2447706013918,0.,90.0334742665291));
#7821=CARTESIAN_POINT('Ctrl Pts',(27.2447706013918,0.2,90.0334742665291));
#7822=CARTESIAN_POINT('',(28.1140161305666,0.,90.3127628564835));
#7823=CARTESIAN_POINT('',(27.2447706013918,0.,90.0334742665291));
#7824=CARTESIAN_POINT('Ctrl Pts',(28.1140161305666,0.,90.3127628564835));
#7825=CARTESIAN_POINT('Ctrl Pts',(27.9912217059848,0.,90.2313960615146));
#7826=CARTESIAN_POINT('Ctrl Pts',(27.7285515224609,0.,90.057343933008));
#7827=CARTESIAN_POINT('Ctrl Pts',(27.4128737080377,0.,90.041768444565));
#7828=CARTESIAN_POINT('Ctrl Pts',(27.2447706013918,0.,90.0334742665291));
#7829=CARTESIAN_POINT('',(28.1140161305666,0.2,90.3127628564835));
#7830=CARTESIAN_POINT('',(28.1140161305666,0.,90.3127628564835));
#7831=CARTESIAN_POINT('',(27.2447706013918,0.2,90.0334742665291));
#7832=CARTESIAN_POINT('Ctrl Pts',(28.1140161305666,0.2,90.3127628564835));
#7833=CARTESIAN_POINT('Ctrl Pts',(27.9912217059848,0.2,90.2313960615146));
#7834=CARTESIAN_POINT('Ctrl Pts',(27.7285515224609,0.2,90.057343933008));
#7835=CARTESIAN_POINT('Ctrl Pts',(27.4128737080377,0.2,90.041768444565));
#7836=CARTESIAN_POINT('Ctrl Pts',(27.2447706013918,0.2,90.0334742665291));
#7837=CARTESIAN_POINT('',(27.2447706013918,0.,90.0334742665291));
#7838=CARTESIAN_POINT('Ctrl Pts',(28.4393311291933,0.,91.0439345240593));
#7839=CARTESIAN_POINT('Ctrl Pts',(28.4393311291933,0.2,91.0439345240593));
#7840=CARTESIAN_POINT('Ctrl Pts',(28.4266149108344,0.,90.9012261809651));
#7841=CARTESIAN_POINT('Ctrl Pts',(28.4266149108344,0.2,90.9012261809651));
#7842=CARTESIAN_POINT('Ctrl Pts',(28.4015608489897,0.,90.620055824124));
#7843=CARTESIAN_POINT('Ctrl Pts',(28.4015608489897,0.2,90.620055824124));
#7844=CARTESIAN_POINT('Ctrl Pts',(28.2088944658565,0.,90.4141573295794));
#7845=CARTESIAN_POINT('Ctrl Pts',(28.2088944658565,0.2,90.4141573295794));
#7846=CARTESIAN_POINT('Ctrl Pts',(28.1140161305666,0.,90.3127628564835));
#7847=CARTESIAN_POINT('Ctrl Pts',(28.1140161305666,0.2,90.3127628564835));
#7848=CARTESIAN_POINT('',(28.4393311291933,0.,91.0439345240593));
#7849=CARTESIAN_POINT('Ctrl Pts',(28.4393311291933,0.,91.0439345240593));
#7850=CARTESIAN_POINT('Ctrl Pts',(28.4266149108344,0.,90.9012261809651));
#7851=CARTESIAN_POINT('Ctrl Pts',(28.4015608489897,0.,90.620055824124));
#7852=CARTESIAN_POINT('Ctrl Pts',(28.2088944658565,0.,90.4141573295794));
#7853=CARTESIAN_POINT('Ctrl Pts',(28.1140161305666,0.,90.3127628564835));
#7854=CARTESIAN_POINT('',(28.4393311291933,0.2,91.0439345240593));
#7855=CARTESIAN_POINT('',(28.4393311291933,0.,91.0439345240593));
#7856=CARTESIAN_POINT('Ctrl Pts',(28.4393311291933,0.2,91.0439345240593));
#7857=CARTESIAN_POINT('Ctrl Pts',(28.4266149108344,0.2,90.9012261809651));
#7858=CARTESIAN_POINT('Ctrl Pts',(28.4015608489897,0.2,90.620055824124));
#7859=CARTESIAN_POINT('Ctrl Pts',(28.2088944658565,0.2,90.4141573295794));
#7860=CARTESIAN_POINT('Ctrl Pts',(28.1140161305666,0.2,90.3127628564835));
#7861=CARTESIAN_POINT('Ctrl Pts',(27.3054409772158,0.,92.0000013709068));
#7862=CARTESIAN_POINT('Ctrl Pts',(27.3054409772158,0.2,92.0000013709068));
#7863=CARTESIAN_POINT('Ctrl Pts',(27.6356917047342,0.,91.9721650233533));
#7864=CARTESIAN_POINT('Ctrl Pts',(27.6356917047342,0.2,91.9721650233533));
#7865=CARTESIAN_POINT('Ctrl Pts',(28.2542024746594,0.,91.9200316612661));
#7866=CARTESIAN_POINT('Ctrl Pts',(28.2542024746594,0.2,91.9200316612661));
#7867=CARTESIAN_POINT('Ctrl Pts',(28.380479219669,0.,91.32244348629));
#7868=CARTESIAN_POINT('Ctrl Pts',(28.380479219669,0.2,91.32244348629));
#7869=CARTESIAN_POINT('Ctrl Pts',(28.4393311291933,0.,91.0439345240593));
#7870=CARTESIAN_POINT('Ctrl Pts',(28.4393311291933,0.2,91.0439345240593));
#7871=CARTESIAN_POINT('',(27.3054409772158,0.,92.0000013709068));
#7872=CARTESIAN_POINT('Ctrl Pts',(27.3054409772158,0.,92.0000013709068));
#7873=CARTESIAN_POINT('Ctrl Pts',(27.6356917047342,0.,91.9721650233533));
#7874=CARTESIAN_POINT('Ctrl Pts',(28.2542024746594,0.,91.9200316612661));
#7875=CARTESIAN_POINT('Ctrl Pts',(28.380479219669,0.,91.32244348629));
#7876=CARTESIAN_POINT('Ctrl Pts',(28.4393311291933,0.,91.0439345240593));
#7877=CARTESIAN_POINT('',(27.3054409772158,0.2,92.0000013709068));
#7878=CARTESIAN_POINT('',(27.3054409772158,0.,92.0000013709068));
#7879=CARTESIAN_POINT('Ctrl Pts',(27.3054409772158,0.2,92.0000013709068));
#7880=CARTESIAN_POINT('Ctrl Pts',(27.6356917047342,0.2,91.9721650233533));
#7881=CARTESIAN_POINT('Ctrl Pts',(28.2542024746594,0.2,91.9200316612661));
#7882=CARTESIAN_POINT('Ctrl Pts',(28.380479219669,0.2,91.32244348629));
#7883=CARTESIAN_POINT('Ctrl Pts',(28.4393311291933,0.2,91.0439345240593));
#7884=CARTESIAN_POINT('Origin',(26.2468624860048,0.,92.0000013709068));
#7885=CARTESIAN_POINT('',(26.2468624860048,0.,92.0000013709068));
#7886=CARTESIAN_POINT('',(29.4484312430024,0.,92.0000013709068));
#7887=CARTESIAN_POINT('',(26.2468624860048,0.2,92.0000013709068));
#7888=CARTESIAN_POINT('',(26.2468624860048,0.,92.0000013709068));
#7889=CARTESIAN_POINT('',(26.2468624860048,0.2,92.0000013709068));
#7890=CARTESIAN_POINT('Origin',(26.2468624860048,0.,89.0000012516975));
#7891=CARTESIAN_POINT('',(26.2468624860048,0.,89.0000012516975));
#7892=CARTESIAN_POINT('',(26.2468624860048,0.,80.4750006258488));
#7893=CARTESIAN_POINT('',(26.2468624860048,0.2,89.0000012516975));
#7894=CARTESIAN_POINT('',(26.2468624860048,0.,89.0000012516975));
#7895=CARTESIAN_POINT('',(26.2468624860048,0.2,89.0000012516975));
#7896=CARTESIAN_POINT('Origin',(26.9225955754519,0.,89.0000012516975));
#7897=CARTESIAN_POINT('',(26.9225955754519,0.,89.0000012516975));
#7898=CARTESIAN_POINT('',(29.7862977877259,0.,89.0000012516975));
#7899=CARTESIAN_POINT('',(26.9225955754519,0.2,89.0000012516975));
#7900=CARTESIAN_POINT('',(26.9225955754519,0.,89.0000012516975));
#7901=CARTESIAN_POINT('',(26.9225955754519,0.2,89.0000012516975));
#7902=CARTESIAN_POINT('Origin',(26.9225955754519,0.,90.0334742665291));
#7903=CARTESIAN_POINT('',(26.9225955754519,0.,90.0334742665291));
#7904=CARTESIAN_POINT('',(26.9225955754519,0.,80.9917371332645));
#7905=CARTESIAN_POINT('',(26.9225955754519,0.2,90.0334742665291));
#7906=CARTESIAN_POINT('',(26.9225955754519,0.,90.0334742665291));
#7907=CARTESIAN_POINT('',(26.9225955754519,0.2,90.0334742665291));
#7908=CARTESIAN_POINT('Origin',(27.2447706013918,0.,90.0334742665291));
#7909=CARTESIAN_POINT('',(29.9473853006959,0.,90.0334742665291));
#7910=CARTESIAN_POINT('',(27.2447706013918,0.2,90.0334742665291));
#7911=CARTESIAN_POINT('Origin',(22.2301269322634,0.2,90.5596247315407));
#7912=CARTESIAN_POINT('Ctrl Pts',(32.1150613576174,0.,90.6882858276367));
#7913=CARTESIAN_POINT('Ctrl Pts',(32.1150613576174,0.2,90.6882858276367));
#7914=CARTESIAN_POINT('Ctrl Pts',(32.0516732786598,0.,90.6821275505154));
#7915=CARTESIAN_POINT('Ctrl Pts',(32.0516732786598,0.2,90.6821275505154));
#7916=CARTESIAN_POINT('Ctrl Pts',(31.9250540868845,0.,90.6698262458433));
#7917=CARTESIAN_POINT('Ctrl Pts',(31.9250540868845,0.2,90.6698262458433));
#7918=CARTESIAN_POINT('Ctrl Pts',(31.8320225842184,0.,90.5830730059805));
#7919=CARTESIAN_POINT('Ctrl Pts',(31.8320225842184,0.2,90.5830730059805));
#7920=CARTESIAN_POINT('Ctrl Pts',(31.7855644971132,0.,90.5397501587868));
#7921=CARTESIAN_POINT('Ctrl Pts',(31.7855644971132,0.2,90.5397501587868));
#7922=CARTESIAN_POINT('',(32.1150613576174,0.,90.6882858276367));
#7923=CARTESIAN_POINT('',(31.7855644971132,0.,90.5397501587868));
#7924=CARTESIAN_POINT('Ctrl Pts',(32.1150613576174,0.,90.6882858276367));
#7925=CARTESIAN_POINT('Ctrl Pts',(32.0516732786598,0.,90.6821275505154));
#7926=CARTESIAN_POINT('Ctrl Pts',(31.9250540868845,0.,90.6698262458433));
#7927=CARTESIAN_POINT('Ctrl Pts',(31.8320225842184,0.,90.5830730059805));
#7928=CARTESIAN_POINT('Ctrl Pts',(31.7855644971132,0.,90.5397501587868));
#7929=CARTESIAN_POINT('',(32.1150613576174,0.2,90.6882858276367));
#7930=CARTESIAN_POINT('',(32.1150613576174,0.,90.6882858276367));
#7931=CARTESIAN_POINT('',(31.7855644971132,0.2,90.5397501587868));
#7932=CARTESIAN_POINT('Ctrl Pts',(32.1150613576174,0.2,90.6882858276367));
#7933=CARTESIAN_POINT('Ctrl Pts',(32.0516732786598,0.2,90.6821275505154));
#7934=CARTESIAN_POINT('Ctrl Pts',(31.9250540868845,0.2,90.6698262458433));
#7935=CARTESIAN_POINT('Ctrl Pts',(31.8320225842184,0.2,90.5830730059805));
#7936=CARTESIAN_POINT('Ctrl Pts',(31.7855644971132,0.2,90.5397501587868));
#7937=CARTESIAN_POINT('',(31.7855644971132,0.,90.5397501587868));
#7938=CARTESIAN_POINT('Ctrl Pts',(32.4403763562441,0.,90.538704097271));
#7939=CARTESIAN_POINT('Ctrl Pts',(32.4403763562441,0.2,90.538704097271));
#7940=CARTESIAN_POINT('Ctrl Pts',(32.3971867855631,0.,90.582318133224));
#7941=CARTESIAN_POINT('Ctrl Pts',(32.3971867855631,0.2,90.582318133224));
#7942=CARTESIAN_POINT('Ctrl Pts',(32.3077594390248,0.,90.672624367938));
#7943=CARTESIAN_POINT('Ctrl Pts',(32.3077594390248,0.2,90.672624367938));
#7944=CARTESIAN_POINT('Ctrl Pts',(32.1807372700326,0.,90.6829480440534));
#7945=CARTESIAN_POINT('Ctrl Pts',(32.1807372700326,0.2,90.6829480440534));
#7946=CARTESIAN_POINT('Ctrl Pts',(32.1150613576174,0.,90.6882858276367));
#7947=CARTESIAN_POINT('Ctrl Pts',(32.1150613576174,0.2,90.6882858276367));
#7948=CARTESIAN_POINT('',(32.4403763562441,0.,90.538704097271));
#7949=CARTESIAN_POINT('Ctrl Pts',(32.4403763562441,0.,90.538704097271));
#7950=CARTESIAN_POINT('Ctrl Pts',(32.3971867855631,0.,90.582318133224));
#7951=CARTESIAN_POINT('Ctrl Pts',(32.3077594390248,0.,90.672624367938));
#7952=CARTESIAN_POINT('Ctrl Pts',(32.1807372700326,0.,90.6829480440534));
#7953=CARTESIAN_POINT('Ctrl Pts',(32.1150613576174,0.,90.6882858276367));
#7954=CARTESIAN_POINT('',(32.4403763562441,0.2,90.538704097271));
#7955=CARTESIAN_POINT('',(32.4403763562441,0.,90.538704097271));
#7956=CARTESIAN_POINT('Ctrl Pts',(32.4403763562441,0.2,90.538704097271));
#7957=CARTESIAN_POINT('Ctrl Pts',(32.3971867855631,0.2,90.582318133224));
#7958=CARTESIAN_POINT('Ctrl Pts',(32.3077594390248,0.2,90.672624367938));
#7959=CARTESIAN_POINT('Ctrl Pts',(32.1807372700326,0.2,90.6829480440534));
#7960=CARTESIAN_POINT('Ctrl Pts',(32.1150613576174,0.2,90.6882858276367));
#7961=CARTESIAN_POINT('Ctrl Pts',(32.554392889142,0.,90.1234322786331));
#7962=CARTESIAN_POINT('Ctrl Pts',(32.554392889142,0.2,90.1234322786331));
#7963=CARTESIAN_POINT('Ctrl Pts',(32.5516671010541,0.,90.2042918200013));
#7964=CARTESIAN_POINT('Ctrl Pts',(32.5516671010541,0.2,90.2042918200013));
#7965=CARTESIAN_POINT('Ctrl Pts',(32.5466769243863,0.,90.3523236492161));
#7966=CARTESIAN_POINT('Ctrl Pts',(32.5466769243863,0.2,90.3523236492161));
#7967=CARTESIAN_POINT('Ctrl Pts',(32.4735562621818,0.,90.4805286251812));
#7968=CARTESIAN_POINT('Ctrl Pts',(32.4735562621818,0.2,90.4805286251812));
#7969=CARTESIAN_POINT('Ctrl Pts',(32.4403763562441,0.,90.538704097271));
#7970=CARTESIAN_POINT('Ctrl Pts',(32.4403763562441,0.2,90.538704097271));
#7971=CARTESIAN_POINT('',(32.554392889142,0.,90.1234322786331));
#7972=CARTESIAN_POINT('Ctrl Pts',(32.554392889142,0.,90.1234322786331));
#7973=CARTESIAN_POINT('Ctrl Pts',(32.5516671010541,0.,90.2042918200013));
#7974=CARTESIAN_POINT('Ctrl Pts',(32.5466769243863,0.,90.3523236492161));
#7975=CARTESIAN_POINT('Ctrl Pts',(32.4735562621818,0.,90.4805286251812));
#7976=CARTESIAN_POINT('Ctrl Pts',(32.4403763562441,0.,90.538704097271));
#7977=CARTESIAN_POINT('',(32.554392889142,0.2,90.1234322786331));
#7978=CARTESIAN_POINT('',(32.554392889142,0.,90.1234322786331));
#7979=CARTESIAN_POINT('Ctrl Pts',(32.554392889142,0.2,90.1234322786331));
#7980=CARTESIAN_POINT('Ctrl Pts',(32.5516671010541,0.2,90.2042918200013));
#7981=CARTESIAN_POINT('Ctrl Pts',(32.5466769243863,0.2,90.3523236492161));
#7982=CARTESIAN_POINT('Ctrl Pts',(32.4735562621818,0.2,90.4805286251812));
#7983=CARTESIAN_POINT('Ctrl Pts',(32.4403763562441,0.2,90.538704097271));
#7984=CARTESIAN_POINT('Ctrl Pts',(32.4299145489931,0.,89.6286621689796));
#7985=CARTESIAN_POINT('Ctrl Pts',(32.4299145489931,0.2,89.6286621689796));
#7986=CARTESIAN_POINT('Ctrl Pts',(32.4661160738265,0.,89.6976399311008));
#7987=CARTESIAN_POINT('Ctrl Pts',(32.4661160738265,0.2,89.6976399311008));
#7988=CARTESIAN_POINT('Ctrl Pts',(32.547095833604,0.,89.8519373711194));
#7989=CARTESIAN_POINT('Ctrl Pts',(32.547095833604,0.2,89.8519373711194));
#7990=CARTESIAN_POINT('Ctrl Pts',(32.5517946506125,0.,90.0267619811964));
#7991=CARTESIAN_POINT('Ctrl Pts',(32.5517946506125,0.2,90.0267619811964));
#7992=CARTESIAN_POINT('Ctrl Pts',(32.554392889142,0.,90.1234322786331));
#7993=CARTESIAN_POINT('Ctrl Pts',(32.554392889142,0.2,90.1234322786331));
#7994=CARTESIAN_POINT('',(32.4299145489931,0.,89.6286621689796));
#7995=CARTESIAN_POINT('Ctrl Pts',(32.4299145489931,0.,89.6286621689796));
#7996=CARTESIAN_POINT('Ctrl Pts',(32.4661160738265,0.,89.6976399311008));
#7997=CARTESIAN_POINT('Ctrl Pts',(32.547095833604,0.,89.8519373711194));
#7998=CARTESIAN_POINT('Ctrl Pts',(32.5517946506125,0.,90.0267619811964));
#7999=CARTESIAN_POINT('Ctrl Pts',(32.554392889142,0.,90.1234322786331));
#8000=CARTESIAN_POINT('',(32.4299145489931,0.2,89.6286621689796));
#8001=CARTESIAN_POINT('',(32.4299145489931,0.,89.6286621689796));
#8002=CARTESIAN_POINT('Ctrl Pts',(32.4299145489931,0.2,89.6286621689796));
#8003=CARTESIAN_POINT('Ctrl Pts',(32.4661160738265,0.2,89.6976399311008));
#8004=CARTESIAN_POINT('Ctrl Pts',(32.547095833604,0.2,89.8519373711194));
#8005=CARTESIAN_POINT('Ctrl Pts',(32.5517946506125,0.2,90.0267619811964));
#8006=CARTESIAN_POINT('Ctrl Pts',(32.554392889142,0.2,90.1234322786331));
#8007=CARTESIAN_POINT('Ctrl Pts',(32.0794964581728,0.,89.4539761543274));
#8008=CARTESIAN_POINT('Ctrl Pts',(32.0794964581728,0.2,89.4539761543274));
#8009=CARTESIAN_POINT('Ctrl Pts',(32.1502503695515,0.,89.4607954727422));
#8010=CARTESIAN_POINT('Ctrl Pts',(32.1502503695515,0.2,89.4607954727422));
#8011=CARTESIAN_POINT('Ctrl Pts',(32.2896104565136,0.,89.4742271090828));
#8012=CARTESIAN_POINT('Ctrl Pts',(32.2896104565136,0.2,89.4742271090828));
#8013=CARTESIAN_POINT('Ctrl Pts',(32.3836295069584,0.,89.5777154495174));
#8014=CARTESIAN_POINT('Ctrl Pts',(32.3836295069584,0.2,89.5777154495174));
#8015=CARTESIAN_POINT('Ctrl Pts',(32.4299145489931,0.,89.6286621689796));
#8016=CARTESIAN_POINT('Ctrl Pts',(32.4299145489931,0.2,89.6286621689796));
#8017=CARTESIAN_POINT('',(32.0794964581728,0.,89.4539761543274));
#8018=CARTESIAN_POINT('Ctrl Pts',(32.0794964581728,0.,89.4539761543274));
#8019=CARTESIAN_POINT('Ctrl Pts',(32.1502503695515,0.,89.4607954727422));
#8020=CARTESIAN_POINT('Ctrl Pts',(32.2896104565136,0.,89.4742271090828));
#8021=CARTESIAN_POINT('Ctrl Pts',(32.3836295069584,0.,89.5777154495174));
#8022=CARTESIAN_POINT('Ctrl Pts',(32.4299145489931,0.,89.6286621689796));
#8023=CARTESIAN_POINT('',(32.0794964581728,0.2,89.4539761543274));
#8024=CARTESIAN_POINT('',(32.0794964581728,0.,89.4539761543274));
#8025=CARTESIAN_POINT('Ctrl Pts',(32.0794964581728,0.2,89.4539761543274));
#8026=CARTESIAN_POINT('Ctrl Pts',(32.1502503695515,0.2,89.4607954727422));
#8027=CARTESIAN_POINT('Ctrl Pts',(32.2896104565136,0.2,89.4742271090828));
#8028=CARTESIAN_POINT('Ctrl Pts',(32.3836295069584,0.2,89.5777154495174));
#8029=CARTESIAN_POINT('Ctrl Pts',(32.4299145489931,0.2,89.6286621689796));
#8030=CARTESIAN_POINT('Ctrl Pts',(31.7740584164858,0.,89.5899593830109));
#8031=CARTESIAN_POINT('Ctrl Pts',(31.7740584164858,0.2,89.5899593830109));
#8032=CARTESIAN_POINT('Ctrl Pts',(31.8168507654599,0.,89.5502983871115));
#8033=CARTESIAN_POINT('Ctrl Pts',(31.8168507654599,0.2,89.5502983871115));
#8034=CARTESIAN_POINT('Ctrl Pts',(31.9031540543318,0.,89.470310387665));
#8035=CARTESIAN_POINT('Ctrl Pts',(31.9031540543318,0.2,89.470310387665));
#8036=CARTESIAN_POINT('Ctrl Pts',(32.0203902738379,0.,89.4594510383348));
#8037=CARTESIAN_POINT('Ctrl Pts',(32.0203902738379,0.2,89.4594510383348));
#8038=CARTESIAN_POINT('Ctrl Pts',(32.0794964581728,0.,89.4539761543274));
#8039=CARTESIAN_POINT('Ctrl Pts',(32.0794964581728,0.2,89.4539761543274));
#8040=CARTESIAN_POINT('',(31.7740584164858,0.,89.5899593830109));
#8041=CARTESIAN_POINT('Ctrl Pts',(31.7740584164858,0.,89.5899593830109));
#8042=CARTESIAN_POINT('Ctrl Pts',(31.8168507654599,0.,89.5502983871115));
#8043=CARTESIAN_POINT('Ctrl Pts',(31.9031540543318,0.,89.470310387665));
#8044=CARTESIAN_POINT('Ctrl Pts',(32.0203902738379,0.,89.4594510383348));
#8045=CARTESIAN_POINT('Ctrl Pts',(32.0794964581728,0.,89.4539761543274));
#8046=CARTESIAN_POINT('',(31.7740584164858,0.2,89.5899593830109));
#8047=CARTESIAN_POINT('',(31.7740584164858,0.,89.5899593830109));
#8048=CARTESIAN_POINT('Ctrl Pts',(31.7740584164858,0.2,89.5899593830109));
#8049=CARTESIAN_POINT('Ctrl Pts',(31.8168507654599,0.2,89.5502983871115));
#8050=CARTESIAN_POINT('Ctrl Pts',(31.9031540543318,0.2,89.470310387665));
#8051=CARTESIAN_POINT('Ctrl Pts',(32.0203902738379,0.2,89.4594510383348));
#8052=CARTESIAN_POINT('Ctrl Pts',(32.0794964581728,0.2,89.4539761543274));
#8053=CARTESIAN_POINT('Ctrl Pts',(31.6548109799623,0.,89.933055639267));
#8054=CARTESIAN_POINT('Ctrl Pts',(31.6548109799623,0.2,89.933055639267));
#8055=CARTESIAN_POINT('Ctrl Pts',(31.658995488612,0.,89.8679008156225));
#8056=CARTESIAN_POINT('Ctrl Pts',(31.658995488612,0.2,89.8679008156225));
#8057=CARTESIAN_POINT('Ctrl Pts',(31.6670636614261,0.,89.7422754624829));
#8058=CARTESIAN_POINT('Ctrl Pts',(31.6670636614261,0.2,89.7422754624829));
#8059=CARTESIAN_POINT('Ctrl Pts',(31.7392912341061,0.,89.639453406446));
#8060=CARTESIAN_POINT('Ctrl Pts',(31.7392912341061,0.2,89.639453406446));
#8061=CARTESIAN_POINT('Ctrl Pts',(31.7740584164858,0.,89.5899593830109));
#8062=CARTESIAN_POINT('Ctrl Pts',(31.7740584164858,0.2,89.5899593830109));
#8063=CARTESIAN_POINT('',(31.6548109799623,0.,89.933055639267));
#8064=CARTESIAN_POINT('Ctrl Pts',(31.6548109799623,0.,89.933055639267));
#8065=CARTESIAN_POINT('Ctrl Pts',(31.658995488612,0.,89.8679008156225));
#8066=CARTESIAN_POINT('Ctrl Pts',(31.6670636614261,0.,89.7422754624829));
#8067=CARTESIAN_POINT('Ctrl Pts',(31.7392912341061,0.,89.639453406446));
#8068=CARTESIAN_POINT('Ctrl Pts',(31.7740584164858,0.,89.5899593830109));
#8069=CARTESIAN_POINT('',(31.6548109799623,0.2,89.933055639267));
#8070=CARTESIAN_POINT('',(31.6548109799623,0.,89.933055639267));
#8071=CARTESIAN_POINT('Ctrl Pts',(31.6548109799623,0.2,89.933055639267));
#8072=CARTESIAN_POINT('Ctrl Pts',(31.658995488612,0.2,89.8679008156225));
#8073=CARTESIAN_POINT('Ctrl Pts',(31.6670636614261,0.2,89.7422754624829));
#8074=CARTESIAN_POINT('Ctrl Pts',(31.7392912341061,0.2,89.639453406446));
#8075=CARTESIAN_POINT('Ctrl Pts',(31.7740584164858,0.2,89.5899593830109));
#8076=CARTESIAN_POINT('Origin',(31.6548109799623,0.,90.1527211070061));
#8077=CARTESIAN_POINT('',(31.6548109799623,0.,90.1527211070061));
#8078=CARTESIAN_POINT('',(31.6548109799623,0.,81.051360553503));
#8079=CARTESIAN_POINT('',(31.6548109799623,0.2,90.1527211070061));
#8080=CARTESIAN_POINT('',(31.6548109799623,0.,90.1527211070061));
#8081=CARTESIAN_POINT('',(31.6548109799623,0.2,90.1527211070061));
#8082=CARTESIAN_POINT('Ctrl Pts',(31.7855644971132,0.,90.5397501587868));
#8083=CARTESIAN_POINT('Ctrl Pts',(31.7855644971132,0.2,90.5397501587868));
#8084=CARTESIAN_POINT('Ctrl Pts',(31.7474559033646,0.,90.4846314185428));
#8085=CARTESIAN_POINT('Ctrl Pts',(31.7474559033646,0.2,90.4846314185428));
#8086=CARTESIAN_POINT('Ctrl Pts',(31.6671176641808,0.,90.3684334143225));
#8087=CARTESIAN_POINT('Ctrl Pts',(31.6671176641808,0.2,90.3684334143225));
#8088=CARTESIAN_POINT('Ctrl Pts',(31.6590511356332,0.,90.2270428127473));
#8089=CARTESIAN_POINT('Ctrl Pts',(31.6590511356332,0.2,90.2270428127473));
#8090=CARTESIAN_POINT('Ctrl Pts',(31.6548109799623,0.,90.1527211070061));
#8091=CARTESIAN_POINT('Ctrl Pts',(31.6548109799623,0.2,90.1527211070061));
#8092=CARTESIAN_POINT('Ctrl Pts',(31.7855644971132,0.,90.5397501587868));
#8093=CARTESIAN_POINT('Ctrl Pts',(31.7474559033646,0.,90.4846314185428));
#8094=CARTESIAN_POINT('Ctrl Pts',(31.6671176641808,0.,90.3684334143225));
#8095=CARTESIAN_POINT('Ctrl Pts',(31.6590511356332,0.,90.2270428127473));
#8096=CARTESIAN_POINT('Ctrl Pts',(31.6548109799623,0.,90.1527211070061));
#8097=CARTESIAN_POINT('Ctrl Pts',(31.7855644971132,0.2,90.5397501587868));
#8098=CARTESIAN_POINT('Ctrl Pts',(31.7474559033646,0.2,90.4846314185428));
#8099=CARTESIAN_POINT('Ctrl Pts',(31.6671176641808,0.2,90.3684334143225));
#8100=CARTESIAN_POINT('Ctrl Pts',(31.6590511356332,0.2,90.2270428127473));
#8101=CARTESIAN_POINT('Ctrl Pts',(31.6548109799623,0.2,90.1527211070061));
#8102=CARTESIAN_POINT('Ctrl Pts',(32.970709875226,0.,89.2719677090645));
#8103=CARTESIAN_POINT('Ctrl Pts',(32.970709875226,0.2,89.2719677090645));
#8104=CARTESIAN_POINT('Ctrl Pts',(32.8752201447857,0.,89.1773949630581));
#8105=CARTESIAN_POINT('Ctrl Pts',(32.8752201447857,0.2,89.1773949630581));
#8106=CARTESIAN_POINT('Ctrl Pts',(32.6815159878088,0.,88.9855509401072));
#8107=CARTESIAN_POINT('Ctrl Pts',(32.6815159878088,0.2,88.9855509401072));
#8108=CARTESIAN_POINT('Ctrl Pts',(32.4097559627739,0.,88.9604347199599));
#8109=CARTESIAN_POINT('Ctrl Pts',(32.4097559627739,0.2,88.9604347199599));
#8110=CARTESIAN_POINT('Ctrl Pts',(32.2719646245241,0.,88.9476999640465));
#8111=CARTESIAN_POINT('Ctrl Pts',(32.2719646245241,0.2,88.9476999640465));
#8112=CARTESIAN_POINT('',(32.970709875226,0.,89.2719677090645));
#8113=CARTESIAN_POINT('',(32.2719646245241,0.,88.9476999640465));
#8114=CARTESIAN_POINT('Ctrl Pts',(32.970709875226,0.,89.2719677090645));
#8115=CARTESIAN_POINT('Ctrl Pts',(32.8752201447857,0.,89.1773949630581));
#8116=CARTESIAN_POINT('Ctrl Pts',(32.6815159878088,0.,88.9855509401072));
#8117=CARTESIAN_POINT('Ctrl Pts',(32.4097559627739,0.,88.9604347199599));
#8118=CARTESIAN_POINT('Ctrl Pts',(32.2719646245241,0.,88.9476999640465));
#8119=CARTESIAN_POINT('',(32.970709875226,0.2,89.2719677090645));
#8120=CARTESIAN_POINT('',(32.970709875226,0.,89.2719677090645));
#8121=CARTESIAN_POINT('',(32.2719646245241,0.2,88.9476999640465));
#8122=CARTESIAN_POINT('Ctrl Pts',(32.970709875226,0.2,89.2719677090645));
#8123=CARTESIAN_POINT('Ctrl Pts',(32.8752201447857,0.2,89.1773949630581));
#8124=CARTESIAN_POINT('Ctrl Pts',(32.6815159878088,0.2,88.9855509401072));
#8125=CARTESIAN_POINT('Ctrl Pts',(32.4097559627739,0.2,88.9604347199599));
#8126=CARTESIAN_POINT('Ctrl Pts',(32.2719646245241,0.2,88.9476999640465));
#8127=CARTESIAN_POINT('',(32.2719646245241,0.,88.9476999640465));
#8128=CARTESIAN_POINT('Ctrl Pts',(33.2322169095278,0.,90.1318004727364));
#8129=CARTESIAN_POINT('Ctrl Pts',(33.2322169095278,0.2,90.1318004727364));
#8130=CARTESIAN_POINT('Ctrl Pts',(33.224613026481,0.,89.9663871732737));
#8131=CARTESIAN_POINT('Ctrl Pts',(33.224613026481,0.2,89.9663871732737));
#8132=CARTESIAN_POINT('Ctrl Pts',(33.2103745768155,0.,89.6566468834878));
#8133=CARTESIAN_POINT('Ctrl Pts',(33.2103745768155,0.2,89.6566468834878));
#8134=CARTESIAN_POINT('Ctrl Pts',(33.046888200735,0.,89.3942394293945));
#8135=CARTESIAN_POINT('Ctrl Pts',(33.046888200735,0.2,89.3942394293945));
#8136=CARTESIAN_POINT('Ctrl Pts',(32.970709875226,0.,89.2719677090645));
#8137=CARTESIAN_POINT('Ctrl Pts',(32.970709875226,0.2,89.2719677090645));
#8138=CARTESIAN_POINT('',(33.2322169095278,0.,90.1318004727364));
#8139=CARTESIAN_POINT('Ctrl Pts',(33.2322169095278,0.,90.1318004727364));
#8140=CARTESIAN_POINT('Ctrl Pts',(33.224613026481,0.,89.9663871732737));
#8141=CARTESIAN_POINT('Ctrl Pts',(33.2103745768155,0.,89.6566468834878));
#8142=CARTESIAN_POINT('Ctrl Pts',(33.046888200735,0.,89.3942394293945));
#8143=CARTESIAN_POINT('Ctrl Pts',(32.970709875226,0.,89.2719677090645));
#8144=CARTESIAN_POINT('',(33.2322169095278,0.2,90.1318004727364));
#8145=CARTESIAN_POINT('',(33.2322169095278,0.,90.1318004727364));
#8146=CARTESIAN_POINT('Ctrl Pts',(33.2322169095278,0.2,90.1318004727364));
#8147=CARTESIAN_POINT('Ctrl Pts',(33.224613026481,0.2,89.9663871732737));
#8148=CARTESIAN_POINT('Ctrl Pts',(33.2103745768155,0.2,89.6566468834878));
#8149=CARTESIAN_POINT('Ctrl Pts',(33.046888200735,0.2,89.3942394293945));
#8150=CARTESIAN_POINT('Ctrl Pts',(32.970709875226,0.2,89.2719677090645));
#8151=CARTESIAN_POINT('Ctrl Pts',(33.0083680897951,0.,90.9100431203842));
#8152=CARTESIAN_POINT('Ctrl Pts',(33.0083680897951,0.2,90.9100431203842));
#8153=CARTESIAN_POINT('Ctrl Pts',(33.0735374583708,0.,90.8005599092299));
#8154=CARTESIAN_POINT('Ctrl Pts',(33.0735374583708,0.2,90.8005599092299));
#8155=CARTESIAN_POINT('Ctrl Pts',(33.2157575128179,0.,90.5616331159877));
#8156=CARTESIAN_POINT('Ctrl Pts',(33.2157575128179,0.2,90.5616331159877));
#8157=CARTESIAN_POINT('Ctrl Pts',(33.2264331565123,0.,90.2828416008154));
#8158=CARTESIAN_POINT('Ctrl Pts',(33.2264331565123,0.2,90.2828416008154));
#8159=CARTESIAN_POINT('Ctrl Pts',(33.2322169095278,0.,90.1318004727364));
#8160=CARTESIAN_POINT('Ctrl Pts',(33.2322169095278,0.2,90.1318004727364));
#8161=CARTESIAN_POINT('',(33.0083680897951,0.,90.9100431203842));
#8162=CARTESIAN_POINT('Ctrl Pts',(33.0083680897951,0.,90.9100431203842));
#8163=CARTESIAN_POINT('Ctrl Pts',(33.0735374583708,0.,90.8005599092299));
#8164=CARTESIAN_POINT('Ctrl Pts',(33.2157575128179,0.,90.5616331159877));
#8165=CARTESIAN_POINT('Ctrl Pts',(33.2264331565123,0.,90.2828416008154));
#8166=CARTESIAN_POINT('Ctrl Pts',(33.2322169095278,0.,90.1318004727364));
#8167=CARTESIAN_POINT('',(33.0083680897951,0.2,90.9100431203842));
#8168=CARTESIAN_POINT('',(33.0083680897951,0.,90.9100431203842));
#8169=CARTESIAN_POINT('Ctrl Pts',(33.0083680897951,0.2,90.9100431203842));
#8170=CARTESIAN_POINT('Ctrl Pts',(33.0735374583708,0.2,90.8005599092299));
#8171=CARTESIAN_POINT('Ctrl Pts',(33.2157575128179,0.2,90.5616331159877));
#8172=CARTESIAN_POINT('Ctrl Pts',(33.2264331565123,0.2,90.2828416008154));
#8173=CARTESIAN_POINT('Ctrl Pts',(33.2322169095278,0.2,90.1318004727364));
#8174=CARTESIAN_POINT('Ctrl Pts',(32.3702932149172,0.,91.1945620179176));
#8175=CARTESIAN_POINT('Ctrl Pts',(32.3702932149172,0.2,91.1945620179176));
#8176=CARTESIAN_POINT('Ctrl Pts',(32.4988275133748,0.,91.1846806748848));
#8177=CARTESIAN_POINT('Ctrl Pts',(32.4988275133748,0.2,91.1846806748848));
#8178=CARTESIAN_POINT('Ctrl Pts',(32.7461945359073,0.,91.1656638176412));
#8179=CARTESIAN_POINT('Ctrl Pts',(32.7461945359073,0.2,91.1656638176412));
#8180=CARTESIAN_POINT('Ctrl Pts',(32.9232921227102,0.,90.9929926692749));
#8181=CARTESIAN_POINT('Ctrl Pts',(32.9232921227102,0.2,90.9929926692749));
#8182=CARTESIAN_POINT('Ctrl Pts',(33.0083680897951,0.,90.9100431203842));
#8183=CARTESIAN_POINT('Ctrl Pts',(33.0083680897951,0.2,90.9100431203842));
#8184=CARTESIAN_POINT('',(32.3702932149172,0.,91.1945620179176));
#8185=CARTESIAN_POINT('Ctrl Pts',(32.3702932149172,0.,91.1945620179176));
#8186=CARTESIAN_POINT('Ctrl Pts',(32.4988275133748,0.,91.1846806748848));
#8187=CARTESIAN_POINT('Ctrl Pts',(32.7461945359073,0.,91.1656638176412));
#8188=CARTESIAN_POINT('Ctrl Pts',(32.9232921227102,0.,90.9929926692749));
#8189=CARTESIAN_POINT('Ctrl Pts',(33.0083680897951,0.,90.9100431203842));
#8190=CARTESIAN_POINT('',(32.3702932149172,0.2,91.1945620179176));
#8191=CARTESIAN_POINT('',(32.3702932149172,0.,91.1945620179176));
#8192=CARTESIAN_POINT('Ctrl Pts',(32.3702932149172,0.2,91.1945620179176));
#8193=CARTESIAN_POINT('Ctrl Pts',(32.4988275133748,0.2,91.1846806748848));
#8194=CARTESIAN_POINT('Ctrl Pts',(32.7461945359073,0.2,91.1656638176412));
#8195=CARTESIAN_POINT('Ctrl Pts',(32.9232921227102,0.2,90.9929926692749));
#8196=CARTESIAN_POINT('Ctrl Pts',(33.0083680897951,0.2,90.9100431203842));
#8197=CARTESIAN_POINT('Ctrl Pts',(31.673638895154,0.,90.8200851082802));
#8198=CARTESIAN_POINT('Ctrl Pts',(31.673638895154,0.2,90.8200851082802));
#8199=CARTESIAN_POINT('Ctrl Pts',(31.7640852723014,0.,90.9293072570768));
#8200=CARTESIAN_POINT('Ctrl Pts',(31.7640852723014,0.2,90.9293072570768));
#8201=CARTESIAN_POINT('Ctrl Pts',(31.9455254176222,0.,91.1484125786486));
#8202=CARTESIAN_POINT('Ctrl Pts',(31.9455254176222,0.2,91.1484125786486));
#8203=CARTESIAN_POINT('Ctrl Pts',(32.2284194592645,0.,91.1791479627278));
#8204=CARTESIAN_POINT('Ctrl Pts',(32.2284194592645,0.2,91.1791479627278));
#8205=CARTESIAN_POINT('Ctrl Pts',(32.3702932149172,0.,91.1945620179176));
#8206=CARTESIAN_POINT('Ctrl Pts',(32.3702932149172,0.2,91.1945620179176));
#8207=CARTESIAN_POINT('',(31.673638895154,0.,90.8200851082802));
#8208=CARTESIAN_POINT('Ctrl Pts',(31.673638895154,0.,90.8200851082802));
#8209=CARTESIAN_POINT('Ctrl Pts',(31.7640852723014,0.,90.9293072570768));
#8210=CARTESIAN_POINT('Ctrl Pts',(31.9455254176222,0.,91.1484125786486));
#8211=CARTESIAN_POINT('Ctrl Pts',(32.2284194592645,0.,91.1791479627278));
#8212=CARTESIAN_POINT('Ctrl Pts',(32.3702932149172,0.,91.1945620179176));
#8213=CARTESIAN_POINT('',(31.673638895154,0.2,90.8200851082802));
#8214=CARTESIAN_POINT('',(31.673638895154,0.,90.8200851082802));
#8215=CARTESIAN_POINT('Ctrl Pts',(31.673638895154,0.2,90.8200851082802));
#8216=CARTESIAN_POINT('Ctrl Pts',(31.7640852723014,0.2,90.9293072570768));
#8217=CARTESIAN_POINT('Ctrl Pts',(31.9455254176222,0.2,91.1484125786486));
#8218=CARTESIAN_POINT('Ctrl Pts',(32.2284194592645,0.2,91.1791479627278));
#8219=CARTESIAN_POINT('Ctrl Pts',(32.3702932149172,0.2,91.1945620179176));
#8220=CARTESIAN_POINT('Origin',(31.6652704030275,0.,90.8200851082802));
#8221=CARTESIAN_POINT('',(31.6652704030275,0.,90.8200851082802));
#8222=CARTESIAN_POINT('',(32.1576352015138,0.,90.8200851082802));
#8223=CARTESIAN_POINT('',(31.6652704030275,0.2,90.8200851082802));
#8224=CARTESIAN_POINT('',(31.6652704030275,0.,90.8200851082802));
#8225=CARTESIAN_POINT('',(31.6652704030275,0.2,90.8200851082802));
#8226=CARTESIAN_POINT('Origin',(31.6652704030275,0.,92.1715494990349));
#8227=CARTESIAN_POINT('',(31.6652704030275,0.,92.1715494990349));
#8228=CARTESIAN_POINT('',(31.6652704030275,0.,82.0607747495174));
#8229=CARTESIAN_POINT('',(31.6652704030275,0.2,92.1715494990349));
#8230=CARTESIAN_POINT('',(31.6652704030275,0.,92.1715494990349));
#8231=CARTESIAN_POINT('',(31.6652704030275,0.2,92.1715494990349));
#8232=CARTESIAN_POINT('Origin',(31.0041833668947,0.,92.1715494990349));
#8233=CARTESIAN_POINT('',(31.0041833668947,0.,92.1715494990349));
#8234=CARTESIAN_POINT('',(31.8270916834474,0.,92.1715494990349));
#8235=CARTESIAN_POINT('',(31.0041833668947,0.2,92.1715494990349));
#8236=CARTESIAN_POINT('',(31.0041833668947,0.,92.1715494990349));
#8237=CARTESIAN_POINT('',(31.0041833668947,0.2,92.1715494990349));
#8238=CARTESIAN_POINT('Origin',(31.0041833668947,0.,89.0000012516975));
#8239=CARTESIAN_POINT('',(31.0041833668947,0.,89.0000012516975));
#8240=CARTESIAN_POINT('',(31.0041833668947,0.,80.4750006258488));
#8241=CARTESIAN_POINT('',(31.0041833668947,0.2,89.0000012516975));
#8242=CARTESIAN_POINT('',(31.0041833668947,0.,89.0000012516975));
#8243=CARTESIAN_POINT('',(31.0041833668947,0.2,89.0000012516975));
#8244=CARTESIAN_POINT('Origin',(31.6652704030275,0.,89.0000012516975));
#8245=CARTESIAN_POINT('',(31.6652704030275,0.,89.0000012516975));
#8246=CARTESIAN_POINT('',(32.1576352015138,0.,89.0000012516975));
#8247=CARTESIAN_POINT('',(31.6652704030275,0.2,89.0000012516975));
#8248=CARTESIAN_POINT('',(31.6652704030275,0.,89.0000012516975));
#8249=CARTESIAN_POINT('',(31.6652704030275,0.2,89.0000012516975));
#8250=CARTESIAN_POINT('Origin',(31.6652704030275,0.,89.2489552497864));
#8251=CARTESIAN_POINT('',(31.6652704030275,0.,89.2489552497864));
#8252=CARTESIAN_POINT('',(31.6652704030275,0.,80.5994776248932));
#8253=CARTESIAN_POINT('',(31.6652704030275,0.2,89.2489552497864));
#8254=CARTESIAN_POINT('',(31.6652704030275,0.,89.2489552497864));
#8255=CARTESIAN_POINT('',(31.6652704030275,0.2,89.2489552497864));
#8256=CARTESIAN_POINT('Origin',(31.673638895154,0.,89.2489552497864));
#8257=CARTESIAN_POINT('',(31.673638895154,0.,89.2489552497864));
#8258=CARTESIAN_POINT('',(32.161819447577,0.,89.2489552497864));
#8259=CARTESIAN_POINT('',(31.673638895154,0.2,89.2489552497864));
#8260=CARTESIAN_POINT('',(31.673638895154,0.,89.2489552497864));
#8261=CARTESIAN_POINT('',(31.673638895154,0.2,89.2489552497864));
#8262=CARTESIAN_POINT('Ctrl Pts',(32.2719646245241,0.,88.9476999640465));
#8263=CARTESIAN_POINT('Ctrl Pts',(32.2719646245241,0.2,88.9476999640465));
#8264=CARTESIAN_POINT('Ctrl Pts',(32.1490993663431,0.,88.9589269744951));
#8265=CARTESIAN_POINT('Ctrl Pts',(32.1490993663431,0.2,88.9589269744951));
#8266=CARTESIAN_POINT('Ctrl Pts',(31.9094561648913,0.,88.9808247572081));
#8267=CARTESIAN_POINT('Ctrl Pts',(31.9094561648913,0.2,88.9808247572081));
#8268=CARTESIAN_POINT('Ctrl Pts',(31.750902144418,0.,89.1611048853647));
#8269=CARTESIAN_POINT('Ctrl Pts',(31.750902144418,0.2,89.1611048853647));
#8270=CARTESIAN_POINT('Ctrl Pts',(31.673638895154,0.,89.2489552497864));
#8271=CARTESIAN_POINT('Ctrl Pts',(31.673638895154,0.2,89.2489552497864));
#8272=CARTESIAN_POINT('Ctrl Pts',(32.2719646245241,0.,88.9476999640465));
#8273=CARTESIAN_POINT('Ctrl Pts',(32.1490993663431,0.,88.9589269744951));
#8274=CARTESIAN_POINT('Ctrl Pts',(31.9094561648913,0.,88.9808247572081));
#8275=CARTESIAN_POINT('Ctrl Pts',(31.750902144418,0.,89.1611048853647));
#8276=CARTESIAN_POINT('Ctrl Pts',(31.673638895154,0.,89.2489552497864));
#8277=CARTESIAN_POINT('Ctrl Pts',(32.2719646245241,0.2,88.9476999640465));
#8278=CARTESIAN_POINT('Ctrl Pts',(32.1490993663431,0.2,88.9589269744951));
#8279=CARTESIAN_POINT('Ctrl Pts',(31.9094561648913,0.2,88.9808247572081));
#8280=CARTESIAN_POINT('Ctrl Pts',(31.750902144418,0.2,89.1611048853647));
#8281=CARTESIAN_POINT('Ctrl Pts',(31.673638895154,0.2,89.2489552497864));
#8282=CARTESIAN_POINT('Origin',(22.2301269322634,0.2,90.5596247315407));
#8283=CARTESIAN_POINT('Origin',(36.317992284894,0.,92.1715494990349));
#8284=CARTESIAN_POINT('',(36.317992284894,0.,92.1715494990349));
#8285=CARTESIAN_POINT('',(36.9790793210268,0.,92.1715494990349));
#8286=CARTESIAN_POINT('',(34.483996142447,0.,92.1715494990349));
#8287=CARTESIAN_POINT('',(36.317992284894,0.2,92.1715494990349));
#8288=CARTESIAN_POINT('',(36.317992284894,0.,92.1715494990349));
#8289=CARTESIAN_POINT('',(36.9790793210268,0.2,92.1715494990349));
#8290=CARTESIAN_POINT('',(36.317992284894,0.2,92.1715494990349));
#8291=CARTESIAN_POINT('',(36.9790793210268,0.,92.1715494990349));
#8292=CARTESIAN_POINT('Origin',(36.317992284894,0.,89.0000012516975));
#8293=CARTESIAN_POINT('',(36.317992284894,0.,89.0000012516975));
#8294=CARTESIAN_POINT('',(36.317992284894,0.,80.4750006258488));
#8295=CARTESIAN_POINT('',(36.317992284894,0.2,89.0000012516975));
#8296=CARTESIAN_POINT('',(36.317992284894,0.,89.0000012516975));
#8297=CARTESIAN_POINT('',(36.317992284894,0.2,89.0000012516975));
#8298=CARTESIAN_POINT('Origin',(36.9790793210268,0.,89.0000012516975));
#8299=CARTESIAN_POINT('',(36.9790793210268,0.,89.0000012516975));
#8300=CARTESIAN_POINT('',(34.8145396605134,0.,89.0000012516975));
#8301=CARTESIAN_POINT('',(36.9790793210268,0.2,89.0000012516975));
#8302=CARTESIAN_POINT('',(36.9790793210268,0.,89.0000012516975));
#8303=CARTESIAN_POINT('',(36.9790793210268,0.2,89.0000012516975));
#8304=CARTESIAN_POINT('Origin',(36.9790793210268,0.,92.1715494990349));
#8305=CARTESIAN_POINT('',(36.9790793210268,0.,82.0607747495174));
#8306=CARTESIAN_POINT('',(36.9790793210268,0.2,92.1715494990349));
#8307=CARTESIAN_POINT('Origin',(22.2301269322634,0.2,90.5596247315407));
#8308=CARTESIAN_POINT('Ctrl Pts',(34.7719646245241,0.,90.6882858276367));
#8309=CARTESIAN_POINT('Ctrl Pts',(34.7719646245241,0.2,90.6882858276367));
#8310=CARTESIAN_POINT('Ctrl Pts',(34.7085774879374,0.,90.6821272662515));
#8311=CARTESIAN_POINT('Ctrl Pts',(34.7085774879374,0.2,90.6821272662515));
#8312=CARTESIAN_POINT('Ctrl Pts',(34.5819587318154,0.,90.6698252531918));
#8313=CARTESIAN_POINT('Ctrl Pts',(34.5819587318154,0.2,90.6698252531918));
#8314=CARTESIAN_POINT('Ctrl Pts',(34.488926665003,0.,90.583073006329));
#8315=CARTESIAN_POINT('Ctrl Pts',(34.488926665003,0.2,90.583073006329));
#8316=CARTESIAN_POINT('Ctrl Pts',(34.44246776402,0.,90.5397501587868));
#8317=CARTESIAN_POINT('Ctrl Pts',(34.44246776402,0.2,90.5397501587868));
#8318=CARTESIAN_POINT('',(34.7719646245241,0.,90.6882858276367));
#8319=CARTESIAN_POINT('',(34.44246776402,0.,90.5397501587868));
#8320=CARTESIAN_POINT('Ctrl Pts',(34.7719646245241,0.,90.6882858276367));
#8321=CARTESIAN_POINT('Ctrl Pts',(34.7085774879374,0.,90.6821272662515));
#8322=CARTESIAN_POINT('Ctrl Pts',(34.5819587318154,0.,90.6698252531918));
#8323=CARTESIAN_POINT('Ctrl Pts',(34.488926665003,0.,90.583073006329));
#8324=CARTESIAN_POINT('Ctrl Pts',(34.44246776402,0.,90.5397501587868));
#8325=CARTESIAN_POINT('',(34.7719646245241,0.2,90.6882858276367));
#8326=CARTESIAN_POINT('',(34.7719646245241,0.,90.6882858276367));
#8327=CARTESIAN_POINT('',(34.44246776402,0.2,90.5397501587868));
#8328=CARTESIAN_POINT('Ctrl Pts',(34.7719646245241,0.2,90.6882858276367));
#8329=CARTESIAN_POINT('Ctrl Pts',(34.7085774879374,0.2,90.6821272662515));
#8330=CARTESIAN_POINT('Ctrl Pts',(34.5819587318154,0.2,90.6698252531918));
#8331=CARTESIAN_POINT('Ctrl Pts',(34.488926665003,0.2,90.583073006329));
#8332=CARTESIAN_POINT('Ctrl Pts',(34.44246776402,0.2,90.5397501587868));
#8333=CARTESIAN_POINT('',(34.44246776402,0.,90.5397501587868));
#8334=CARTESIAN_POINT('Ctrl Pts',(35.0972796231508,0.,90.538704097271));
#8335=CARTESIAN_POINT('Ctrl Pts',(35.0972796231508,0.2,90.538704097271));
#8336=CARTESIAN_POINT('Ctrl Pts',(35.0540900524699,0.,90.582318133224));
#8337=CARTESIAN_POINT('Ctrl Pts',(35.0540900524699,0.2,90.582318133224));
#8338=CARTESIAN_POINT('Ctrl Pts',(34.9646627059315,0.,90.672624367938));
#8339=CARTESIAN_POINT('Ctrl Pts',(34.9646627059315,0.2,90.672624367938));
#8340=CARTESIAN_POINT('Ctrl Pts',(34.8376405369394,0.,90.6829480440534));
#8341=CARTESIAN_POINT('Ctrl Pts',(34.8376405369394,0.2,90.6829480440534));
#8342=CARTESIAN_POINT('Ctrl Pts',(34.7719646245241,0.,90.6882858276367));
#8343=CARTESIAN_POINT('Ctrl Pts',(34.7719646245241,0.2,90.6882858276367));
#8344=CARTESIAN_POINT('',(35.0972796231508,0.,90.538704097271));
#8345=CARTESIAN_POINT('Ctrl Pts',(35.0972796231508,0.,90.538704097271));
#8346=CARTESIAN_POINT('Ctrl Pts',(35.0540900524699,0.,90.582318133224));
#8347=CARTESIAN_POINT('Ctrl Pts',(34.9646627059315,0.,90.672624367938));
#8348=CARTESIAN_POINT('Ctrl Pts',(34.8376405369394,0.,90.6829480440534));
#8349=CARTESIAN_POINT('Ctrl Pts',(34.7719646245241,0.,90.6882858276367));
#8350=CARTESIAN_POINT('',(35.0972796231508,0.2,90.538704097271));
#8351=CARTESIAN_POINT('',(35.0972796231508,0.,90.538704097271));
#8352=CARTESIAN_POINT('Ctrl Pts',(35.0972796231508,0.2,90.538704097271));
#8353=CARTESIAN_POINT('Ctrl Pts',(35.0540900524699,0.2,90.582318133224));
#8354=CARTESIAN_POINT('Ctrl Pts',(34.9646627059315,0.2,90.672624367938));
#8355=CARTESIAN_POINT('Ctrl Pts',(34.8376405369394,0.2,90.6829480440534));
#8356=CARTESIAN_POINT('Ctrl Pts',(34.7719646245241,0.2,90.6882858276367));
#8357=CARTESIAN_POINT('Ctrl Pts',(35.2112961560488,0.,90.1234322786331));
#8358=CARTESIAN_POINT('Ctrl Pts',(35.2112961560488,0.2,90.1234322786331));
#8359=CARTESIAN_POINT('Ctrl Pts',(35.2085715614263,0.,90.2042919394543));
#8360=CARTESIAN_POINT('Ctrl Pts',(35.2085715614263,0.2,90.2042919394543));
#8361=CARTESIAN_POINT('Ctrl Pts',(35.2035835551944,0.,90.352324416935));
#8362=CARTESIAN_POINT('Ctrl Pts',(35.2035835551944,0.2,90.352324416935));
#8363=CARTESIAN_POINT('Ctrl Pts',(35.1304606588028,0.,90.4805287250233));
#8364=CARTESIAN_POINT('Ctrl Pts',(35.1304606588028,0.2,90.4805287250233));
#8365=CARTESIAN_POINT('Ctrl Pts',(35.0972796231508,0.,90.538704097271));
#8366=CARTESIAN_POINT('Ctrl Pts',(35.0972796231508,0.2,90.538704097271));
#8367=CARTESIAN_POINT('',(35.2112961560488,0.,90.1234322786331));
#8368=CARTESIAN_POINT('Ctrl Pts',(35.2112961560488,0.,90.1234322786331));
#8369=CARTESIAN_POINT('Ctrl Pts',(35.2085715614263,0.,90.2042919394543));
#8370=CARTESIAN_POINT('Ctrl Pts',(35.2035835551944,0.,90.352324416935));
#8371=CARTESIAN_POINT('Ctrl Pts',(35.1304606588028,0.,90.4805287250233));
#8372=CARTESIAN_POINT('Ctrl Pts',(35.0972796231508,0.,90.538704097271));
#8373=CARTESIAN_POINT('',(35.2112961560488,0.2,90.1234322786331));
#8374=CARTESIAN_POINT('',(35.2112961560488,0.,90.1234322786331));
#8375=CARTESIAN_POINT('Ctrl Pts',(35.2112961560488,0.2,90.1234322786331));
#8376=CARTESIAN_POINT('Ctrl Pts',(35.2085715614263,0.2,90.2042919394543));
#8377=CARTESIAN_POINT('Ctrl Pts',(35.2035835551944,0.2,90.352324416935));
#8378=CARTESIAN_POINT('Ctrl Pts',(35.1304606588028,0.2,90.4805287250233));
#8379=CARTESIAN_POINT('Ctrl Pts',(35.0972796231508,0.2,90.538704097271));
#8380=CARTESIAN_POINT('Ctrl Pts',(35.0868178158998,0.,89.6286621689796));
#8381=CARTESIAN_POINT('Ctrl Pts',(35.0868178158998,0.2,89.6286621689796));
#8382=CARTESIAN_POINT('Ctrl Pts',(35.1230182199904,0.,89.697640021952));
#8383=CARTESIAN_POINT('Ctrl Pts',(35.1230182199904,0.2,89.697640021952));
#8384=CARTESIAN_POINT('Ctrl Pts',(35.203995700698,0.,89.8519380995191));
#8385=CARTESIAN_POINT('Ctrl Pts',(35.203995700698,0.2,89.8519380995191));
#8386=CARTESIAN_POINT('Ctrl Pts',(35.2086967031499,0.,90.0267620988965));
#8387=CARTESIAN_POINT('Ctrl Pts',(35.2086967031499,0.2,90.0267620988965));
#8388=CARTESIAN_POINT('Ctrl Pts',(35.2112961560488,0.,90.1234322786331));
#8389=CARTESIAN_POINT('Ctrl Pts',(35.2112961560488,0.2,90.1234322786331));
#8390=CARTESIAN_POINT('',(35.0868178158998,0.,89.6286621689796));
#8391=CARTESIAN_POINT('Ctrl Pts',(35.0868178158998,0.,89.6286621689796));
#8392=CARTESIAN_POINT('Ctrl Pts',(35.1230182199904,0.,89.697640021952));
#8393=CARTESIAN_POINT('Ctrl Pts',(35.203995700698,0.,89.8519380995191));
#8394=CARTESIAN_POINT('Ctrl Pts',(35.2086967031499,0.,90.0267620988965));
#8395=CARTESIAN_POINT('Ctrl Pts',(35.2112961560488,0.,90.1234322786331));
#8396=CARTESIAN_POINT('',(35.0868178158998,0.2,89.6286621689796));
#8397=CARTESIAN_POINT('',(35.0868178158998,0.,89.6286621689796));
#8398=CARTESIAN_POINT('Ctrl Pts',(35.0868178158998,0.2,89.6286621689796));
#8399=CARTESIAN_POINT('Ctrl Pts',(35.1230182199904,0.2,89.697640021952));
#8400=CARTESIAN_POINT('Ctrl Pts',(35.203995700698,0.2,89.8519380995191));
#8401=CARTESIAN_POINT('Ctrl Pts',(35.2086967031499,0.2,90.0267620988965));
#8402=CARTESIAN_POINT('Ctrl Pts',(35.2112961560488,0.2,90.1234322786331));
#8403=CARTESIAN_POINT('Ctrl Pts',(34.7363997250795,0.,89.4539761543274));
#8404=CARTESIAN_POINT('Ctrl Pts',(34.7363997250795,0.2,89.4539761543274));
#8405=CARTESIAN_POINT('Ctrl Pts',(34.8071546137375,0.,89.4607951623055));
#8406=CARTESIAN_POINT('Ctrl Pts',(34.8071546137375,0.2,89.4607951623055));
#8407=CARTESIAN_POINT('Ctrl Pts',(34.9465152283384,0.,89.4742260525356));
#8408=CARTESIAN_POINT('Ctrl Pts',(34.9465152283384,0.2,89.4742260525356));
#8409=CARTESIAN_POINT('Ctrl Pts',(35.0405335910288,0.,89.5777154539836));
#8410=CARTESIAN_POINT('Ctrl Pts',(35.0405335910288,0.2,89.5777154539836));
#8411=CARTESIAN_POINT('Ctrl Pts',(35.0868178158998,0.,89.6286621689796));
#8412=CARTESIAN_POINT('Ctrl Pts',(35.0868178158998,0.2,89.6286621689796));
#8413=CARTESIAN_POINT('',(34.7363997250795,0.,89.4539761543274));
#8414=CARTESIAN_POINT('Ctrl Pts',(34.7363997250795,0.,89.4539761543274));
#8415=CARTESIAN_POINT('Ctrl Pts',(34.8071546137375,0.,89.4607951623055));
#8416=CARTESIAN_POINT('Ctrl Pts',(34.9465152283384,0.,89.4742260525356));
#8417=CARTESIAN_POINT('Ctrl Pts',(35.0405335910288,0.,89.5777154539836));
#8418=CARTESIAN_POINT('Ctrl Pts',(35.0868178158998,0.,89.6286621689796));
#8419=CARTESIAN_POINT('',(34.7363997250795,0.2,89.4539761543274));
#8420=CARTESIAN_POINT('',(34.7363997250795,0.,89.4539761543274));
#8421=CARTESIAN_POINT('Ctrl Pts',(34.7363997250795,0.2,89.4539761543274));
#8422=CARTESIAN_POINT('Ctrl Pts',(34.8071546137375,0.2,89.4607951623055));
#8423=CARTESIAN_POINT('Ctrl Pts',(34.9465152283384,0.2,89.4742260525356));
#8424=CARTESIAN_POINT('Ctrl Pts',(35.0405335910288,0.2,89.5777154539836));
#8425=CARTESIAN_POINT('Ctrl Pts',(35.0868178158998,0.2,89.6286621689796));
#8426=CARTESIAN_POINT('Ctrl Pts',(34.4309616833925,0.,89.5899593830109));
#8427=CARTESIAN_POINT('Ctrl Pts',(34.4309616833925,0.2,89.5899593830109));
#8428=CARTESIAN_POINT('Ctrl Pts',(34.4737548454509,0.,89.5502983848072));
#8429=CARTESIAN_POINT('Ctrl Pts',(34.4737548454509,0.2,89.5502983848072));
#8430=CARTESIAN_POINT('Ctrl Pts',(34.5600586973961,0.,89.4703113786519));
#8431=CARTESIAN_POINT('Ctrl Pts',(34.5600586973961,0.2,89.4703113786519));
#8432=CARTESIAN_POINT('Ctrl Pts',(34.6772944841598,0.,89.4594513258281));
#8433=CARTESIAN_POINT('Ctrl Pts',(34.6772944841598,0.2,89.4594513258281));
#8434=CARTESIAN_POINT('Ctrl Pts',(34.7363997250795,0.,89.4539761543274));
#8435=CARTESIAN_POINT('Ctrl Pts',(34.7363997250795,0.2,89.4539761543274));
#8436=CARTESIAN_POINT('',(34.4309616833925,0.,89.5899593830109));
#8437=CARTESIAN_POINT('Ctrl Pts',(34.4309616833925,0.,89.5899593830109));
#8438=CARTESIAN_POINT('Ctrl Pts',(34.4737548454509,0.,89.5502983848072));
#8439=CARTESIAN_POINT('Ctrl Pts',(34.5600586973961,0.,89.4703113786519));
#8440=CARTESIAN_POINT('Ctrl Pts',(34.6772944841598,0.,89.4594513258281));
#8441=CARTESIAN_POINT('Ctrl Pts',(34.7363997250795,0.,89.4539761543274));
#8442=CARTESIAN_POINT('',(34.4309616833925,0.2,89.5899593830109));
#8443=CARTESIAN_POINT('',(34.4309616833925,0.,89.5899593830109));
#8444=CARTESIAN_POINT('Ctrl Pts',(34.4309616833925,0.2,89.5899593830109));
#8445=CARTESIAN_POINT('Ctrl Pts',(34.4737548454509,0.2,89.5502983848072));
#8446=CARTESIAN_POINT('Ctrl Pts',(34.5600586973961,0.2,89.4703113786519));
#8447=CARTESIAN_POINT('Ctrl Pts',(34.6772944841598,0.2,89.4594513258281));
#8448=CARTESIAN_POINT('Ctrl Pts',(34.7363997250795,0.2,89.4539761543274));
#8449=CARTESIAN_POINT('Ctrl Pts',(34.3117142468691,0.,89.933055639267));
#8450=CARTESIAN_POINT('Ctrl Pts',(34.3117142468691,0.2,89.933055639267));
#8451=CARTESIAN_POINT('Ctrl Pts',(34.3158987555188,0.,89.8679008156225));
#8452=CARTESIAN_POINT('Ctrl Pts',(34.3158987555188,0.2,89.8679008156225));
#8453=CARTESIAN_POINT('Ctrl Pts',(34.3239669283329,0.,89.7422754624829));
#8454=CARTESIAN_POINT('Ctrl Pts',(34.3239669283329,0.2,89.7422754624829));
#8455=CARTESIAN_POINT('Ctrl Pts',(34.3961945010129,0.,89.639453406446));
#8456=CARTESIAN_POINT('Ctrl Pts',(34.3961945010129,0.2,89.639453406446));
#8457=CARTESIAN_POINT('Ctrl Pts',(34.4309616833925,0.,89.5899593830109));
#8458=CARTESIAN_POINT('Ctrl Pts',(34.4309616833925,0.2,89.5899593830109));
#8459=CARTESIAN_POINT('',(34.3117142468691,0.,89.933055639267));
#8460=CARTESIAN_POINT('Ctrl Pts',(34.3117142468691,0.,89.933055639267));
#8461=CARTESIAN_POINT('Ctrl Pts',(34.3158987555188,0.,89.8679008156225));
#8462=CARTESIAN_POINT('Ctrl Pts',(34.3239669283329,0.,89.7422754624829));
#8463=CARTESIAN_POINT('Ctrl Pts',(34.3961945010129,0.,89.639453406446));
#8464=CARTESIAN_POINT('Ctrl Pts',(34.4309616833925,0.,89.5899593830109));
#8465=CARTESIAN_POINT('',(34.3117142468691,0.2,89.933055639267));
#8466=CARTESIAN_POINT('',(34.3117142468691,0.,89.933055639267));
#8467=CARTESIAN_POINT('Ctrl Pts',(34.3117142468691,0.2,89.933055639267));
#8468=CARTESIAN_POINT('Ctrl Pts',(34.3158987555188,0.2,89.8679008156225));
#8469=CARTESIAN_POINT('Ctrl Pts',(34.3239669283329,0.2,89.7422754624829));
#8470=CARTESIAN_POINT('Ctrl Pts',(34.3961945010129,0.2,89.639453406446));
#8471=CARTESIAN_POINT('Ctrl Pts',(34.4309616833925,0.2,89.5899593830109));
#8472=CARTESIAN_POINT('Origin',(34.3117142468691,0.,90.1527211070061));
#8473=CARTESIAN_POINT('',(34.3117142468691,0.,90.1527211070061));
#8474=CARTESIAN_POINT('',(34.3117142468691,0.,81.051360553503));
#8475=CARTESIAN_POINT('',(34.3117142468691,0.2,90.1527211070061));
#8476=CARTESIAN_POINT('',(34.3117142468691,0.,90.1527211070061));
#8477=CARTESIAN_POINT('',(34.3117142468691,0.2,90.1527211070061));
#8478=CARTESIAN_POINT('Ctrl Pts',(34.44246776402,0.,90.5397501587868));
#8479=CARTESIAN_POINT('Ctrl Pts',(34.44246776402,0.2,90.5397501587868));
#8480=CARTESIAN_POINT('Ctrl Pts',(34.4043580129979,0.,90.4846315440094));
#8481=CARTESIAN_POINT('Ctrl Pts',(34.4043580129979,0.2,90.4846315440094));
#8482=CARTESIAN_POINT('Ctrl Pts',(34.3240176571262,0.,90.3684342714583));
#8483=CARTESIAN_POINT('Ctrl Pts',(34.3240176571262,0.2,90.3684342714583));
#8484=CARTESIAN_POINT('Ctrl Pts',(34.3159532644456,0.,90.227042931321));
#8485=CARTESIAN_POINT('Ctrl Pts',(34.3159532644456,0.2,90.227042931321));
#8486=CARTESIAN_POINT('Ctrl Pts',(34.3117142468691,0.,90.1527211070061));
#8487=CARTESIAN_POINT('Ctrl Pts',(34.3117142468691,0.2,90.1527211070061));
#8488=CARTESIAN_POINT('Ctrl Pts',(34.44246776402,0.,90.5397501587868));
#8489=CARTESIAN_POINT('Ctrl Pts',(34.4043580129979,0.,90.4846315440094));
#8490=CARTESIAN_POINT('Ctrl Pts',(34.3240176571262,0.,90.3684342714583));
#8491=CARTESIAN_POINT('Ctrl Pts',(34.3159532644456,0.,90.227042931321));
#8492=CARTESIAN_POINT('Ctrl Pts',(34.3117142468691,0.,90.1527211070061));
#8493=CARTESIAN_POINT('Ctrl Pts',(34.44246776402,0.2,90.5397501587868));
#8494=CARTESIAN_POINT('Ctrl Pts',(34.4043580129979,0.2,90.4846315440094));
#8495=CARTESIAN_POINT('Ctrl Pts',(34.3240176571262,0.2,90.3684342714583));
#8496=CARTESIAN_POINT('Ctrl Pts',(34.3159532644456,0.2,90.227042931321));
#8497=CARTESIAN_POINT('Ctrl Pts',(34.3117142468691,0.2,90.1527211070061));
#8498=CARTESIAN_POINT('Ctrl Pts',(35.6276131421328,0.,89.2719677090645));
#8499=CARTESIAN_POINT('Ctrl Pts',(35.6276131421328,0.2,89.2719677090645));
#8500=CARTESIAN_POINT('Ctrl Pts',(35.5321225973605,0.,89.1773949591172));
#8501=CARTESIAN_POINT('Ctrl Pts',(35.5321225973605,0.2,89.1773949591172));
#8502=CARTESIAN_POINT('Ctrl Pts',(35.338417828774,0.,88.9855519584637));
#8503=CARTESIAN_POINT('Ctrl Pts',(35.338417828774,0.2,88.9855519584637));
#8504=CARTESIAN_POINT('Ctrl Pts',(35.0666582725176,0.,88.9604350184564));
#8505=CARTESIAN_POINT('Ctrl Pts',(35.0666582725176,0.2,88.9604350184564));
#8506=CARTESIAN_POINT('Ctrl Pts',(34.9288678914309,0.,88.9476999640465));
#8507=CARTESIAN_POINT('Ctrl Pts',(34.9288678914309,0.2,88.9476999640465));
#8508=CARTESIAN_POINT('',(35.6276131421328,0.,89.2719677090645));
#8509=CARTESIAN_POINT('',(34.9288678914309,0.,88.9476999640465));
#8510=CARTESIAN_POINT('Ctrl Pts',(35.6276131421328,0.,89.2719677090645));
#8511=CARTESIAN_POINT('Ctrl Pts',(35.5321225973605,0.,89.1773949591172));
#8512=CARTESIAN_POINT('Ctrl Pts',(35.338417828774,0.,88.9855519584637));
#8513=CARTESIAN_POINT('Ctrl Pts',(35.0666582725176,0.,88.9604350184564));
#8514=CARTESIAN_POINT('Ctrl Pts',(34.9288678914309,0.,88.9476999640465));
#8515=CARTESIAN_POINT('',(35.6276131421328,0.2,89.2719677090645));
#8516=CARTESIAN_POINT('',(35.6276131421328,0.,89.2719677090645));
#8517=CARTESIAN_POINT('',(34.9288678914309,0.2,88.9476999640465));
#8518=CARTESIAN_POINT('Ctrl Pts',(35.6276131421328,0.2,89.2719677090645));
#8519=CARTESIAN_POINT('Ctrl Pts',(35.5321225973605,0.2,89.1773949591172));
#8520=CARTESIAN_POINT('Ctrl Pts',(35.338417828774,0.2,88.9855519584637));
#8521=CARTESIAN_POINT('Ctrl Pts',(35.0666582725176,0.2,88.9604350184564));
#8522=CARTESIAN_POINT('Ctrl Pts',(34.9288678914309,0.2,88.9476999640465));
#8523=CARTESIAN_POINT('',(34.9288678914309,0.,88.9476999640465));
#8524=CARTESIAN_POINT('Ctrl Pts',(35.8891201764345,0.,90.1318004727364));
#8525=CARTESIAN_POINT('Ctrl Pts',(35.8891201764345,0.2,90.1318004727364));
#8526=CARTESIAN_POINT('Ctrl Pts',(35.8815162933877,0.,89.9663871732737));
#8527=CARTESIAN_POINT('Ctrl Pts',(35.8815162933877,0.2,89.9663871732737));
#8528=CARTESIAN_POINT('Ctrl Pts',(35.8672778437222,0.,89.6566468834878));
#8529=CARTESIAN_POINT('Ctrl Pts',(35.8672778437222,0.2,89.6566468834878));
#8530=CARTESIAN_POINT('Ctrl Pts',(35.7037914676417,0.,89.3942394293945));
#8531=CARTESIAN_POINT('Ctrl Pts',(35.7037914676417,0.2,89.3942394293945));
#8532=CARTESIAN_POINT('Ctrl Pts',(35.6276131421328,0.,89.2719677090645));
#8533=CARTESIAN_POINT('Ctrl Pts',(35.6276131421328,0.2,89.2719677090645));
#8534=CARTESIAN_POINT('',(35.8891201764345,0.,90.1318004727364));
#8535=CARTESIAN_POINT('Ctrl Pts',(35.8891201764345,0.,90.1318004727364));
#8536=CARTESIAN_POINT('Ctrl Pts',(35.8815162933877,0.,89.9663871732737));
#8537=CARTESIAN_POINT('Ctrl Pts',(35.8672778437222,0.,89.6566468834878));
#8538=CARTESIAN_POINT('Ctrl Pts',(35.7037914676417,0.,89.3942394293945));
#8539=CARTESIAN_POINT('Ctrl Pts',(35.6276131421328,0.,89.2719677090645));
#8540=CARTESIAN_POINT('',(35.8891201764345,0.2,90.1318004727364));
#8541=CARTESIAN_POINT('',(35.8891201764345,0.,90.1318004727364));
#8542=CARTESIAN_POINT('Ctrl Pts',(35.8891201764345,0.2,90.1318004727364));
#8543=CARTESIAN_POINT('Ctrl Pts',(35.8815162933877,0.2,89.9663871732737));
#8544=CARTESIAN_POINT('Ctrl Pts',(35.8672778437222,0.2,89.6566468834878));
#8545=CARTESIAN_POINT('Ctrl Pts',(35.7037914676417,0.2,89.3942394293945));
#8546=CARTESIAN_POINT('Ctrl Pts',(35.6276131421328,0.2,89.2719677090645));
#8547=CARTESIAN_POINT('Ctrl Pts',(35.6652713567019,0.,90.9100431203842));
#8548=CARTESIAN_POINT('Ctrl Pts',(35.6652713567019,0.2,90.9100431203842));
#8549=CARTESIAN_POINT('Ctrl Pts',(35.7304407252775,0.,90.8005599092299));
#8550=CARTESIAN_POINT('Ctrl Pts',(35.7304407252775,0.2,90.8005599092299));
#8551=CARTESIAN_POINT('Ctrl Pts',(35.8726607797247,0.,90.5616331159877));
#8552=CARTESIAN_POINT('Ctrl Pts',(35.8726607797247,0.2,90.5616331159877));
#8553=CARTESIAN_POINT('Ctrl Pts',(35.883336423419,0.,90.2828416008154));
#8554=CARTESIAN_POINT('Ctrl Pts',(35.883336423419,0.2,90.2828416008154));
#8555=CARTESIAN_POINT('Ctrl Pts',(35.8891201764345,0.,90.1318004727364));
#8556=CARTESIAN_POINT('Ctrl Pts',(35.8891201764345,0.2,90.1318004727364));
#8557=CARTESIAN_POINT('',(35.6652713567019,0.,90.9100431203842));
#8558=CARTESIAN_POINT('Ctrl Pts',(35.6652713567019,0.,90.9100431203842));
#8559=CARTESIAN_POINT('Ctrl Pts',(35.7304407252775,0.,90.8005599092299));
#8560=CARTESIAN_POINT('Ctrl Pts',(35.8726607797247,0.,90.5616331159877));
#8561=CARTESIAN_POINT('Ctrl Pts',(35.883336423419,0.,90.2828416008154));
#8562=CARTESIAN_POINT('Ctrl Pts',(35.8891201764345,0.,90.1318004727364));
#8563=CARTESIAN_POINT('',(35.6652713567019,0.2,90.9100431203842));
#8564=CARTESIAN_POINT('',(35.6652713567019,0.,90.9100431203842));
#8565=CARTESIAN_POINT('Ctrl Pts',(35.6652713567019,0.2,90.9100431203842));
#8566=CARTESIAN_POINT('Ctrl Pts',(35.7304407252775,0.2,90.8005599092299));
#8567=CARTESIAN_POINT('Ctrl Pts',(35.8726607797247,0.2,90.5616331159877));
#8568=CARTESIAN_POINT('Ctrl Pts',(35.883336423419,0.2,90.2828416008154));
#8569=CARTESIAN_POINT('Ctrl Pts',(35.8891201764345,0.2,90.1318004727364));
#8570=CARTESIAN_POINT('Ctrl Pts',(35.0271964818239,0.,91.1945620179176));
#8571=CARTESIAN_POINT('Ctrl Pts',(35.0271964818239,0.2,91.1945620179176));
#8572=CARTESIAN_POINT('Ctrl Pts',(35.1557307802816,0.,91.1846806748848));
#8573=CARTESIAN_POINT('Ctrl Pts',(35.1557307802816,0.2,91.1846806748848));
#8574=CARTESIAN_POINT('Ctrl Pts',(35.4030978028141,0.,91.1656638176412));
#8575=CARTESIAN_POINT('Ctrl Pts',(35.4030978028141,0.2,91.1656638176412));
#8576=CARTESIAN_POINT('Ctrl Pts',(35.5801953896169,0.,90.9929926692749));
#8577=CARTESIAN_POINT('Ctrl Pts',(35.5801953896169,0.2,90.9929926692749));
#8578=CARTESIAN_POINT('Ctrl Pts',(35.6652713567019,0.,90.9100431203842));
#8579=CARTESIAN_POINT('Ctrl Pts',(35.6652713567019,0.2,90.9100431203842));
#8580=CARTESIAN_POINT('',(35.0271964818239,0.,91.1945620179176));
#8581=CARTESIAN_POINT('Ctrl Pts',(35.0271964818239,0.,91.1945620179176));
#8582=CARTESIAN_POINT('Ctrl Pts',(35.1557307802816,0.,91.1846806748848));
#8583=CARTESIAN_POINT('Ctrl Pts',(35.4030978028141,0.,91.1656638176412));
#8584=CARTESIAN_POINT('Ctrl Pts',(35.5801953896169,0.,90.9929926692749));
#8585=CARTESIAN_POINT('Ctrl Pts',(35.6652713567019,0.,90.9100431203842));
#8586=CARTESIAN_POINT('',(35.0271964818239,0.2,91.1945620179176));
#8587=CARTESIAN_POINT('',(35.0271964818239,0.,91.1945620179176));
#8588=CARTESIAN_POINT('Ctrl Pts',(35.0271964818239,0.2,91.1945620179176));
#8589=CARTESIAN_POINT('Ctrl Pts',(35.1557307802816,0.2,91.1846806748848));
#8590=CARTESIAN_POINT('Ctrl Pts',(35.4030978028141,0.2,91.1656638176412));
#8591=CARTESIAN_POINT('Ctrl Pts',(35.5801953896169,0.2,90.9929926692749));
#8592=CARTESIAN_POINT('Ctrl Pts',(35.6652713567019,0.2,90.9100431203842));
#8593=CARTESIAN_POINT('Ctrl Pts',(34.3305421620607,0.,90.8200851082802));
#8594=CARTESIAN_POINT('Ctrl Pts',(34.3305421620607,0.2,90.8200851082802));
#8595=CARTESIAN_POINT('Ctrl Pts',(34.4209885392082,0.,90.9293072570768));
#8596=CARTESIAN_POINT('Ctrl Pts',(34.4209885392082,0.2,90.9293072570768));
#8597=CARTESIAN_POINT('Ctrl Pts',(34.6024286845289,0.,91.1484125786486));
#8598=CARTESIAN_POINT('Ctrl Pts',(34.6024286845289,0.2,91.1484125786486));
#8599=CARTESIAN_POINT('Ctrl Pts',(34.8853227261713,0.,91.1791479627278));
#8600=CARTESIAN_POINT('Ctrl Pts',(34.8853227261713,0.2,91.1791479627278));
#8601=CARTESIAN_POINT('Ctrl Pts',(35.0271964818239,0.,91.1945620179176));
#8602=CARTESIAN_POINT('Ctrl Pts',(35.0271964818239,0.2,91.1945620179176));
#8603=CARTESIAN_POINT('',(34.3305421620607,0.,90.8200851082802));
#8604=CARTESIAN_POINT('Ctrl Pts',(34.3305421620607,0.,90.8200851082802));
#8605=CARTESIAN_POINT('Ctrl Pts',(34.4209885392082,0.,90.9293072570768));
#8606=CARTESIAN_POINT('Ctrl Pts',(34.6024286845289,0.,91.1484125786486));
#8607=CARTESIAN_POINT('Ctrl Pts',(34.8853227261713,0.,91.1791479627278));
#8608=CARTESIAN_POINT('Ctrl Pts',(35.0271964818239,0.,91.1945620179176));
#8609=CARTESIAN_POINT('',(34.3305421620607,0.2,90.8200851082802));
#8610=CARTESIAN_POINT('',(34.3305421620607,0.,90.8200851082802));
#8611=CARTESIAN_POINT('Ctrl Pts',(34.3305421620607,0.2,90.8200851082802));
#8612=CARTESIAN_POINT('Ctrl Pts',(34.4209885392082,0.2,90.9293072570768));
#8613=CARTESIAN_POINT('Ctrl Pts',(34.6024286845289,0.2,91.1484125786486));
#8614=CARTESIAN_POINT('Ctrl Pts',(34.8853227261713,0.2,91.1791479627278));
#8615=CARTESIAN_POINT('Ctrl Pts',(35.0271964818239,0.2,91.1945620179176));
#8616=CARTESIAN_POINT('Origin',(34.3221736699343,0.,90.8200851082802));
#8617=CARTESIAN_POINT('',(34.3221736699343,0.,90.8200851082802));
#8618=CARTESIAN_POINT('',(33.4860868349671,0.,90.8200851082802));
#8619=CARTESIAN_POINT('',(34.3221736699343,0.2,90.8200851082802));
#8620=CARTESIAN_POINT('',(34.3221736699343,0.,90.8200851082802));
#8621=CARTESIAN_POINT('',(34.3221736699343,0.2,90.8200851082802));
#8622=CARTESIAN_POINT('Origin',(34.3221736699343,0.,92.1715494990349));
#8623=CARTESIAN_POINT('',(34.3221736699343,0.,92.1715494990349));
#8624=CARTESIAN_POINT('',(34.3221736699343,0.,82.0607747495174));
#8625=CARTESIAN_POINT('',(34.3221736699343,0.2,92.1715494990349));
#8626=CARTESIAN_POINT('',(34.3221736699343,0.,92.1715494990349));
#8627=CARTESIAN_POINT('',(34.3221736699343,0.2,92.1715494990349));
#8628=CARTESIAN_POINT('Origin',(33.6610866338015,0.,92.1715494990349));
#8629=CARTESIAN_POINT('',(33.6610866338015,0.,92.1715494990349));
#8630=CARTESIAN_POINT('',(33.1555433169007,0.,92.1715494990349));
#8631=CARTESIAN_POINT('',(33.6610866338015,0.2,92.1715494990349));
#8632=CARTESIAN_POINT('',(33.6610866338015,0.,92.1715494990349));
#8633=CARTESIAN_POINT('',(33.6610866338015,0.2,92.1715494990349));
#8634=CARTESIAN_POINT('Origin',(33.6610866338015,0.,89.0000012516975));
#8635=CARTESIAN_POINT('',(33.6610866338015,0.,89.0000012516975));
#8636=CARTESIAN_POINT('',(33.6610866338015,0.,80.4750006258488));
#8637=CARTESIAN_POINT('',(33.6610866338015,0.2,89.0000012516975));
#8638=CARTESIAN_POINT('',(33.6610866338015,0.,89.0000012516975));
#8639=CARTESIAN_POINT('',(33.6610866338015,0.2,89.0000012516975));
#8640=CARTESIAN_POINT('Origin',(34.3221736699343,0.,89.0000012516975));
#8641=CARTESIAN_POINT('',(34.3221736699343,0.,89.0000012516975));
#8642=CARTESIAN_POINT('',(33.4860868349671,0.,89.0000012516975));
#8643=CARTESIAN_POINT('',(34.3221736699343,0.2,89.0000012516975));
#8644=CARTESIAN_POINT('',(34.3221736699343,0.,89.0000012516975));
#8645=CARTESIAN_POINT('',(34.3221736699343,0.2,89.0000012516975));
#8646=CARTESIAN_POINT('Origin',(34.3221736699343,0.,89.2489552497864));
#8647=CARTESIAN_POINT('',(34.3221736699343,0.,89.2489552497864));
#8648=CARTESIAN_POINT('',(34.3221736699343,0.,80.5994776248932));
#8649=CARTESIAN_POINT('',(34.3221736699343,0.2,89.2489552497864));
#8650=CARTESIAN_POINT('',(34.3221736699343,0.,89.2489552497864));
#8651=CARTESIAN_POINT('',(34.3221736699343,0.2,89.2489552497864));
#8652=CARTESIAN_POINT('Origin',(34.3305421620607,0.,89.2489552497864));
#8653=CARTESIAN_POINT('',(34.3305421620607,0.,89.2489552497864));
#8654=CARTESIAN_POINT('',(33.4902710810304,0.,89.2489552497864));
#8655=CARTESIAN_POINT('',(34.3305421620607,0.2,89.2489552497864));
#8656=CARTESIAN_POINT('',(34.3305421620607,0.,89.2489552497864));
#8657=CARTESIAN_POINT('',(34.3305421620607,0.2,89.2489552497864));
#8658=CARTESIAN_POINT('Ctrl Pts',(34.9288678914309,0.,88.9476999640465));
#8659=CARTESIAN_POINT('Ctrl Pts',(34.9288678914309,0.2,88.9476999640465));
#8660=CARTESIAN_POINT('Ctrl Pts',(34.8060026332498,0.,88.9589269744951));
#8661=CARTESIAN_POINT('Ctrl Pts',(34.8060026332498,0.2,88.9589269744951));
#8662=CARTESIAN_POINT('Ctrl Pts',(34.566359431798,0.,88.9808247572081));
#8663=CARTESIAN_POINT('Ctrl Pts',(34.566359431798,0.2,88.9808247572081));
#8664=CARTESIAN_POINT('Ctrl Pts',(34.4078054113247,0.,89.1611048853647));
#8665=CARTESIAN_POINT('Ctrl Pts',(34.4078054113247,0.2,89.1611048853647));
#8666=CARTESIAN_POINT('Ctrl Pts',(34.3305421620607,0.,89.2489552497864));
#8667=CARTESIAN_POINT('Ctrl Pts',(34.3305421620607,0.2,89.2489552497864));
#8668=CARTESIAN_POINT('Ctrl Pts',(34.9288678914309,0.,88.9476999640465));
#8669=CARTESIAN_POINT('Ctrl Pts',(34.8060026332498,0.,88.9589269744951));
#8670=CARTESIAN_POINT('Ctrl Pts',(34.566359431798,0.,88.9808247572081));
#8671=CARTESIAN_POINT('Ctrl Pts',(34.4078054113247,0.,89.1611048853647));
#8672=CARTESIAN_POINT('Ctrl Pts',(34.3305421620607,0.,89.2489552497864));
#8673=CARTESIAN_POINT('Ctrl Pts',(34.9288678914309,0.2,88.9476999640465));
#8674=CARTESIAN_POINT('Ctrl Pts',(34.8060026332498,0.2,88.9589269744951));
#8675=CARTESIAN_POINT('Ctrl Pts',(34.566359431798,0.2,88.9808247572081));
#8676=CARTESIAN_POINT('Ctrl Pts',(34.4078054113247,0.2,89.1611048853647));
#8677=CARTESIAN_POINT('Ctrl Pts',(34.3305421620607,0.2,89.2489552497864));
#8678=CARTESIAN_POINT('Origin',(22.2301269322634,0.2,90.5596247315407));
#8679=CARTESIAN_POINT('Ctrl Pts',(29.3504191190004,0.,90.6171560287476));
#8680=CARTESIAN_POINT('Ctrl Pts',(29.3504191190004,0.2,90.6171560287476));
#8681=CARTESIAN_POINT('Ctrl Pts',(29.3153890559492,0.,90.5695229407217));
#8682=CARTESIAN_POINT('Ctrl Pts',(29.3153890559492,0.2,90.5695229407217));
#8683=CARTESIAN_POINT('Ctrl Pts',(29.2429903744906,0.,90.4710768499502));
#8684=CARTESIAN_POINT('Ctrl Pts',(29.2429903744906,0.2,90.4710768499502));
#8685=CARTESIAN_POINT('Ctrl Pts',(29.220707497657,0.,90.3507903021087));
#8686=CARTESIAN_POINT('Ctrl Pts',(29.220707497657,0.2,90.3507903021087));
#8687=CARTESIAN_POINT('Ctrl Pts',(29.2092061787844,0.,90.2887043356895));
#8688=CARTESIAN_POINT('Ctrl Pts',(29.2092061787844,0.2,90.2887043356895));
#8689=CARTESIAN_POINT('',(29.3504191190004,0.,90.6171560287476));
#8690=CARTESIAN_POINT('',(29.2092061787844,0.,90.2887043356895));
#8691=CARTESIAN_POINT('Ctrl Pts',(29.3504191190004,0.,90.6171560287476));
#8692=CARTESIAN_POINT('Ctrl Pts',(29.3153890559492,0.,90.5695229407217));
#8693=CARTESIAN_POINT('Ctrl Pts',(29.2429903744906,0.,90.4710768499502));
#8694=CARTESIAN_POINT('Ctrl Pts',(29.220707497657,0.,90.3507903021087));
#8695=CARTESIAN_POINT('Ctrl Pts',(29.2092061787844,0.,90.2887043356895));
#8696=CARTESIAN_POINT('',(29.3504191190004,0.2,90.6171560287476));
#8697=CARTESIAN_POINT('',(29.3504191190004,0.,90.6171560287476));
#8698=CARTESIAN_POINT('',(29.2092061787844,0.2,90.2887043356895));
#8699=CARTESIAN_POINT('Ctrl Pts',(29.3504191190004,0.2,90.6171560287476));
#8700=CARTESIAN_POINT('Ctrl Pts',(29.3153890559492,0.2,90.5695229407217));
#8701=CARTESIAN_POINT('Ctrl Pts',(29.2429903744906,0.2,90.4710768499502));
#8702=CARTESIAN_POINT('Ctrl Pts',(29.220707497657,0.2,90.3507903021087));
#8703=CARTESIAN_POINT('Ctrl Pts',(29.2092061787844,0.2,90.2887043356895));
#8704=CARTESIAN_POINT('',(29.2092061787844,0.,90.2887043356895));
#8705=CARTESIAN_POINT('Ctrl Pts',(29.6255231648684,0.,90.748955309391));
#8706=CARTESIAN_POINT('Ctrl Pts',(29.6255231648684,0.2,90.748955309391));
#8707=CARTESIAN_POINT('Ctrl Pts',(29.5737940326425,0.,90.7428635983446));
#8708=CARTESIAN_POINT('Ctrl Pts',(29.5737940326425,0.2,90.7428635983446));
#8709=CARTESIAN_POINT('Ctrl Pts',(29.4673002398639,0.,90.7303227072464));
#8710=CARTESIAN_POINT('Ctrl Pts',(29.4673002398639,0.2,90.7303227072464));
#8711=CARTESIAN_POINT('Ctrl Pts',(29.3901128825017,0.,90.6555883379124));
#8712=CARTESIAN_POINT('Ctrl Pts',(29.3901128825017,0.2,90.6555883379124));
#8713=CARTESIAN_POINT('Ctrl Pts',(29.3504191190004,0.,90.6171560287476));
#8714=CARTESIAN_POINT('Ctrl Pts',(29.3504191190004,0.2,90.6171560287476));
#8715=CARTESIAN_POINT('',(29.6255231648684,0.,90.748955309391));
#8716=CARTESIAN_POINT('Ctrl Pts',(29.6255231648684,0.,90.748955309391));
#8717=CARTESIAN_POINT('Ctrl Pts',(29.5737940326425,0.,90.7428635983446));
#8718=CARTESIAN_POINT('Ctrl Pts',(29.4673002398639,0.,90.7303227072464));
#8719=CARTESIAN_POINT('Ctrl Pts',(29.3901128825017,0.,90.6555883379124));
#8720=CARTESIAN_POINT('Ctrl Pts',(29.3504191190004,0.,90.6171560287476));
#8721=CARTESIAN_POINT('',(29.6255231648684,0.2,90.748955309391));
#8722=CARTESIAN_POINT('',(29.6255231648684,0.,90.748955309391));
#8723=CARTESIAN_POINT('Ctrl Pts',(29.6255231648684,0.2,90.748955309391));
#8724=CARTESIAN_POINT('Ctrl Pts',(29.5737940326425,0.2,90.7428635983446));
#8725=CARTESIAN_POINT('Ctrl Pts',(29.4673002398639,0.2,90.7303227072464));
#8726=CARTESIAN_POINT('Ctrl Pts',(29.3901128825017,0.2,90.6555883379124));
#8727=CARTESIAN_POINT('Ctrl Pts',(29.3504191190004,0.2,90.6171560287476));
#8728=CARTESIAN_POINT('Ctrl Pts',(29.9979091435671,0.,90.2887043356895));
#8729=CARTESIAN_POINT('Ctrl Pts',(29.9979091435671,0.2,90.2887043356895));
#8730=CARTESIAN_POINT('Ctrl Pts',(29.9883296738198,0.,90.4226482188325));
#8731=CARTESIAN_POINT('Ctrl Pts',(29.9883296738198,0.2,90.4226482188325));
#8732=CARTESIAN_POINT('Ctrl Pts',(29.9706567448132,0.,90.6697580067538));
#8733=CARTESIAN_POINT('Ctrl Pts',(29.9706567448132,0.2,90.6697580067538));
#8734=CARTESIAN_POINT('Ctrl Pts',(29.7339327929262,0.,90.7240787090803));
#8735=CARTESIAN_POINT('Ctrl Pts',(29.7339327929262,0.2,90.7240787090803));
#8736=CARTESIAN_POINT('Ctrl Pts',(29.6255231648684,0.,90.748955309391));
#8737=CARTESIAN_POINT('Ctrl Pts',(29.6255231648684,0.2,90.748955309391));
#8738=CARTESIAN_POINT('',(29.9979091435671,0.,90.2887043356895));
#8739=CARTESIAN_POINT('Ctrl Pts',(29.9979091435671,0.,90.2887043356895));
#8740=CARTESIAN_POINT('Ctrl Pts',(29.9883296738198,0.,90.4226482188325));
#8741=CARTESIAN_POINT('Ctrl Pts',(29.9706567448132,0.,90.6697580067538));
#8742=CARTESIAN_POINT('Ctrl Pts',(29.7339327929262,0.,90.7240787090803));
#8743=CARTESIAN_POINT('Ctrl Pts',(29.6255231648684,0.,90.748955309391));
#8744=CARTESIAN_POINT('',(29.9979091435671,0.2,90.2887043356895));
#8745=CARTESIAN_POINT('',(29.9979091435671,0.,90.2887043356895));
#8746=CARTESIAN_POINT('Ctrl Pts',(29.9979091435671,0.2,90.2887043356895));
#8747=CARTESIAN_POINT('Ctrl Pts',(29.9883296738198,0.2,90.4226482188325));
#8748=CARTESIAN_POINT('Ctrl Pts',(29.9706567448132,0.2,90.6697580067538));
#8749=CARTESIAN_POINT('Ctrl Pts',(29.7339327929262,0.2,90.7240787090803));
#8750=CARTESIAN_POINT('Ctrl Pts',(29.6255231648684,0.2,90.748955309391));
#8751=CARTESIAN_POINT('Origin',(29.2092061787844,0.,90.2887043356895));
#8752=CARTESIAN_POINT('',(30.9296030893922,0.,90.2887043356895));
#8753=CARTESIAN_POINT('',(29.2092061787844,0.2,90.2887043356895));
#8754=CARTESIAN_POINT('Ctrl Pts',(30.3546047955751,0.,90.9163191914558));
#8755=CARTESIAN_POINT('Ctrl Pts',(30.3546047955751,0.2,90.9163191914558));
#8756=CARTESIAN_POINT('Ctrl Pts',(30.4292703873815,0.,90.8107517376087));
#8757=CARTESIAN_POINT('Ctrl Pts',(30.4292703873815,0.2,90.8107517376087));
#8758=CARTESIAN_POINT('Ctrl Pts',(30.58881028193,0.,90.5851830379298));
#8759=CARTESIAN_POINT('Ctrl Pts',(30.58881028193,0.2,90.5851830379298));
#8760=CARTESIAN_POINT('Ctrl Pts',(30.6032167620228,0.,90.3083582120906));
#8761=CARTESIAN_POINT('Ctrl Pts',(30.6032167620228,0.2,90.3083582120906));
#8762=CARTESIAN_POINT('Ctrl Pts',(30.6108809262514,0.,90.1610890030861));
#8763=CARTESIAN_POINT('Ctrl Pts',(30.6108809262514,0.2,90.1610890030861));
#8764=CARTESIAN_POINT('',(30.3546047955751,0.,90.9163191914558));
#8765=CARTESIAN_POINT('',(30.6108809262514,0.,90.1610890030861));
#8766=CARTESIAN_POINT('Ctrl Pts',(30.3546047955751,0.,90.9163191914558));
#8767=CARTESIAN_POINT('Ctrl Pts',(30.4292703873815,0.,90.8107517376087));
#8768=CARTESIAN_POINT('Ctrl Pts',(30.58881028193,0.,90.5851830379298));
#8769=CARTESIAN_POINT('Ctrl Pts',(30.6032167620228,0.,90.3083582120906));
#8770=CARTESIAN_POINT('Ctrl Pts',(30.6108809262514,0.,90.1610890030861));
#8771=CARTESIAN_POINT('',(30.3546047955751,0.2,90.9163191914558));
#8772=CARTESIAN_POINT('',(30.3546047955751,0.,90.9163191914558));
#8773=CARTESIAN_POINT('',(30.6108809262514,0.2,90.1610890030861));
#8774=CARTESIAN_POINT('Ctrl Pts',(30.3546047955751,0.2,90.9163191914558));
#8775=CARTESIAN_POINT('Ctrl Pts',(30.4292703873815,0.2,90.8107517376087));
#8776=CARTESIAN_POINT('Ctrl Pts',(30.58881028193,0.2,90.5851830379298));
#8777=CARTESIAN_POINT('Ctrl Pts',(30.6032167620228,0.2,90.3083582120906));
#8778=CARTESIAN_POINT('Ctrl Pts',(30.6108809262514,0.2,90.1610890030861));
#8779=CARTESIAN_POINT('',(30.6108809262514,0.,90.1610890030861));
#8780=CARTESIAN_POINT('Ctrl Pts',(29.6297074109316,0.,91.1945620179176));
#8781=CARTESIAN_POINT('Ctrl Pts',(29.6297074109316,0.2,91.1945620179176));
#8782=CARTESIAN_POINT('Ctrl Pts',(29.7740749359931,0.,91.1860510766368));
#8783=CARTESIAN_POINT('Ctrl Pts',(29.7740749359931,0.2,91.1860510766368));
#8784=CARTESIAN_POINT('Ctrl Pts',(30.0463108906868,0.,91.1700018701139));
#8785=CARTESIAN_POINT('Ctrl Pts',(30.0463108906868,0.2,91.1700018701139));
#8786=CARTESIAN_POINT('Ctrl Pts',(30.2560778635355,0.,90.9973930487182));
#8787=CARTESIAN_POINT('Ctrl Pts',(30.2560778635355,0.2,90.9973930487182));
#8788=CARTESIAN_POINT('Ctrl Pts',(30.3546047955751,0.,90.9163191914558));
#8789=CARTESIAN_POINT('Ctrl Pts',(30.3546047955751,0.2,90.9163191914558));
#8790=CARTESIAN_POINT('',(29.6297074109316,0.,91.1945620179176));
#8791=CARTESIAN_POINT('Ctrl Pts',(29.6297074109316,0.,91.1945620179176));
#8792=CARTESIAN_POINT('Ctrl Pts',(29.7740749359931,0.,91.1860510766368));
#8793=CARTESIAN_POINT('Ctrl Pts',(30.0463108906868,0.,91.1700018701139));
#8794=CARTESIAN_POINT('Ctrl Pts',(30.2560778635355,0.,90.9973930487182));
#8795=CARTESIAN_POINT('Ctrl Pts',(30.3546047955751,0.,90.9163191914558));
#8796=CARTESIAN_POINT('',(29.6297074109316,0.2,91.1945620179176));
#8797=CARTESIAN_POINT('',(29.6297074109316,0.,91.1945620179176));
#8798=CARTESIAN_POINT('Ctrl Pts',(29.6297074109316,0.2,91.1945620179176));
#8799=CARTESIAN_POINT('Ctrl Pts',(29.7740749359931,0.2,91.1860510766368));
#8800=CARTESIAN_POINT('Ctrl Pts',(30.0463108906868,0.2,91.1700018701139));
#8801=CARTESIAN_POINT('Ctrl Pts',(30.2560778635355,0.2,90.9973930487182));
#8802=CARTESIAN_POINT('Ctrl Pts',(30.3546047955751,0.2,90.9163191914558));
#8803=CARTESIAN_POINT('Ctrl Pts',(28.868200853467,0.,90.8828464150429));
#8804=CARTESIAN_POINT('Ctrl Pts',(28.868200853467,0.2,90.8828464150429));
#8805=CARTESIAN_POINT('Ctrl Pts',(28.9779231837778,0.,90.9737618571797));
#8806=CARTESIAN_POINT('Ctrl Pts',(28.9779231837778,0.2,90.9737618571797));
#8807=CARTESIAN_POINT('Ctrl Pts',(29.1991153869687,0.,91.1570407475692));
#8808=CARTESIAN_POINT('Ctrl Pts',(29.1991153869687,0.2,91.1570407475692));
#8809=CARTESIAN_POINT('Ctrl Pts',(29.485422740009,0.,91.1819892254748));
#8810=CARTESIAN_POINT('Ctrl Pts',(29.485422740009,0.2,91.1819892254748));
#8811=CARTESIAN_POINT('Ctrl Pts',(29.6297074109316,0.,91.1945620179176));
#8812=CARTESIAN_POINT('Ctrl Pts',(29.6297074109316,0.2,91.1945620179176));
#8813=CARTESIAN_POINT('',(28.868200853467,0.,90.8828464150429));
#8814=CARTESIAN_POINT('Ctrl Pts',(28.868200853467,0.,90.8828464150429));
#8815=CARTESIAN_POINT('Ctrl Pts',(28.9779231837778,0.,90.9737618571797));
#8816=CARTESIAN_POINT('Ctrl Pts',(29.1991153869687,0.,91.1570407475692));
#8817=CARTESIAN_POINT('Ctrl Pts',(29.485422740009,0.,91.1819892254748));
#8818=CARTESIAN_POINT('Ctrl Pts',(29.6297074109316,0.,91.1945620179176));
#8819=CARTESIAN_POINT('',(28.868200853467,0.2,90.8828464150429));
#8820=CARTESIAN_POINT('',(28.868200853467,0.,90.8828464150429));
#8821=CARTESIAN_POINT('Ctrl Pts',(28.868200853467,0.2,90.8828464150429));
#8822=CARTESIAN_POINT('Ctrl Pts',(28.9779231837778,0.2,90.9737618571797));
#8823=CARTESIAN_POINT('Ctrl Pts',(29.1991153869687,0.2,91.1570407475692));
#8824=CARTESIAN_POINT('Ctrl Pts',(29.485422740009,0.2,91.1819892254748));
#8825=CARTESIAN_POINT('Ctrl Pts',(29.6297074109316,0.2,91.1945620179176));
#8826=CARTESIAN_POINT('Ctrl Pts',(28.5585785657167,0.,90.0376582145691));
#8827=CARTESIAN_POINT('Ctrl Pts',(28.5585785657167,0.2,90.0376582145691));
#8828=CARTESIAN_POINT('Ctrl Pts',(28.5684403854117,0.,90.2030436746555));
#8829=CARTESIAN_POINT('Ctrl Pts',(28.5684403854117,0.2,90.2030436746555));
#8830=CARTESIAN_POINT('Ctrl Pts',(28.58714917794,0.,90.5167953306044));
#8831=CARTESIAN_POINT('Ctrl Pts',(28.58714917794,0.2,90.5167953306044));
#8832=CARTESIAN_POINT('Ctrl Pts',(28.7779672306471,0.,90.7653231324504));
#8833=CARTESIAN_POINT('Ctrl Pts',(28.7779672306471,0.2,90.7653231324504));
#8834=CARTESIAN_POINT('Ctrl Pts',(28.868200853467,0.,90.8828464150429));
#8835=CARTESIAN_POINT('Ctrl Pts',(28.868200853467,0.2,90.8828464150429));
#8836=CARTESIAN_POINT('',(28.5585785657167,0.,90.0376582145691));
#8837=CARTESIAN_POINT('Ctrl Pts',(28.5585785657167,0.,90.0376582145691));
#8838=CARTESIAN_POINT('Ctrl Pts',(28.5684403854117,0.,90.2030436746555));
#8839=CARTESIAN_POINT('Ctrl Pts',(28.58714917794,0.,90.5167953306044));
#8840=CARTESIAN_POINT('Ctrl Pts',(28.7779672306471,0.,90.7653231324504));
#8841=CARTESIAN_POINT('Ctrl Pts',(28.868200853467,0.,90.8828464150429));
#8842=CARTESIAN_POINT('',(28.5585785657167,0.2,90.0376582145691));
#8843=CARTESIAN_POINT('',(28.5585785657167,0.,90.0376582145691));
#8844=CARTESIAN_POINT('Ctrl Pts',(28.5585785657167,0.2,90.0376582145691));
#8845=CARTESIAN_POINT('Ctrl Pts',(28.5684403854117,0.2,90.2030436746555));
#8846=CARTESIAN_POINT('Ctrl Pts',(28.58714917794,0.2,90.5167953306044));
#8847=CARTESIAN_POINT('Ctrl Pts',(28.7779672306471,0.2,90.7653231324504));
#8848=CARTESIAN_POINT('Ctrl Pts',(28.868200853467,0.2,90.8828464150429));
#8849=CARTESIAN_POINT('Ctrl Pts',(28.8451886922121,0.,89.2353570461273));
#8850=CARTESIAN_POINT('Ctrl Pts',(28.8451886922121,0.2,89.2353570461273));
#8851=CARTESIAN_POINT('Ctrl Pts',(28.7616917288333,0.,89.3457459443011));
#8852=CARTESIAN_POINT('Ctrl Pts',(28.7616917288333,0.2,89.3457459443011));
#8853=CARTESIAN_POINT('Ctrl Pts',(28.5828743773968,0.,89.5821551453145));
#8854=CARTESIAN_POINT('Ctrl Pts',(28.5828743773968,0.2,89.5821551453145));
#8855=CARTESIAN_POINT('Ctrl Pts',(28.5670264583776,0.,89.8792753176979));
#8856=CARTESIAN_POINT('Ctrl Pts',(28.5670264583776,0.2,89.8792753176979));
#8857=CARTESIAN_POINT('Ctrl Pts',(28.5585785657167,0.,90.0376582145691));
#8858=CARTESIAN_POINT('Ctrl Pts',(28.5585785657167,0.2,90.0376582145691));
#8859=CARTESIAN_POINT('',(28.8451886922121,0.,89.2353570461273));
#8860=CARTESIAN_POINT('Ctrl Pts',(28.8451886922121,0.,89.2353570461273));
#8861=CARTESIAN_POINT('Ctrl Pts',(28.7616917288333,0.,89.3457459443011));
#8862=CARTESIAN_POINT('Ctrl Pts',(28.5828743773968,0.,89.5821551453145));
#8863=CARTESIAN_POINT('Ctrl Pts',(28.5670264583776,0.,89.8792753176979));
#8864=CARTESIAN_POINT('Ctrl Pts',(28.5585785657167,0.,90.0376582145691));
#8865=CARTESIAN_POINT('',(28.8451886922121,0.2,89.2353570461273));
#8866=CARTESIAN_POINT('',(28.8451886922121,0.,89.2353570461273));
#8867=CARTESIAN_POINT('Ctrl Pts',(28.8451886922121,0.2,89.2353570461273));
#8868=CARTESIAN_POINT('Ctrl Pts',(28.7616917288333,0.2,89.3457459443011));
#8869=CARTESIAN_POINT('Ctrl Pts',(28.5828743773968,0.2,89.5821551453145));
#8870=CARTESIAN_POINT('Ctrl Pts',(28.5670264583776,0.2,89.8792753176979));
#8871=CARTESIAN_POINT('Ctrl Pts',(28.5585785657167,0.2,90.0376582145691));
#8872=CARTESIAN_POINT('Ctrl Pts',(29.6506286412477,0.,88.9476999640465));
#8873=CARTESIAN_POINT('Ctrl Pts',(29.6506286412477,0.2,88.9476999640465));
#8874=CARTESIAN_POINT('Ctrl Pts',(29.4912081485209,0.,88.9560439443624));
#8875=CARTESIAN_POINT('Ctrl Pts',(29.4912081485209,0.2,88.9560439443624));
#8876=CARTESIAN_POINT('Ctrl Pts',(29.1927855670066,0.,88.9716632170379));
#8877=CARTESIAN_POINT('Ctrl Pts',(29.1927855670066,0.2,88.9716632170379));
#8878=CARTESIAN_POINT('Ctrl Pts',(28.9556458633157,0.,89.1515620625968));
#8879=CARTESIAN_POINT('Ctrl Pts',(28.9556458633157,0.2,89.1515620625968));
#8880=CARTESIAN_POINT('Ctrl Pts',(28.8451886922121,0.,89.2353570461273));
#8881=CARTESIAN_POINT('Ctrl Pts',(28.8451886922121,0.2,89.2353570461273));
#8882=CARTESIAN_POINT('',(29.6506286412477,0.,88.9476999640465));
#8883=CARTESIAN_POINT('Ctrl Pts',(29.6506286412477,0.,88.9476999640465));
#8884=CARTESIAN_POINT('Ctrl Pts',(29.4912081485209,0.,88.9560439443624));
#8885=CARTESIAN_POINT('Ctrl Pts',(29.1927855670066,0.,88.9716632170379));
#8886=CARTESIAN_POINT('Ctrl Pts',(28.9556458633157,0.,89.1515620625968));
#8887=CARTESIAN_POINT('Ctrl Pts',(28.8451886922121,0.,89.2353570461273));
#8888=CARTESIAN_POINT('',(29.6506286412477,0.2,88.9476999640465));
#8889=CARTESIAN_POINT('',(29.6506286412477,0.,88.9476999640465));
#8890=CARTESIAN_POINT('Ctrl Pts',(29.6506286412477,0.2,88.9476999640465));
#8891=CARTESIAN_POINT('Ctrl Pts',(29.4912081485209,0.2,88.9560439443624));
#8892=CARTESIAN_POINT('Ctrl Pts',(29.1927855670066,0.2,88.9716632170379));
#8893=CARTESIAN_POINT('Ctrl Pts',(28.9556458633157,0.2,89.1515620625968));
#8894=CARTESIAN_POINT('Ctrl Pts',(28.8451886922121,0.2,89.2353570461273));
#8895=CARTESIAN_POINT('Ctrl Pts',(30.4225946217775,0.,89.1066959500313));
#8896=CARTESIAN_POINT('Ctrl Pts',(30.4225946217775,0.2,89.1066959500313));
#8897=CARTESIAN_POINT('Ctrl Pts',(30.3101718542787,0.,89.0604181991317));
#8898=CARTESIAN_POINT('Ctrl Pts',(30.3101718542787,0.2,89.0604181991317));
#8899=CARTESIAN_POINT('Ctrl Pts',(30.0634077713049,0.,88.9588401378824));
#8900=CARTESIAN_POINT('Ctrl Pts',(30.0634077713049,0.2,88.9588401378824));
#8901=CARTESIAN_POINT('Ctrl Pts',(29.7961350852871,0.,88.9516269239212));
#8902=CARTESIAN_POINT('Ctrl Pts',(29.7961350852871,0.2,88.9516269239212));
#8903=CARTESIAN_POINT('Ctrl Pts',(29.6506286412477,0.,88.9476999640465));
#8904=CARTESIAN_POINT('Ctrl Pts',(29.6506286412477,0.2,88.9476999640465));
#8905=CARTESIAN_POINT('',(30.4225946217775,0.,89.1066959500313));
#8906=CARTESIAN_POINT('Ctrl Pts',(30.4225946217775,0.,89.1066959500313));
#8907=CARTESIAN_POINT('Ctrl Pts',(30.3101718542787,0.,89.0604181991317));
#8908=CARTESIAN_POINT('Ctrl Pts',(30.0634077713049,0.,88.9588401378824));
#8909=CARTESIAN_POINT('Ctrl Pts',(29.7961350852871,0.,88.9516269239212));
#8910=CARTESIAN_POINT('Ctrl Pts',(29.6506286412477,0.,88.9476999640465));
#8911=CARTESIAN_POINT('',(30.4225946217775,0.2,89.1066959500313));
#8912=CARTESIAN_POINT('',(30.4225946217775,0.,89.1066959500313));
#8913=CARTESIAN_POINT('Ctrl Pts',(30.4225946217775,0.2,89.1066959500313));
#8914=CARTESIAN_POINT('Ctrl Pts',(30.3101718542787,0.2,89.0604181991317));
#8915=CARTESIAN_POINT('Ctrl Pts',(30.0634077713049,0.2,88.9588401378824));
#8916=CARTESIAN_POINT('Ctrl Pts',(29.7961350852871,0.2,88.9516269239212));
#8917=CARTESIAN_POINT('Ctrl Pts',(29.6506286412477,0.2,88.9476999640465));
#8918=CARTESIAN_POINT('Origin',(30.4225946217775,0.,89.5836833119392));
#8919=CARTESIAN_POINT('',(30.4225946217775,0.,89.5836833119392));
#8920=CARTESIAN_POINT('',(30.4225946217775,0.,80.7668416559696));
#8921=CARTESIAN_POINT('',(30.4225946217775,0.2,89.5836833119392));
#8922=CARTESIAN_POINT('',(30.4225946217775,0.,89.5836833119392));
#8923=CARTESIAN_POINT('',(30.4225946217775,0.2,89.5836833119392));
#8924=CARTESIAN_POINT('Ctrl Pts',(29.8012567311525,0.,89.4163191318512));
#8925=CARTESIAN_POINT('Ctrl Pts',(29.8012567311525,0.2,89.4163191318512));
#8926=CARTESIAN_POINT('Ctrl Pts',(29.9141104831964,0.,89.4224194373642));
#8927=CARTESIAN_POINT('Ctrl Pts',(29.9141104831964,0.2,89.4224194373642));
#8928=CARTESIAN_POINT('Ctrl Pts',(30.1332612619789,0.,89.4342656248393));
#8929=CARTESIAN_POINT('Ctrl Pts',(30.1332612619789,0.2,89.4342656248393));
#8930=CARTESIAN_POINT('Ctrl Pts',(30.3280932136834,0.,89.5348808446574));
#8931=CARTESIAN_POINT('Ctrl Pts',(30.3280932136834,0.2,89.5348808446574));
#8932=CARTESIAN_POINT('Ctrl Pts',(30.4225946217775,0.,89.5836833119392));
#8933=CARTESIAN_POINT('Ctrl Pts',(30.4225946217775,0.2,89.5836833119392));
#8934=CARTESIAN_POINT('',(29.8012567311525,0.,89.4163191318512));
#8935=CARTESIAN_POINT('Ctrl Pts',(29.8012567311525,0.,89.4163191318512));
#8936=CARTESIAN_POINT('Ctrl Pts',(29.9141104831964,0.,89.4224194373642));
#8937=CARTESIAN_POINT('Ctrl Pts',(30.1332612619789,0.,89.4342656248393));
#8938=CARTESIAN_POINT('Ctrl Pts',(30.3280932136834,0.,89.5348808446574));
#8939=CARTESIAN_POINT('Ctrl Pts',(30.4225946217775,0.,89.5836833119392));
#8940=CARTESIAN_POINT('',(29.8012567311525,0.2,89.4163191318512));
#8941=CARTESIAN_POINT('',(29.8012567311525,0.,89.4163191318512));
#8942=CARTESIAN_POINT('Ctrl Pts',(29.8012567311525,0.2,89.4163191318512));
#8943=CARTESIAN_POINT('Ctrl Pts',(29.9141104831964,0.2,89.4224194373642));
#8944=CARTESIAN_POINT('Ctrl Pts',(30.1332612619789,0.2,89.4342656248393));
#8945=CARTESIAN_POINT('Ctrl Pts',(30.3280932136834,0.2,89.5348808446574));
#8946=CARTESIAN_POINT('Ctrl Pts',(30.4225946217775,0.2,89.5836833119392));
#8947=CARTESIAN_POINT('Ctrl Pts',(29.2133904248476,0.,89.8828464746475));
#8948=CARTESIAN_POINT('Ctrl Pts',(29.2133904248476,0.2,89.8828464746475));
#8949=CARTESIAN_POINT('Ctrl Pts',(29.2516886173796,0.,89.7469297976423));
#8950=CARTESIAN_POINT('Ctrl Pts',(29.2516886173796,0.2,89.7469297976423));
#8951=CARTESIAN_POINT('Ctrl Pts',(29.3336002621892,0.,89.4562330875761));
#8952=CARTESIAN_POINT('Ctrl Pts',(29.3336002621892,0.2,89.4562330875761));
#8953=CARTESIAN_POINT('Ctrl Pts',(29.6387703952347,0.,89.4301871585934));
#8954=CARTESIAN_POINT('Ctrl Pts',(29.6387703952347,0.2,89.4301871585934));
#8955=CARTESIAN_POINT('Ctrl Pts',(29.8012567311525,0.,89.4163191318512));
#8956=CARTESIAN_POINT('Ctrl Pts',(29.8012567311525,0.2,89.4163191318512));
#8957=CARTESIAN_POINT('',(29.2133904248476,0.,89.8828464746475));
#8958=CARTESIAN_POINT('Ctrl Pts',(29.2133904248476,0.,89.8828464746475));
#8959=CARTESIAN_POINT('Ctrl Pts',(29.2516886173796,0.,89.7469297976423));
#8960=CARTESIAN_POINT('Ctrl Pts',(29.3336002621892,0.,89.4562330875761));
#8961=CARTESIAN_POINT('Ctrl Pts',(29.6387703952347,0.,89.4301871585934));
#8962=CARTESIAN_POINT('Ctrl Pts',(29.8012567311525,0.,89.4163191318512));
#8963=CARTESIAN_POINT('',(29.2133904248476,0.2,89.8828464746475));
#8964=CARTESIAN_POINT('',(29.2133904248476,0.,89.8828464746475));
#8965=CARTESIAN_POINT('Ctrl Pts',(29.2133904248476,0.2,89.8828464746475));
#8966=CARTESIAN_POINT('Ctrl Pts',(29.2516886173796,0.2,89.7469297976423));
#8967=CARTESIAN_POINT('Ctrl Pts',(29.3336002621892,0.2,89.4562330875761));
#8968=CARTESIAN_POINT('Ctrl Pts',(29.6387703952347,0.2,89.4301871585934));
#8969=CARTESIAN_POINT('Ctrl Pts',(29.8012567311525,0.2,89.4163191318512));
#8970=CARTESIAN_POINT('Origin',(30.6108809262514,0.,89.8828464746475));
#8971=CARTESIAN_POINT('',(30.6108809262514,0.,89.8828464746475));
#8972=CARTESIAN_POINT('',(31.6304404631257,0.,89.8828464746475));
#8973=CARTESIAN_POINT('',(30.6108809262514,0.2,89.8828464746475));
#8974=CARTESIAN_POINT('',(30.6108809262514,0.,89.8828464746475));
#8975=CARTESIAN_POINT('',(30.6108809262514,0.2,89.8828464746475));
#8976=CARTESIAN_POINT('Origin',(30.6108809262514,0.,90.1610890030861));
#8977=CARTESIAN_POINT('',(30.6108809262514,0.,81.055544501543));
#8978=CARTESIAN_POINT('',(30.6108809262514,0.2,90.1610890030861));
#8979=CARTESIAN_POINT('Origin',(22.2301269322634,0.2,90.5596247315407));
#8980=CARTESIAN_POINT('Ctrl Pts',(24.604604318738,0.,89.4539761543274));
#8981=CARTESIAN_POINT('Ctrl Pts',(24.604604318738,0.2,89.4539761543274));
#8982=CARTESIAN_POINT('Ctrl Pts',(24.7426557221515,0.,89.4905729644964));
#8983=CARTESIAN_POINT('Ctrl Pts',(24.7426557221515,0.2,89.4905729644964));
#8984=CARTESIAN_POINT('Ctrl Pts',(25.0542351784506,0.,89.5731712860839));
#8985=CARTESIAN_POINT('Ctrl Pts',(25.0542351784506,0.2,89.5731712860839));
#8986=CARTESIAN_POINT('Ctrl Pts',(25.0704629894125,0.,89.9037551789581));
#8987=CARTESIAN_POINT('Ctrl Pts',(25.0704629894125,0.2,89.9037551789581));
#8988=CARTESIAN_POINT('Ctrl Pts',(25.0795007497072,0.,90.0878673791885));
#8989=CARTESIAN_POINT('Ctrl Pts',(25.0795007497072,0.2,90.0878673791885));
#8990=CARTESIAN_POINT('',(24.604604318738,0.,89.4539761543274));
#8991=CARTESIAN_POINT('',(25.0795007497072,0.,90.0878673791885));
#8992=CARTESIAN_POINT('Ctrl Pts',(24.604604318738,0.,89.4539761543274));
#8993=CARTESIAN_POINT('Ctrl Pts',(24.7426557221515,0.,89.4905729644964));
#8994=CARTESIAN_POINT('Ctrl Pts',(25.0542351784506,0.,89.5731712860839));
#8995=CARTESIAN_POINT('Ctrl Pts',(25.0704629894125,0.,89.9037551789581));
#8996=CARTESIAN_POINT('Ctrl Pts',(25.0795007497072,0.,90.0878673791885));
#8997=CARTESIAN_POINT('',(24.604604318738,0.2,89.4539761543274));
#8998=CARTESIAN_POINT('',(24.604604318738,0.,89.4539761543274));
#8999=CARTESIAN_POINT('',(25.0795007497072,0.2,90.0878673791885));
#9000=CARTESIAN_POINT('Ctrl Pts',(24.604604318738,0.2,89.4539761543274));
#9001=CARTESIAN_POINT('Ctrl Pts',(24.7426557221515,0.2,89.4905729644964));
#9002=CARTESIAN_POINT('Ctrl Pts',(25.0542351784506,0.2,89.5731712860839));
#9003=CARTESIAN_POINT('Ctrl Pts',(25.0704629894125,0.2,89.9037551789581));
#9004=CARTESIAN_POINT('Ctrl Pts',(25.0795007497072,0.2,90.0878673791885));
#9005=CARTESIAN_POINT('',(25.0795007497072,0.,90.0878673791885));
#9006=CARTESIAN_POINT('Ctrl Pts',(24.1066957265139,0.,90.0711309909821));
#9007=CARTESIAN_POINT('Ctrl Pts',(24.1066957265139,0.2,90.0711309909821));
#9008=CARTESIAN_POINT('Ctrl Pts',(24.1193839160589,0.,89.8915355925643));
#9009=CARTESIAN_POINT('Ctrl Pts',(24.1193839160589,0.2,89.8915355925643));
#9010=CARTESIAN_POINT('Ctrl Pts',(24.1427679815475,0.,89.5605450644715));
#9011=CARTESIAN_POINT('Ctrl Pts',(24.1427679815475,0.2,89.5605450644715));
#9012=CARTESIAN_POINT('Ctrl Pts',(24.4596585247831,0.,89.4874224513115));
#9013=CARTESIAN_POINT('Ctrl Pts',(24.4596585247831,0.2,89.4874224513115));
#9014=CARTESIAN_POINT('Ctrl Pts',(24.604604318738,0.,89.4539761543274));
#9015=CARTESIAN_POINT('Ctrl Pts',(24.604604318738,0.2,89.4539761543274));
#9016=CARTESIAN_POINT('',(24.1066957265139,0.,90.0711309909821));
#9017=CARTESIAN_POINT('Ctrl Pts',(24.1066957265139,0.,90.0711309909821));
#9018=CARTESIAN_POINT('Ctrl Pts',(24.1193839160589,0.,89.8915355925643));
#9019=CARTESIAN_POINT('Ctrl Pts',(24.1427679815475,0.,89.5605450644715));
#9020=CARTESIAN_POINT('Ctrl Pts',(24.4596585247831,0.,89.4874224513115));
#9021=CARTESIAN_POINT('Ctrl Pts',(24.604604318738,0.,89.4539761543274));
#9022=CARTESIAN_POINT('',(24.1066957265139,0.2,90.0711309909821));
#9023=CARTESIAN_POINT('',(24.1066957265139,0.,90.0711309909821));
#9024=CARTESIAN_POINT('Ctrl Pts',(24.1066957265139,0.2,90.0711309909821));
#9025=CARTESIAN_POINT('Ctrl Pts',(24.1193839160589,0.2,89.8915355925643));
#9026=CARTESIAN_POINT('Ctrl Pts',(24.1427679815475,0.2,89.5605450644715));
#9027=CARTESIAN_POINT('Ctrl Pts',(24.4596585247831,0.2,89.4874224513115));
#9028=CARTESIAN_POINT('Ctrl Pts',(24.604604318738,0.2,89.4539761543274));
#9029=CARTESIAN_POINT('Ctrl Pts',(24.2364037781954,0.,90.5271980166435));
#9030=CARTESIAN_POINT('Ctrl Pts',(24.2364037781954,0.2,90.5271980166435));
#9031=CARTESIAN_POINT('Ctrl Pts',(24.1986625567952,0.,90.4639505846203));
#9032=CARTESIAN_POINT('Ctrl Pts',(24.1986625567952,0.2,90.4639505846203));
#9033=CARTESIAN_POINT('Ctrl Pts',(24.1152019279099,0.,90.3240857297957));
#9034=CARTESIAN_POINT('Ctrl Pts',(24.1152019279099,0.2,90.3240857297957));
#9035=CARTESIAN_POINT('Ctrl Pts',(24.1097062419054,0.,90.1606567497917));
#9036=CARTESIAN_POINT('Ctrl Pts',(24.1097062419054,0.2,90.1606567497917));
#9037=CARTESIAN_POINT('Ctrl Pts',(24.1066957265139,0.,90.0711309909821));
#9038=CARTESIAN_POINT('Ctrl Pts',(24.1066957265139,0.2,90.0711309909821));
#9039=CARTESIAN_POINT('',(24.2364037781954,0.,90.5271980166435));
#9040=CARTESIAN_POINT('Ctrl Pts',(24.2364037781954,0.,90.5271980166435));
#9041=CARTESIAN_POINT('Ctrl Pts',(24.1986625567952,0.,90.4639505846203));
#9042=CARTESIAN_POINT('Ctrl Pts',(24.1152019279099,0.,90.3240857297957));
#9043=CARTESIAN_POINT('Ctrl Pts',(24.1097062419054,0.,90.1606567497917));
#9044=CARTESIAN_POINT('Ctrl Pts',(24.1066957265139,0.,90.0711309909821));
#9045=CARTESIAN_POINT('',(24.2364037781954,0.2,90.5271980166435));
#9046=CARTESIAN_POINT('',(24.2364037781954,0.,90.5271980166435));
#9047=CARTESIAN_POINT('Ctrl Pts',(24.2364037781954,0.2,90.5271980166435));
#9048=CARTESIAN_POINT('Ctrl Pts',(24.1986625567952,0.2,90.4639505846203));
#9049=CARTESIAN_POINT('Ctrl Pts',(24.1152019279099,0.2,90.3240857297957));
#9050=CARTESIAN_POINT('Ctrl Pts',(24.1097062419054,0.2,90.1606567497917));
#9051=CARTESIAN_POINT('Ctrl Pts',(24.1066957265139,0.2,90.0711309909821));
#9052=CARTESIAN_POINT('Ctrl Pts',(24.6004200726748,0.,90.6882858276367));
#9053=CARTESIAN_POINT('Ctrl Pts',(24.6004200726748,0.2,90.6882858276367));
#9054=CARTESIAN_POINT('Ctrl Pts',(24.5275289796463,0.,90.6826006730671));
#9055=CARTESIAN_POINT('Ctrl Pts',(24.5275289796463,0.2,90.6826006730671));
#9056=CARTESIAN_POINT('Ctrl Pts',(24.3868411025527,0.,90.6716276955178));
#9057=CARTESIAN_POINT('Ctrl Pts',(24.3868411025527,0.2,90.6716276955178));
#9058=CARTESIAN_POINT('Ctrl Pts',(24.2853242442772,0.,90.5741648663715));
#9059=CARTESIAN_POINT('Ctrl Pts',(24.2853242442772,0.2,90.5741648663715));
#9060=CARTESIAN_POINT('Ctrl Pts',(24.2364037781954,0.,90.5271980166435));
#9061=CARTESIAN_POINT('Ctrl Pts',(24.2364037781954,0.2,90.5271980166435));
#9062=CARTESIAN_POINT('',(24.6004200726748,0.,90.6882858276367));
#9063=CARTESIAN_POINT('Ctrl Pts',(24.6004200726748,0.,90.6882858276367));
#9064=CARTESIAN_POINT('Ctrl Pts',(24.5275289796463,0.,90.6826006730671));
#9065=CARTESIAN_POINT('Ctrl Pts',(24.3868411025527,0.,90.6716276955178));
#9066=CARTESIAN_POINT('Ctrl Pts',(24.2853242442772,0.,90.5741648663715));
#9067=CARTESIAN_POINT('Ctrl Pts',(24.2364037781954,0.,90.5271980166435));
#9068=CARTESIAN_POINT('',(24.6004200726748,0.2,90.6882858276367));
#9069=CARTESIAN_POINT('',(24.6004200726748,0.,90.6882858276367));
#9070=CARTESIAN_POINT('Ctrl Pts',(24.6004200726748,0.2,90.6882858276367));
#9071=CARTESIAN_POINT('Ctrl Pts',(24.5275289796463,0.2,90.6826006730671));
#9072=CARTESIAN_POINT('Ctrl Pts',(24.3868411025527,0.2,90.6716276955178));
#9073=CARTESIAN_POINT('Ctrl Pts',(24.2853242442772,0.2,90.5741648663715));
#9074=CARTESIAN_POINT('Ctrl Pts',(24.2364037781954,0.2,90.5271980166435));
#9075=CARTESIAN_POINT('Ctrl Pts',(25.0795007497072,0.,90.0878673791885));
#9076=CARTESIAN_POINT('Ctrl Pts',(25.0795007497072,0.2,90.0878673791885));
#9077=CARTESIAN_POINT('Ctrl Pts',(25.0677404483785,0.,90.2625492092805));
#9078=CARTESIAN_POINT('Ctrl Pts',(25.0677404483785,0.2,90.2625492092805));
#9079=CARTESIAN_POINT('Ctrl Pts',(25.0461522183187,0.,90.5832103411589));
#9080=CARTESIAN_POINT('Ctrl Pts',(25.0461522183187,0.2,90.5832103411589));
#9081=CARTESIAN_POINT('Ctrl Pts',(24.739858626882,0.,90.6554150238136));
#9082=CARTESIAN_POINT('Ctrl Pts',(24.739858626882,0.2,90.6554150238136));
#9083=CARTESIAN_POINT('Ctrl Pts',(24.6004200726748,0.,90.6882858276367));
#9084=CARTESIAN_POINT('Ctrl Pts',(24.6004200726748,0.2,90.6882858276367));
#9085=CARTESIAN_POINT('Ctrl Pts',(25.0795007497072,0.,90.0878673791885));
#9086=CARTESIAN_POINT('Ctrl Pts',(25.0677404483785,0.,90.2625492092805));
#9087=CARTESIAN_POINT('Ctrl Pts',(25.0461522183187,0.,90.5832103411589));
#9088=CARTESIAN_POINT('Ctrl Pts',(24.739858626882,0.,90.6554150238136));
#9089=CARTESIAN_POINT('Ctrl Pts',(24.6004200726748,0.,90.6882858276367));
#9090=CARTESIAN_POINT('Ctrl Pts',(25.0795007497072,0.2,90.0878673791885));
#9091=CARTESIAN_POINT('Ctrl Pts',(25.0677404483785,0.2,90.2625492092805));
#9092=CARTESIAN_POINT('Ctrl Pts',(25.0461522183187,0.2,90.5832103411589));
#9093=CARTESIAN_POINT('Ctrl Pts',(24.739858626882,0.2,90.6554150238136));
#9094=CARTESIAN_POINT('Ctrl Pts',(24.6004200726748,0.2,90.6882858276367));
#9095=CARTESIAN_POINT('Ctrl Pts',(25.7531405240297,0.,90.100419819355));
#9096=CARTESIAN_POINT('Ctrl Pts',(25.7531405240297,0.2,90.100419819355));
#9097=CARTESIAN_POINT('Ctrl Pts',(25.7431584547173,0.,89.9350787607133));
#9098=CARTESIAN_POINT('Ctrl Pts',(25.7431584547173,0.2,89.9350787607133));
#9099=CARTESIAN_POINT('Ctrl Pts',(25.7242155140157,0.,89.6213115676214));
#9100=CARTESIAN_POINT('Ctrl Pts',(25.7242155140157,0.2,89.6213115676214));
#9101=CARTESIAN_POINT('Ctrl Pts',(25.5315281426213,0.,89.3742125181621));
#9102=CARTESIAN_POINT('Ctrl Pts',(25.5315281426213,0.2,89.3742125181621));
#9103=CARTESIAN_POINT('Ctrl Pts',(25.4403782635927,0.,89.2573234438896));
#9104=CARTESIAN_POINT('Ctrl Pts',(25.4403782635927,0.2,89.2573234438896));
#9105=CARTESIAN_POINT('',(25.7531405240297,0.,90.100419819355));
#9106=CARTESIAN_POINT('',(25.4403782635927,0.,89.2573234438896));
#9107=CARTESIAN_POINT('Ctrl Pts',(25.7531405240297,0.,90.100419819355));
#9108=CARTESIAN_POINT('Ctrl Pts',(25.7431584547173,0.,89.9350787607133));
#9109=CARTESIAN_POINT('Ctrl Pts',(25.7242155140157,0.,89.6213115676214));
#9110=CARTESIAN_POINT('Ctrl Pts',(25.5315281426213,0.,89.3742125181621));
#9111=CARTESIAN_POINT('Ctrl Pts',(25.4403782635927,0.,89.2573234438896));
#9112=CARTESIAN_POINT('',(25.7531405240297,0.2,90.100419819355));
#9113=CARTESIAN_POINT('',(25.7531405240297,0.,90.100419819355));
#9114=CARTESIAN_POINT('',(25.4403782635927,0.2,89.2573234438896));
#9115=CARTESIAN_POINT('Ctrl Pts',(25.7531405240297,0.2,90.100419819355));
#9116=CARTESIAN_POINT('Ctrl Pts',(25.7431584547173,0.2,89.9350787607133));
#9117=CARTESIAN_POINT('Ctrl Pts',(25.7242155140157,0.2,89.6213115676214));
#9118=CARTESIAN_POINT('Ctrl Pts',(25.5315281426213,0.2,89.3742125181621));
#9119=CARTESIAN_POINT('Ctrl Pts',(25.4403782635927,0.2,89.2573234438896));
#9120=CARTESIAN_POINT('',(25.4403782635927,0.,89.2573234438896));
#9121=CARTESIAN_POINT('Ctrl Pts',(25.4497934132814,0.,90.8943527936935));
#9122=CARTESIAN_POINT('Ctrl Pts',(25.4497934132814,0.2,90.8943527936935));
#9123=CARTESIAN_POINT('Ctrl Pts',(25.5382293390326,0.,90.7830936626854));
#9124=CARTESIAN_POINT('Ctrl Pts',(25.5382293390326,0.2,90.7830936626854));
#9125=CARTESIAN_POINT('Ctrl Pts',(25.7226417484672,0.,90.5510888044051));
#9126=CARTESIAN_POINT('Ctrl Pts',(25.7226417484672,0.2,90.5510888044051));
#9127=CARTESIAN_POINT('Ctrl Pts',(25.7427008621637,0.,90.254682793217));
#9128=CARTESIAN_POINT('Ctrl Pts',(25.7427008621637,0.2,90.254682793217));
#9129=CARTESIAN_POINT('Ctrl Pts',(25.7531405240297,0.,90.100419819355));
#9130=CARTESIAN_POINT('Ctrl Pts',(25.7531405240297,0.2,90.100419819355));
#9131=CARTESIAN_POINT('',(25.4497934132814,0.,90.8943527936935));
#9132=CARTESIAN_POINT('Ctrl Pts',(25.4497934132814,0.,90.8943527936935));
#9133=CARTESIAN_POINT('Ctrl Pts',(25.5382293390326,0.,90.7830936626854));
#9134=CARTESIAN_POINT('Ctrl Pts',(25.7226417484672,0.,90.5510888044051));
#9135=CARTESIAN_POINT('Ctrl Pts',(25.7427008621637,0.,90.254682793217));
#9136=CARTESIAN_POINT('Ctrl Pts',(25.7531405240297,0.,90.100419819355));
#9137=CARTESIAN_POINT('',(25.4497934132814,0.2,90.8943527936935));
#9138=CARTESIAN_POINT('',(25.4497934132814,0.,90.8943527936935));
#9139=CARTESIAN_POINT('Ctrl Pts',(25.4497934132814,0.2,90.8943527936935));
#9140=CARTESIAN_POINT('Ctrl Pts',(25.5382293390326,0.2,90.7830936626854));
#9141=CARTESIAN_POINT('Ctrl Pts',(25.7226417484672,0.2,90.5510888044051));
#9142=CARTESIAN_POINT('Ctrl Pts',(25.7427008621637,0.2,90.254682793217));
#9143=CARTESIAN_POINT('Ctrl Pts',(25.7531405240297,0.2,90.100419819355));
#9144=CARTESIAN_POINT('Ctrl Pts',(24.6129728108644,0.,91.1945620179176));
#9145=CARTESIAN_POINT('Ctrl Pts',(24.6129728108644,0.2,91.1945620179176));
#9146=CARTESIAN_POINT('Ctrl Pts',(24.7775644079576,0.,91.1854775002474));
#9147=CARTESIAN_POINT('Ctrl Pts',(24.7775644079576,0.2,91.1854775002474));
#9148=CARTESIAN_POINT('Ctrl Pts',(25.0874595584749,0.,91.1683730549383));
#9149=CARTESIAN_POINT('Ctrl Pts',(25.0874595584749,0.2,91.1683730549383));
#9150=CARTESIAN_POINT('Ctrl Pts',(25.334133161674,0.,90.9818225455279));
#9151=CARTESIAN_POINT('Ctrl Pts',(25.334133161674,0.2,90.9818225455279));
#9152=CARTESIAN_POINT('Ctrl Pts',(25.4497934132814,0.,90.8943527936935));
#9153=CARTESIAN_POINT('Ctrl Pts',(25.4497934132814,0.2,90.8943527936935));
#9154=CARTESIAN_POINT('',(24.6129728108644,0.,91.1945620179176));
#9155=CARTESIAN_POINT('Ctrl Pts',(24.6129728108644,0.,91.1945620179176));
#9156=CARTESIAN_POINT('Ctrl Pts',(24.7775644079576,0.,91.1854775002474));
#9157=CARTESIAN_POINT('Ctrl Pts',(25.0874595584749,0.,91.1683730549383));
#9158=CARTESIAN_POINT('Ctrl Pts',(25.334133161674,0.,90.9818225455279));
#9159=CARTESIAN_POINT('Ctrl Pts',(25.4497934132814,0.,90.8943527936935));
#9160=CARTESIAN_POINT('',(24.6129728108644,0.2,91.1945620179176));
#9161=CARTESIAN_POINT('',(24.6129728108644,0.,91.1945620179176));
#9162=CARTESIAN_POINT('Ctrl Pts',(24.6129728108644,0.2,91.1945620179176));
#9163=CARTESIAN_POINT('Ctrl Pts',(24.7775644079576,0.2,91.1854775002474));
#9164=CARTESIAN_POINT('Ctrl Pts',(25.0874595584749,0.2,91.1683730549383));
#9165=CARTESIAN_POINT('Ctrl Pts',(25.334133161674,0.2,90.9818225455279));
#9166=CARTESIAN_POINT('Ctrl Pts',(25.4497934132814,0.2,90.8943527936935));
#9167=CARTESIAN_POINT('Ctrl Pts',(23.7531400471926,0.,90.8943527936935));
#9168=CARTESIAN_POINT('Ctrl Pts',(23.7531400471926,0.2,90.8943527936935));
#9169=CARTESIAN_POINT('Ctrl Pts',(23.8732892716966,0.,90.9818304475696));
#9170=CARTESIAN_POINT('Ctrl Pts',(23.8732892716966,0.2,90.9818304475696));
#9171=CARTESIAN_POINT('Ctrl Pts',(24.1287641221747,0.,91.1678353147373));
#9172=CARTESIAN_POINT('Ctrl Pts',(24.1287641221747,0.2,91.1678353147373));
#9173=CARTESIAN_POINT('Ctrl Pts',(24.4453019715301,0.,91.1853071473224));
#9174=CARTESIAN_POINT('Ctrl Pts',(24.4453019715301,0.2,91.1853071473224));
#9175=CARTESIAN_POINT('Ctrl Pts',(24.6129728108644,0.,91.1945620179176));
#9176=CARTESIAN_POINT('Ctrl Pts',(24.6129728108644,0.2,91.1945620179176));
#9177=CARTESIAN_POINT('',(23.7531400471926,0.,90.8943527936935));
#9178=CARTESIAN_POINT('Ctrl Pts',(23.7531400471926,0.,90.8943527936935));
#9179=CARTESIAN_POINT('Ctrl Pts',(23.8732892716966,0.,90.9818304475696));
#9180=CARTESIAN_POINT('Ctrl Pts',(24.1287641221747,0.,91.1678353147373));
#9181=CARTESIAN_POINT('Ctrl Pts',(24.4453019715301,0.,91.1853071473224));
#9182=CARTESIAN_POINT('Ctrl Pts',(24.6129728108644,0.,91.1945620179176));
#9183=CARTESIAN_POINT('',(23.7531400471926,0.2,90.8943527936935));
#9184=CARTESIAN_POINT('',(23.7531400471926,0.,90.8943527936935));
#9185=CARTESIAN_POINT('Ctrl Pts',(23.7531400471926,0.2,90.8943527936935));
#9186=CARTESIAN_POINT('Ctrl Pts',(23.8732892716966,0.2,90.9818304475696));
#9187=CARTESIAN_POINT('Ctrl Pts',(24.1287641221747,0.2,91.1678353147373));
#9188=CARTESIAN_POINT('Ctrl Pts',(24.4453019715301,0.2,91.1853071473224));
#9189=CARTESIAN_POINT('Ctrl Pts',(24.6129728108644,0.2,91.1945620179176));
#9190=CARTESIAN_POINT('Ctrl Pts',(23.435148075223,0.,90.0627627968788));
#9191=CARTESIAN_POINT('Ctrl Pts',(23.435148075223,0.2,90.0627627968788));
#9192=CARTESIAN_POINT('Ctrl Pts',(23.4452302398397,0.,90.2271254204132));
#9193=CARTESIAN_POINT('Ctrl Pts',(23.4452302398397,0.2,90.2271254204132));
#9194=CARTESIAN_POINT('Ctrl Pts',(23.464343854792,0.,90.5387215922876));
#9195=CARTESIAN_POINT('Ctrl Pts',(23.464343854792,0.2,90.5387215922876));
#9196=CARTESIAN_POINT('Ctrl Pts',(23.6604684387921,0.,90.7802345459503));
#9197=CARTESIAN_POINT('Ctrl Pts',(23.6604684387921,0.2,90.7802345459503));
#9198=CARTESIAN_POINT('Ctrl Pts',(23.7531400471926,0.,90.8943527936935));
#9199=CARTESIAN_POINT('Ctrl Pts',(23.7531400471926,0.2,90.8943527936935));
#9200=CARTESIAN_POINT('',(23.435148075223,0.,90.0627627968788));
#9201=CARTESIAN_POINT('Ctrl Pts',(23.435148075223,0.,90.0627627968788));
#9202=CARTESIAN_POINT('Ctrl Pts',(23.4452302398397,0.,90.2271254204132));
#9203=CARTESIAN_POINT('Ctrl Pts',(23.464343854792,0.,90.5387215922876));
#9204=CARTESIAN_POINT('Ctrl Pts',(23.6604684387921,0.,90.7802345459503));
#9205=CARTESIAN_POINT('Ctrl Pts',(23.7531400471926,0.,90.8943527936935));
#9206=CARTESIAN_POINT('',(23.435148075223,0.2,90.0627627968788));
#9207=CARTESIAN_POINT('',(23.435148075223,0.,90.0627627968788));
#9208=CARTESIAN_POINT('Ctrl Pts',(23.435148075223,0.2,90.0627627968788));
#9209=CARTESIAN_POINT('Ctrl Pts',(23.4452302398397,0.2,90.2271254204132));
#9210=CARTESIAN_POINT('Ctrl Pts',(23.464343854792,0.2,90.5387215922876));
#9211=CARTESIAN_POINT('Ctrl Pts',(23.6604684387921,0.2,90.7802345459503));
#9212=CARTESIAN_POINT('Ctrl Pts',(23.7531400471926,0.2,90.8943527936935));
#9213=CARTESIAN_POINT('Ctrl Pts',(23.7416339665651,0.,89.2479091882706));
#9214=CARTESIAN_POINT('Ctrl Pts',(23.7416339665651,0.2,89.2479091882706));
#9215=CARTESIAN_POINT('Ctrl Pts',(23.6523052273351,0.,89.3609138607566));
#9216=CARTESIAN_POINT('Ctrl Pts',(23.6523052273351,0.2,89.3609138607566));
#9217=CARTESIAN_POINT('Ctrl Pts',(23.4640298043415,0.,89.5990903165751));
#9218=CARTESIAN_POINT('Ctrl Pts',(23.4640298043415,0.2,89.5990903165751));
#9219=CARTESIAN_POINT('Ctrl Pts',(23.4450976969631,0.,89.9030297777305));
#9220=CARTESIAN_POINT('Ctrl Pts',(23.4450976969631,0.2,89.9030297777305));
#9221=CARTESIAN_POINT('Ctrl Pts',(23.435148075223,0.,90.0627627968788));
#9222=CARTESIAN_POINT('Ctrl Pts',(23.435148075223,0.2,90.0627627968788));
#9223=CARTESIAN_POINT('',(23.7416339665651,0.,89.2479091882706));
#9224=CARTESIAN_POINT('Ctrl Pts',(23.7416339665651,0.,89.2479091882706));
#9225=CARTESIAN_POINT('Ctrl Pts',(23.6523052273351,0.,89.3609138607566));
#9226=CARTESIAN_POINT('Ctrl Pts',(23.4640298043415,0.,89.5990903165751));
#9227=CARTESIAN_POINT('Ctrl Pts',(23.4450976969631,0.,89.9030297777305));
#9228=CARTESIAN_POINT('Ctrl Pts',(23.435148075223,0.,90.0627627968788));
#9229=CARTESIAN_POINT('',(23.7416339665651,0.2,89.2479091882706));
#9230=CARTESIAN_POINT('',(23.7416339665651,0.,89.2479091882706));
#9231=CARTESIAN_POINT('Ctrl Pts',(23.7416339665651,0.2,89.2479091882706));
#9232=CARTESIAN_POINT('Ctrl Pts',(23.6523052273351,0.2,89.3609138607566));
#9233=CARTESIAN_POINT('Ctrl Pts',(23.4640298043415,0.2,89.5990903165751));
#9234=CARTESIAN_POINT('Ctrl Pts',(23.4450976969631,0.2,89.9030297777305));
#9235=CARTESIAN_POINT('Ctrl Pts',(23.435148075223,0.2,90.0627627968788));
#9236=CARTESIAN_POINT('Ctrl Pts',(24.5836830884218,0.,88.9476999640465));
#9237=CARTESIAN_POINT('Ctrl Pts',(24.5836830884218,0.2,88.9476999640465));
#9238=CARTESIAN_POINT('Ctrl Pts',(24.4183563571766,0.,88.956811725508));
#9239=CARTESIAN_POINT('Ctrl Pts',(24.4183563571766,0.2,88.956811725508));
#9240=CARTESIAN_POINT('Ctrl Pts',(24.1069438477971,0.,88.973974809059));
#9241=CARTESIAN_POINT('Ctrl Pts',(24.1069438477971,0.2,88.973974809059));
#9242=CARTESIAN_POINT('Ctrl Pts',(23.858282661689,0.,89.1604380041437));
#9243=CARTESIAN_POINT('Ctrl Pts',(23.858282661689,0.2,89.1604380041437));
#9244=CARTESIAN_POINT('Ctrl Pts',(23.7416339665651,0.,89.2479091882706));
#9245=CARTESIAN_POINT('Ctrl Pts',(23.7416339665651,0.2,89.2479091882706));
#9246=CARTESIAN_POINT('',(24.5836830884218,0.,88.9476999640465));
#9247=CARTESIAN_POINT('Ctrl Pts',(24.5836830884218,0.,88.9476999640465));
#9248=CARTESIAN_POINT('Ctrl Pts',(24.4183563571766,0.,88.956811725508));
#9249=CARTESIAN_POINT('Ctrl Pts',(24.1069438477971,0.,88.973974809059));
#9250=CARTESIAN_POINT('Ctrl Pts',(23.858282661689,0.,89.1604380041437));
#9251=CARTESIAN_POINT('Ctrl Pts',(23.7416339665651,0.,89.2479091882706));
#9252=CARTESIAN_POINT('',(24.5836830884218,0.2,88.9476999640465));
#9253=CARTESIAN_POINT('',(24.5836830884218,0.,88.9476999640465));
#9254=CARTESIAN_POINT('Ctrl Pts',(24.5836830884218,0.2,88.9476999640465));
#9255=CARTESIAN_POINT('Ctrl Pts',(24.4183563571766,0.2,88.956811725508));
#9256=CARTESIAN_POINT('Ctrl Pts',(24.1069438477971,0.2,88.973974809059));
#9257=CARTESIAN_POINT('Ctrl Pts',(23.858282661689,0.2,89.1604380041437));
#9258=CARTESIAN_POINT('Ctrl Pts',(23.7416339665651,0.2,89.2479091882706));
#9259=CARTESIAN_POINT('Ctrl Pts',(25.4403782635927,0.,89.2573234438896));
#9260=CARTESIAN_POINT('Ctrl Pts',(25.4403782635927,0.2,89.2573234438896));
#9261=CARTESIAN_POINT('Ctrl Pts',(25.3216670537498,0.,89.1671018961108));
#9262=CARTESIAN_POINT('Ctrl Pts',(25.3216670537498,0.2,89.1671018961108));
#9263=CARTESIAN_POINT('Ctrl Pts',(25.0693254145355,0.,88.9753200644784));
#9264=CARTESIAN_POINT('Ctrl Pts',(25.0693254145355,0.2,88.9753200644784));
#9265=CARTESIAN_POINT('Ctrl Pts',(24.7518211425492,0.,88.9572625365236));
#9266=CARTESIAN_POINT('Ctrl Pts',(24.7518211425492,0.2,88.9572625365236));
#9267=CARTESIAN_POINT('Ctrl Pts',(24.5836830884218,0.,88.9476999640465));
#9268=CARTESIAN_POINT('Ctrl Pts',(24.5836830884218,0.2,88.9476999640465));
#9269=CARTESIAN_POINT('Ctrl Pts',(25.4403782635927,0.,89.2573234438896));
#9270=CARTESIAN_POINT('Ctrl Pts',(25.3216670537498,0.,89.1671018961108));
#9271=CARTESIAN_POINT('Ctrl Pts',(25.0693254145355,0.,88.9753200644784));
#9272=CARTESIAN_POINT('Ctrl Pts',(24.7518211425492,0.,88.9572625365236));
#9273=CARTESIAN_POINT('Ctrl Pts',(24.5836830884218,0.,88.9476999640465));
#9274=CARTESIAN_POINT('Ctrl Pts',(25.4403782635927,0.2,89.2573234438896));
#9275=CARTESIAN_POINT('Ctrl Pts',(25.3216670537498,0.2,89.1671018961108));
#9276=CARTESIAN_POINT('Ctrl Pts',(25.0693254145355,0.2,88.9753200644784));
#9277=CARTESIAN_POINT('Ctrl Pts',(24.7518211425492,0.2,88.9572625365236));
#9278=CARTESIAN_POINT('Ctrl Pts',(24.5836830884218,0.2,88.9476999640465));
#9279=CARTESIAN_POINT('Origin',(22.2301269322634,0.2,90.5596247315407));
#9280=CARTESIAN_POINT('Ctrl Pts',(23.1087876111269,0.,91.1799176037312));
#9281=CARTESIAN_POINT('Ctrl Pts',(23.1087876111269,0.2,91.1799176037312));
#9282=CARTESIAN_POINT('Ctrl Pts',(23.1400995376436,0.,91.1795068100881));
#9283=CARTESIAN_POINT('Ctrl Pts',(23.1400995376436,0.2,91.1795068100881));
#9284=CARTESIAN_POINT('Ctrl Pts',(23.1957636834498,0.,91.1787765299749));
#9285=CARTESIAN_POINT('Ctrl Pts',(23.1957636834498,0.2,91.1787765299749));
#9286=CARTESIAN_POINT('Ctrl Pts',(23.248775417668,0.,91.1621060872154));
#9287=CARTESIAN_POINT('Ctrl Pts',(23.248775417668,0.2,91.1621060872154));
#9288=CARTESIAN_POINT('Ctrl Pts',(23.2719672471285,0.,91.1548130214214));
#9289=CARTESIAN_POINT('Ctrl Pts',(23.2719672471285,0.2,91.1548130214214));
#9290=CARTESIAN_POINT('',(23.1087876111269,0.,91.1799176037312));
#9291=CARTESIAN_POINT('',(23.2719672471285,0.,91.1548130214214));
#9292=CARTESIAN_POINT('Ctrl Pts',(23.1087876111269,0.,91.1799176037312));
#9293=CARTESIAN_POINT('Ctrl Pts',(23.1400995376436,0.,91.1795068100881));
#9294=CARTESIAN_POINT('Ctrl Pts',(23.1957636834498,0.,91.1787765299749));
#9295=CARTESIAN_POINT('Ctrl Pts',(23.248775417668,0.,91.1621060872154));
#9296=CARTESIAN_POINT('Ctrl Pts',(23.2719672471285,0.,91.1548130214214));
#9297=CARTESIAN_POINT('',(23.1087876111269,0.2,91.1799176037312));
#9298=CARTESIAN_POINT('',(23.1087876111269,0.,91.1799176037312));
#9299=CARTESIAN_POINT('',(23.2719672471285,0.2,91.1548130214214));
#9300=CARTESIAN_POINT('Ctrl Pts',(23.1087876111269,0.2,91.1799176037312));
#9301=CARTESIAN_POINT('Ctrl Pts',(23.1400995376436,0.2,91.1795068100881));
#9302=CARTESIAN_POINT('Ctrl Pts',(23.1957636834498,0.2,91.1787765299749));
#9303=CARTESIAN_POINT('Ctrl Pts',(23.248775417668,0.2,91.1621060872154));
#9304=CARTESIAN_POINT('Ctrl Pts',(23.2719672471285,0.2,91.1548130214214));
#9305=CARTESIAN_POINT('',(23.2719672471285,0.,91.1548130214214));
#9306=CARTESIAN_POINT('Ctrl Pts',(22.5439334660769,0.,90.7447710633278));
#9307=CARTESIAN_POINT('Ctrl Pts',(22.5439334660769,0.2,90.7447710633278));
#9308=CARTESIAN_POINT('Ctrl Pts',(22.603652937052,0.,90.8716230849224));
#9309=CARTESIAN_POINT('Ctrl Pts',(22.603652937052,0.2,90.8716230849224));
#9310=CARTESIAN_POINT('Ctrl Pts',(22.7183140556083,0.,91.1151784019681));
#9311=CARTESIAN_POINT('Ctrl Pts',(22.7183140556083,0.2,91.1151784019681));
#9312=CARTESIAN_POINT('Ctrl Pts',(22.9822963930552,0.,91.1589457853525));
#9313=CARTESIAN_POINT('Ctrl Pts',(22.9822963930552,0.2,91.1589457853525));
#9314=CARTESIAN_POINT('Ctrl Pts',(23.1087876111269,0.,91.1799176037312));
#9315=CARTESIAN_POINT('Ctrl Pts',(23.1087876111269,0.2,91.1799176037312));
#9316=CARTESIAN_POINT('',(22.5439334660769,0.,90.7447710633278));
#9317=CARTESIAN_POINT('Ctrl Pts',(22.5439334660769,0.,90.7447710633278));
#9318=CARTESIAN_POINT('Ctrl Pts',(22.603652937052,0.,90.8716230849224));
#9319=CARTESIAN_POINT('Ctrl Pts',(22.7183140556083,0.,91.1151784019681));
#9320=CARTESIAN_POINT('Ctrl Pts',(22.9822963930552,0.,91.1589457853525));
#9321=CARTESIAN_POINT('Ctrl Pts',(23.1087876111269,0.,91.1799176037312));
#9322=CARTESIAN_POINT('',(22.5439334660769,0.2,90.7447710633278));
#9323=CARTESIAN_POINT('',(22.5439334660769,0.,90.7447710633278));
#9324=CARTESIAN_POINT('Ctrl Pts',(22.5439334660769,0.2,90.7447710633278));
#9325=CARTESIAN_POINT('Ctrl Pts',(22.603652937052,0.2,90.8716230849224));
#9326=CARTESIAN_POINT('Ctrl Pts',(22.7183140556083,0.2,91.1151784019681));
#9327=CARTESIAN_POINT('Ctrl Pts',(22.9822963930552,0.2,91.1589457853525));
#9328=CARTESIAN_POINT('Ctrl Pts',(23.1087876111269,0.2,91.1799176037312));
#9329=CARTESIAN_POINT('Origin',(22.5355661660433,0.,90.7447710633278));
#9330=CARTESIAN_POINT('',(22.5355661660433,0.,90.7447710633278));
#9331=CARTESIAN_POINT('',(27.5927830830216,0.,90.7447710633278));
#9332=CARTESIAN_POINT('',(22.5355661660433,0.2,90.7447710633278));
#9333=CARTESIAN_POINT('',(22.5355661660433,0.,90.7447710633278));
#9334=CARTESIAN_POINT('',(22.5355661660433,0.2,90.7447710633278));
#9335=CARTESIAN_POINT('Origin',(22.5355661660433,0.,91.1422607302666));
#9336=CARTESIAN_POINT('',(22.5355661660433,0.,91.1422607302666));
#9337=CARTESIAN_POINT('',(22.5355661660433,0.,81.5461303651333));
#9338=CARTESIAN_POINT('',(22.5355661660433,0.2,91.1422607302666));
#9339=CARTESIAN_POINT('',(22.5355661660433,0.,91.1422607302666));
#9340=CARTESIAN_POINT('',(22.5355661660433,0.2,91.1422607302666));
#9341=CARTESIAN_POINT('Origin',(21.8744779378176,0.,91.1422607302666));
#9342=CARTESIAN_POINT('',(21.8744779378176,0.,91.1422607302666));
#9343=CARTESIAN_POINT('',(27.2622389689088,0.,91.1422607302666));
#9344=CARTESIAN_POINT('',(21.8744779378176,0.2,91.1422607302666));
#9345=CARTESIAN_POINT('',(21.8744779378176,0.,91.1422607302666));
#9346=CARTESIAN_POINT('',(21.8744779378176,0.2,91.1422607302666));
#9347=CARTESIAN_POINT('Origin',(21.8744779378176,0.,89.0000012516975));
#9348=CARTESIAN_POINT('',(21.8744779378176,0.,89.0000012516975));
#9349=CARTESIAN_POINT('',(21.8744779378176,0.,80.4750006258488));
#9350=CARTESIAN_POINT('',(21.8744779378176,0.2,89.0000012516975));
#9351=CARTESIAN_POINT('',(21.8744779378176,0.,89.0000012516975));
#9352=CARTESIAN_POINT('',(21.8744779378176,0.2,89.0000012516975));
#9353=CARTESIAN_POINT('Origin',(22.5355661660433,0.,89.0000012516975));
#9354=CARTESIAN_POINT('',(22.5355661660433,0.,89.0000012516975));
#9355=CARTESIAN_POINT('',(27.5927830830216,0.,89.0000012516975));
#9356=CARTESIAN_POINT('',(22.5355661660433,0.2,89.0000012516975));
#9357=CARTESIAN_POINT('',(22.5355661660433,0.,89.0000012516975));
#9358=CARTESIAN_POINT('',(22.5355661660433,0.2,89.0000012516975));
#9359=CARTESIAN_POINT('Origin',(22.5355661660433,0.,90.023013651371));
#9360=CARTESIAN_POINT('',(22.5355661660433,0.,90.023013651371));
#9361=CARTESIAN_POINT('',(22.5355661660433,0.,80.9865068256855));
#9362=CARTESIAN_POINT('',(22.5355661660433,0.2,90.023013651371));
#9363=CARTESIAN_POINT('',(22.5355661660433,0.,90.023013651371));
#9364=CARTESIAN_POINT('',(22.5355661660433,0.2,90.023013651371));
#9365=CARTESIAN_POINT('Ctrl Pts',(22.6569045335054,0.,90.4529300332069));
#9366=CARTESIAN_POINT('Ctrl Pts',(22.6569045335054,0.2,90.4529300332069));
#9367=CARTESIAN_POINT('Ctrl Pts',(22.6215791481208,0.,90.3922625618794));
#9368=CARTESIAN_POINT('Ctrl Pts',(22.6215791481208,0.2,90.3922625618794));
#9369=CARTESIAN_POINT('Ctrl Pts',(22.5444810470875,0.,90.2598550372926));
#9370=CARTESIAN_POINT('Ctrl Pts',(22.5444810470875,0.2,90.2598550372926));
#9371=CARTESIAN_POINT('Ctrl Pts',(22.5386989685368,0.,90.1062427242764));
#9372=CARTESIAN_POINT('Ctrl Pts',(22.5386989685368,0.2,90.1062427242764));
#9373=CARTESIAN_POINT('Ctrl Pts',(22.5355661660433,0.,90.023013651371));
#9374=CARTESIAN_POINT('Ctrl Pts',(22.5355661660433,0.2,90.023013651371));
#9375=CARTESIAN_POINT('',(22.6569045335054,0.,90.4529300332069));
#9376=CARTESIAN_POINT('Ctrl Pts',(22.6569045335054,0.,90.4529300332069));
#9377=CARTESIAN_POINT('Ctrl Pts',(22.6215791481208,0.,90.3922625618794));
#9378=CARTESIAN_POINT('Ctrl Pts',(22.5444810470875,0.,90.2598550372926));
#9379=CARTESIAN_POINT('Ctrl Pts',(22.5386989685368,0.,90.1062427242764));
#9380=CARTESIAN_POINT('Ctrl Pts',(22.5355661660433,0.,90.023013651371));
#9381=CARTESIAN_POINT('',(22.6569045335054,0.2,90.4529300332069));
#9382=CARTESIAN_POINT('',(22.6569045335054,0.,90.4529300332069));
#9383=CARTESIAN_POINT('Ctrl Pts',(22.6569045335054,0.2,90.4529300332069));
#9384=CARTESIAN_POINT('Ctrl Pts',(22.6215791481208,0.2,90.3922625618794));
#9385=CARTESIAN_POINT('Ctrl Pts',(22.5444810470875,0.2,90.2598550372926));
#9386=CARTESIAN_POINT('Ctrl Pts',(22.5386989685368,0.2,90.1062427242764));
#9387=CARTESIAN_POINT('Ctrl Pts',(22.5355661660433,0.2,90.023013651371));
#9388=CARTESIAN_POINT('Ctrl Pts',(22.9937244206667,0.,90.6108799576759));
#9389=CARTESIAN_POINT('Ctrl Pts',(22.9937244206667,0.2,90.6108799576759));
#9390=CARTESIAN_POINT('Ctrl Pts',(22.9263122596291,0.,90.6049263786947));
#9391=CARTESIAN_POINT('Ctrl Pts',(22.9263122596291,0.2,90.6049263786947));
#9392=CARTESIAN_POINT('Ctrl Pts',(22.7945228893497,0.,90.5932872558306));
#9393=CARTESIAN_POINT('Ctrl Pts',(22.7945228893497,0.2,90.5932872558306));
#9394=CARTESIAN_POINT('Ctrl Pts',(22.7020676072121,0.,90.4989919378978));
#9395=CARTESIAN_POINT('Ctrl Pts',(22.7020676072121,0.2,90.4989919378978));
#9396=CARTESIAN_POINT('Ctrl Pts',(22.6569045335054,0.,90.4529300332069));
#9397=CARTESIAN_POINT('Ctrl Pts',(22.6569045335054,0.2,90.4529300332069));
#9398=CARTESIAN_POINT('',(22.9937244206667,0.,90.6108799576759));
#9399=CARTESIAN_POINT('Ctrl Pts',(22.9937244206667,0.,90.6108799576759));
#9400=CARTESIAN_POINT('Ctrl Pts',(22.9263122596291,0.,90.6049263786947));
#9401=CARTESIAN_POINT('Ctrl Pts',(22.7945228893497,0.,90.5932872558306));
#9402=CARTESIAN_POINT('Ctrl Pts',(22.7020676072121,0.,90.4989919378978));
#9403=CARTESIAN_POINT('Ctrl Pts',(22.6569045335054,0.,90.4529300332069));
#9404=CARTESIAN_POINT('',(22.9937244206667,0.2,90.6108799576759));
#9405=CARTESIAN_POINT('',(22.9937244206667,0.,90.6108799576759));
#9406=CARTESIAN_POINT('Ctrl Pts',(22.9937244206667,0.2,90.6108799576759));
#9407=CARTESIAN_POINT('Ctrl Pts',(22.9263122596291,0.2,90.6049263786947));
#9408=CARTESIAN_POINT('Ctrl Pts',(22.7945228893497,0.2,90.5932872558306));
#9409=CARTESIAN_POINT('Ctrl Pts',(22.7020676072121,0.2,90.4989919378978));
#9410=CARTESIAN_POINT('Ctrl Pts',(22.6569045335054,0.2,90.4529300332069));
#9411=CARTESIAN_POINT('Ctrl Pts',(23.2719672471285,0.,90.5460265278816));
#9412=CARTESIAN_POINT('Ctrl Pts',(23.2719672471285,0.2,90.5460265278816));
#9413=CARTESIAN_POINT('Ctrl Pts',(23.2295487141492,0.,90.5649332472148));
#9414=CARTESIAN_POINT('Ctrl Pts',(23.2295487141492,0.2,90.5649332472148));
#9415=CARTESIAN_POINT('Ctrl Pts',(23.1410543787987,0.,90.6043767980293));
#9416=CARTESIAN_POINT('Ctrl Pts',(23.1410543787987,0.2,90.6043767980293));
#9417=CARTESIAN_POINT('Ctrl Pts',(23.044169089515,0.,90.6086533247562));
#9418=CARTESIAN_POINT('Ctrl Pts',(23.044169089515,0.2,90.6086533247562));
#9419=CARTESIAN_POINT('Ctrl Pts',(22.9937244206667,0.,90.6108799576759));
#9420=CARTESIAN_POINT('Ctrl Pts',(22.9937244206667,0.2,90.6108799576759));
#9421=CARTESIAN_POINT('',(23.2719672471285,0.,90.5460265278816));
#9422=CARTESIAN_POINT('Ctrl Pts',(23.2719672471285,0.,90.5460265278816));
#9423=CARTESIAN_POINT('Ctrl Pts',(23.2295487141492,0.,90.5649332472148));
#9424=CARTESIAN_POINT('Ctrl Pts',(23.1410543787987,0.,90.6043767980293));
#9425=CARTESIAN_POINT('Ctrl Pts',(23.044169089515,0.,90.6086533247562));
#9426=CARTESIAN_POINT('Ctrl Pts',(22.9937244206667,0.,90.6108799576759));
#9427=CARTESIAN_POINT('',(23.2719672471285,0.2,90.5460265278816));
#9428=CARTESIAN_POINT('',(23.2719672471285,0.,90.5460265278816));
#9429=CARTESIAN_POINT('Ctrl Pts',(23.2719672471285,0.2,90.5460265278816));
#9430=CARTESIAN_POINT('Ctrl Pts',(23.2295487141492,0.2,90.5649332472148));
#9431=CARTESIAN_POINT('Ctrl Pts',(23.1410543787987,0.2,90.6043767980293));
#9432=CARTESIAN_POINT('Ctrl Pts',(23.044169089515,0.2,90.6086533247562));
#9433=CARTESIAN_POINT('Ctrl Pts',(22.9937244206667,0.2,90.6108799576759));
#9434=CARTESIAN_POINT('Origin',(23.2719672471285,0.,91.1548130214214));
#9435=CARTESIAN_POINT('',(23.2719672471285,0.,81.5524065107107));
#9436=CARTESIAN_POINT('',(23.2719672471285,0.2,91.1548130214214));
#9437=CARTESIAN_POINT('Origin',(22.2301269322634,0.2,90.5596247315407));
#9438=CARTESIAN_POINT('Ctrl Pts',(17.5962353497744,0.,89.4539761543274));
#9439=CARTESIAN_POINT('Ctrl Pts',(17.5962353497744,0.2,89.4539761543274));
#9440=CARTESIAN_POINT('Ctrl Pts',(17.6602070208508,0.,89.4608423014213));
#9441=CARTESIAN_POINT('Ctrl Pts',(17.6602070208508,0.2,89.4608423014213));
#9442=CARTESIAN_POINT('Ctrl Pts',(17.7888958843855,0.,89.4746546132073));
#9443=CARTESIAN_POINT('Ctrl Pts',(17.7888958843855,0.2,89.4746546132073));
#9444=CARTESIAN_POINT('Ctrl Pts',(17.8785530135492,0.,89.568080436201));
#9445=CARTESIAN_POINT('Ctrl Pts',(17.8785530135492,0.2,89.568080436201));
#9446=CARTESIAN_POINT('Ctrl Pts',(17.9236412793398,0.,89.6150639653206));
#9447=CARTESIAN_POINT('Ctrl Pts',(17.9236412793398,0.2,89.6150639653206));
#9448=CARTESIAN_POINT('',(17.5962353497744,0.,89.4539761543274));
#9449=CARTESIAN_POINT('',(17.9236412793398,0.,89.6150639653206));
#9450=CARTESIAN_POINT('Ctrl Pts',(17.5962353497744,0.,89.4539761543274));
#9451=CARTESIAN_POINT('Ctrl Pts',(17.6602070208508,0.,89.4608423014213));
#9452=CARTESIAN_POINT('Ctrl Pts',(17.7888958843855,0.,89.4746546132073));
#9453=CARTESIAN_POINT('Ctrl Pts',(17.8785530135492,0.,89.568080436201));
#9454=CARTESIAN_POINT('Ctrl Pts',(17.9236412793398,0.,89.6150639653206));
#9455=CARTESIAN_POINT('',(17.5962353497744,0.2,89.4539761543274));
#9456=CARTESIAN_POINT('',(17.5962353497744,0.,89.4539761543274));
#9457=CARTESIAN_POINT('',(17.9236412793398,0.2,89.6150639653206));
#9458=CARTESIAN_POINT('Ctrl Pts',(17.5962353497744,0.2,89.4539761543274));
#9459=CARTESIAN_POINT('Ctrl Pts',(17.6602070208508,0.2,89.4608423014213));
#9460=CARTESIAN_POINT('Ctrl Pts',(17.7888958843855,0.2,89.4746546132073));
#9461=CARTESIAN_POINT('Ctrl Pts',(17.8785530135492,0.2,89.568080436201));
#9462=CARTESIAN_POINT('Ctrl Pts',(17.9236412793398,0.2,89.6150639653206));
#9463=CARTESIAN_POINT('',(17.9236412793398,0.,89.6150639653206));
#9464=CARTESIAN_POINT('Ctrl Pts',(17.265691831708,0.,89.6066957712173));
#9465=CARTESIAN_POINT('Ctrl Pts',(17.265691831708,0.2,89.6066957712173));
#9466=CARTESIAN_POINT('Ctrl Pts',(17.3101277262838,0.,89.5621605604718));
#9467=CARTESIAN_POINT('Ctrl Pts',(17.3101277262838,0.2,89.5621605604718));
#9468=CARTESIAN_POINT('Ctrl Pts',(17.4013051860782,0.,89.4707793150631));
#9469=CARTESIAN_POINT('Ctrl Pts',(17.4013051860782,0.2,89.4707793150631));
#9470=CARTESIAN_POINT('Ctrl Pts',(17.5301723758038,0.,89.4596708438986));
#9471=CARTESIAN_POINT('Ctrl Pts',(17.5301723758038,0.2,89.4596708438986));
#9472=CARTESIAN_POINT('Ctrl Pts',(17.5962353497744,0.,89.4539761543274));
#9473=CARTESIAN_POINT('Ctrl Pts',(17.5962353497744,0.2,89.4539761543274));
#9474=CARTESIAN_POINT('',(17.265691831708,0.,89.6066957712173));
#9475=CARTESIAN_POINT('Ctrl Pts',(17.265691831708,0.,89.6066957712173));
#9476=CARTESIAN_POINT('Ctrl Pts',(17.3101277262838,0.,89.5621605604718));
#9477=CARTESIAN_POINT('Ctrl Pts',(17.4013051860782,0.,89.4707793150631));
#9478=CARTESIAN_POINT('Ctrl Pts',(17.5301723758038,0.,89.4596708438986));
#9479=CARTESIAN_POINT('Ctrl Pts',(17.5962353497744,0.,89.4539761543274));
#9480=CARTESIAN_POINT('',(17.265691831708,0.2,89.6066957712173));
#9481=CARTESIAN_POINT('',(17.265691831708,0.,89.6066957712173));
#9482=CARTESIAN_POINT('Ctrl Pts',(17.265691831708,0.2,89.6066957712173));
#9483=CARTESIAN_POINT('Ctrl Pts',(17.3101277262838,0.2,89.5621605604718));
#9484=CARTESIAN_POINT('Ctrl Pts',(17.4013051860782,0.2,89.4707793150631));
#9485=CARTESIAN_POINT('Ctrl Pts',(17.5301723758038,0.2,89.4596708438986));
#9486=CARTESIAN_POINT('Ctrl Pts',(17.5962353497744,0.2,89.4539761543274));
#9487=CARTESIAN_POINT('Ctrl Pts',(17.1464443951845,0.,90.0418421626091));
#9488=CARTESIAN_POINT('Ctrl Pts',(17.1464443951845,0.2,90.0418421626091));
#9489=CARTESIAN_POINT('Ctrl Pts',(17.1490698272506,0.,89.9563718310762));
#9490=CARTESIAN_POINT('Ctrl Pts',(17.1490698272506,0.2,89.9563718310762));
#9491=CARTESIAN_POINT('Ctrl Pts',(17.1538393899169,0.,89.8010998255236));
#9492=CARTESIAN_POINT('Ctrl Pts',(17.1538393899169,0.2,89.8010998255236));
#9493=CARTESIAN_POINT('Ctrl Pts',(17.2310032457522,0.,89.6669859324329));
#9494=CARTESIAN_POINT('Ctrl Pts',(17.2310032457522,0.2,89.6669859324329));
#9495=CARTESIAN_POINT('Ctrl Pts',(17.265691831708,0.,89.6066957712173));
#9496=CARTESIAN_POINT('Ctrl Pts',(17.265691831708,0.2,89.6066957712173));
#9497=CARTESIAN_POINT('',(17.1464443951845,0.,90.0418421626091));
#9498=CARTESIAN_POINT('Ctrl Pts',(17.1464443951845,0.,90.0418421626091));
#9499=CARTESIAN_POINT('Ctrl Pts',(17.1490698272506,0.,89.9563718310762));
#9500=CARTESIAN_POINT('Ctrl Pts',(17.1538393899169,0.,89.8010998255236));
#9501=CARTESIAN_POINT('Ctrl Pts',(17.2310032457522,0.,89.6669859324329));
#9502=CARTESIAN_POINT('Ctrl Pts',(17.265691831708,0.,89.6066957712173));
#9503=CARTESIAN_POINT('',(17.1464443951845,0.2,90.0418421626091));
#9504=CARTESIAN_POINT('',(17.1464443951845,0.,90.0418421626091));
#9505=CARTESIAN_POINT('Ctrl Pts',(17.1464443951845,0.2,90.0418421626091));
#9506=CARTESIAN_POINT('Ctrl Pts',(17.1490698272506,0.2,89.9563718310762));
#9507=CARTESIAN_POINT('Ctrl Pts',(17.1538393899169,0.2,89.8010998255236));
#9508=CARTESIAN_POINT('Ctrl Pts',(17.2310032457522,0.2,89.6669859324329));
#9509=CARTESIAN_POINT('Ctrl Pts',(17.265691831708,0.2,89.6066957712173));
#9510=CARTESIAN_POINT('Ctrl Pts',(17.2698760777712,0.,90.5156916379929));
#9511=CARTESIAN_POINT('Ctrl Pts',(17.2698760777712,0.2,90.5156916379929));
#9512=CARTESIAN_POINT('Ctrl Pts',(17.2339570213615,0.,90.448835909105));
#9513=CARTESIAN_POINT('Ctrl Pts',(17.2339570213615,0.2,90.448835909105));
#9514=CARTESIAN_POINT('Ctrl Pts',(17.1547437531568,0.,90.3013971589608));
#9515=CARTESIAN_POINT('Ctrl Pts',(17.1547437531568,0.2,90.3013971589608));
#9516=CARTESIAN_POINT('Ctrl Pts',(17.1493773929232,0.,90.1335690431597));
#9517=CARTESIAN_POINT('Ctrl Pts',(17.1493773929232,0.2,90.1335690431597));
#9518=CARTESIAN_POINT('Ctrl Pts',(17.1464443951845,0.,90.0418421626091));
#9519=CARTESIAN_POINT('Ctrl Pts',(17.1464443951845,0.2,90.0418421626091));
#9520=CARTESIAN_POINT('',(17.2698760777712,0.,90.5156916379929));
#9521=CARTESIAN_POINT('Ctrl Pts',(17.2698760777712,0.,90.5156916379929));
#9522=CARTESIAN_POINT('Ctrl Pts',(17.2339570213615,0.,90.448835909105));
#9523=CARTESIAN_POINT('Ctrl Pts',(17.1547437531568,0.,90.3013971589608));
#9524=CARTESIAN_POINT('Ctrl Pts',(17.1493773929232,0.,90.1335690431597));
#9525=CARTESIAN_POINT('Ctrl Pts',(17.1464443951845,0.,90.0418421626091));
#9526=CARTESIAN_POINT('',(17.2698760777712,0.2,90.5156916379929));
#9527=CARTESIAN_POINT('',(17.2698760777712,0.,90.5156916379929));
#9528=CARTESIAN_POINT('Ctrl Pts',(17.2698760777712,0.2,90.5156916379929));
#9529=CARTESIAN_POINT('Ctrl Pts',(17.2339570213615,0.2,90.448835909105));
#9530=CARTESIAN_POINT('Ctrl Pts',(17.1547437531568,0.2,90.3013971589608));
#9531=CARTESIAN_POINT('Ctrl Pts',(17.1493773929232,0.2,90.1335690431597));
#9532=CARTESIAN_POINT('Ctrl Pts',(17.1464443951845,0.2,90.0418421626091));
#9533=CARTESIAN_POINT('Ctrl Pts',(17.6129723340273,0.,90.6882858276367));
#9534=CARTESIAN_POINT('Ctrl Pts',(17.6129723340273,0.2,90.6882858276367));
#9535=CARTESIAN_POINT('Ctrl Pts',(17.5439766852985,0.,90.6813942937023));
#9536=CARTESIAN_POINT('Ctrl Pts',(17.5439766852985,0.2,90.6813942937023));
#9537=CARTESIAN_POINT('Ctrl Pts',(17.4073878955277,0.,90.6677513133535));
#9538=CARTESIAN_POINT('Ctrl Pts',(17.4073878955277,0.2,90.6677513133535));
#9539=CARTESIAN_POINT('Ctrl Pts',(17.3153984981713,0.,90.5660300349438));
#9540=CARTESIAN_POINT('Ctrl Pts',(17.3153984981713,0.2,90.5660300349438));
#9541=CARTESIAN_POINT('Ctrl Pts',(17.2698760777712,0.,90.5156916379929));
#9542=CARTESIAN_POINT('Ctrl Pts',(17.2698760777712,0.2,90.5156916379929));
#9543=CARTESIAN_POINT('',(17.6129723340273,0.,90.6882858276367));
#9544=CARTESIAN_POINT('Ctrl Pts',(17.6129723340273,0.,90.6882858276367));
#9545=CARTESIAN_POINT('Ctrl Pts',(17.5439766852985,0.,90.6813942937023));
#9546=CARTESIAN_POINT('Ctrl Pts',(17.4073878955277,0.,90.6677513133535));
#9547=CARTESIAN_POINT('Ctrl Pts',(17.3153984981713,0.,90.5660300349438));
#9548=CARTESIAN_POINT('Ctrl Pts',(17.2698760777712,0.,90.5156916379929));
#9549=CARTESIAN_POINT('',(17.6129723340273,0.2,90.6882858276367));
#9550=CARTESIAN_POINT('',(17.6129723340273,0.,90.6882858276367));
#9551=CARTESIAN_POINT('Ctrl Pts',(17.6129723340273,0.2,90.6882858276367));
#9552=CARTESIAN_POINT('Ctrl Pts',(17.5439766852985,0.2,90.6813942937023));
#9553=CARTESIAN_POINT('Ctrl Pts',(17.4073878955277,0.2,90.6677513133535));
#9554=CARTESIAN_POINT('Ctrl Pts',(17.3153984981713,0.2,90.5660300349438));
#9555=CARTESIAN_POINT('Ctrl Pts',(17.2698760777712,0.2,90.5156916379929));
#9556=CARTESIAN_POINT('Ctrl Pts',(17.9288721829653,0.,90.5502104759216));
#9557=CARTESIAN_POINT('Ctrl Pts',(17.9288721829653,0.2,90.5502104759216));
#9558=CARTESIAN_POINT('Ctrl Pts',(17.884862678899,0.,90.5904794547806));
#9559=CARTESIAN_POINT('Ctrl Pts',(17.884862678899,0.2,90.5904794547806));
#9560=CARTESIAN_POINT('Ctrl Pts',(17.7953875115815,0.,90.6723498075046));
#9561=CARTESIAN_POINT('Ctrl Pts',(17.7953875115815,0.2,90.6723498075046));
#9562=CARTESIAN_POINT('Ctrl Pts',(17.6744335463204,0.,90.6829164985624));
#9563=CARTESIAN_POINT('Ctrl Pts',(17.6744335463204,0.2,90.6829164985624));
#9564=CARTESIAN_POINT('Ctrl Pts',(17.6129723340273,0.,90.6882858276367));
#9565=CARTESIAN_POINT('Ctrl Pts',(17.6129723340273,0.2,90.6882858276367));
#9566=CARTESIAN_POINT('',(17.9288721829653,0.,90.5502104759216));
#9567=CARTESIAN_POINT('Ctrl Pts',(17.9288721829653,0.,90.5502104759216));
#9568=CARTESIAN_POINT('Ctrl Pts',(17.884862678899,0.,90.5904794547806));
#9569=CARTESIAN_POINT('Ctrl Pts',(17.7953875115815,0.,90.6723498075046));
#9570=CARTESIAN_POINT('Ctrl Pts',(17.6744335463204,0.,90.6829164985624));
#9571=CARTESIAN_POINT('Ctrl Pts',(17.6129723340273,0.,90.6882858276367));
#9572=CARTESIAN_POINT('',(17.9288721829653,0.2,90.5502104759216));
#9573=CARTESIAN_POINT('',(17.9288721829653,0.,90.5502104759216));
#9574=CARTESIAN_POINT('Ctrl Pts',(17.9288721829653,0.2,90.5502104759216));
#9575=CARTESIAN_POINT('Ctrl Pts',(17.884862678899,0.2,90.5904794547806));
#9576=CARTESIAN_POINT('Ctrl Pts',(17.7953875115815,0.2,90.6723498075046));
#9577=CARTESIAN_POINT('Ctrl Pts',(17.6744335463204,0.2,90.6829164985624));
#9578=CARTESIAN_POINT('Ctrl Pts',(17.6129723340273,0.2,90.6882858276367));
#9579=CARTESIAN_POINT('Ctrl Pts',(18.0502105504274,0.,90.2029302716255));
#9580=CARTESIAN_POINT('Ctrl Pts',(18.0502105504274,0.2,90.2029302716255));
#9581=CARTESIAN_POINT('Ctrl Pts',(18.0459151958925,0.,90.2688135755146));
#9582=CARTESIAN_POINT('Ctrl Pts',(18.0459151958925,0.2,90.2688135755146));
#9583=CARTESIAN_POINT('Ctrl Pts',(18.0376199097493,0.,90.3960489069327));
#9584=CARTESIAN_POINT('Ctrl Pts',(18.0376199097493,0.2,90.3960489069327));
#9585=CARTESIAN_POINT('Ctrl Pts',(17.9642504477897,0.,90.5000579902125));
#9586=CARTESIAN_POINT('Ctrl Pts',(17.9642504477897,0.2,90.5000579902125));
#9587=CARTESIAN_POINT('Ctrl Pts',(17.9288721829653,0.,90.5502104759216));
#9588=CARTESIAN_POINT('Ctrl Pts',(17.9288721829653,0.2,90.5502104759216));
#9589=CARTESIAN_POINT('',(18.0502105504274,0.,90.2029302716255));
#9590=CARTESIAN_POINT('Ctrl Pts',(18.0502105504274,0.,90.2029302716255));
#9591=CARTESIAN_POINT('Ctrl Pts',(18.0459151958925,0.,90.2688135755146));
#9592=CARTESIAN_POINT('Ctrl Pts',(18.0376199097493,0.,90.3960489069327));
#9593=CARTESIAN_POINT('Ctrl Pts',(17.9642504477897,0.,90.5000579902125));
#9594=CARTESIAN_POINT('Ctrl Pts',(17.9288721829653,0.,90.5502104759216));
#9595=CARTESIAN_POINT('',(18.0502105504274,0.2,90.2029302716255));
#9596=CARTESIAN_POINT('',(18.0502105504274,0.,90.2029302716255));
#9597=CARTESIAN_POINT('Ctrl Pts',(18.0502105504274,0.2,90.2029302716255));
#9598=CARTESIAN_POINT('Ctrl Pts',(18.0459151958925,0.2,90.2688135755146));
#9599=CARTESIAN_POINT('Ctrl Pts',(18.0376199097493,0.2,90.3960489069327));
#9600=CARTESIAN_POINT('Ctrl Pts',(17.9642504477897,0.2,90.5000579902125));
#9601=CARTESIAN_POINT('Ctrl Pts',(17.9288721829653,0.2,90.5502104759216));
#9602=CARTESIAN_POINT('Origin',(18.0502105504274,0.,90.0418421626091));
#9603=CARTESIAN_POINT('',(18.0502105504274,0.,90.0418421626091));
#9604=CARTESIAN_POINT('',(18.0502105504274,0.,80.9959210813045));
#9605=CARTESIAN_POINT('',(18.0502105504274,0.2,90.0418421626091));
#9606=CARTESIAN_POINT('',(18.0502105504274,0.,90.0418421626091));
#9607=CARTESIAN_POINT('',(18.0502105504274,0.2,90.0418421626091));
#9608=CARTESIAN_POINT('Ctrl Pts',(17.9236412793398,0.,89.6150639653206));
#9609=CARTESIAN_POINT('Ctrl Pts',(17.9236412793398,0.2,89.6150639653206));
#9610=CARTESIAN_POINT('Ctrl Pts',(17.9605084770323,0.,89.6758588878188));
#9611=CARTESIAN_POINT('Ctrl Pts',(17.9605084770323,0.2,89.6758588878188));
#9612=CARTESIAN_POINT('Ctrl Pts',(18.0398089371662,0.,89.8066273115033));
#9613=CARTESIAN_POINT('Ctrl Pts',(18.0398089371662,0.2,89.8066273115033));
#9614=CARTESIAN_POINT('Ctrl Pts',(18.046584814058,0.,89.9598522809565));
#9615=CARTESIAN_POINT('Ctrl Pts',(18.046584814058,0.2,89.9598522809565));
#9616=CARTESIAN_POINT('Ctrl Pts',(18.0502105504274,0.,90.0418421626091));
#9617=CARTESIAN_POINT('Ctrl Pts',(18.0502105504274,0.2,90.0418421626091));
#9618=CARTESIAN_POINT('Ctrl Pts',(17.9236412793398,0.,89.6150639653206));
#9619=CARTESIAN_POINT('Ctrl Pts',(17.9605084770323,0.,89.6758588878188));
#9620=CARTESIAN_POINT('Ctrl Pts',(18.0398089371662,0.,89.8066273115033));
#9621=CARTESIAN_POINT('Ctrl Pts',(18.046584814058,0.,89.9598522809565));
#9622=CARTESIAN_POINT('Ctrl Pts',(18.0502105504274,0.,90.0418421626091));
#9623=CARTESIAN_POINT('Ctrl Pts',(17.9236412793398,0.2,89.6150639653206));
#9624=CARTESIAN_POINT('Ctrl Pts',(17.9605084770323,0.2,89.6758588878188));
#9625=CARTESIAN_POINT('Ctrl Pts',(18.0398089371662,0.2,89.8066273115033));
#9626=CARTESIAN_POINT('Ctrl Pts',(18.046584814058,0.2,89.9598522809565));
#9627=CARTESIAN_POINT('Ctrl Pts',(18.0502105504274,0.2,90.0418421626091));
#9628=CARTESIAN_POINT('Origin',(18.0376578122377,0.,92.1715494990349));
#9629=CARTESIAN_POINT('',(18.0376578122377,0.,92.1715494990349));
#9630=CARTESIAN_POINT('',(18.6987460404634,0.,92.1715494990349));
#9631=CARTESIAN_POINT('',(25.3438289061189,0.,92.1715494990349));
#9632=CARTESIAN_POINT('',(18.0376578122377,0.2,92.1715494990349));
#9633=CARTESIAN_POINT('',(18.0376578122377,0.,92.1715494990349));
#9634=CARTESIAN_POINT('',(18.6987460404634,0.2,92.1715494990349));
#9635=CARTESIAN_POINT('',(18.0376578122377,0.2,92.1715494990349));
#9636=CARTESIAN_POINT('',(18.6987460404634,0.,92.1715494990349));
#9637=CARTESIAN_POINT('Origin',(18.0376578122377,0.,90.8974906802177));
#9638=CARTESIAN_POINT('',(18.0376578122377,0.,90.8974906802177));
#9639=CARTESIAN_POINT('',(18.0376578122377,0.,81.4237453401089));
#9640=CARTESIAN_POINT('',(18.0376578122377,0.2,90.8974906802177));
#9641=CARTESIAN_POINT('',(18.0376578122377,0.,90.8974906802177));
#9642=CARTESIAN_POINT('',(18.0376578122377,0.2,90.8974906802177));
#9643=CARTESIAN_POINT('Origin',(18.0292905122042,0.,90.8974906802177));
#9644=CARTESIAN_POINT('',(18.0292905122042,0.,90.8974906802177));
#9645=CARTESIAN_POINT('',(25.3396452561021,0.,90.8974906802177));
#9646=CARTESIAN_POINT('',(18.0292905122042,0.2,90.8974906802177));
#9647=CARTESIAN_POINT('',(18.0292905122042,0.,90.8974906802177));
#9648=CARTESIAN_POINT('',(18.0292905122042,0.2,90.8974906802177));
#9649=CARTESIAN_POINT('Ctrl Pts',(17.4518848210573,0.,91.1945620179176));
#9650=CARTESIAN_POINT('Ctrl Pts',(17.4518848210573,0.2,91.1945620179176));
#9651=CARTESIAN_POINT('Ctrl Pts',(17.5775068096627,0.,91.1855545549393));
#9652=CARTESIAN_POINT('Ctrl Pts',(17.5775068096627,0.2,91.1855545549393));
#9653=CARTESIAN_POINT('Ctrl Pts',(17.8140961519147,0.,91.1685904090517));
#9654=CARTESIAN_POINT('Ctrl Pts',(17.8140961519147,0.2,91.1685904090517));
#9655=CARTESIAN_POINT('Ctrl Pts',(17.9605835962886,0.,90.9840469740197));
#9656=CARTESIAN_POINT('Ctrl Pts',(17.9605835962886,0.2,90.9840469740197));
#9657=CARTESIAN_POINT('Ctrl Pts',(18.0292905122042,0.,90.8974906802177));
#9658=CARTESIAN_POINT('Ctrl Pts',(18.0292905122042,0.2,90.8974906802177));
#9659=CARTESIAN_POINT('',(17.4518848210573,0.,91.1945620179176));
#9660=CARTESIAN_POINT('Ctrl Pts',(17.4518848210573,0.,91.1945620179176));
#9661=CARTESIAN_POINT('Ctrl Pts',(17.5775068096627,0.,91.1855545549393));
#9662=CARTESIAN_POINT('Ctrl Pts',(17.8140961519147,0.,91.1685904090517));
#9663=CARTESIAN_POINT('Ctrl Pts',(17.9605835962886,0.,90.9840469740197));
#9664=CARTESIAN_POINT('Ctrl Pts',(18.0292905122042,0.,90.8974906802177));
#9665=CARTESIAN_POINT('',(17.4518848210573,0.2,91.1945620179176));
#9666=CARTESIAN_POINT('',(17.4518848210573,0.,91.1945620179176));
#9667=CARTESIAN_POINT('Ctrl Pts',(17.4518848210573,0.2,91.1945620179176));
#9668=CARTESIAN_POINT('Ctrl Pts',(17.5775068096627,0.2,91.1855545549393));
#9669=CARTESIAN_POINT('Ctrl Pts',(17.8140961519147,0.2,91.1685904090517));
#9670=CARTESIAN_POINT('Ctrl Pts',(17.9605835962886,0.2,90.9840469740197));
#9671=CARTESIAN_POINT('Ctrl Pts',(18.0292905122042,0.2,90.8974906802177));
#9672=CARTESIAN_POINT('Ctrl Pts',(16.744771078229,0.,90.8744782209396));
#9673=CARTESIAN_POINT('Ctrl Pts',(16.744771078229,0.2,90.8744782209396));
#9674=CARTESIAN_POINT('Ctrl Pts',(16.8425943028479,0.,90.9678318324752));
#9675=CARTESIAN_POINT('Ctrl Pts',(16.8425943028479,0.2,90.9678318324752));
#9676=CARTESIAN_POINT('Ctrl Pts',(17.0407201486311,0.,91.1569051666907));
#9677=CARTESIAN_POINT('Ctrl Pts',(17.0407201486311,0.2,91.1569051666907));
#9678=CARTESIAN_POINT('Ctrl Pts',(17.3136912539478,0.,91.1819054475794));
#9679=CARTESIAN_POINT('Ctrl Pts',(17.3136912539478,0.2,91.1819054475794));
#9680=CARTESIAN_POINT('Ctrl Pts',(17.4518848210573,0.,91.1945620179176));
#9681=CARTESIAN_POINT('Ctrl Pts',(17.4518848210573,0.2,91.1945620179176));
#9682=CARTESIAN_POINT('',(16.744771078229,0.,90.8744782209396));
#9683=CARTESIAN_POINT('Ctrl Pts',(16.744771078229,0.,90.8744782209396));
#9684=CARTESIAN_POINT('Ctrl Pts',(16.8425943028479,0.,90.9678318324752));
#9685=CARTESIAN_POINT('Ctrl Pts',(17.0407201486311,0.,91.1569051666907));
#9686=CARTESIAN_POINT('Ctrl Pts',(17.3136912539478,0.,91.1819054475794));
#9687=CARTESIAN_POINT('Ctrl Pts',(17.4518848210573,0.,91.1945620179176));
#9688=CARTESIAN_POINT('',(16.744771078229,0.2,90.8744782209396));
#9689=CARTESIAN_POINT('',(16.744771078229,0.,90.8744782209396));
#9690=CARTESIAN_POINT('Ctrl Pts',(16.744771078229,0.2,90.8744782209396));
#9691=CARTESIAN_POINT('Ctrl Pts',(16.8425943028479,0.2,90.9678318324752));
#9692=CARTESIAN_POINT('Ctrl Pts',(17.0407201486311,0.2,91.1569051666907));
#9693=CARTESIAN_POINT('Ctrl Pts',(17.3136912539478,0.2,91.1819054475794));
#9694=CARTESIAN_POINT('Ctrl Pts',(17.4518848210573,0.2,91.1945620179176));
#9695=CARTESIAN_POINT('Ctrl Pts',(16.4748967438936,0.,90.023013651371));
#9696=CARTESIAN_POINT('Ctrl Pts',(16.4748967438936,0.2,90.023013651371));
#9697=CARTESIAN_POINT('Ctrl Pts',(16.4829132518966,0.,90.1873073607776));
#9698=CARTESIAN_POINT('Ctrl Pts',(16.4829132518966,0.2,90.1873073607776));
#9699=CARTESIAN_POINT('Ctrl Pts',(16.497967752399,0.,90.4958406685348));
#9700=CARTESIAN_POINT('Ctrl Pts',(16.497967752399,0.2,90.4958406685348));
#9701=CARTESIAN_POINT('Ctrl Pts',(16.6661470879038,0.,90.7538558786073));
#9702=CARTESIAN_POINT('Ctrl Pts',(16.6661470879038,0.2,90.7538558786073));
#9703=CARTESIAN_POINT('Ctrl Pts',(16.744771078229,0.,90.8744782209396));
#9704=CARTESIAN_POINT('Ctrl Pts',(16.744771078229,0.2,90.8744782209396));
#9705=CARTESIAN_POINT('',(16.4748967438936,0.,90.023013651371));
#9706=CARTESIAN_POINT('Ctrl Pts',(16.4748967438936,0.,90.023013651371));
#9707=CARTESIAN_POINT('Ctrl Pts',(16.4829132518966,0.,90.1873073607776));
#9708=CARTESIAN_POINT('Ctrl Pts',(16.497967752399,0.,90.4958406685348));
#9709=CARTESIAN_POINT('Ctrl Pts',(16.6661470879038,0.,90.7538558786073));
#9710=CARTESIAN_POINT('Ctrl Pts',(16.744771078229,0.,90.8744782209396));
#9711=CARTESIAN_POINT('',(16.4748967438936,0.2,90.023013651371));
#9712=CARTESIAN_POINT('',(16.4748967438936,0.,90.023013651371));
#9713=CARTESIAN_POINT('Ctrl Pts',(16.4748967438936,0.2,90.023013651371));
#9714=CARTESIAN_POINT('Ctrl Pts',(16.4829132518966,0.2,90.1873073607776));
#9715=CARTESIAN_POINT('Ctrl Pts',(16.497967752399,0.2,90.4958406685348));
#9716=CARTESIAN_POINT('Ctrl Pts',(16.6661470879038,0.2,90.7538558786073));
#9717=CARTESIAN_POINT('Ctrl Pts',(16.744771078229,0.2,90.8744782209396));
#9718=CARTESIAN_POINT('Ctrl Pts',(16.7196667939425,0.,89.2311728000641));
#9719=CARTESIAN_POINT('Ctrl Pts',(16.7196667939425,0.2,89.2311728000641));
#9720=CARTESIAN_POINT('Ctrl Pts',(16.6484060644041,0.,89.34112444338));
#9721=CARTESIAN_POINT('Ctrl Pts',(16.6484060644041,0.2,89.34112444338));
#9722=CARTESIAN_POINT('Ctrl Pts',(16.4929403766634,0.,89.5810000095867));
#9723=CARTESIAN_POINT('Ctrl Pts',(16.4929403766634,0.2,89.5810000095867));
#9724=CARTESIAN_POINT('Ctrl Pts',(16.481236124076,0.,89.8677182872481));
#9725=CARTESIAN_POINT('Ctrl Pts',(16.481236124076,0.2,89.8677182872481));
#9726=CARTESIAN_POINT('Ctrl Pts',(16.4748967438936,0.,90.023013651371));
#9727=CARTESIAN_POINT('Ctrl Pts',(16.4748967438936,0.2,90.023013651371));
#9728=CARTESIAN_POINT('',(16.7196667939425,0.,89.2311728000641));
#9729=CARTESIAN_POINT('Ctrl Pts',(16.7196667939425,0.,89.2311728000641));
#9730=CARTESIAN_POINT('Ctrl Pts',(16.6484060644041,0.,89.34112444338));
#9731=CARTESIAN_POINT('Ctrl Pts',(16.4929403766634,0.,89.5810000095867));
#9732=CARTESIAN_POINT('Ctrl Pts',(16.481236124076,0.,89.8677182872481));
#9733=CARTESIAN_POINT('Ctrl Pts',(16.4748967438936,0.,90.023013651371));
#9734=CARTESIAN_POINT('',(16.7196667939425,0.2,89.2311728000641));
#9735=CARTESIAN_POINT('',(16.7196667939425,0.,89.2311728000641));
#9736=CARTESIAN_POINT('Ctrl Pts',(16.7196667939425,0.2,89.2311728000641));
#9737=CARTESIAN_POINT('Ctrl Pts',(16.6484060644041,0.2,89.34112444338));
#9738=CARTESIAN_POINT('Ctrl Pts',(16.4929403766634,0.2,89.5810000095867));
#9739=CARTESIAN_POINT('Ctrl Pts',(16.481236124076,0.2,89.8677182872481));
#9740=CARTESIAN_POINT('Ctrl Pts',(16.4748967438936,0.2,90.023013651371));
#9741=CARTESIAN_POINT('Ctrl Pts',(17.3661101609468,0.,88.9476999640465));
#9742=CARTESIAN_POINT('Ctrl Pts',(17.3661101609468,0.2,88.9476999640465));
#9743=CARTESIAN_POINT('Ctrl Pts',(17.2396155377715,0.,88.958532625216));
#9744=CARTESIAN_POINT('Ctrl Pts',(17.2396155377715,0.2,88.958532625216));
#9745=CARTESIAN_POINT('Ctrl Pts',(16.9916102898964,0.,88.9797711312574));
#9746=CARTESIAN_POINT('Ctrl Pts',(16.9916102898964,0.2,88.9797711312574));
#9747=CARTESIAN_POINT('Ctrl Pts',(16.8090919757246,0.,89.1485025385286));
#9748=CARTESIAN_POINT('Ctrl Pts',(16.8090919757246,0.2,89.1485025385286));
#9749=CARTESIAN_POINT('Ctrl Pts',(16.7196667939425,0.,89.2311728000641));
#9750=CARTESIAN_POINT('Ctrl Pts',(16.7196667939425,0.2,89.2311728000641));
#9751=CARTESIAN_POINT('',(17.3661101609468,0.,88.9476999640465));
#9752=CARTESIAN_POINT('Ctrl Pts',(17.3661101609468,0.,88.9476999640465));
#9753=CARTESIAN_POINT('Ctrl Pts',(17.2396155377715,0.,88.958532625216));
#9754=CARTESIAN_POINT('Ctrl Pts',(16.9916102898964,0.,88.9797711312574));
#9755=CARTESIAN_POINT('Ctrl Pts',(16.8090919757246,0.,89.1485025385286));
#9756=CARTESIAN_POINT('Ctrl Pts',(16.7196667939425,0.,89.2311728000641));
#9757=CARTESIAN_POINT('',(17.3661101609468,0.2,88.9476999640465));
#9758=CARTESIAN_POINT('',(17.3661101609468,0.,88.9476999640465));
#9759=CARTESIAN_POINT('Ctrl Pts',(17.3661101609468,0.2,88.9476999640465));
#9760=CARTESIAN_POINT('Ctrl Pts',(17.2396155377715,0.2,88.958532625216));
#9761=CARTESIAN_POINT('Ctrl Pts',(16.9916102898964,0.2,88.9797711312574));
#9762=CARTESIAN_POINT('Ctrl Pts',(16.8090919757246,0.2,89.1485025385286));
#9763=CARTESIAN_POINT('Ctrl Pts',(16.7196667939425,0.2,89.2311728000641));
#9764=CARTESIAN_POINT('Ctrl Pts',(18.0292905122042,0.,89.2949804663658));
#9765=CARTESIAN_POINT('Ctrl Pts',(18.0292905122042,0.2,89.2949804663658));
#9766=CARTESIAN_POINT('Ctrl Pts',(17.9440231298745,0.,89.1936978188731));
#9767=CARTESIAN_POINT('Ctrl Pts',(17.9440231298745,0.2,89.1936978188731));
#9768=CARTESIAN_POINT('Ctrl Pts',(17.7706753879318,0.,88.9877912018157));
#9769=CARTESIAN_POINT('Ctrl Pts',(17.7706753879318,0.2,88.9877912018157));
#9770=CARTESIAN_POINT('Ctrl Pts',(17.5024162828507,0.,88.9612075044334));
#9771=CARTESIAN_POINT('Ctrl Pts',(17.5024162828507,0.2,88.9612075044334));
#9772=CARTESIAN_POINT('Ctrl Pts',(17.3661101609468,0.,88.9476999640465));
#9773=CARTESIAN_POINT('Ctrl Pts',(17.3661101609468,0.2,88.9476999640465));
#9774=CARTESIAN_POINT('',(18.0292905122042,0.,89.2949804663658));
#9775=CARTESIAN_POINT('Ctrl Pts',(18.0292905122042,0.,89.2949804663658));
#9776=CARTESIAN_POINT('Ctrl Pts',(17.9440231298745,0.,89.1936978188731));
#9777=CARTESIAN_POINT('Ctrl Pts',(17.7706753879318,0.,88.9877912018157));
#9778=CARTESIAN_POINT('Ctrl Pts',(17.5024162828507,0.,88.9612075044334));
#9779=CARTESIAN_POINT('Ctrl Pts',(17.3661101609468,0.,88.9476999640465));
#9780=CARTESIAN_POINT('',(18.0292905122042,0.2,89.2949804663658));
#9781=CARTESIAN_POINT('',(18.0292905122042,0.,89.2949804663658));
#9782=CARTESIAN_POINT('Ctrl Pts',(18.0292905122042,0.2,89.2949804663658));
#9783=CARTESIAN_POINT('Ctrl Pts',(17.9440231298745,0.2,89.1936978188731));
#9784=CARTESIAN_POINT('Ctrl Pts',(17.7706753879318,0.2,88.9877912018157));
#9785=CARTESIAN_POINT('Ctrl Pts',(17.5024162828507,0.2,88.9612075044334));
#9786=CARTESIAN_POINT('Ctrl Pts',(17.3661101609468,0.2,88.9476999640465));
#9787=CARTESIAN_POINT('Origin',(18.0376578122377,0.,89.2949804663658));
#9788=CARTESIAN_POINT('',(18.0376578122377,0.,89.2949804663658));
#9789=CARTESIAN_POINT('',(25.3438289061189,0.,89.2949804663658));
#9790=CARTESIAN_POINT('',(18.0376578122377,0.2,89.2949804663658));
#9791=CARTESIAN_POINT('',(18.0376578122377,0.,89.2949804663658));
#9792=CARTESIAN_POINT('',(18.0376578122377,0.2,89.2949804663658));
#9793=CARTESIAN_POINT('Origin',(18.0376578122377,0.,89.0000012516975));
#9794=CARTESIAN_POINT('',(18.0376578122377,0.,89.0000012516975));
#9795=CARTESIAN_POINT('',(18.0376578122377,0.,80.4750006258488));
#9796=CARTESIAN_POINT('',(18.0376578122377,0.2,89.0000012516975));
#9797=CARTESIAN_POINT('',(18.0376578122377,0.,89.0000012516975));
#9798=CARTESIAN_POINT('',(18.0376578122377,0.2,89.0000012516975));
#9799=CARTESIAN_POINT('Origin',(18.6987460404634,0.,89.0000012516975));
#9800=CARTESIAN_POINT('',(18.6987460404634,0.,89.0000012516975));
#9801=CARTESIAN_POINT('',(25.6743730202317,0.,89.0000012516975));
#9802=CARTESIAN_POINT('',(18.6987460404634,0.2,89.0000012516975));
#9803=CARTESIAN_POINT('',(18.6987460404634,0.,89.0000012516975));
#9804=CARTESIAN_POINT('',(18.6987460404634,0.2,89.0000012516975));
#9805=CARTESIAN_POINT('Origin',(18.6987460404634,0.,92.1715494990349));
#9806=CARTESIAN_POINT('',(18.6987460404634,0.,82.0607747495174));
#9807=CARTESIAN_POINT('',(18.6987460404634,0.2,92.1715494990349));
#9808=CARTESIAN_POINT('Origin',(22.2301269322634,0.2,90.5596247315407));
#9809=CARTESIAN_POINT('Ctrl Pts',(12.7615071088076,0.,91.1945620179176));
#9810=CARTESIAN_POINT('Ctrl Pts',(12.7615071088076,0.2,91.1945620179176));
#9811=CARTESIAN_POINT('Ctrl Pts',(12.9649344883151,0.,91.1480605181592));
#9812=CARTESIAN_POINT('Ctrl Pts',(12.9649344883151,0.2,91.1480605181592));
#9813=CARTESIAN_POINT('Ctrl Pts',(13.408767699864,0.,91.0466046078014));
#9814=CARTESIAN_POINT('Ctrl Pts',(13.408767699864,0.2,91.0466046078014));
#9815=CARTESIAN_POINT('Ctrl Pts',(13.4421625681627,0.,90.5834879805881));
#9816=CARTESIAN_POINT('Ctrl Pts',(13.4421625681627,0.2,90.5834879805881));
#9817=CARTESIAN_POINT('Ctrl Pts',(13.4602511674166,0.,90.3326371312141));
#9818=CARTESIAN_POINT('Ctrl Pts',(13.4602511674166,0.2,90.3326371312141));
#9819=CARTESIAN_POINT('',(12.7615071088076,0.,91.1945620179176));
#9820=CARTESIAN_POINT('',(13.4602511674166,0.,90.3326371312141));
#9821=CARTESIAN_POINT('Ctrl Pts',(12.7615071088076,0.,91.1945620179176));
#9822=CARTESIAN_POINT('Ctrl Pts',(12.9649344883151,0.,91.1480605181592));
#9823=CARTESIAN_POINT('Ctrl Pts',(13.408767699864,0.,91.0466046078014));
#9824=CARTESIAN_POINT('Ctrl Pts',(13.4421625681627,0.,90.5834879805881));
#9825=CARTESIAN_POINT('Ctrl Pts',(13.4602511674166,0.,90.3326371312141));
#9826=CARTESIAN_POINT('',(12.7615071088076,0.2,91.1945620179176));
#9827=CARTESIAN_POINT('',(12.7615071088076,0.,91.1945620179176));
#9828=CARTESIAN_POINT('',(13.4602511674166,0.2,90.3326371312141));
#9829=CARTESIAN_POINT('Ctrl Pts',(12.7615071088076,0.2,91.1945620179176));
#9830=CARTESIAN_POINT('Ctrl Pts',(12.9649344883151,0.2,91.1480605181592));
#9831=CARTESIAN_POINT('Ctrl Pts',(13.408767699864,0.2,91.0466046078014));
#9832=CARTESIAN_POINT('Ctrl Pts',(13.4421625681627,0.2,90.5834879805881));
#9833=CARTESIAN_POINT('Ctrl Pts',(13.4602511674166,0.2,90.3326371312141));
#9834=CARTESIAN_POINT('',(13.4602511674166,0.,90.3326371312141));
#9835=CARTESIAN_POINT('Ctrl Pts',(12.0418412238359,0.,90.7949802279472));
#9836=CARTESIAN_POINT('Ctrl Pts',(12.0418412238359,0.2,90.7949802279472));
#9837=CARTESIAN_POINT('Ctrl Pts',(12.1333397184167,0.,90.9115242930797));
#9838=CARTESIAN_POINT('Ctrl Pts',(12.1333397184167,0.2,90.9115242930797));
#9839=CARTESIAN_POINT('Ctrl Pts',(12.3170845176856,0.,91.1455649289598));
#9840=CARTESIAN_POINT('Ctrl Pts',(12.3170845176856,0.2,91.1455649289598));
#9841=CARTESIAN_POINT('Ctrl Pts',(12.6129648508756,0.,91.1781854016716));
#9842=CARTESIAN_POINT('Ctrl Pts',(12.6129648508756,0.2,91.1781854016716));
#9843=CARTESIAN_POINT('Ctrl Pts',(12.7615071088076,0.,91.1945620179176));
#9844=CARTESIAN_POINT('Ctrl Pts',(12.7615071088076,0.2,91.1945620179176));
#9845=CARTESIAN_POINT('',(12.0418412238359,0.,90.7949802279472));
#9846=CARTESIAN_POINT('Ctrl Pts',(12.0418412238359,0.,90.7949802279472));
#9847=CARTESIAN_POINT('Ctrl Pts',(12.1333397184167,0.,90.9115242930797));
#9848=CARTESIAN_POINT('Ctrl Pts',(12.3170845176856,0.,91.1455649289598));
#9849=CARTESIAN_POINT('Ctrl Pts',(12.6129648508756,0.,91.1781854016716));
#9850=CARTESIAN_POINT('Ctrl Pts',(12.7615071088076,0.,91.1945620179176));
#9851=CARTESIAN_POINT('',(12.0418412238359,0.2,90.7949802279472));
#9852=CARTESIAN_POINT('',(12.0418412238359,0.,90.7949802279472));
#9853=CARTESIAN_POINT('Ctrl Pts',(12.0418412238359,0.2,90.7949802279472));
#9854=CARTESIAN_POINT('Ctrl Pts',(12.1333397184167,0.2,90.9115242930797));
#9855=CARTESIAN_POINT('Ctrl Pts',(12.3170845176856,0.2,91.1455649289598));
#9856=CARTESIAN_POINT('Ctrl Pts',(12.6129648508756,0.2,91.1781854016716));
#9857=CARTESIAN_POINT('Ctrl Pts',(12.7615071088076,0.2,91.1945620179176));
#9858=CARTESIAN_POINT('Ctrl Pts',(11.4205027371645,0.,91.1945620179176));
#9859=CARTESIAN_POINT('Ctrl Pts',(11.4205027371645,0.2,91.1945620179176));
#9860=CARTESIAN_POINT('Ctrl Pts',(11.5594427818169,0.,91.1789479620168));
#9861=CARTESIAN_POINT('Ctrl Pts',(11.5594427818169,0.2,91.1789479620168));
#9862=CARTESIAN_POINT('Ctrl Pts',(11.8331640719573,0.,91.1481872152775));
#9863=CARTESIAN_POINT('Ctrl Pts',(11.8331640719573,0.2,91.1481872152775));
#9864=CARTESIAN_POINT('Ctrl Pts',(11.9729903257826,0.,90.9115172712099));
#9865=CARTESIAN_POINT('Ctrl Pts',(11.9729903257826,0.2,90.9115172712099));
#9866=CARTESIAN_POINT('Ctrl Pts',(12.0418412238359,0.,90.7949802279472));
#9867=CARTESIAN_POINT('Ctrl Pts',(12.0418412238359,0.2,90.7949802279472));
#9868=CARTESIAN_POINT('',(11.4205027371645,0.,91.1945620179176));
#9869=CARTESIAN_POINT('Ctrl Pts',(11.4205027371645,0.,91.1945620179176));
#9870=CARTESIAN_POINT('Ctrl Pts',(11.5594427818169,0.,91.1789479620168));
#9871=CARTESIAN_POINT('Ctrl Pts',(11.8331640719573,0.,91.1481872152775));
#9872=CARTESIAN_POINT('Ctrl Pts',(11.9729903257826,0.,90.9115172712099));
#9873=CARTESIAN_POINT('Ctrl Pts',(12.0418412238359,0.,90.7949802279472));
#9874=CARTESIAN_POINT('',(11.4205027371645,0.2,91.1945620179176));
#9875=CARTESIAN_POINT('',(11.4205027371645,0.,91.1945620179176));
#9876=CARTESIAN_POINT('Ctrl Pts',(11.4205027371645,0.2,91.1945620179176));
#9877=CARTESIAN_POINT('Ctrl Pts',(11.5594427818169,0.2,91.1789479620168));
#9878=CARTESIAN_POINT('Ctrl Pts',(11.8331640719573,0.2,91.1481872152775));
#9879=CARTESIAN_POINT('Ctrl Pts',(11.9729903257826,0.2,90.9115172712099));
#9880=CARTESIAN_POINT('Ctrl Pts',(12.0418412238359,0.2,90.7949802279472));
#9881=CARTESIAN_POINT('Ctrl Pts',(11.0156906396151,0.,91.0868212580681));
#9882=CARTESIAN_POINT('Ctrl Pts',(11.0156906396151,0.2,91.0868212580681));
#9883=CARTESIAN_POINT('Ctrl Pts',(11.0790836133543,0.,91.1182452552532));
#9884=CARTESIAN_POINT('Ctrl Pts',(11.0790836133543,0.2,91.1182452552532));
#9885=CARTESIAN_POINT('Ctrl Pts',(11.2067147162833,0.,91.181512194515));
#9886=CARTESIAN_POINT('Ctrl Pts',(11.2067147162833,0.2,91.181512194515));
#9887=CARTESIAN_POINT('Ctrl Pts',(11.3489261620517,0.,91.1901929159392));
#9888=CARTESIAN_POINT('Ctrl Pts',(11.3489261620517,0.2,91.1901929159392));
#9889=CARTESIAN_POINT('Ctrl Pts',(11.4205027371645,0.,91.1945620179176));
#9890=CARTESIAN_POINT('Ctrl Pts',(11.4205027371645,0.2,91.1945620179176));
#9891=CARTESIAN_POINT('',(11.0156906396151,0.,91.0868212580681));
#9892=CARTESIAN_POINT('Ctrl Pts',(11.0156906396151,0.,91.0868212580681));
#9893=CARTESIAN_POINT('Ctrl Pts',(11.0790836133543,0.,91.1182452552532));
#9894=CARTESIAN_POINT('Ctrl Pts',(11.2067147162833,0.,91.181512194515));
#9895=CARTESIAN_POINT('Ctrl Pts',(11.3489261620517,0.,91.1901929159392));
#9896=CARTESIAN_POINT('Ctrl Pts',(11.4205027371645,0.,91.1945620179176));
#9897=CARTESIAN_POINT('',(11.0156906396151,0.2,91.0868212580681));
#9898=CARTESIAN_POINT('',(11.0156906396151,0.,91.0868212580681));
#9899=CARTESIAN_POINT('Ctrl Pts',(11.0156906396151,0.2,91.0868212580681));
#9900=CARTESIAN_POINT('Ctrl Pts',(11.0790836133543,0.2,91.1182452552532));
#9901=CARTESIAN_POINT('Ctrl Pts',(11.2067147162833,0.2,91.181512194515));
#9902=CARTESIAN_POINT('Ctrl Pts',(11.3489261620517,0.2,91.1901929159392));
#9903=CARTESIAN_POINT('Ctrl Pts',(11.4205027371645,0.2,91.1945620179176));
#9904=CARTESIAN_POINT('Ctrl Pts',(10.7280338555574,0.,90.8075326681137));
#9905=CARTESIAN_POINT('Ctrl Pts',(10.7280338555574,0.2,90.8075326681137));
#9906=CARTESIAN_POINT('Ctrl Pts',(10.7661910566145,0.,90.8623703003718));
#9907=CARTESIAN_POINT('Ctrl Pts',(10.7661910566145,0.2,90.8623703003718));
#9908=CARTESIAN_POINT('Ctrl Pts',(10.8439204429163,0.,90.9740791098121));
#9909=CARTESIAN_POINT('Ctrl Pts',(10.8439204429163,0.2,90.9740791098121));
#9910=CARTESIAN_POINT('Ctrl Pts',(10.957743231463,0.,91.0487872137083));
#9911=CARTESIAN_POINT('Ctrl Pts',(10.957743231463,0.2,91.0487872137083));
#9912=CARTESIAN_POINT('Ctrl Pts',(11.0156906396151,0.,91.0868212580681));
#9913=CARTESIAN_POINT('Ctrl Pts',(11.0156906396151,0.2,91.0868212580681));
#9914=CARTESIAN_POINT('',(10.7280338555574,0.,90.8075326681137));
#9915=CARTESIAN_POINT('Ctrl Pts',(10.7280338555574,0.,90.8075326681137));
#9916=CARTESIAN_POINT('Ctrl Pts',(10.7661910566145,0.,90.8623703003718));
#9917=CARTESIAN_POINT('Ctrl Pts',(10.8439204429163,0.,90.9740791098121));
#9918=CARTESIAN_POINT('Ctrl Pts',(10.957743231463,0.,91.0487872137083));
#9919=CARTESIAN_POINT('Ctrl Pts',(11.0156906396151,0.,91.0868212580681));
#9920=CARTESIAN_POINT('',(10.7280338555574,0.2,90.8075326681137));
#9921=CARTESIAN_POINT('',(10.7280338555574,0.,90.8075326681137));
#9922=CARTESIAN_POINT('Ctrl Pts',(10.7280338555574,0.2,90.8075326681137));
#9923=CARTESIAN_POINT('Ctrl Pts',(10.7661910566145,0.2,90.8623703003718));
#9924=CARTESIAN_POINT('Ctrl Pts',(10.8439204429163,0.2,90.9740791098121));
#9925=CARTESIAN_POINT('Ctrl Pts',(10.957743231463,0.2,91.0487872137083));
#9926=CARTESIAN_POINT('Ctrl Pts',(11.0156906396151,0.2,91.0868212580681));
#9927=CARTESIAN_POINT('Origin',(10.719665363431,0.,90.8075326681137));
#9928=CARTESIAN_POINT('',(10.719665363431,0.,90.8075326681137));
#9929=CARTESIAN_POINT('',(21.6848326817155,0.,90.8075326681137));
#9930=CARTESIAN_POINT('',(10.719665363431,0.2,90.8075326681137));
#9931=CARTESIAN_POINT('',(10.719665363431,0.,90.8075326681137));
#9932=CARTESIAN_POINT('',(10.719665363431,0.2,90.8075326681137));
#9933=CARTESIAN_POINT('Origin',(10.719665363431,0.,91.1422607302666));
#9934=CARTESIAN_POINT('',(10.719665363431,0.,91.1422607302666));
#9935=CARTESIAN_POINT('',(10.719665363431,0.,81.5461303651333));
#9936=CARTESIAN_POINT('',(10.719665363431,0.2,91.1422607302666));
#9937=CARTESIAN_POINT('',(10.719665363431,0.,91.1422607302666));
#9938=CARTESIAN_POINT('',(10.719665363431,0.2,91.1422607302666));
#9939=CARTESIAN_POINT('Origin',(10.0585777312517,0.,91.1422607302666));
#9940=CARTESIAN_POINT('',(10.0585777312517,0.,91.1422607302666));
#9941=CARTESIAN_POINT('',(21.3542888656259,0.,91.1422607302666));
#9942=CARTESIAN_POINT('',(10.0585777312517,0.2,91.1422607302666));
#9943=CARTESIAN_POINT('',(10.0585777312517,0.,91.1422607302666));
#9944=CARTESIAN_POINT('',(10.0585777312517,0.2,91.1422607302666));
#9945=CARTESIAN_POINT('Origin',(10.0585777312517,0.,89.0000012516975));
#9946=CARTESIAN_POINT('',(10.0585777312517,0.,89.0000012516975));
#9947=CARTESIAN_POINT('',(10.0585777312517,0.,80.4750006258488));
#9948=CARTESIAN_POINT('',(10.0585777312517,0.2,89.0000012516975));
#9949=CARTESIAN_POINT('',(10.0585777312517,0.,89.0000012516975));
#9950=CARTESIAN_POINT('',(10.0585777312517,0.2,89.0000012516975));
#9951=CARTESIAN_POINT('Origin',(10.719665363431,0.,89.0000012516975));
#9952=CARTESIAN_POINT('',(10.719665363431,0.,89.0000012516975));
#9953=CARTESIAN_POINT('',(21.6848326817155,0.,89.0000012516975));
#9954=CARTESIAN_POINT('',(10.719665363431,0.2,89.0000012516975));
#9955=CARTESIAN_POINT('',(10.719665363431,0.,89.0000012516975));
#9956=CARTESIAN_POINT('',(10.719665363431,0.2,89.0000012516975));
#9957=CARTESIAN_POINT('Origin',(10.719665363431,0.,90.190377831459));
#9958=CARTESIAN_POINT('',(10.719665363431,0.,90.190377831459));
#9959=CARTESIAN_POINT('',(10.719665363431,0.,81.0701889157295));
#9960=CARTESIAN_POINT('',(10.719665363431,0.2,90.190377831459));
#9961=CARTESIAN_POINT('',(10.719665363431,0.,90.190377831459));
#9962=CARTESIAN_POINT('',(10.719665363431,0.2,90.190377831459));
#9963=CARTESIAN_POINT('Ctrl Pts',(10.8211303502321,0.,90.5543944239616));
#9964=CARTESIAN_POINT('Ctrl Pts',(10.8211303502321,0.2,90.5543944239616));
#9965=CARTESIAN_POINT('Ctrl Pts',(10.7915920009264,0.,90.5029701996751));
#9966=CARTESIAN_POINT('Ctrl Pts',(10.7915920009264,0.2,90.5029701996751));
#9967=CARTESIAN_POINT('Ctrl Pts',(10.7270740280614,0.,90.3906488687574));
#9968=CARTESIAN_POINT('Ctrl Pts',(10.7270740280614,0.2,90.3906488687574));
#9969=CARTESIAN_POINT('Ctrl Pts',(10.7222699720764,0.,90.2607856176397));
#9970=CARTESIAN_POINT('Ctrl Pts',(10.7222699720764,0.2,90.2607856176397));
#9971=CARTESIAN_POINT('Ctrl Pts',(10.719665363431,0.,90.190377831459));
#9972=CARTESIAN_POINT('Ctrl Pts',(10.719665363431,0.2,90.190377831459));
#9973=CARTESIAN_POINT('',(10.8211303502321,0.,90.5543944239616));
#9974=CARTESIAN_POINT('Ctrl Pts',(10.8211303502321,0.,90.5543944239616));
#9975=CARTESIAN_POINT('Ctrl Pts',(10.7915920009264,0.,90.5029701996751));
#9976=CARTESIAN_POINT('Ctrl Pts',(10.7270740280614,0.,90.3906488687574));
#9977=CARTESIAN_POINT('Ctrl Pts',(10.7222699720764,0.,90.2607856176397));
#9978=CARTESIAN_POINT('Ctrl Pts',(10.719665363431,0.,90.190377831459));
#9979=CARTESIAN_POINT('',(10.8211303502321,0.2,90.5543944239616));
#9980=CARTESIAN_POINT('',(10.8211303502321,0.,90.5543944239616));
#9981=CARTESIAN_POINT('Ctrl Pts',(10.8211303502321,0.2,90.5543944239616));
#9982=CARTESIAN_POINT('Ctrl Pts',(10.7915920009264,0.2,90.5029701996751));
#9983=CARTESIAN_POINT('Ctrl Pts',(10.7270740280614,0.2,90.3906488687574));
#9984=CARTESIAN_POINT('Ctrl Pts',(10.7222699720764,0.2,90.2607856176397));
#9985=CARTESIAN_POINT('Ctrl Pts',(10.719665363431,0.2,90.190377831459));
#9986=CARTESIAN_POINT('Ctrl Pts',(11.0920507460833,0.,90.6882858276367));
#9987=CARTESIAN_POINT('Ctrl Pts',(11.0920507460833,0.2,90.6882858276367));
#9988=CARTESIAN_POINT('Ctrl Pts',(11.0384417489513,0.,90.6827638972646));
#9989=CARTESIAN_POINT('Ctrl Pts',(11.0384417489513,0.2,90.6827638972646));
#9990=CARTESIAN_POINT('Ctrl Pts',(10.9314958389762,0.,90.6717480622359));
#9991=CARTESIAN_POINT('Ctrl Pts',(10.9314958389762,0.2,90.6717480622359));
#9992=CARTESIAN_POINT('Ctrl Pts',(10.8578563970444,0.,90.5934458997617));
#9993=CARTESIAN_POINT('Ctrl Pts',(10.8578563970444,0.2,90.5934458997617));
#9994=CARTESIAN_POINT('Ctrl Pts',(10.8211303502321,0.,90.5543944239616));
#9995=CARTESIAN_POINT('Ctrl Pts',(10.8211303502321,0.2,90.5543944239616));
#9996=CARTESIAN_POINT('',(11.0920507460833,0.,90.6882858276367));
#9997=CARTESIAN_POINT('Ctrl Pts',(11.0920507460833,0.,90.6882858276367));
#9998=CARTESIAN_POINT('Ctrl Pts',(11.0384417489513,0.,90.6827638972646));
#9999=CARTESIAN_POINT('Ctrl Pts',(10.9314958389762,0.,90.6717480622359));
#10000=CARTESIAN_POINT('Ctrl Pts',(10.8578563970444,0.,90.5934458997617));
#10001=CARTESIAN_POINT('Ctrl Pts',(10.8211303502321,0.,90.5543944239616));
#10002=CARTESIAN_POINT('',(11.0920507460833,0.2,90.6882858276367));
#10003=CARTESIAN_POINT('',(11.0920507460833,0.,90.6882858276367));
#10004=CARTESIAN_POINT('Ctrl Pts',(11.0920507460833,0.2,90.6882858276367));
#10005=CARTESIAN_POINT('Ctrl Pts',(11.0384417489513,0.2,90.6827638972646));
#10006=CARTESIAN_POINT('Ctrl Pts',(10.9314958389762,0.2,90.6717480622359));
#10007=CARTESIAN_POINT('Ctrl Pts',(10.8578563970444,0.2,90.5934458997617));
#10008=CARTESIAN_POINT('Ctrl Pts',(10.8211303502321,0.2,90.5543944239616));
#10009=CARTESIAN_POINT('Ctrl Pts',(11.4288706332445,0.,90.2343109250069));
#10010=CARTESIAN_POINT('Ctrl Pts',(11.4288706332445,0.2,90.2343109250069));
#10011=CARTESIAN_POINT('Ctrl Pts',(11.4227558764643,0.,90.3661275529));
#10012=CARTESIAN_POINT('Ctrl Pts',(11.4227558764643,0.2,90.3661275529));
#10013=CARTESIAN_POINT('Ctrl Pts',(11.4118129946526,0.,90.6020247163853));
#10014=CARTESIAN_POINT('Ctrl Pts',(11.4118129946526,0.2,90.6020247163853));
#10015=CARTESIAN_POINT('Ctrl Pts',(11.1899425377612,0.,90.6618779112229));
#10016=CARTESIAN_POINT('Ctrl Pts',(11.1899425377612,0.2,90.6618779112229));
#10017=CARTESIAN_POINT('Ctrl Pts',(11.0920507460833,0.,90.6882858276367));
#10018=CARTESIAN_POINT('Ctrl Pts',(11.0920507460833,0.2,90.6882858276367));
#10019=CARTESIAN_POINT('',(11.4288706332445,0.,90.2343109250069));
#10020=CARTESIAN_POINT('Ctrl Pts',(11.4288706332445,0.,90.2343109250069));
#10021=CARTESIAN_POINT('Ctrl Pts',(11.4227558764643,0.,90.3661275529));
#10022=CARTESIAN_POINT('Ctrl Pts',(11.4118129946526,0.,90.6020247163853));
#10023=CARTESIAN_POINT('Ctrl Pts',(11.1899425377612,0.,90.6618779112229));
#10024=CARTESIAN_POINT('Ctrl Pts',(11.0920507460833,0.,90.6882858276367));
#10025=CARTESIAN_POINT('',(11.4288706332445,0.2,90.2343109250069));
#10026=CARTESIAN_POINT('',(11.4288706332445,0.,90.2343109250069));
#10027=CARTESIAN_POINT('Ctrl Pts',(11.4288706332445,0.2,90.2343109250069));
#10028=CARTESIAN_POINT('Ctrl Pts',(11.4227558764643,0.2,90.3661275529));
#10029=CARTESIAN_POINT('Ctrl Pts',(11.4118129946526,0.2,90.6020247163853));
#10030=CARTESIAN_POINT('Ctrl Pts',(11.1899425377612,0.2,90.6618779112229));
#10031=CARTESIAN_POINT('Ctrl Pts',(11.0920507460833,0.2,90.6882858276367));
#10032=CARTESIAN_POINT('Origin',(11.4288706332445,0.,89.0000012516975));
#10033=CARTESIAN_POINT('',(11.4288706332445,0.,89.0000012516975));
#10034=CARTESIAN_POINT('',(11.4288706332445,0.,80.4750006258488));
#10035=CARTESIAN_POINT('',(11.4288706332445,0.2,89.0000012516975));
#10036=CARTESIAN_POINT('',(11.4288706332445,0.,89.0000012516975));
#10037=CARTESIAN_POINT('',(11.4288706332445,0.2,89.0000012516975));
#10038=CARTESIAN_POINT('Origin',(12.0899582654238,0.,89.0000012516975));
#10039=CARTESIAN_POINT('',(12.0899582654238,0.,89.0000012516975));
#10040=CARTESIAN_POINT('',(22.3699791327119,0.,89.0000012516975));
#10041=CARTESIAN_POINT('',(12.0899582654238,0.2,89.0000012516975));
#10042=CARTESIAN_POINT('',(12.0899582654238,0.,89.0000012516975));
#10043=CARTESIAN_POINT('',(12.0899582654238,0.2,89.0000012516975));
#10044=CARTESIAN_POINT('Origin',(12.0899582654238,0.,90.1987460255623));
#10045=CARTESIAN_POINT('',(12.0899582654238,0.,90.1987460255623));
#10046=CARTESIAN_POINT('',(12.0899582654238,0.,81.0743730127811));
#10047=CARTESIAN_POINT('',(12.0899582654238,0.2,90.1987460255623));
#10048=CARTESIAN_POINT('',(12.0899582654238,0.,90.1987460255623));
#10049=CARTESIAN_POINT('',(12.0899582654238,0.2,90.1987460255623));
#10050=CARTESIAN_POINT('Ctrl Pts',(12.1924687176943,0.,90.5481186509132));
#10051=CARTESIAN_POINT('Ctrl Pts',(12.1924687176943,0.2,90.5481186509132));
#10052=CARTESIAN_POINT('Ctrl Pts',(12.1625901947166,0.,90.4969278391286));
#10053=CARTESIAN_POINT('Ctrl Pts',(12.1625901947166,0.2,90.4969278391286));
#10054=CARTESIAN_POINT('Ctrl Pts',(12.099686410769,0.,90.3891549158483));
#10055=CARTESIAN_POINT('Ctrl Pts',(12.099686410769,0.2,90.3891549158483));
#10056=CARTESIAN_POINT('Ctrl Pts',(12.0933073505633,0.,90.264297635068));
#10057=CARTESIAN_POINT('Ctrl Pts',(12.0933073505633,0.2,90.264297635068));
#10058=CARTESIAN_POINT('Ctrl Pts',(12.0899582654238,0.,90.1987460255623));
#10059=CARTESIAN_POINT('Ctrl Pts',(12.0899582654238,0.2,90.1987460255623));
#10060=CARTESIAN_POINT('',(12.1924687176943,0.,90.5481186509132));
#10061=CARTESIAN_POINT('Ctrl Pts',(12.1924687176943,0.,90.5481186509132));
#10062=CARTESIAN_POINT('Ctrl Pts',(12.1625901947166,0.,90.4969278391286));
#10063=CARTESIAN_POINT('Ctrl Pts',(12.099686410769,0.,90.3891549158483));
#10064=CARTESIAN_POINT('Ctrl Pts',(12.0933073505633,0.,90.264297635068));
#10065=CARTESIAN_POINT('Ctrl Pts',(12.0899582654238,0.,90.1987460255623));
#10066=CARTESIAN_POINT('',(12.1924687176943,0.2,90.5481186509132));
#10067=CARTESIAN_POINT('',(12.1924687176943,0.,90.5481186509132));
#10068=CARTESIAN_POINT('Ctrl Pts',(12.1924687176943,0.2,90.5481186509132));
#10069=CARTESIAN_POINT('Ctrl Pts',(12.1625901947166,0.2,90.4969278391286));
#10070=CARTESIAN_POINT('Ctrl Pts',(12.099686410769,0.2,90.3891549158483));
#10071=CARTESIAN_POINT('Ctrl Pts',(12.0933073505633,0.2,90.264297635068));
#10072=CARTESIAN_POINT('Ctrl Pts',(12.0899582654238,0.2,90.1987460255623));
#10073=CARTESIAN_POINT('Ctrl Pts',(12.4581594020128,0.,90.6882858276367));
#10074=CARTESIAN_POINT('Ctrl Pts',(12.4581594020128,0.2,90.6882858276367));
#10075=CARTESIAN_POINT('Ctrl Pts',(12.4059931891113,0.,90.6820280588177));
#10076=CARTESIAN_POINT('Ctrl Pts',(12.4059931891113,0.2,90.6820280588177));
#10077=CARTESIAN_POINT('Ctrl Pts',(12.2997088017855,0.,90.669278367246));
#10078=CARTESIAN_POINT('Ctrl Pts',(12.2997088017855,0.2,90.669278367246));
#10079=CARTESIAN_POINT('Ctrl Pts',(12.2286504189888,0.,90.5889966929479));
#10080=CARTESIAN_POINT('Ctrl Pts',(12.2286504189888,0.2,90.5889966929479));
#10081=CARTESIAN_POINT('Ctrl Pts',(12.1924687176943,0.,90.5481186509132));
#10082=CARTESIAN_POINT('Ctrl Pts',(12.1924687176943,0.2,90.5481186509132));
#10083=CARTESIAN_POINT('',(12.4581594020128,0.,90.6882858276367));
#10084=CARTESIAN_POINT('Ctrl Pts',(12.4581594020128,0.,90.6882858276367));
#10085=CARTESIAN_POINT('Ctrl Pts',(12.4059931891113,0.,90.6820280588177));
#10086=CARTESIAN_POINT('Ctrl Pts',(12.2997088017855,0.,90.669278367246));
#10087=CARTESIAN_POINT('Ctrl Pts',(12.2286504189888,0.,90.5889966929479));
#10088=CARTESIAN_POINT('Ctrl Pts',(12.1924687176943,0.,90.5481186509132));
#10089=CARTESIAN_POINT('',(12.4581594020128,0.2,90.6882858276367));
#10090=CARTESIAN_POINT('',(12.4581594020128,0.,90.6882858276367));
#10091=CARTESIAN_POINT('Ctrl Pts',(12.4581594020128,0.2,90.6882858276367));
#10092=CARTESIAN_POINT('Ctrl Pts',(12.4059931891113,0.2,90.6820280588177));
#10093=CARTESIAN_POINT('Ctrl Pts',(12.2997088017855,0.2,90.669278367246));
#10094=CARTESIAN_POINT('Ctrl Pts',(12.2286504189888,0.2,90.5889966929479));
#10095=CARTESIAN_POINT('Ctrl Pts',(12.1924687176943,0.2,90.5481186509132));
#10096=CARTESIAN_POINT('Ctrl Pts',(12.8012556582689,0.,90.2217587828636));
#10097=CARTESIAN_POINT('Ctrl Pts',(12.8012556582689,0.2,90.2217587828636));
#10098=CARTESIAN_POINT('Ctrl Pts',(12.7953025669325,0.,90.3571823785863));
#10099=CARTESIAN_POINT('Ctrl Pts',(12.7953025669325,0.2,90.3571823785863));
#10100=CARTESIAN_POINT('Ctrl Pts',(12.7846809306165,0.,90.598808132512));
#10101=CARTESIAN_POINT('Ctrl Pts',(12.7846809306165,0.2,90.598808132512));
#10102=CARTESIAN_POINT('Ctrl Pts',(12.5578560906001,0.,90.6609656385377));
#10103=CARTESIAN_POINT('Ctrl Pts',(12.5578560906001,0.2,90.6609656385377));
#10104=CARTESIAN_POINT('Ctrl Pts',(12.4581594020128,0.,90.6882858276367));
#10105=CARTESIAN_POINT('Ctrl Pts',(12.4581594020128,0.2,90.6882858276367));
#10106=CARTESIAN_POINT('',(12.8012556582689,0.,90.2217587828636));
#10107=CARTESIAN_POINT('Ctrl Pts',(12.8012556582689,0.,90.2217587828636));
#10108=CARTESIAN_POINT('Ctrl Pts',(12.7953025669325,0.,90.3571823785863));
#10109=CARTESIAN_POINT('Ctrl Pts',(12.7846809306165,0.,90.598808132512));
#10110=CARTESIAN_POINT('Ctrl Pts',(12.5578560906001,0.,90.6609656385377));
#10111=CARTESIAN_POINT('Ctrl Pts',(12.4581594020128,0.,90.6882858276367));
#10112=CARTESIAN_POINT('',(12.8012556582689,0.2,90.2217587828636));
#10113=CARTESIAN_POINT('',(12.8012556582689,0.,90.2217587828636));
#10114=CARTESIAN_POINT('Ctrl Pts',(12.8012556582689,0.2,90.2217587828636));
#10115=CARTESIAN_POINT('Ctrl Pts',(12.7953025669325,0.2,90.3571823785863));
#10116=CARTESIAN_POINT('Ctrl Pts',(12.7846809306165,0.2,90.598808132512));
#10117=CARTESIAN_POINT('Ctrl Pts',(12.5578560906001,0.2,90.6609656385377));
#10118=CARTESIAN_POINT('Ctrl Pts',(12.4581594020128,0.2,90.6882858276367));
#10119=CARTESIAN_POINT('Origin',(12.8012556582689,0.,89.0000012516975));
#10120=CARTESIAN_POINT('',(12.8012556582689,0.,89.0000012516975));
#10121=CARTESIAN_POINT('',(12.8012556582689,0.,80.4750006258488));
#10122=CARTESIAN_POINT('',(12.8012556582689,0.2,89.0000012516975));
#10123=CARTESIAN_POINT('',(12.8012556582689,0.,89.0000012516975));
#10124=CARTESIAN_POINT('',(12.8012556582689,0.2,89.0000012516975));
#10125=CARTESIAN_POINT('Origin',(13.4602511674166,0.,89.0000012516975));
#10126=CARTESIAN_POINT('',(13.4602511674166,0.,89.0000012516975));
#10127=CARTESIAN_POINT('',(23.0551255837083,0.,89.0000012516975));
#10128=CARTESIAN_POINT('',(13.4602511674166,0.2,89.0000012516975));
#10129=CARTESIAN_POINT('',(13.4602511674166,0.,89.0000012516975));
#10130=CARTESIAN_POINT('',(13.4602511674166,0.2,89.0000012516975));
#10131=CARTESIAN_POINT('Origin',(13.4602511674166,0.,90.3326371312141));
#10132=CARTESIAN_POINT('',(13.4602511674166,0.,81.1413185656071));
#10133=CARTESIAN_POINT('',(13.4602511674166,0.2,90.3326371312141));
#10134=CARTESIAN_POINT('Origin',(22.2301269322634,0.2,90.5596247315407));
#10135=CARTESIAN_POINT('Ctrl Pts',(6.48117162287235,0.,91.0188296437263));
#10136=CARTESIAN_POINT('Ctrl Pts',(6.48117162287235,0.2,91.0188296437263));
#10137=CARTESIAN_POINT('Ctrl Pts',(6.45361827773717,0.,91.1535417165706));
#10138=CARTESIAN_POINT('Ctrl Pts',(6.45361827773717,0.2,91.1535417165706));
#10139=CARTESIAN_POINT('Ctrl Pts',(6.39489027895547,0.,91.4406709348585));
#10140=CARTESIAN_POINT('Ctrl Pts',(6.39489027895547,0.2,91.4406709348585));
#10141=CARTESIAN_POINT('Ctrl Pts',(6.09866713894022,0.,91.4671284272338));
#10142=CARTESIAN_POINT('Ctrl Pts',(6.09866713894022,0.2,91.4671284272338));
#10143=CARTESIAN_POINT('Ctrl Pts',(5.94142265617847,0.,91.4811728894711));
#10144=CARTESIAN_POINT('Ctrl Pts',(5.94142265617847,0.2,91.4811728894711));
#10145=CARTESIAN_POINT('',(6.48117162287235,0.,91.0188296437263));
#10146=CARTESIAN_POINT('',(5.94142265617847,0.,91.4811728894711));
#10147=CARTESIAN_POINT('Ctrl Pts',(6.48117162287235,0.,91.0188296437263));
#10148=CARTESIAN_POINT('Ctrl Pts',(6.45361827773717,0.,91.1535417165706));
#10149=CARTESIAN_POINT('Ctrl Pts',(6.39489027895547,0.,91.4406709348585));
#10150=CARTESIAN_POINT('Ctrl Pts',(6.09866713894022,0.,91.4671284272338));
#10151=CARTESIAN_POINT('Ctrl Pts',(5.94142265617847,0.,91.4811728894711));
#10152=CARTESIAN_POINT('',(6.48117162287235,0.2,91.0188296437263));
#10153=CARTESIAN_POINT('',(6.48117162287235,0.,91.0188296437263));
#10154=CARTESIAN_POINT('',(5.94142265617847,0.2,91.4811728894711));
#10155=CARTESIAN_POINT('Ctrl Pts',(6.48117162287235,0.2,91.0188296437263));
#10156=CARTESIAN_POINT('Ctrl Pts',(6.45361827773717,0.2,91.1535417165706));
#10157=CARTESIAN_POINT('Ctrl Pts',(6.39489027895547,0.2,91.4406709348585));
#10158=CARTESIAN_POINT('Ctrl Pts',(6.09866713894022,0.2,91.4671284272338));
#10159=CARTESIAN_POINT('Ctrl Pts',(5.94142265617847,0.2,91.4811728894711));
#10160=CARTESIAN_POINT('',(5.94142265617847,0.,91.4811728894711));
#10161=CARTESIAN_POINT('Ctrl Pts',(5.94142265617847,0.,90.5460265278816));
#10162=CARTESIAN_POINT('Ctrl Pts',(5.94142265617847,0.2,90.5460265278816));
#10163=CARTESIAN_POINT('Ctrl Pts',(6.09871704317505,0.,90.5612172149143));
#10164=CARTESIAN_POINT('Ctrl Pts',(6.09871704317505,0.2,90.5612172149143));
#10165=CARTESIAN_POINT('Ctrl Pts',(6.39752585867567,0.,90.5900746413332));
#10166=CARTESIAN_POINT('Ctrl Pts',(6.39752585867567,0.2,90.5900746413332));
#10167=CARTESIAN_POINT('Ctrl Pts',(6.454288911868,0.,90.8810331045746));
#10168=CARTESIAN_POINT('Ctrl Pts',(6.454288911868,0.2,90.8810331045746));
#10169=CARTESIAN_POINT('Ctrl Pts',(6.48117162287235,0.,91.0188296437263));
#10170=CARTESIAN_POINT('Ctrl Pts',(6.48117162287235,0.2,91.0188296437263));
#10171=CARTESIAN_POINT('',(5.94142265617847,0.,90.5460265278816));
#10172=CARTESIAN_POINT('Ctrl Pts',(5.94142265617847,0.,90.5460265278816));
#10173=CARTESIAN_POINT('Ctrl Pts',(6.09871704317505,0.,90.5612172149143));
#10174=CARTESIAN_POINT('Ctrl Pts',(6.39752585867567,0.,90.5900746413332));
#10175=CARTESIAN_POINT('Ctrl Pts',(6.454288911868,0.,90.8810331045746));
#10176=CARTESIAN_POINT('Ctrl Pts',(6.48117162287235,0.,91.0188296437263));
#10177=CARTESIAN_POINT('',(5.94142265617847,0.2,90.5460265278816));
#10178=CARTESIAN_POINT('',(5.94142265617847,0.,90.5460265278816));
#10179=CARTESIAN_POINT('Ctrl Pts',(5.94142265617847,0.2,90.5460265278816));
#10180=CARTESIAN_POINT('Ctrl Pts',(6.09871704317505,0.2,90.5612172149143));
#10181=CARTESIAN_POINT('Ctrl Pts',(6.39752585867567,0.2,90.5900746413332));
#10182=CARTESIAN_POINT('Ctrl Pts',(6.454288911868,0.2,90.8810331045746));
#10183=CARTESIAN_POINT('Ctrl Pts',(6.48117162287235,0.2,91.0188296437263));
#10184=CARTESIAN_POINT('Origin',(5.67573234438896,0.,90.5460265278816));
#10185=CARTESIAN_POINT('',(5.67573234438896,0.,90.5460265278816));
#10186=CARTESIAN_POINT('',(19.1628661721945,0.,90.5460265278816));
#10187=CARTESIAN_POINT('',(5.67573234438896,0.2,90.5460265278816));
#10188=CARTESIAN_POINT('',(5.67573234438896,0.,90.5460265278816));
#10189=CARTESIAN_POINT('',(5.67573234438896,0.2,90.5460265278816));
#10190=CARTESIAN_POINT('Origin',(5.67573234438896,0.,91.4811728894711));
#10191=CARTESIAN_POINT('',(5.67573234438896,0.,91.4811728894711));
#10192=CARTESIAN_POINT('',(5.67573234438896,0.,81.7155864447355));
#10193=CARTESIAN_POINT('',(5.67573234438896,0.2,91.4811728894711));
#10194=CARTESIAN_POINT('',(5.67573234438896,0.,91.4811728894711));
#10195=CARTESIAN_POINT('',(5.67573234438896,0.2,91.4811728894711));
#10196=CARTESIAN_POINT('Origin',(5.94142265617847,0.,91.4811728894711));
#10197=CARTESIAN_POINT('',(19.2957113280892,0.,91.4811728894711));
#10198=CARTESIAN_POINT('',(5.94142265617847,0.2,91.4811728894711));
#10199=CARTESIAN_POINT('Ctrl Pts',(6.86715491116047,0.,90.3127628564835));
#10200=CARTESIAN_POINT('Ctrl Pts',(6.86715491116047,0.2,90.3127628564835));
#10201=CARTESIAN_POINT('Ctrl Pts',(6.74436018176759,0.,90.2313960602673));
#10202=CARTESIAN_POINT('Ctrl Pts',(6.74436018176759,0.2,90.2313960602673));
#10203=CARTESIAN_POINT('Ctrl Pts',(6.4816894733912,0.,90.0573440133588));
#10204=CARTESIAN_POINT('Ctrl Pts',(6.4816894733912,0.2,90.0573440133588));
#10205=CARTESIAN_POINT('Ctrl Pts',(6.16601127862036,0.,90.0417684701848));
#10206=CARTESIAN_POINT('Ctrl Pts',(6.16601127862036,0.2,90.0417684701848));
#10207=CARTESIAN_POINT('Ctrl Pts',(5.99790804088116,0.,90.0334742665291));
#10208=CARTESIAN_POINT('Ctrl Pts',(5.99790804088116,0.2,90.0334742665291));
#10209=CARTESIAN_POINT('',(6.86715491116047,0.,90.3127628564835));
#10210=CARTESIAN_POINT('',(5.99790804088116,0.,90.0334742665291));
#10211=CARTESIAN_POINT('Ctrl Pts',(6.86715491116047,0.,90.3127628564835));
#10212=CARTESIAN_POINT('Ctrl Pts',(6.74436018176759,0.,90.2313960602673));
#10213=CARTESIAN_POINT('Ctrl Pts',(6.4816894733912,0.,90.0573440133588));
#10214=CARTESIAN_POINT('Ctrl Pts',(6.16601127862036,0.,90.0417684701848));
#10215=CARTESIAN_POINT('Ctrl Pts',(5.99790804088116,0.,90.0334742665291));
#10216=CARTESIAN_POINT('',(6.86715491116047,0.2,90.3127628564835));
#10217=CARTESIAN_POINT('',(6.86715491116047,0.,90.3127628564835));
#10218=CARTESIAN_POINT('',(5.99790804088116,0.2,90.0334742665291));
#10219=CARTESIAN_POINT('Ctrl Pts',(6.86715491116047,0.2,90.3127628564835));
#10220=CARTESIAN_POINT('Ctrl Pts',(6.74436018176759,0.2,90.2313960602673));
#10221=CARTESIAN_POINT('Ctrl Pts',(6.4816894733912,0.2,90.0573440133588));
#10222=CARTESIAN_POINT('Ctrl Pts',(6.16601127862036,0.2,90.0417684701848));
#10223=CARTESIAN_POINT('Ctrl Pts',(5.99790804088116,0.2,90.0334742665291));
#10224=CARTESIAN_POINT('',(5.99790804088116,0.,90.0334742665291));
#10225=CARTESIAN_POINT('Ctrl Pts',(7.19246871769428,0.,91.0439345240593));
#10226=CARTESIAN_POINT('Ctrl Pts',(7.19246871769428,0.2,91.0439345240593));
#10227=CARTESIAN_POINT('Ctrl Pts',(7.17975177603132,0.,90.9012262981443));
#10228=CARTESIAN_POINT('Ctrl Pts',(7.17975177603132,0.2,90.9012262981443));
#10229=CARTESIAN_POINT('Ctrl Pts',(7.15469634709749,0.,90.6200568230103));
#10230=CARTESIAN_POINT('Ctrl Pts',(7.15469634709749,0.2,90.6200568230103));
#10231=CARTESIAN_POINT('Ctrl Pts',(6.9620320116956,0.,90.4141574970889));
#10232=CARTESIAN_POINT('Ctrl Pts',(6.9620320116956,0.2,90.4141574970889));
#10233=CARTESIAN_POINT('Ctrl Pts',(6.86715491116047,0.,90.3127628564835));
#10234=CARTESIAN_POINT('Ctrl Pts',(6.86715491116047,0.2,90.3127628564835));
#10235=CARTESIAN_POINT('',(7.19246871769428,0.,91.0439345240593));
#10236=CARTESIAN_POINT('Ctrl Pts',(7.19246871769428,0.,91.0439345240593));
#10237=CARTESIAN_POINT('Ctrl Pts',(7.17975177603132,0.,90.9012262981443));
#10238=CARTESIAN_POINT('Ctrl Pts',(7.15469634709749,0.,90.6200568230103));
#10239=CARTESIAN_POINT('Ctrl Pts',(6.9620320116956,0.,90.4141574970889));
#10240=CARTESIAN_POINT('Ctrl Pts',(6.86715491116047,0.,90.3127628564835));
#10241=CARTESIAN_POINT('',(7.19246871769428,0.2,91.0439345240593));
#10242=CARTESIAN_POINT('',(7.19246871769428,0.,91.0439345240593));
#10243=CARTESIAN_POINT('Ctrl Pts',(7.19246871769428,0.2,91.0439345240593));
#10244=CARTESIAN_POINT('Ctrl Pts',(7.17975177603132,0.2,90.9012262981443));
#10245=CARTESIAN_POINT('Ctrl Pts',(7.15469634709749,0.2,90.6200568230103));
#10246=CARTESIAN_POINT('Ctrl Pts',(6.9620320116956,0.2,90.4141574970889));
#10247=CARTESIAN_POINT('Ctrl Pts',(6.86715491116047,0.2,90.3127628564835));
#10248=CARTESIAN_POINT('Ctrl Pts',(6.05857752263546,0.,92.0000013709068));
#10249=CARTESIAN_POINT('Ctrl Pts',(6.05857752263546,0.2,92.0000013709068));
#10250=CARTESIAN_POINT('Ctrl Pts',(6.38882852966914,0.,91.9721650885076));
#10251=CARTESIAN_POINT('Ctrl Pts',(6.38882852966914,0.2,91.9721650885076));
#10252=CARTESIAN_POINT('Ctrl Pts',(7.00733962998911,0.,91.9200318647207));
#10253=CARTESIAN_POINT('Ctrl Pts',(7.00733962998911,0.2,91.9200318647207));
#10254=CARTESIAN_POINT('Ctrl Pts',(7.13361668482405,0.,91.3224434830201));
#10255=CARTESIAN_POINT('Ctrl Pts',(7.13361668482405,0.2,91.3224434830201));
#10256=CARTESIAN_POINT('Ctrl Pts',(7.19246871769428,0.,91.0439345240593));
#10257=CARTESIAN_POINT('Ctrl Pts',(7.19246871769428,0.2,91.0439345240593));
#10258=CARTESIAN_POINT('',(6.05857752263546,0.,92.0000013709068));
#10259=CARTESIAN_POINT('Ctrl Pts',(6.05857752263546,0.,92.0000013709068));
#10260=CARTESIAN_POINT('Ctrl Pts',(6.38882852966914,0.,91.9721650885076));
#10261=CARTESIAN_POINT('Ctrl Pts',(7.00733962998911,0.,91.9200318647207));
#10262=CARTESIAN_POINT('Ctrl Pts',(7.13361668482405,0.,91.3224434830201));
#10263=CARTESIAN_POINT('Ctrl Pts',(7.19246871769428,0.,91.0439345240593));
#10264=CARTESIAN_POINT('',(6.05857752263546,0.2,92.0000013709068));
#10265=CARTESIAN_POINT('',(6.05857752263546,0.,92.0000013709068));
#10266=CARTESIAN_POINT('Ctrl Pts',(6.05857752263546,0.2,92.0000013709068));
#10267=CARTESIAN_POINT('Ctrl Pts',(6.38882852966914,0.2,91.9721650885076));
#10268=CARTESIAN_POINT('Ctrl Pts',(7.00733962998911,0.2,91.9200318647207));
#10269=CARTESIAN_POINT('Ctrl Pts',(7.13361668482405,0.2,91.3224434830201));
#10270=CARTESIAN_POINT('Ctrl Pts',(7.19246871769428,0.2,91.0439345240593));
#10271=CARTESIAN_POINT('Origin',(5.00000007450581,0.,92.0000013709068));
#10272=CARTESIAN_POINT('',(5.00000007450581,0.,92.0000013709068));
#10273=CARTESIAN_POINT('',(18.8250000372529,0.,92.0000013709068));
#10274=CARTESIAN_POINT('',(5.00000007450581,0.2,92.0000013709068));
#10275=CARTESIAN_POINT('',(5.00000007450581,0.,92.0000013709068));
#10276=CARTESIAN_POINT('',(5.00000007450581,0.2,92.0000013709068));
#10277=CARTESIAN_POINT('Origin',(5.00000007450581,0.,89.0000012516975));
#10278=CARTESIAN_POINT('',(5.00000007450581,0.,89.0000012516975));
#10279=CARTESIAN_POINT('',(5.00000007450581,0.,80.4750006258488));
#10280=CARTESIAN_POINT('',(5.00000007450581,0.2,89.0000012516975));
#10281=CARTESIAN_POINT('',(5.00000007450581,0.,89.0000012516975));
#10282=CARTESIAN_POINT('',(5.00000007450581,0.2,89.0000012516975));
#10283=CARTESIAN_POINT('Origin',(5.67573234438896,0.,89.0000012516975));
#10284=CARTESIAN_POINT('',(5.67573234438896,0.,89.0000012516975));
#10285=CARTESIAN_POINT('',(19.1628661721945,0.,89.0000012516975));
#10286=CARTESIAN_POINT('',(5.67573234438896,0.2,89.0000012516975));
#10287=CARTESIAN_POINT('',(5.67573234438896,0.,89.0000012516975));
#10288=CARTESIAN_POINT('',(5.67573234438896,0.2,89.0000012516975));
#10289=CARTESIAN_POINT('Origin',(5.67573234438896,0.,90.0334742665291));
#10290=CARTESIAN_POINT('',(5.67573234438896,0.,90.0334742665291));
#10291=CARTESIAN_POINT('',(5.67573234438896,0.,80.9917371332645));
#10292=CARTESIAN_POINT('',(5.67573234438896,0.2,90.0334742665291));
#10293=CARTESIAN_POINT('',(5.67573234438896,0.,90.0334742665291));
#10294=CARTESIAN_POINT('',(5.67573234438896,0.2,90.0334742665291));
#10295=CARTESIAN_POINT('Origin',(5.99790804088116,0.,90.0334742665291));
#10296=CARTESIAN_POINT('',(19.3239540204406,0.,90.0334742665291));
#10297=CARTESIAN_POINT('',(5.99790804088116,0.2,90.0334742665291));
#10298=CARTESIAN_POINT('Origin',(22.2301269322634,0.2,90.5596247315407));
#10299=CARTESIAN_POINT('Origin',(32.65,0.,71.95));
#10300=CARTESIAN_POINT('',(65.4288404274446,0.,49.8711595725554));
#10301=CARTESIAN_POINT('',(-0.128840427444562,0.,49.8711595725554));
#10302=CARTESIAN_POINT('',(53.0394202137223,0.,49.8711595725554));
#10303=CARTESIAN_POINT('',(65.4288404274446,0.,94.0288404274446));
#10304=CARTESIAN_POINT('',(65.4288404274446,0.,86.9894202137223));
#10305=CARTESIAN_POINT('',(-0.128840427444556,0.,94.0288404274446));
#10306=CARTESIAN_POINT('',(12.2605797862777,0.,94.0288404274446));
#10307=CARTESIAN_POINT('',(-0.128840427444561,0.,56.9105797862777));
#10308=CARTESIAN_POINT('Origin',(32.65,0.,71.95));
#10309=CARTESIAN_POINT('Origin',(32.65,0.,71.95));
#10310=CARTESIAN_POINT('Origin',(32.65,0.,71.95));
#10311=CARTESIAN_POINT('Origin',(32.65,0.,71.95));
#10312=CARTESIAN_POINT('Origin',(32.65,0.,71.95));
#10313=CARTESIAN_POINT('Origin',(32.65,0.,71.95));
#10314=CARTESIAN_POINT('Origin',(32.65,0.,71.95));
#10315=CARTESIAN_POINT('Origin',(32.65,0.,71.95));
#10316=CARTESIAN_POINT('Origin',(32.65,0.,71.95));
#10317=CARTESIAN_POINT('Origin',(32.65,0.,71.95));
#10318=CARTESIAN_POINT('Origin',(6.8973876600838,12.,71.8463998859478));
#10319=CARTESIAN_POINT('',(-3.12884042744456,12.,67.0000009983778));
#10320=CARTESIAN_POINT('',(-3.12884042744456,12.,67.2));
#10321=CARTESIAN_POINT('',(-3.12884042744456,12.,56.9105797862777));
#10322=CARTESIAN_POINT('',(-6.36855486299585,12.,67.0000009983778));
#10323=CARTESIAN_POINT('',(20.1633301831634,12.,67.0000009983778));
#10324=CARTESIAN_POINT('',(-6.36855486299585,12.,67.2));
#10325=CARTESIAN_POINT('',(-6.36855486299585,12.,76.6927987735179));
#10326=CARTESIAN_POINT('',(-0.665793328111371,12.,67.2));
#10327=CARTESIAN_POINT('Origin',(-6.36855486299585,16.,67.0000009983778));
#10328=CARTESIAN_POINT('',(-0.128840427444559,13.,67.0000009983778));
#10329=CARTESIAN_POINT('Origin',(-0.128840427444559,8.,67.0000009983778));
#10330=CARTESIAN_POINT('',(-6.36855486299585,13.,67.0000009983778));
#10331=CARTESIAN_POINT('',(13.1407225685021,13.,67.0000009983778));
#10332=CARTESIAN_POINT('',(-6.36855486299585,16.,67.0000009983778));
#10333=CARTESIAN_POINT('Origin',(-6.36855486299585,16.,76.6927987735179));
#10334=CARTESIAN_POINT('',(-6.36855486299585,13.,67.2));
#10335=CARTESIAN_POINT('',(-6.36855486299585,13.,74.3213993867589));
#10336=CARTESIAN_POINT('',(-6.36855486299585,14.5,67.2));
#10337=CARTESIAN_POINT('Origin',(-0.128840427444561,8.,56.9105797862777));
#10338=CARTESIAN_POINT('',(-0.128840427444561,3.,67.2));
#10339=CARTESIAN_POINT('Origin',(-0.128840427444559,8.,67.2));
#10340=CARTESIAN_POINT('',(-0.128840427444564,3.,49.8711595725554));
#10341=CARTESIAN_POINT('',(-0.128840427444561,3.,56.9105797862777));
#10342=CARTESIAN_POINT('',(-0.128840427444564,13.,49.8711595725554));
#10343=CARTESIAN_POINT('Origin',(-0.128840427444563,8.,49.8711595725554));
#10344=CARTESIAN_POINT('',(-0.128840427444561,13.,56.9105797862777));
#10345=CARTESIAN_POINT('Origin',(-8.22897431630654,13.,67.2));
#10346=CARTESIAN_POINT('',(-6.37383842584296,13.,67.2));
#10347=CARTESIAN_POINT('',(12.2105128418467,13.,67.2));
#10348=CARTESIAN_POINT('',(-6.37383842584296,3.,67.2));
#10349=CARTESIAN_POINT('Origin',(-0.128840427444559,8.,67.2));
#10350=CARTESIAN_POINT('',(-8.22897431630654,3.,67.2));
#10351=CARTESIAN_POINT('Origin',(-0.128840427444559,13.,76.7));
#10352=CARTESIAN_POINT('',(-0.128840427444559,3.,76.7));
#10353=CARTESIAN_POINT('',(-0.128840427444559,13.,76.7));
#10354=CARTESIAN_POINT('Origin',(-0.128840427444558,8.,76.7));
#10355=CARTESIAN_POINT('',(-6.37383842584296,3.,76.7));
#10356=CARTESIAN_POINT('',(-1.19209287996469E-7,3.,76.7));
#10357=CARTESIAN_POINT('',(-6.37383842584296,13.,76.7));
#10358=CARTESIAN_POINT('Origin',(-0.128840427444558,8.,76.7));
#10359=CARTESIAN_POINT('',(16.2605797862777,13.,76.7));
#10360=CARTESIAN_POINT('Origin',(-0.128840427444561,8.,56.9105797862777));
#10361=CARTESIAN_POINT('',(-0.128840427444556,13.,94.0288404274446));
#10362=CARTESIAN_POINT('',(-0.128840427444561,13.,56.9105797862777));
#10363=CARTESIAN_POINT('',(-0.128840427444556,3.,94.0288404274446));
#10364=CARTESIAN_POINT('Origin',(-0.128840427444556,8.,94.0288404274446));
#10365=CARTESIAN_POINT('',(-0.128840427444561,3.,56.9105797862777));
#10366=CARTESIAN_POINT('Origin',(32.65,3.,71.95));
#10367=CARTESIAN_POINT('',(65.4288404274446,3.,49.8711595725554));
#10368=CARTESIAN_POINT('',(53.0394202137223,3.,49.8711595725554));
#10369=CARTESIAN_POINT('',(-6.37383842584296,3.,56.9105797862777));
#10370=CARTESIAN_POINT('',(65.4288404274446,3.,94.0288404274446));
#10371=CARTESIAN_POINT('',(12.2605797862777,3.,94.0288404274446));
#10372=CARTESIAN_POINT('',(65.4288404274446,3.,86.9894202137223));
#10373=CARTESIAN_POINT('Origin',(65.4288404274446,8.,86.9894202137223));
#10374=CARTESIAN_POINT('',(65.4288404274446,13.,49.8711595725554));
#10375=CARTESIAN_POINT('Origin',(65.4288404274446,8.,49.8711595725554));
#10376=CARTESIAN_POINT('',(65.4288404274446,13.,94.0288404274446));
#10377=CARTESIAN_POINT('Origin',(65.4288404274446,8.,94.0288404274446));
#10378=CARTESIAN_POINT('',(65.4288404274446,13.,86.9894202137223));
#10379=CARTESIAN_POINT('Origin',(65.4288404274446,8.,94.0288404274446));
#10380=CARTESIAN_POINT('Origin',(65.4288404274446,8.,94.0288404274446));
#10381=CARTESIAN_POINT('Origin',(12.2605797862777,8.,94.0288404274446));
#10382=CARTESIAN_POINT('Origin',(-0.128840427444556,8.,94.0288404274446));
#10383=CARTESIAN_POINT('',(12.2605797862777,13.,94.0288404274446));
#10384=CARTESIAN_POINT('Origin',(-0.128840427444556,8.,94.0288404274446));
#10385=CARTESIAN_POINT('Origin',(-0.128840427444564,8.,49.8711595725554));
#10386=CARTESIAN_POINT('Origin',(-0.128840427444565,8.,49.8711595725554));
#10387=CARTESIAN_POINT('Origin',(53.0394202137223,8.,49.8711595725554));
#10388=CARTESIAN_POINT('Origin',(65.4288404274446,8.,49.8711595725554));
#10389=CARTESIAN_POINT('',(53.0394202137223,13.,49.8711595725554));
#10390=CARTESIAN_POINT('Origin',(65.4288404274446,8.,49.8711595725554));
#10391=CARTESIAN_POINT('Origin',(-0.128840427444561,8.,56.9105797862777));
#10392=CARTESIAN_POINT('',(-6.37383842584296,13.,49.8711595725554));
#10393=CARTESIAN_POINT('',(-6.37383842584296,13.,56.9105797862777));
#10394=CARTESIAN_POINT('Origin',(-0.128840427444562,8.,49.8711595725554));
#10395=CARTESIAN_POINT('',(-6.37383842584295,13.,94.0288404274446));
#10396=CARTESIAN_POINT('Origin',(-0.128840427444555,8.,94.0288404274446));
#10397=CARTESIAN_POINT('',(-6.37383842584296,13.,56.9105797862777));
#10398=CARTESIAN_POINT('Origin',(32.65,0.,71.95));
#10399=CARTESIAN_POINT('Origin',(-0.128840427444564,8.,49.8711595725554));
#10400=CARTESIAN_POINT('',(-0.128840427444565,13.,43.626161574157));
#10401=CARTESIAN_POINT('Origin',(-0.128840427444564,13.,49.8711595725554));
#10402=CARTESIAN_POINT('Origin',(-0.128840427444565,8.,49.8711595725554));
#10403=CARTESIAN_POINT('Origin',(53.0394202137223,8.,49.8711595725554));
#10404=CARTESIAN_POINT('',(65.4288404274446,13.,43.626161574157));
#10405=CARTESIAN_POINT('',(53.0394202137223,13.,43.626161574157));
#10406=CARTESIAN_POINT('Origin',(65.4288404274446,8.,49.8711595725554));
#10407=CARTESIAN_POINT('Origin',(65.4288404274446,8.,49.8711595725554));
#10408=CARTESIAN_POINT('',(71.673838425843,13.,49.8711595725554));
#10409=CARTESIAN_POINT('Origin',(65.4288404274446,13.,49.8711595725554));
#10410=CARTESIAN_POINT('Origin',(65.4288404274446,8.,49.8711595725554));
#10411=CARTESIAN_POINT('Origin',(-0.128840427444556,8.,94.0288404274446));
#10412=CARTESIAN_POINT('',(-0.128840427444556,13.,100.273838425843));
#10413=CARTESIAN_POINT('Origin',(-0.128840427444556,13.,94.0288404274446));
#10414=CARTESIAN_POINT('Origin',(-0.128840427444556,8.,94.0288404274446));
#10415=CARTESIAN_POINT('Origin',(12.2605797862777,8.,94.0288404274446));
#10416=CARTESIAN_POINT('',(65.4288404274446,13.,100.273838425843));
#10417=CARTESIAN_POINT('',(12.2605797862777,13.,100.273838425843));
#10418=CARTESIAN_POINT('Origin',(65.4288404274446,8.,94.0288404274446));
#10419=CARTESIAN_POINT('Origin',(65.4288404274446,8.,94.0288404274446));
#10420=CARTESIAN_POINT('',(71.673838425843,13.,94.0288404274446));
#10421=CARTESIAN_POINT('Origin',(65.4288404274446,13.,94.0288404274446));
#10422=CARTESIAN_POINT('Origin',(65.4288404274446,8.,94.0288404274446));
#10423=CARTESIAN_POINT('Origin',(65.4288404274446,8.,86.9894202137223));
#10424=CARTESIAN_POINT('',(71.673838425843,13.,86.9894202137223));
#10425=CARTESIAN_POINT('Origin',(32.65,13.,71.95));
#10426=CARTESIAN_POINT('Origin',(59.3357347142311,16.,88.4748461022711));
#10427=CARTESIAN_POINT('',(46.3357347142312,13.,88.4748461022711));
#10428=CARTESIAN_POINT('',(59.3357347142311,13.,88.4748461022711));
#10429=CARTESIAN_POINT('',(45.9928673571155,13.,88.4748461022711));
#10430=CARTESIAN_POINT('',(46.3357347142312,16.,88.4748461022711));
#10431=CARTESIAN_POINT('',(46.3357347142312,16.,88.4748461022711));
#10432=CARTESIAN_POINT('',(59.3357347142311,16.,88.4748461022711));
#10433=CARTESIAN_POINT('',(45.9928673571155,16.,88.4748461022711));
#10434=CARTESIAN_POINT('',(59.3357347142311,16.,88.4748461022711));
#10435=CARTESIAN_POINT('Origin',(59.3357347142311,16.,87.974846102271));
#10436=CARTESIAN_POINT('',(59.8357347142311,13.,87.974846102271));
#10437=CARTESIAN_POINT('Origin',(59.3357347142311,13.,87.974846102271));
#10438=CARTESIAN_POINT('',(59.8357347142311,16.,87.974846102271));
#10439=CARTESIAN_POINT('Origin',(59.3357347142311,16.,87.974846102271));
#10440=CARTESIAN_POINT('',(59.8357347142311,16.,87.974846102271));
#10441=CARTESIAN_POINT('Origin',(59.835734714231,16.,74.9748461022711));
#10442=CARTESIAN_POINT('',(59.835734714231,13.,74.9748461022711));
#10443=CARTESIAN_POINT('',(59.835734714231,13.,73.4624230511356));
#10444=CARTESIAN_POINT('',(59.835734714231,16.,74.9748461022711));
#10445=CARTESIAN_POINT('',(59.835734714231,16.,73.4624230511356));
#10446=CARTESIAN_POINT('',(59.835734714231,16.,74.9748461022711));
#10447=CARTESIAN_POINT('Origin',(59.335734714231,16.,74.9748461022711));
#10448=CARTESIAN_POINT('',(59.335734714231,13.,74.4748461022712));
#10449=CARTESIAN_POINT('Origin',(59.335734714231,13.,74.9748461022711));
#10450=CARTESIAN_POINT('',(59.335734714231,16.,74.4748461022712));
#10451=CARTESIAN_POINT('Origin',(59.335734714231,16.,74.9748461022711));
#10452=CARTESIAN_POINT('',(59.335734714231,16.,74.4748461022712));
#10453=CARTESIAN_POINT('Origin',(46.3357347142312,16.,74.4748461022712));
#10454=CARTESIAN_POINT('',(46.3357347142312,13.,74.4748461022712));
#10455=CARTESIAN_POINT('',(39.4928673571156,13.,74.4748461022711));
#10456=CARTESIAN_POINT('',(46.3357347142312,16.,74.4748461022712));
#10457=CARTESIAN_POINT('',(39.4928673571156,16.,74.4748461022711));
#10458=CARTESIAN_POINT('',(46.3357347142312,16.,74.4748461022712));
#10459=CARTESIAN_POINT('Origin',(46.3357347142312,16.,74.9748461022712));
#10460=CARTESIAN_POINT('',(45.8357347142312,13.,74.9748461022712));
#10461=CARTESIAN_POINT('Origin',(46.3357347142312,13.,74.9748461022712));
#10462=CARTESIAN_POINT('',(45.8357347142312,16.,74.9748461022712));
#10463=CARTESIAN_POINT('Origin',(46.3357347142312,16.,74.9748461022712));
#10464=CARTESIAN_POINT('',(45.8357347142312,16.,74.9748461022712));
#10465=CARTESIAN_POINT('Origin',(45.8357347142312,16.,87.974846102271));
#10466=CARTESIAN_POINT('',(45.8357347142312,13.,87.974846102271));
#10467=CARTESIAN_POINT('',(45.8357347142312,13.,79.9624230511355));
#10468=CARTESIAN_POINT('',(45.8357347142312,16.,87.974846102271));
#10469=CARTESIAN_POINT('',(45.8357347142312,16.,79.9624230511355));
#10470=CARTESIAN_POINT('',(45.8357347142312,16.,87.974846102271));
#10471=CARTESIAN_POINT('Origin',(46.3357347142312,16.,87.974846102271));
#10472=CARTESIAN_POINT('Origin',(46.3357347142312,13.,87.974846102271));
#10473=CARTESIAN_POINT('Origin',(46.3357347142312,16.,87.974846102271));
#10474=CARTESIAN_POINT('Origin',(25.0895471621727,16.,52.899554906978));
#10475=CARTESIAN_POINT('',(37.3395471621727,13.,52.899554906978));
#10476=CARTESIAN_POINT('',(25.0895471621727,13.,52.899554906978));
#10477=CARTESIAN_POINT('',(28.8697735810863,13.,52.899554906978));
#10478=CARTESIAN_POINT('',(37.3395471621727,16.,52.899554906978));
#10479=CARTESIAN_POINT('',(37.3395471621727,16.,52.899554906978));
#10480=CARTESIAN_POINT('',(25.0895471621727,16.,52.899554906978));
#10481=CARTESIAN_POINT('',(28.8697735810863,16.,52.899554906978));
#10482=CARTESIAN_POINT('',(25.0895471621727,16.,52.899554906978));
#10483=CARTESIAN_POINT('Origin',(25.0895471621727,16.,91.149554906978));
#10484=CARTESIAN_POINT('',(25.0895471621727,13.,91.149554906978));
#10485=CARTESIAN_POINT('',(25.0895471621727,13.,81.549777453489));
#10486=CARTESIAN_POINT('',(25.0895471621727,16.,91.149554906978));
#10487=CARTESIAN_POINT('',(25.0895471621727,16.,81.549777453489));
#10488=CARTESIAN_POINT('',(25.0895471621727,16.,91.149554906978));
#10489=CARTESIAN_POINT('Origin',(37.3395471621727,16.,91.149554906978));
#10490=CARTESIAN_POINT('',(37.3395471621727,13.,91.149554906978));
#10491=CARTESIAN_POINT('',(34.9947735810863,13.,91.149554906978));
#10492=CARTESIAN_POINT('',(37.3395471621727,16.,91.149554906978));
#10493=CARTESIAN_POINT('',(34.9947735810863,16.,91.149554906978));
#10494=CARTESIAN_POINT('',(37.3395471621727,16.,91.149554906978));
#10495=CARTESIAN_POINT('Origin',(37.3395471621727,16.,52.899554906978));
#10496=CARTESIAN_POINT('',(37.3395471621727,13.,62.424777453489));
#10497=CARTESIAN_POINT('',(37.3395471621727,16.,62.424777453489));
#10498=CARTESIAN_POINT('Origin',(59.335734714231,16.,69.4248461022712));
#10499=CARTESIAN_POINT('',(46.3357347142312,13.,69.4248461022712));
#10500=CARTESIAN_POINT('',(59.335734714231,13.,69.4248461022712));
#10501=CARTESIAN_POINT('',(45.9928673571155,13.,69.4248461022712));
#10502=CARTESIAN_POINT('',(46.3357347142312,16.,69.4248461022712));
#10503=CARTESIAN_POINT('',(46.3357347142312,16.,69.4248461022712));
#10504=CARTESIAN_POINT('',(59.335734714231,16.,69.4248461022712));
#10505=CARTESIAN_POINT('',(45.9928673571155,16.,69.4248461022712));
#10506=CARTESIAN_POINT('',(59.335734714231,16.,69.4248461022712));
#10507=CARTESIAN_POINT('Origin',(59.335734714231,16.,68.9248461022712));
#10508=CARTESIAN_POINT('',(59.835734714231,13.,68.9248461022712));
#10509=CARTESIAN_POINT('Origin',(59.335734714231,13.,68.9248461022712));
#10510=CARTESIAN_POINT('',(59.835734714231,16.,68.9248461022712));
#10511=CARTESIAN_POINT('Origin',(59.335734714231,16.,68.9248461022712));
#10512=CARTESIAN_POINT('',(59.835734714231,16.,68.9248461022712));
#10513=CARTESIAN_POINT('Origin',(59.835734714231,16.,55.9248461022713));
#10514=CARTESIAN_POINT('',(59.835734714231,13.,55.9248461022713));
#10515=CARTESIAN_POINT('',(59.835734714231,13.,63.9374230511357));
#10516=CARTESIAN_POINT('',(59.835734714231,16.,55.9248461022713));
#10517=CARTESIAN_POINT('',(59.835734714231,16.,63.9374230511357));
#10518=CARTESIAN_POINT('',(59.835734714231,16.,55.9248461022713));
#10519=CARTESIAN_POINT('Origin',(59.335734714231,16.,55.9248461022713));
#10520=CARTESIAN_POINT('',(59.335734714231,13.,55.4248461022713));
#10521=CARTESIAN_POINT('Origin',(59.335734714231,13.,55.9248461022713));
#10522=CARTESIAN_POINT('',(59.335734714231,16.,55.4248461022713));
#10523=CARTESIAN_POINT('Origin',(59.335734714231,16.,55.9248461022713));
#10524=CARTESIAN_POINT('',(59.335734714231,16.,55.4248461022713));
#10525=CARTESIAN_POINT('Origin',(46.3357347142311,16.,55.4248461022713));
#10526=CARTESIAN_POINT('',(46.3357347142311,13.,55.4248461022713));
#10527=CARTESIAN_POINT('',(39.4928673571156,13.,55.4248461022713));
#10528=CARTESIAN_POINT('',(46.3357347142311,16.,55.4248461022713));
#10529=CARTESIAN_POINT('',(39.4928673571156,16.,55.4248461022713));
#10530=CARTESIAN_POINT('',(46.3357347142311,16.,55.4248461022713));
#10531=CARTESIAN_POINT('Origin',(46.3357347142311,16.,55.9248461022713));
#10532=CARTESIAN_POINT('',(45.8357347142311,13.,55.9248461022713));
#10533=CARTESIAN_POINT('Origin',(46.3357347142311,13.,55.9248461022713));
#10534=CARTESIAN_POINT('',(45.8357347142311,16.,55.9248461022713));
#10535=CARTESIAN_POINT('Origin',(46.3357347142311,16.,55.9248461022713));
#10536=CARTESIAN_POINT('',(45.8357347142311,16.,55.9248461022713));
#10537=CARTESIAN_POINT('Origin',(45.8357347142312,16.,68.9248461022712));
#10538=CARTESIAN_POINT('',(45.8357347142312,13.,68.9248461022712));
#10539=CARTESIAN_POINT('',(45.8357347142312,13.,70.4374230511356));
#10540=CARTESIAN_POINT('',(45.8357347142312,16.,68.9248461022712));
#10541=CARTESIAN_POINT('',(45.8357347142312,16.,70.4374230511356));
#10542=CARTESIAN_POINT('',(45.8357347142312,16.,68.9248461022712));
#10543=CARTESIAN_POINT('Origin',(46.3357347142312,16.,68.9248461022712));
#10544=CARTESIAN_POINT('Origin',(46.3357347142312,13.,68.9248461022712));
#10545=CARTESIAN_POINT('Origin',(46.3357347142312,16.,68.9248461022712));
#10546=CARTESIAN_POINT('Origin',(20.1633301831634,16.,76.6927987735179));
#10547=CARTESIAN_POINT('',(-6.36855486299585,13.,76.6927987735179));
#10548=CARTESIAN_POINT('',(20.1633301831634,13.,76.6927987735179));
#10549=CARTESIAN_POINT('',(26.4066650915817,13.,76.6927987735179));
#10550=CARTESIAN_POINT('',(-6.36855486299585,13.0065920307903,76.6927987735179));
#10551=CARTESIAN_POINT('',(-6.36855486299585,16.,76.6927987735179));
#10552=CARTESIAN_POINT('',(-0.128840427444558,16.,76.6927987735179));
#10553=CARTESIAN_POINT('Origin',(-0.128840427444558,8.,76.6927987735179));
#10554=CARTESIAN_POINT('',(20.1633301831634,16.,76.6927987735179));
#10555=CARTESIAN_POINT('',(26.4066650915817,16.,76.6927987735179));
#10556=CARTESIAN_POINT('',(20.1633301831634,16.,76.6927987735179));
#10557=CARTESIAN_POINT('Origin',(-6.36855486299585,16.,76.6927987735179));
#10558=CARTESIAN_POINT('',(-6.36855486299585,13.,67.0000009983778));
#10559=CARTESIAN_POINT('',(-6.36855486299585,13.,74.3213993867589));
#10560=CARTESIAN_POINT('',(-6.36855486299585,13.0065920307903,67.0000009983778));
#10561=CARTESIAN_POINT('',(-6.36855486299585,16.,67.0000009983778));
#10562=CARTESIAN_POINT('',(-6.36855486299585,13.0065920307903,56.9105797862777));
#10563=CARTESIAN_POINT('Origin',(20.1633301831634,16.,67.0000009983778));
#10564=CARTESIAN_POINT('',(20.1633301831634,13.,67.0000009983778));
#10565=CARTESIAN_POINT('',(20.1633301831634,13.,69.4750004991889));
#10566=CARTESIAN_POINT('',(20.1633301831634,16.,67.0000009983778));
#10567=CARTESIAN_POINT('',(20.1633301831634,16.,69.4750004991889));
#10568=CARTESIAN_POINT('',(20.1633301831634,16.,67.0000009983778));
#10569=CARTESIAN_POINT('Origin',(-6.36855486299585,16.,67.0000009983778));
#10570=CARTESIAN_POINT('',(13.1407225685021,13.,67.0000009983778));
#10571=CARTESIAN_POINT('',(-0.128840427444559,16.,67.0000009983778));
#10572=CARTESIAN_POINT('',(13.1407225685021,16.,67.0000009983778));
#10573=CARTESIAN_POINT('Origin',(-0.128840427444559,8.,67.0000009983778));
#10574=CARTESIAN_POINT('Origin',(-0.128840427444561,8.,56.9105797862777));
#10575=CARTESIAN_POINT('',(-0.128840427444565,16.,49.8711595725554));
#10576=CARTESIAN_POINT('',(-0.128840427444561,16.,56.9105797862777));
#10577=CARTESIAN_POINT('',(-6.37383842584296,13.,49.8711595725554));
#10578=CARTESIAN_POINT('Origin',(-0.128840427444562,8.,49.8711595725554));
#10579=CARTESIAN_POINT('',(-6.37383842584295,13.,94.0288404274446));
#10580=CARTESIAN_POINT('',(-6.37383842584296,13.,56.9105797862777));
#10581=CARTESIAN_POINT('',(-0.128840427444555,16.,94.0288404274446));
#10582=CARTESIAN_POINT('Origin',(-0.128840427444555,8.,94.0288404274446));
#10583=CARTESIAN_POINT('',(-0.128840427444561,16.,56.9105797862777));
#10584=CARTESIAN_POINT('Origin',(65.4288404274446,8.,49.8711595725554));
#10585=CARTESIAN_POINT('',(71.673838425843,13.,49.8711595725554));
#10586=CARTESIAN_POINT('',(65.4288404274446,13.,43.626161574157));
#10587=CARTESIAN_POINT('Origin',(65.4288404274446,13.,49.8711595725554));
#10588=CARTESIAN_POINT('',(65.4288404274446,16.,49.8711595725554));
#10589=CARTESIAN_POINT('Origin',(65.4288404274446,8.,49.8711595725554));
#10590=CARTESIAN_POINT('Origin',(65.4288404274446,8.,49.8711595725554));
#10591=CARTESIAN_POINT('Origin',(53.0394202137223,8.,49.8711595725554));
#10592=CARTESIAN_POINT('',(-0.128840427444565,13.,43.626161574157));
#10593=CARTESIAN_POINT('',(53.0394202137223,13.,43.626161574157));
#10594=CARTESIAN_POINT('Origin',(-0.128840427444565,8.,49.8711595725554));
#10595=CARTESIAN_POINT('',(53.0394202137223,16.,49.8711595725554));
#10596=CARTESIAN_POINT('Origin',(-0.128840427444564,8.,49.8711595725554));
#10597=CARTESIAN_POINT('Origin',(-0.128840427444564,13.,49.8711595725554));
#10598=CARTESIAN_POINT('Origin',(-0.128840427444556,8.,94.0288404274446));
#10599=CARTESIAN_POINT('',(-0.128840427444556,13.,100.273838425843));
#10600=CARTESIAN_POINT('Origin',(-0.128840427444556,13.,94.0288404274446));
#10601=CARTESIAN_POINT('Origin',(-0.128840427444556,8.,94.0288404274446));
#10602=CARTESIAN_POINT('Origin',(12.2605797862777,8.,94.0288404274446));
#10603=CARTESIAN_POINT('',(65.4288404274446,13.,100.273838425843));
#10604=CARTESIAN_POINT('',(12.2605797862777,13.,100.273838425843));
#10605=CARTESIAN_POINT('',(65.4288404274446,16.,94.0288404274446));
#10606=CARTESIAN_POINT('Origin',(65.4288404274446,8.,94.0288404274446));
#10607=CARTESIAN_POINT('',(12.2605797862777,16.,94.0288404274446));
#10608=CARTESIAN_POINT('Origin',(65.4288404274446,8.,94.0288404274446));
#10609=CARTESIAN_POINT('',(71.673838425843,13.,94.0288404274446));
#10610=CARTESIAN_POINT('Origin',(65.4288404274446,13.,94.0288404274446));
#10611=CARTESIAN_POINT('Origin',(65.4288404274446,8.,94.0288404274446));
#10612=CARTESIAN_POINT('Origin',(65.4288404274446,8.,86.9894202137223));
#10613=CARTESIAN_POINT('',(71.673838425843,13.,86.9894202137223));
#10614=CARTESIAN_POINT('',(65.4288404274446,16.,86.9894202137223));
#10615=CARTESIAN_POINT('Origin',(32.65,16.,71.95));
#10616=CARTESIAN_POINT('Origin',(32.65,13.,71.95));
#10617=UNCERTAINTY_MEASURE_WITH_UNIT(LENGTH_MEASURE(0.01),#10621,
'DISTANCE_ACCURACY_VALUE',
'Maximum model space distance between geometric entities at asserted c
onnectivities');
#10618=UNCERTAINTY_MEASURE_WITH_UNIT(LENGTH_MEASURE(0.01),#10621,
'DISTANCE_ACCURACY_VALUE',
'Maximum model space distance between geometric entities at asserted c
onnectivities');
#10619=(
GEOMETRIC_REPRESENTATION_CONTEXT(3)
GLOBAL_UNCERTAINTY_ASSIGNED_CONTEXT((#10617))
GLOBAL_UNIT_ASSIGNED_CONTEXT((#10621,#10623,#10624))
REPRESENTATION_CONTEXT('','3D')
);
#10620=(
GEOMETRIC_REPRESENTATION_CONTEXT(3)
GLOBAL_UNCERTAINTY_ASSIGNED_CONTEXT((#10618))
GLOBAL_UNIT_ASSIGNED_CONTEXT((#10621,#10623,#10624))
REPRESENTATION_CONTEXT('','3D')
);
#10621=(
LENGTH_UNIT()
NAMED_UNIT(*)
SI_UNIT(.MILLI.,.METRE.)
);
#10622=(
LENGTH_UNIT()
NAMED_UNIT(*)
SI_UNIT($,.METRE.)
);
#10623=(
NAMED_UNIT(*)
PLANE_ANGLE_UNIT()
SI_UNIT($,.RADIAN.)
);
#10624=(
NAMED_UNIT(*)
SI_UNIT($,.STERADIAN.)
SOLID_ANGLE_UNIT()
);
#10625=SHAPE_DEFINITION_REPRESENTATION(#10626,#10627);
#10626=PRODUCT_DEFINITION_SHAPE('',$,#10629);
#10627=SHAPE_REPRESENTATION('',(#5459),#10619);
#10628=PRODUCT_DEFINITION_CONTEXT('part definition',#10633,'design');
#10629=PRODUCT_DEFINITION('PomodoroPebble','PomodoroPebble v1',#10630,#10628);
#10630=PRODUCT_DEFINITION_FORMATION('',$,#10635);
#10631=PRODUCT_RELATED_PRODUCT_CATEGORY('PomodoroPebble v1',
'PomodoroPebble v1',(#10635));
#10632=APPLICATION_PROTOCOL_DEFINITION('international standard',
'automotive_design',2009,#10633);
#10633=APPLICATION_CONTEXT(
'Core Data for Automotive Mechanical Design Process');
#10634=PRODUCT_CONTEXT('part definition',#10633,'mechanical');
#10635=PRODUCT('PomodoroPebble','PomodoroPebble v1',$,(#10634));
#10636=PRESENTATION_STYLE_ASSIGNMENT((#10637));
#10637=SURFACE_STYLE_USAGE(.BOTH.,#10638);
#10638=SURFACE_SIDE_STYLE('',(#10639));
#10639=SURFACE_STYLE_FILL_AREA(#10640);
#10640=FILL_AREA_STYLE('Steel - Satin',(#10641));
#10641=FILL_AREA_STYLE_COLOUR('Steel - Satin',#10642);
#10642=COLOUR_RGB('Steel - Satin',0.627450980392157,0.627450980392157,0.627450980392157);
ENDSEC;
END-ISO-10303-21;
